interaction,target,horizon,regime_count,positive_regimes,negative_regimes,regime_class
bb_compressed_and_falling_atr_slope,downside_breakdown_occurred,12H,3,2,1,REGIME-SPECIFIC
bb_compressed_and_falling_atr_slope,downside_breakdown_occurred,1H,3,3,0,UNIVERSAL
bb_compressed_and_falling_atr_slope,downside_breakdown_occurred,24H,3,3,0,UNIVERSAL
bb_compressed_and_falling_atr_slope,downside_breakdown_occurred,2H,3,3,0,UNIVERSAL
bb_compressed_and_falling_atr_slope,downside_breakdown_occurred,4H,3,3,0,UNIVERSAL
bb_compressed_and_falling_atr_slope,downside_breakdown_occurred,8H,3,2,1,REGIME-SPECIFIC
bb_compressed_and_falling_atr_slope,fast_1atr_touch,1H,3,3,0,UNIVERSAL
bb_compressed_and_falling_atr_slope,fast_1atr_touch,2H,3,3,0,UNIVERSAL
bb_compressed_and_falling_atr_slope,fast_1atr_touch,4H,3,1,0,UNIVERSAL
bb_compressed_and_falling_atr_slope,max_abs_excursion_ge_1_5_atr,12H,3,0,0,REGIME-SPECIFIC
bb_compressed_and_falling_atr_slope,max_abs_excursion_ge_1_5_atr,1H,3,3,0,UNIVERSAL
bb_compressed_and_falling_atr_slope,max_abs_excursion_ge_1_5_atr,2H,3,3,0,UNIVERSAL
bb_compressed_and_falling_atr_slope,max_abs_excursion_ge_1_5_atr,4H,3,3,0,UNIVERSAL
bb_compressed_and_falling_atr_slope,max_abs_excursion_ge_1_5_atr,8H,3,2,0,UNIVERSAL
bb_compressed_and_falling_atr_slope,one_sided_runaway,12H,3,2,1,REGIME-SPECIFIC
bb_compressed_and_falling_atr_slope,one_sided_runaway,1H,3,1,2,REGIME-SPECIFIC
bb_compressed_and_falling_atr_slope,one_sided_runaway,24H,3,0,3,UNIVERSAL
bb_compressed_and_falling_atr_slope,one_sided_runaway,2H,3,0,3,UNIVERSAL
bb_compressed_and_falling_atr_slope,one_sided_runaway,4H,3,2,1,REGIME-SPECIFIC
bb_compressed_and_falling_atr_slope,one_sided_runaway,8H,3,1,2,REGIME-SPECIFIC
bb_compressed_and_falling_atr_slope,oscillatory_path,12H,3,2,1,REGIME-SPECIFIC
bb_compressed_and_falling_atr_slope,oscillatory_path,1H,3,2,1,REGIME-SPECIFIC
bb_compressed_and_falling_atr_slope,oscillatory_path,24H,3,3,0,UNIVERSAL
bb_compressed_and_falling_atr_slope,oscillatory_path,2H,3,3,0,UNIVERSAL
bb_compressed_and_falling_atr_slope,oscillatory_path,4H,3,3,0,UNIVERSAL
bb_compressed_and_falling_atr_slope,oscillatory_path,8H,3,2,1,REGIME-SPECIFIC
bb_compressed_and_falling_atr_slope,path_inside_70,12H,3,0,3,UNIVERSAL
bb_compressed_and_falling_atr_slope,path_inside_70,1H,3,0,3,UNIVERSAL
bb_compressed_and_falling_atr_slope,path_inside_70,24H,3,0,3,UNIVERSAL
bb_compressed_and_falling_atr_slope,path_inside_70,2H,3,0,3,UNIVERSAL
bb_compressed_and_falling_atr_slope,path_inside_70,4H,3,0,3,UNIVERSAL
bb_compressed_and_falling_atr_slope,path_inside_70,8H,3,0,3,UNIVERSAL
bb_compressed_and_falling_atr_slope,range_breached,12H,3,3,0,UNIVERSAL
bb_compressed_and_falling_atr_slope,range_breached,1H,3,3,0,UNIVERSAL
bb_compressed_and_falling_atr_slope,range_breached,24H,3,3,0,UNIVERSAL
bb_compressed_and_falling_atr_slope,range_breached,2H,3,3,0,UNIVERSAL
bb_compressed_and_falling_atr_slope,range_breached,4H,3,3,0,UNIVERSAL
bb_compressed_and_falling_atr_slope,range_breached,8H,3,3,0,UNIVERSAL
bb_compressed_and_falling_atr_slope,range_held,12H,3,0,3,UNIVERSAL
bb_compressed_and_falling_atr_slope,range_held,1H,3,0,3,UNIVERSAL
bb_compressed_and_falling_atr_slope,range_held,24H,3,0,3,UNIVERSAL
bb_compressed_and_falling_atr_slope,range_held,2H,3,0,3,UNIVERSAL
bb_compressed_and_falling_atr_slope,range_held,4H,3,0,3,UNIVERSAL
bb_compressed_and_falling_atr_slope,range_held,8H,3,0,3,UNIVERSAL
bb_compressed_and_falling_atr_slope,realized_over_range_width_ge_1,12H,3,3,0,UNIVERSAL
bb_compressed_and_falling_atr_slope,realized_over_range_width_ge_1,1H,3,3,0,UNIVERSAL
bb_compressed_and_falling_atr_slope,realized_over_range_width_ge_1,24H,3,3,0,UNIVERSAL
bb_compressed_and_falling_atr_slope,realized_over_range_width_ge_1,2H,3,3,0,UNIVERSAL
bb_compressed_and_falling_atr_slope,realized_over_range_width_ge_1,4H,3,3,0,UNIVERSAL
bb_compressed_and_falling_atr_slope,realized_over_range_width_ge_1,8H,3,3,0,UNIVERSAL
bb_compressed_and_falling_atr_slope,trend_efficiency_high,12H,3,2,1,REGIME-SPECIFIC
bb_compressed_and_falling_atr_slope,trend_efficiency_high,1H,3,0,3,UNIVERSAL
bb_compressed_and_falling_atr_slope,trend_efficiency_high,24H,3,0,3,UNIVERSAL
bb_compressed_and_falling_atr_slope,trend_efficiency_high,2H,3,0,3,UNIVERSAL
bb_compressed_and_falling_atr_slope,trend_efficiency_high,4H,3,2,1,REGIME-SPECIFIC
bb_compressed_and_falling_atr_slope,trend_efficiency_high,8H,3,1,2,REGIME-SPECIFIC
bb_compressed_and_falling_atr_slope,upside_breakout_occurred,12H,3,3,0,UNIVERSAL
bb_compressed_and_falling_atr_slope,upside_breakout_occurred,1H,3,3,0,UNIVERSAL
bb_compressed_and_falling_atr_slope,upside_breakout_occurred,24H,3,3,0,UNIVERSAL
bb_compressed_and_falling_atr_slope,upside_breakout_occurred,2H,3,3,0,UNIVERSAL
bb_compressed_and_falling_atr_slope,upside_breakout_occurred,4H,3,3,0,UNIVERSAL
bb_compressed_and_falling_atr_slope,upside_breakout_occurred,8H,3,3,0,UNIVERSAL
bb_compressed_and_high_efficiency,downside_breakdown_occurred,12H,2,1,1,REGIME-SPECIFIC
bb_compressed_and_high_efficiency,downside_breakdown_occurred,1H,2,1,1,REGIME-SPECIFIC
bb_compressed_and_high_efficiency,downside_breakdown_occurred,24H,2,1,1,REGIME-SPECIFIC
bb_compressed_and_high_efficiency,downside_breakdown_occurred,2H,2,1,1,REGIME-SPECIFIC
bb_compressed_and_high_efficiency,downside_breakdown_occurred,4H,2,1,1,REGIME-SPECIFIC
bb_compressed_and_high_efficiency,downside_breakdown_occurred,8H,2,1,1,REGIME-SPECIFIC
bb_compressed_and_high_efficiency,fast_1atr_touch,1H,2,2,0,REGIME-SPECIFIC
bb_compressed_and_high_efficiency,fast_1atr_touch,2H,2,2,0,REGIME-SPECIFIC
bb_compressed_and_high_efficiency,fast_1atr_touch,4H,2,0,0,REGIME-SPECIFIC
bb_compressed_and_high_efficiency,max_abs_excursion_ge_1_5_atr,12H,2,0,0,REGIME-SPECIFIC
bb_compressed_and_high_efficiency,max_abs_excursion_ge_1_5_atr,1H,2,2,0,REGIME-SPECIFIC
bb_compressed_and_high_efficiency,max_abs_excursion_ge_1_5_atr,2H,2,2,0,REGIME-SPECIFIC
bb_compressed_and_high_efficiency,max_abs_excursion_ge_1_5_atr,4H,2,2,0,REGIME-SPECIFIC
bb_compressed_and_high_efficiency,max_abs_excursion_ge_1_5_atr,8H,2,2,0,REGIME-SPECIFIC
bb_compressed_and_high_efficiency,one_sided_runaway,12H,2,1,1,REGIME-SPECIFIC
bb_compressed_and_high_efficiency,one_sided_runaway,1H,2,1,1,REGIME-SPECIFIC
bb_compressed_and_high_efficiency,one_sided_runaway,24H,2,1,1,REGIME-SPECIFIC
bb_compressed_and_high_efficiency,one_sided_runaway,2H,2,1,1,REGIME-SPECIFIC
bb_compressed_and_high_efficiency,one_sided_runaway,4H,2,1,1,REGIME-SPECIFIC
bb_compressed_and_high_efficiency,one_sided_runaway,8H,2,1,1,REGIME-SPECIFIC
bb_compressed_and_high_efficiency,oscillatory_path,12H,2,1,1,REGIME-SPECIFIC
bb_compressed_and_high_efficiency,oscillatory_path,1H,2,2,0,REGIME-SPECIFIC
bb_compressed_and_high_efficiency,oscillatory_path,24H,2,1,1,REGIME-SPECIFIC
bb_compressed_and_high_efficiency,oscillatory_path,2H,2,0,2,REGIME-SPECIFIC
bb_compressed_and_high_efficiency,oscillatory_path,4H,2,0,2,REGIME-SPECIFIC
bb_compressed_and_high_efficiency,oscillatory_path,8H,2,1,1,REGIME-SPECIFIC
bb_compressed_and_high_efficiency,path_inside_70,12H,2,0,2,REGIME-SPECIFIC
bb_compressed_and_high_efficiency,path_inside_70,1H,2,0,2,REGIME-SPECIFIC
bb_compressed_and_high_efficiency,path_inside_70,24H,2,0,2,REGIME-SPECIFIC
bb_compressed_and_high_efficiency,path_inside_70,2H,2,0,2,REGIME-SPECIFIC
bb_compressed_and_high_efficiency,path_inside_70,4H,2,0,2,REGIME-SPECIFIC
bb_compressed_and_high_efficiency,path_inside_70,8H,2,0,2,REGIME-SPECIFIC
bb_compressed_and_high_efficiency,range_breached,12H,2,2,0,REGIME-SPECIFIC
bb_compressed_and_high_efficiency,range_breached,1H,2,2,0,REGIME-SPECIFIC
bb_compressed_and_high_efficiency,range_breached,24H,2,2,0,REGIME-SPECIFIC
bb_compressed_and_high_efficiency,range_breached,2H,2,2,0,REGIME-SPECIFIC
bb_compressed_and_high_efficiency,range_breached,4H,2,2,0,REGIME-SPECIFIC
bb_compressed_and_high_efficiency,range_breached,8H,2,2,0,REGIME-SPECIFIC
bb_compressed_and_high_efficiency,range_held,12H,2,0,2,REGIME-SPECIFIC
bb_compressed_and_high_efficiency,range_held,1H,2,0,2,REGIME-SPECIFIC
bb_compressed_and_high_efficiency,range_held,24H,2,0,2,REGIME-SPECIFIC
bb_compressed_and_high_efficiency,range_held,2H,2,0,2,REGIME-SPECIFIC
bb_compressed_and_high_efficiency,range_held,4H,2,0,2,REGIME-SPECIFIC
bb_compressed_and_high_efficiency,range_held,8H,2,0,2,REGIME-SPECIFIC
bb_compressed_and_high_efficiency,realized_over_range_width_ge_1,12H,2,2,0,REGIME-SPECIFIC
bb_compressed_and_high_efficiency,realized_over_range_width_ge_1,1H,2,2,0,REGIME-SPECIFIC
bb_compressed_and_high_efficiency,realized_over_range_width_ge_1,24H,2,2,0,REGIME-SPECIFIC
bb_compressed_and_high_efficiency,realized_over_range_width_ge_1,2H,2,2,0,REGIME-SPECIFIC
bb_compressed_and_high_efficiency,realized_over_range_width_ge_1,4H,2,2,0,REGIME-SPECIFIC
bb_compressed_and_high_efficiency,realized_over_range_width_ge_1,8H,2,2,0,REGIME-SPECIFIC
bb_compressed_and_high_efficiency,trend_efficiency_high,12H,2,1,1,REGIME-SPECIFIC
bb_compressed_and_high_efficiency,trend_efficiency_high,1H,2,1,1,REGIME-SPECIFIC
bb_compressed_and_high_efficiency,trend_efficiency_high,24H,2,1,1,REGIME-SPECIFIC
bb_compressed_and_high_efficiency,trend_efficiency_high,2H,2,1,1,REGIME-SPECIFIC
bb_compressed_and_high_efficiency,trend_efficiency_high,4H,2,1,1,REGIME-SPECIFIC
bb_compressed_and_high_efficiency,trend_efficiency_high,8H,2,1,1,REGIME-SPECIFIC
bb_compressed_and_high_efficiency,upside_breakout_occurred,12H,2,2,0,REGIME-SPECIFIC
bb_compressed_and_high_efficiency,upside_breakout_occurred,1H,2,2,0,REGIME-SPECIFIC
bb_compressed_and_high_efficiency,upside_breakout_occurred,24H,2,2,0,REGIME-SPECIFIC
bb_compressed_and_high_efficiency,upside_breakout_occurred,2H,2,2,0,REGIME-SPECIFIC
bb_compressed_and_high_efficiency,upside_breakout_occurred,4H,2,1,1,REGIME-SPECIFIC
bb_compressed_and_high_efficiency,upside_breakout_occurred,8H,2,2,0,REGIME-SPECIFIC
bb_compressed_and_high_volume,downside_breakdown_occurred,12H,3,1,2,REGIME-SPECIFIC
bb_compressed_and_high_volume,downside_breakdown_occurred,1H,3,3,0,UNIVERSAL
bb_compressed_and_high_volume,downside_breakdown_occurred,24H,3,3,0,UNIVERSAL
bb_compressed_and_high_volume,downside_breakdown_occurred,2H,3,3,0,UNIVERSAL
bb_compressed_and_high_volume,downside_breakdown_occurred,4H,3,3,0,UNIVERSAL
bb_compressed_and_high_volume,downside_breakdown_occurred,8H,3,1,2,REGIME-SPECIFIC
bb_compressed_and_high_volume,fast_1atr_touch,1H,3,3,0,UNIVERSAL
bb_compressed_and_high_volume,fast_1atr_touch,2H,3,2,1,REGIME-SPECIFIC
bb_compressed_and_high_volume,fast_1atr_touch,4H,3,1,0,UNIVERSAL
bb_compressed_and_high_volume,max_abs_excursion_ge_1_5_atr,12H,3,0,0,REGIME-SPECIFIC
bb_compressed_and_high_volume,max_abs_excursion_ge_1_5_atr,1H,3,3,0,UNIVERSAL
bb_compressed_and_high_volume,max_abs_excursion_ge_1_5_atr,2H,3,2,1,REGIME-SPECIFIC
bb_compressed_and_high_volume,max_abs_excursion_ge_1_5_atr,4H,3,3,0,UNIVERSAL
bb_compressed_and_high_volume,max_abs_excursion_ge_1_5_atr,8H,3,2,0,UNIVERSAL
bb_compressed_and_high_volume,one_sided_runaway,12H,3,3,0,UNIVERSAL
bb_compressed_and_high_volume,one_sided_runaway,1H,3,2,1,REGIME-SPECIFIC
bb_compressed_and_high_volume,one_sided_runaway,24H,3,2,1,REGIME-SPECIFIC
bb_compressed_and_high_volume,one_sided_runaway,2H,3,0,3,UNIVERSAL
bb_compressed_and_high_volume,one_sided_runaway,4H,3,2,1,REGIME-SPECIFIC
bb_compressed_and_high_volume,one_sided_runaway,8H,3,1,2,REGIME-SPECIFIC
bb_compressed_and_high_volume,oscillatory_path,12H,3,1,2,REGIME-SPECIFIC
bb_compressed_and_high_volume,oscillatory_path,1H,3,3,0,UNIVERSAL
bb_compressed_and_high_volume,oscillatory_path,24H,3,3,0,UNIVERSAL
bb_compressed_and_high_volume,oscillatory_path,2H,3,3,0,UNIVERSAL
bb_compressed_and_high_volume,oscillatory_path,4H,3,1,2,REGIME-SPECIFIC
bb_compressed_and_high_volume,oscillatory_path,8H,3,1,2,REGIME-SPECIFIC
bb_compressed_and_high_volume,path_inside_70,12H,3,0,3,UNIVERSAL
bb_compressed_and_high_volume,path_inside_70,1H,3,0,3,UNIVERSAL
bb_compressed_and_high_volume,path_inside_70,24H,3,0,3,UNIVERSAL
bb_compressed_and_high_volume,path_inside_70,2H,3,0,3,UNIVERSAL
bb_compressed_and_high_volume,path_inside_70,4H,3,0,3,UNIVERSAL
bb_compressed_and_high_volume,path_inside_70,8H,3,0,3,UNIVERSAL
bb_compressed_and_high_volume,range_breached,12H,3,3,0,UNIVERSAL
bb_compressed_and_high_volume,range_breached,1H,3,3,0,UNIVERSAL
bb_compressed_and_high_volume,range_breached,24H,3,3,0,UNIVERSAL
bb_compressed_and_high_volume,range_breached,2H,3,3,0,UNIVERSAL
bb_compressed_and_high_volume,range_breached,4H,3,3,0,UNIVERSAL
bb_compressed_and_high_volume,range_breached,8H,3,3,0,UNIVERSAL
bb_compressed_and_high_volume,range_held,12H,3,0,3,UNIVERSAL
bb_compressed_and_high_volume,range_held,1H,3,0,3,UNIVERSAL
bb_compressed_and_high_volume,range_held,24H,3,0,3,UNIVERSAL
bb_compressed_and_high_volume,range_held,2H,3,0,3,UNIVERSAL
bb_compressed_and_high_volume,range_held,4H,3,0,3,UNIVERSAL
bb_compressed_and_high_volume,range_held,8H,3,0,3,UNIVERSAL
bb_compressed_and_high_volume,realized_over_range_width_ge_1,12H,3,3,0,UNIVERSAL
bb_compressed_and_high_volume,realized_over_range_width_ge_1,1H,3,3,0,UNIVERSAL
bb_compressed_and_high_volume,realized_over_range_width_ge_1,24H,3,3,0,UNIVERSAL
bb_compressed_and_high_volume,realized_over_range_width_ge_1,2H,3,3,0,UNIVERSAL
bb_compressed_and_high_volume,realized_over_range_width_ge_1,4H,3,3,0,UNIVERSAL
bb_compressed_and_high_volume,realized_over_range_width_ge_1,8H,3,3,0,UNIVERSAL
bb_compressed_and_high_volume,trend_efficiency_high,12H,3,3,0,UNIVERSAL
bb_compressed_and_high_volume,trend_efficiency_high,1H,3,2,1,REGIME-SPECIFIC
bb_compressed_and_high_volume,trend_efficiency_high,24H,3,2,1,REGIME-SPECIFIC
bb_compressed_and_high_volume,trend_efficiency_high,2H,3,0,3,UNIVERSAL
bb_compressed_and_high_volume,trend_efficiency_high,4H,3,2,1,REGIME-SPECIFIC
bb_compressed_and_high_volume,trend_efficiency_high,8H,3,1,2,REGIME-SPECIFIC
bb_compressed_and_high_volume,upside_breakout_occurred,12H,3,3,0,UNIVERSAL
bb_compressed_and_high_volume,upside_breakout_occurred,1H,3,3,0,UNIVERSAL
bb_compressed_and_high_volume,upside_breakout_occurred,24H,3,3,0,UNIVERSAL
bb_compressed_and_high_volume,upside_breakout_occurred,2H,3,3,0,UNIVERSAL
bb_compressed_and_high_volume,upside_breakout_occurred,4H,3,2,1,REGIME-SPECIFIC
bb_compressed_and_high_volume,upside_breakout_occurred,8H,3,3,0,UNIVERSAL
bb_compressed_and_low_efficiency,downside_breakdown_occurred,12H,3,1,2,REGIME-SPECIFIC
bb_compressed_and_low_efficiency,downside_breakdown_occurred,1H,3,2,1,REGIME-SPECIFIC
bb_compressed_and_low_efficiency,downside_breakdown_occurred,24H,3,2,1,REGIME-SPECIFIC
bb_compressed_and_low_efficiency,downside_breakdown_occurred,2H,3,2,1,REGIME-SPECIFIC
bb_compressed_and_low_efficiency,downside_breakdown_occurred,4H,3,2,1,REGIME-SPECIFIC
bb_compressed_and_low_efficiency,downside_breakdown_occurred,8H,3,1,2,REGIME-SPECIFIC
bb_compressed_and_low_efficiency,fast_1atr_touch,1H,3,2,1,REGIME-SPECIFIC
bb_compressed_and_low_efficiency,fast_1atr_touch,2H,3,3,0,UNIVERSAL
bb_compressed_and_low_efficiency,fast_1atr_touch,4H,3,1,0,UNIVERSAL
bb_compressed_and_low_efficiency,max_abs_excursion_ge_1_5_atr,12H,3,0,0,REGIME-SPECIFIC
bb_compressed_and_low_efficiency,max_abs_excursion_ge_1_5_atr,1H,3,2,1,REGIME-SPECIFIC
bb_compressed_and_low_efficiency,max_abs_excursion_ge_1_5_atr,2H,3,2,1,REGIME-SPECIFIC
bb_compressed_and_low_efficiency,max_abs_excursion_ge_1_5_atr,4H,3,3,0,UNIVERSAL
bb_compressed_and_low_efficiency,max_abs_excursion_ge_1_5_atr,8H,3,2,0,UNIVERSAL
bb_compressed_and_low_efficiency,one_sided_runaway,12H,3,3,0,UNIVERSAL
bb_compressed_and_low_efficiency,one_sided_runaway,1H,3,0,3,UNIVERSAL
bb_compressed_and_low_efficiency,one_sided_runaway,24H,3,2,1,REGIME-SPECIFIC
bb_compressed_and_low_efficiency,one_sided_runaway,2H,3,1,2,REGIME-SPECIFIC
bb_compressed_and_low_efficiency,one_sided_runaway,4H,3,1,2,REGIME-SPECIFIC
bb_compressed_and_low_efficiency,one_sided_runaway,8H,3,3,0,UNIVERSAL
bb_compressed_and_low_efficiency,oscillatory_path,12H,3,2,1,REGIME-SPECIFIC
bb_compressed_and_low_efficiency,oscillatory_path,1H,3,2,1,REGIME-SPECIFIC
bb_compressed_and_low_efficiency,oscillatory_path,24H,3,2,1,REGIME-SPECIFIC
bb_compressed_and_low_efficiency,oscillatory_path,2H,3,2,1,REGIME-SPECIFIC
bb_compressed_and_low_efficiency,oscillatory_path,4H,3,2,1,REGIME-SPECIFIC
bb_compressed_and_low_efficiency,oscillatory_path,8H,3,0,3,UNIVERSAL
bb_compressed_and_low_efficiency,path_inside_70,12H,3,0,3,UNIVERSAL
bb_compressed_and_low_efficiency,path_inside_70,1H,3,0,3,UNIVERSAL
bb_compressed_and_low_efficiency,path_inside_70,24H,3,0,3,UNIVERSAL
bb_compressed_and_low_efficiency,path_inside_70,2H,3,0,3,UNIVERSAL
bb_compressed_and_low_efficiency,path_inside_70,4H,3,0,3,UNIVERSAL
bb_compressed_and_low_efficiency,path_inside_70,8H,3,1,2,REGIME-SPECIFIC
bb_compressed_and_low_efficiency,range_breached,12H,3,3,0,UNIVERSAL
bb_compressed_and_low_efficiency,range_breached,1H,3,3,0,UNIVERSAL
bb_compressed_and_low_efficiency,range_breached,24H,3,3,0,UNIVERSAL
bb_compressed_and_low_efficiency,range_breached,2H,3,3,0,UNIVERSAL
bb_compressed_and_low_efficiency,range_breached,4H,3,3,0,UNIVERSAL
bb_compressed_and_low_efficiency,range_breached,8H,3,2,1,REGIME-SPECIFIC
bb_compressed_and_low_efficiency,range_held,12H,3,0,3,UNIVERSAL
bb_compressed_and_low_efficiency,range_held,1H,3,0,3,UNIVERSAL
bb_compressed_and_low_efficiency,range_held,24H,3,0,3,UNIVERSAL
bb_compressed_and_low_efficiency,range_held,2H,3,0,3,UNIVERSAL
bb_compressed_and_low_efficiency,range_held,4H,3,0,3,UNIVERSAL
bb_compressed_and_low_efficiency,range_held,8H,3,1,2,REGIME-SPECIFIC
bb_compressed_and_low_efficiency,realized_over_range_width_ge_1,12H,3,3,0,UNIVERSAL
bb_compressed_and_low_efficiency,realized_over_range_width_ge_1,1H,3,3,0,UNIVERSAL
bb_compressed_and_low_efficiency,realized_over_range_width_ge_1,24H,3,3,0,UNIVERSAL
bb_compressed_and_low_efficiency,realized_over_range_width_ge_1,2H,3,3,0,UNIVERSAL
bb_compressed_and_low_efficiency,realized_over_range_width_ge_1,4H,3,3,0,UNIVERSAL
bb_compressed_and_low_efficiency,realized_over_range_width_ge_1,8H,3,3,0,UNIVERSAL
bb_compressed_and_low_efficiency,trend_efficiency_high,12H,3,3,0,UNIVERSAL
bb_compressed_and_low_efficiency,trend_efficiency_high,1H,3,0,3,UNIVERSAL
bb_compressed_and_low_efficiency,trend_efficiency_high,24H,3,2,1,REGIME-SPECIFIC
bb_compressed_and_low_efficiency,trend_efficiency_high,2H,3,1,2,REGIME-SPECIFIC
bb_compressed_and_low_efficiency,trend_efficiency_high,4H,3,1,2,REGIME-SPECIFIC
bb_compressed_and_low_efficiency,trend_efficiency_high,8H,3,3,0,UNIVERSAL
bb_compressed_and_low_efficiency,upside_breakout_occurred,12H,3,3,0,UNIVERSAL
bb_compressed_and_low_efficiency,upside_breakout_occurred,1H,3,3,0,UNIVERSAL
bb_compressed_and_low_efficiency,upside_breakout_occurred,24H,3,3,0,UNIVERSAL
bb_compressed_and_low_efficiency,upside_breakout_occurred,2H,3,2,1,REGIME-SPECIFIC
bb_compressed_and_low_efficiency,upside_breakout_occurred,4H,3,2,1,REGIME-SPECIFIC
bb_compressed_and_low_efficiency,upside_breakout_occurred,8H,3,2,1,REGIME-SPECIFIC
bb_compressed_and_low_volume,downside_breakdown_occurred,12H,2,2,0,REGIME-SPECIFIC
bb_compressed_and_low_volume,downside_breakdown_occurred,1H,2,1,1,REGIME-SPECIFIC
bb_compressed_and_low_volume,downside_breakdown_occurred,24H,2,2,0,REGIME-SPECIFIC
bb_compressed_and_low_volume,downside_breakdown_occurred,2H,2,1,1,REGIME-SPECIFIC
bb_compressed_and_low_volume,downside_breakdown_occurred,4H,2,2,0,REGIME-SPECIFIC
bb_compressed_and_low_volume,downside_breakdown_occurred,8H,2,2,0,REGIME-SPECIFIC
bb_compressed_and_low_volume,fast_1atr_touch,1H,2,2,0,REGIME-SPECIFIC
bb_compressed_and_low_volume,fast_1atr_touch,2H,2,2,0,REGIME-SPECIFIC
bb_compressed_and_low_volume,fast_1atr_touch,4H,2,0,0,REGIME-SPECIFIC
bb_compressed_and_low_volume,max_abs_excursion_ge_1_5_atr,12H,2,0,0,REGIME-SPECIFIC
bb_compressed_and_low_volume,max_abs_excursion_ge_1_5_atr,1H,2,2,0,REGIME-SPECIFIC
bb_compressed_and_low_volume,max_abs_excursion_ge_1_5_atr,2H,2,2,0,REGIME-SPECIFIC
bb_compressed_and_low_volume,max_abs_excursion_ge_1_5_atr,4H,2,2,0,REGIME-SPECIFIC
bb_compressed_and_low_volume,max_abs_excursion_ge_1_5_atr,8H,2,2,0,REGIME-SPECIFIC
bb_compressed_and_low_volume,one_sided_runaway,12H,2,1,1,REGIME-SPECIFIC
bb_compressed_and_low_volume,one_sided_runaway,1H,2,0,2,REGIME-SPECIFIC
bb_compressed_and_low_volume,one_sided_runaway,24H,2,0,2,REGIME-SPECIFIC
bb_compressed_and_low_volume,one_sided_runaway,2H,2,0,2,REGIME-SPECIFIC
bb_compressed_and_low_volume,one_sided_runaway,4H,2,0,2,REGIME-SPECIFIC
bb_compressed_and_low_volume,one_sided_runaway,8H,2,0,2,REGIME-SPECIFIC
bb_compressed_and_low_volume,oscillatory_path,12H,2,2,0,REGIME-SPECIFIC
bb_compressed_and_low_volume,oscillatory_path,1H,2,0,2,REGIME-SPECIFIC
bb_compressed_and_low_volume,oscillatory_path,24H,2,2,0,REGIME-SPECIFIC
bb_compressed_and_low_volume,oscillatory_path,2H,2,1,1,REGIME-SPECIFIC
bb_compressed_and_low_volume,oscillatory_path,4H,2,2,0,REGIME-SPECIFIC
bb_compressed_and_low_volume,oscillatory_path,8H,2,2,0,REGIME-SPECIFIC
bb_compressed_and_low_volume,path_inside_70,12H,2,0,2,REGIME-SPECIFIC
bb_compressed_and_low_volume,path_inside_70,1H,2,0,2,REGIME-SPECIFIC
bb_compressed_and_low_volume,path_inside_70,24H,2,0,2,REGIME-SPECIFIC
bb_compressed_and_low_volume,path_inside_70,2H,2,0,2,REGIME-SPECIFIC
bb_compressed_and_low_volume,path_inside_70,4H,2,0,2,REGIME-SPECIFIC
bb_compressed_and_low_volume,path_inside_70,8H,2,0,2,REGIME-SPECIFIC
bb_compressed_and_low_volume,range_breached,12H,2,2,0,REGIME-SPECIFIC
bb_compressed_and_low_volume,range_breached,1H,2,2,0,REGIME-SPECIFIC
bb_compressed_and_low_volume,range_breached,24H,2,2,0,REGIME-SPECIFIC
bb_compressed_and_low_volume,range_breached,2H,2,2,0,REGIME-SPECIFIC
bb_compressed_and_low_volume,range_breached,4H,2,2,0,REGIME-SPECIFIC
bb_compressed_and_low_volume,range_breached,8H,2,2,0,REGIME-SPECIFIC
bb_compressed_and_low_volume,range_held,12H,2,0,2,REGIME-SPECIFIC
bb_compressed_and_low_volume,range_held,1H,2,0,2,REGIME-SPECIFIC
bb_compressed_and_low_volume,range_held,24H,2,0,2,REGIME-SPECIFIC
bb_compressed_and_low_volume,range_held,2H,2,0,2,REGIME-SPECIFIC
bb_compressed_and_low_volume,range_held,4H,2,0,2,REGIME-SPECIFIC
bb_compressed_and_low_volume,range_held,8H,2,0,2,REGIME-SPECIFIC
bb_compressed_and_low_volume,realized_over_range_width_ge_1,12H,2,2,0,REGIME-SPECIFIC
bb_compressed_and_low_volume,realized_over_range_width_ge_1,1H,2,2,0,REGIME-SPECIFIC
bb_compressed_and_low_volume,realized_over_range_width_ge_1,24H,2,2,0,REGIME-SPECIFIC
bb_compressed_and_low_volume,realized_over_range_width_ge_1,2H,2,2,0,REGIME-SPECIFIC
bb_compressed_and_low_volume,realized_over_range_width_ge_1,4H,2,2,0,REGIME-SPECIFIC
bb_compressed_and_low_volume,realized_over_range_width_ge_1,8H,2,2,0,REGIME-SPECIFIC
bb_compressed_and_low_volume,trend_efficiency_high,12H,2,1,1,REGIME-SPECIFIC
bb_compressed_and_low_volume,trend_efficiency_high,1H,2,0,2,REGIME-SPECIFIC
bb_compressed_and_low_volume,trend_efficiency_high,24H,2,0,2,REGIME-SPECIFIC
bb_compressed_and_low_volume,trend_efficiency_high,2H,2,0,2,REGIME-SPECIFIC
bb_compressed_and_low_volume,trend_efficiency_high,4H,2,0,2,REGIME-SPECIFIC
bb_compressed_and_low_volume,trend_efficiency_high,8H,2,0,2,REGIME-SPECIFIC
bb_compressed_and_low_volume,upside_breakout_occurred,12H,2,2,0,REGIME-SPECIFIC
bb_compressed_and_low_volume,upside_breakout_occurred,1H,2,1,1,REGIME-SPECIFIC
bb_compressed_and_low_volume,upside_breakout_occurred,24H,2,2,0,REGIME-SPECIFIC
bb_compressed_and_low_volume,upside_breakout_occurred,2H,2,2,0,REGIME-SPECIFIC
bb_compressed_and_low_volume,upside_breakout_occurred,4H,2,2,0,REGIME-SPECIFIC
bb_compressed_and_low_volume,upside_breakout_occurred,8H,2,2,0,REGIME-SPECIFIC
bb_compressed_and_rising_atr_slope,downside_breakdown_occurred,12H,3,2,1,REGIME-SPECIFIC
bb_compressed_and_rising_atr_slope,downside_breakdown_occurred,1H,3,2,1,REGIME-SPECIFIC
bb_compressed_and_rising_atr_slope,downside_breakdown_occurred,24H,3,2,1,REGIME-SPECIFIC
bb_compressed_and_rising_atr_slope,downside_breakdown_occurred,2H,3,2,1,REGIME-SPECIFIC
bb_compressed_and_rising_atr_slope,downside_breakdown_occurred,4H,3,1,2,REGIME-SPECIFIC
bb_compressed_and_rising_atr_slope,downside_breakdown_occurred,8H,3,2,1,REGIME-SPECIFIC
bb_compressed_and_rising_atr_slope,fast_1atr_touch,1H,3,2,1,REGIME-SPECIFIC
bb_compressed_and_rising_atr_slope,fast_1atr_touch,2H,3,2,1,REGIME-SPECIFIC
bb_compressed_and_rising_atr_slope,fast_1atr_touch,4H,3,1,0,UNIVERSAL
bb_compressed_and_rising_atr_slope,max_abs_excursion_ge_1_5_atr,12H,3,0,0,REGIME-SPECIFIC
bb_compressed_and_rising_atr_slope,max_abs_excursion_ge_1_5_atr,1H,3,1,2,REGIME-SPECIFIC
bb_compressed_and_rising_atr_slope,max_abs_excursion_ge_1_5_atr,2H,3,1,2,REGIME-SPECIFIC
bb_compressed_and_rising_atr_slope,max_abs_excursion_ge_1_5_atr,4H,3,3,0,UNIVERSAL
bb_compressed_and_rising_atr_slope,max_abs_excursion_ge_1_5_atr,8H,3,2,0,UNIVERSAL
bb_compressed_and_rising_atr_slope,one_sided_runaway,12H,3,2,1,REGIME-SPECIFIC
bb_compressed_and_rising_atr_slope,one_sided_runaway,1H,3,1,2,REGIME-SPECIFIC
bb_compressed_and_rising_atr_slope,one_sided_runaway,24H,3,2,1,REGIME-SPECIFIC
bb_compressed_and_rising_atr_slope,one_sided_runaway,2H,3,3,0,UNIVERSAL
bb_compressed_and_rising_atr_slope,one_sided_runaway,4H,3,3,0,UNIVERSAL
bb_compressed_and_rising_atr_slope,one_sided_runaway,8H,3,1,2,REGIME-SPECIFIC
bb_compressed_and_rising_atr_slope,oscillatory_path,12H,3,2,1,REGIME-SPECIFIC
bb_compressed_and_rising_atr_slope,oscillatory_path,1H,3,2,1,REGIME-SPECIFIC
bb_compressed_and_rising_atr_slope,oscillatory_path,24H,3,1,2,REGIME-SPECIFIC
bb_compressed_and_rising_atr_slope,oscillatory_path,2H,3,1,2,REGIME-SPECIFIC
bb_compressed_and_rising_atr_slope,oscillatory_path,4H,3,0,3,UNIVERSAL
bb_compressed_and_rising_atr_slope,oscillatory_path,8H,3,1,2,REGIME-SPECIFIC
bb_compressed_and_rising_atr_slope,path_inside_70,12H,3,0,3,UNIVERSAL
bb_compressed_and_rising_atr_slope,path_inside_70,1H,3,0,3,UNIVERSAL
bb_compressed_and_rising_atr_slope,path_inside_70,24H,3,0,3,UNIVERSAL
bb_compressed_and_rising_atr_slope,path_inside_70,2H,3,0,3,UNIVERSAL
bb_compressed_and_rising_atr_slope,path_inside_70,4H,3,1,2,REGIME-SPECIFIC
bb_compressed_and_rising_atr_slope,path_inside_70,8H,3,1,2,REGIME-SPECIFIC
bb_compressed_and_rising_atr_slope,range_breached,12H,3,3,0,UNIVERSAL
bb_compressed_and_rising_atr_slope,range_breached,1H,3,3,0,UNIVERSAL
bb_compressed_and_rising_atr_slope,range_breached,24H,3,3,0,UNIVERSAL
bb_compressed_and_rising_atr_slope,range_breached,2H,3,3,0,UNIVERSAL
bb_compressed_and_rising_atr_slope,range_breached,4H,3,2,1,REGIME-SPECIFIC
bb_compressed_and_rising_atr_slope,range_breached,8H,3,2,1,REGIME-SPECIFIC
bb_compressed_and_rising_atr_slope,range_held,12H,3,0,3,UNIVERSAL
bb_compressed_and_rising_atr_slope,range_held,1H,3,0,3,UNIVERSAL
bb_compressed_and_rising_atr_slope,range_held,24H,3,0,3,UNIVERSAL
bb_compressed_and_rising_atr_slope,range_held,2H,3,0,3,UNIVERSAL
bb_compressed_and_rising_atr_slope,range_held,4H,3,1,2,REGIME-SPECIFIC
bb_compressed_and_rising_atr_slope,range_held,8H,3,1,2,REGIME-SPECIFIC
bb_compressed_and_rising_atr_slope,realized_over_range_width_ge_1,12H,3,3,0,UNIVERSAL
bb_compressed_and_rising_atr_slope,realized_over_range_width_ge_1,1H,3,3,0,UNIVERSAL
bb_compressed_and_rising_atr_slope,realized_over_range_width_ge_1,24H,3,2,1,REGIME-SPECIFIC
bb_compressed_and_rising_atr_slope,realized_over_range_width_ge_1,2H,3,2,1,REGIME-SPECIFIC
bb_compressed_and_rising_atr_slope,realized_over_range_width_ge_1,4H,3,3,0,UNIVERSAL
bb_compressed_and_rising_atr_slope,realized_over_range_width_ge_1,8H,3,3,0,UNIVERSAL
bb_compressed_and_rising_atr_slope,trend_efficiency_high,12H,3,2,1,REGIME-SPECIFIC
bb_compressed_and_rising_atr_slope,trend_efficiency_high,1H,3,1,2,REGIME-SPECIFIC
bb_compressed_and_rising_atr_slope,trend_efficiency_high,24H,3,2,1,REGIME-SPECIFIC
bb_compressed_and_rising_atr_slope,trend_efficiency_high,2H,3,3,0,UNIVERSAL
bb_compressed_and_rising_atr_slope,trend_efficiency_high,4H,3,3,0,UNIVERSAL
bb_compressed_and_rising_atr_slope,trend_efficiency_high,8H,3,1,2,REGIME-SPECIFIC
bb_compressed_and_rising_atr_slope,upside_breakout_occurred,12H,3,2,1,REGIME-SPECIFIC
bb_compressed_and_rising_atr_slope,upside_breakout_occurred,1H,3,2,1,REGIME-SPECIFIC
bb_compressed_and_rising_atr_slope,upside_breakout_occurred,24H,3,3,0,UNIVERSAL
bb_compressed_and_rising_atr_slope,upside_breakout_occurred,2H,3,2,1,REGIME-SPECIFIC
bb_compressed_and_rising_atr_slope,upside_breakout_occurred,4H,3,1,2,REGIME-SPECIFIC
bb_compressed_and_rising_atr_slope,upside_breakout_occurred,8H,3,2,1,REGIME-SPECIFIC
bb_squeeze_low_and_high_efficiency,downside_breakdown_occurred,12H,2,1,1,REGIME-SPECIFIC
bb_squeeze_low_and_high_efficiency,downside_breakdown_occurred,1H,2,0,2,REGIME-SPECIFIC
bb_squeeze_low_and_high_efficiency,downside_breakdown_occurred,24H,2,2,0,REGIME-SPECIFIC
bb_squeeze_low_and_high_efficiency,downside_breakdown_occurred,2H,2,1,1,REGIME-SPECIFIC
bb_squeeze_low_and_high_efficiency,downside_breakdown_occurred,4H,2,1,1,REGIME-SPECIFIC
bb_squeeze_low_and_high_efficiency,downside_breakdown_occurred,8H,2,1,1,REGIME-SPECIFIC
bb_squeeze_low_and_high_efficiency,fast_1atr_touch,1H,2,2,0,REGIME-SPECIFIC
bb_squeeze_low_and_high_efficiency,fast_1atr_touch,2H,2,1,1,REGIME-SPECIFIC
bb_squeeze_low_and_high_efficiency,fast_1atr_touch,4H,2,0,0,REGIME-SPECIFIC
bb_squeeze_low_and_high_efficiency,max_abs_excursion_ge_1_5_atr,12H,2,0,0,REGIME-SPECIFIC
bb_squeeze_low_and_high_efficiency,max_abs_excursion_ge_1_5_atr,1H,2,2,0,REGIME-SPECIFIC
bb_squeeze_low_and_high_efficiency,max_abs_excursion_ge_1_5_atr,2H,2,1,1,REGIME-SPECIFIC
bb_squeeze_low_and_high_efficiency,max_abs_excursion_ge_1_5_atr,4H,2,1,1,REGIME-SPECIFIC
bb_squeeze_low_and_high_efficiency,max_abs_excursion_ge_1_5_atr,8H,2,2,0,REGIME-SPECIFIC
bb_squeeze_low_and_high_efficiency,one_sided_runaway,12H,2,0,2,REGIME-SPECIFIC
bb_squeeze_low_and_high_efficiency,one_sided_runaway,1H,2,2,0,REGIME-SPECIFIC
bb_squeeze_low_and_high_efficiency,one_sided_runaway,24H,2,0,2,REGIME-SPECIFIC
bb_squeeze_low_and_high_efficiency,one_sided_runaway,2H,2,1,1,REGIME-SPECIFIC
bb_squeeze_low_and_high_efficiency,one_sided_runaway,4H,2,1,1,REGIME-SPECIFIC
bb_squeeze_low_and_high_efficiency,one_sided_runaway,8H,2,1,1,REGIME-SPECIFIC
bb_squeeze_low_and_high_efficiency,oscillatory_path,12H,2,1,1,REGIME-SPECIFIC
bb_squeeze_low_and_high_efficiency,oscillatory_path,1H,2,1,1,REGIME-SPECIFIC
bb_squeeze_low_and_high_efficiency,oscillatory_path,24H,2,2,0,REGIME-SPECIFIC
bb_squeeze_low_and_high_efficiency,oscillatory_path,2H,2,1,1,REGIME-SPECIFIC
bb_squeeze_low_and_high_efficiency,oscillatory_path,4H,2,1,1,REGIME-SPECIFIC
bb_squeeze_low_and_high_efficiency,oscillatory_path,8H,2,1,1,REGIME-SPECIFIC
bb_squeeze_low_and_high_efficiency,path_inside_70,12H,2,1,1,REGIME-SPECIFIC
bb_squeeze_low_and_high_efficiency,path_inside_70,1H,2,1,1,REGIME-SPECIFIC
bb_squeeze_low_and_high_efficiency,path_inside_70,24H,2,0,2,REGIME-SPECIFIC
bb_squeeze_low_and_high_efficiency,path_inside_70,2H,2,2,0,REGIME-SPECIFIC
bb_squeeze_low_and_high_efficiency,path_inside_70,4H,2,1,1,REGIME-SPECIFIC
bb_squeeze_low_and_high_efficiency,path_inside_70,8H,2,1,1,REGIME-SPECIFIC
bb_squeeze_low_and_high_efficiency,range_breached,12H,2,1,1,REGIME-SPECIFIC
bb_squeeze_low_and_high_efficiency,range_breached,1H,2,1,1,REGIME-SPECIFIC
bb_squeeze_low_and_high_efficiency,range_breached,24H,2,2,0,REGIME-SPECIFIC
bb_squeeze_low_and_high_efficiency,range_breached,2H,2,0,2,REGIME-SPECIFIC
bb_squeeze_low_and_high_efficiency,range_breached,4H,2,1,1,REGIME-SPECIFIC
bb_squeeze_low_and_high_efficiency,range_breached,8H,2,1,1,REGIME-SPECIFIC
bb_squeeze_low_and_high_efficiency,range_held,12H,2,1,1,REGIME-SPECIFIC
bb_squeeze_low_and_high_efficiency,range_held,1H,2,1,1,REGIME-SPECIFIC
bb_squeeze_low_and_high_efficiency,range_held,24H,2,0,2,REGIME-SPECIFIC
bb_squeeze_low_and_high_efficiency,range_held,2H,2,2,0,REGIME-SPECIFIC
bb_squeeze_low_and_high_efficiency,range_held,4H,2,1,1,REGIME-SPECIFIC
bb_squeeze_low_and_high_efficiency,range_held,8H,2,1,1,REGIME-SPECIFIC
bb_squeeze_low_and_high_efficiency,realized_over_range_width_ge_1,12H,2,2,0,REGIME-SPECIFIC
bb_squeeze_low_and_high_efficiency,realized_over_range_width_ge_1,1H,2,2,0,REGIME-SPECIFIC
bb_squeeze_low_and_high_efficiency,realized_over_range_width_ge_1,24H,2,2,0,REGIME-SPECIFIC
bb_squeeze_low_and_high_efficiency,realized_over_range_width_ge_1,2H,2,2,0,REGIME-SPECIFIC
bb_squeeze_low_and_high_efficiency,realized_over_range_width_ge_1,4H,2,1,1,REGIME-SPECIFIC
bb_squeeze_low_and_high_efficiency,realized_over_range_width_ge_1,8H,2,2,0,REGIME-SPECIFIC
bb_squeeze_low_and_high_efficiency,trend_efficiency_high,12H,2,0,2,REGIME-SPECIFIC
bb_squeeze_low_and_high_efficiency,trend_efficiency_high,1H,2,2,0,REGIME-SPECIFIC
bb_squeeze_low_and_high_efficiency,trend_efficiency_high,24H,2,0,2,REGIME-SPECIFIC
bb_squeeze_low_and_high_efficiency,trend_efficiency_high,2H,2,1,1,REGIME-SPECIFIC
bb_squeeze_low_and_high_efficiency,trend_efficiency_high,4H,2,1,1,REGIME-SPECIFIC
bb_squeeze_low_and_high_efficiency,trend_efficiency_high,8H,2,1,1,REGIME-SPECIFIC
bb_squeeze_low_and_high_efficiency,upside_breakout_occurred,12H,2,1,1,REGIME-SPECIFIC
bb_squeeze_low_and_high_efficiency,upside_breakout_occurred,1H,2,2,0,REGIME-SPECIFIC
bb_squeeze_low_and_high_efficiency,upside_breakout_occurred,24H,2,2,0,REGIME-SPECIFIC
bb_squeeze_low_and_high_efficiency,upside_breakout_occurred,2H,2,0,2,REGIME-SPECIFIC
bb_squeeze_low_and_high_efficiency,upside_breakout_occurred,4H,2,2,0,REGIME-SPECIFIC
bb_squeeze_low_and_high_efficiency,upside_breakout_occurred,8H,2,2,0,REGIME-SPECIFIC
bb_squeeze_low_and_low_efficiency,downside_breakdown_occurred,12H,4,3,1,REGIME-SPECIFIC
bb_squeeze_low_and_low_efficiency,downside_breakdown_occurred,1H,4,2,2,REGIME-SPECIFIC
bb_squeeze_low_and_low_efficiency,downside_breakdown_occurred,24H,4,2,2,REGIME-SPECIFIC
bb_squeeze_low_and_low_efficiency,downside_breakdown_occurred,2H,4,2,2,REGIME-SPECIFIC
bb_squeeze_low_and_low_efficiency,downside_breakdown_occurred,4H,4,1,3,REGIME-SPECIFIC
bb_squeeze_low_and_low_efficiency,downside_breakdown_occurred,8H,4,1,3,REGIME-SPECIFIC
bb_squeeze_low_and_low_efficiency,fast_1atr_touch,1H,4,3,1,REGIME-SPECIFIC
bb_squeeze_low_and_low_efficiency,fast_1atr_touch,2H,4,3,0,UNIVERSAL
bb_squeeze_low_and_low_efficiency,fast_1atr_touch,4H,4,1,0,UNIVERSAL
bb_squeeze_low_and_low_efficiency,max_abs_excursion_ge_1_5_atr,12H,4,0,0,REGIME-SPECIFIC
bb_squeeze_low_and_low_efficiency,max_abs_excursion_ge_1_5_atr,1H,4,4,0,UNIVERSAL
bb_squeeze_low_and_low_efficiency,max_abs_excursion_ge_1_5_atr,2H,4,3,1,REGIME-SPECIFIC
bb_squeeze_low_and_low_efficiency,max_abs_excursion_ge_1_5_atr,4H,4,3,0,UNIVERSAL
bb_squeeze_low_and_low_efficiency,max_abs_excursion_ge_1_5_atr,8H,4,2,0,UNIVERSAL
bb_squeeze_low_and_low_efficiency,one_sided_runaway,12H,4,4,0,UNIVERSAL
bb_squeeze_low_and_low_efficiency,one_sided_runaway,1H,4,0,4,UNIVERSAL
bb_squeeze_low_and_low_efficiency,one_sided_runaway,24H,4,4,0,UNIVERSAL
bb_squeeze_low_and_low_efficiency,one_sided_runaway,2H,4,1,3,REGIME-SPECIFIC
bb_squeeze_low_and_low_efficiency,one_sided_runaway,4H,4,2,2,REGIME-SPECIFIC
bb_squeeze_low_and_low_efficiency,one_sided_runaway,8H,4,4,0,UNIVERSAL
bb_squeeze_low_and_low_efficiency,oscillatory_path,12H,4,1,3,REGIME-SPECIFIC
bb_squeeze_low_and_low_efficiency,oscillatory_path,1H,4,4,0,UNIVERSAL
bb_squeeze_low_and_low_efficiency,oscillatory_path,24H,4,1,3,REGIME-SPECIFIC
bb_squeeze_low_and_low_efficiency,oscillatory_path,2H,4,2,2,REGIME-SPECIFIC
bb_squeeze_low_and_low_efficiency,oscillatory_path,4H,4,1,3,REGIME-SPECIFIC
bb_squeeze_low_and_low_efficiency,oscillatory_path,8H,4,1,3,REGIME-SPECIFIC
bb_squeeze_low_and_low_efficiency,path_inside_70,12H,4,1,3,REGIME-SPECIFIC
bb_squeeze_low_and_low_efficiency,path_inside_70,1H,4,1,3,REGIME-SPECIFIC
bb_squeeze_low_and_low_efficiency,path_inside_70,24H,4,1,3,REGIME-SPECIFIC
bb_squeeze_low_and_low_efficiency,path_inside_70,2H,4,0,4,UNIVERSAL
bb_squeeze_low_and_low_efficiency,path_inside_70,4H,4,1,3,REGIME-SPECIFIC
bb_squeeze_low_and_low_efficiency,path_inside_70,8H,4,2,2,REGIME-SPECIFIC
bb_squeeze_low_and_low_efficiency,range_breached,12H,4,3,1,REGIME-SPECIFIC
bb_squeeze_low_and_low_efficiency,range_breached,1H,4,3,1,REGIME-SPECIFIC
bb_squeeze_low_and_low_efficiency,range_breached,24H,4,3,1,REGIME-SPECIFIC
bb_squeeze_low_and_low_efficiency,range_breached,2H,4,4,0,UNIVERSAL
bb_squeeze_low_and_low_efficiency,range_breached,4H,4,3,1,REGIME-SPECIFIC
bb_squeeze_low_and_low_efficiency,range_breached,8H,4,2,2,REGIME-SPECIFIC
bb_squeeze_low_and_low_efficiency,range_held,12H,4,1,3,REGIME-SPECIFIC
bb_squeeze_low_and_low_efficiency,range_held,1H,4,1,3,REGIME-SPECIFIC
bb_squeeze_low_and_low_efficiency,range_held,24H,4,1,3,REGIME-SPECIFIC
bb_squeeze_low_and_low_efficiency,range_held,2H,4,0,4,UNIVERSAL
bb_squeeze_low_and_low_efficiency,range_held,4H,4,1,3,REGIME-SPECIFIC
bb_squeeze_low_and_low_efficiency,range_held,8H,4,2,2,REGIME-SPECIFIC
bb_squeeze_low_and_low_efficiency,realized_over_range_width_ge_1,12H,4,3,1,REGIME-SPECIFIC
bb_squeeze_low_and_low_efficiency,realized_over_range_width_ge_1,1H,4,3,1,REGIME-SPECIFIC
bb_squeeze_low_and_low_efficiency,realized_over_range_width_ge_1,24H,4,4,0,UNIVERSAL
bb_squeeze_low_and_low_efficiency,realized_over_range_width_ge_1,2H,4,4,0,UNIVERSAL
bb_squeeze_low_and_low_efficiency,realized_over_range_width_ge_1,4H,4,3,1,REGIME-SPECIFIC
bb_squeeze_low_and_low_efficiency,realized_over_range_width_ge_1,8H,4,2,2,REGIME-SPECIFIC
bb_squeeze_low_and_low_efficiency,trend_efficiency_high,12H,4,4,0,UNIVERSAL
bb_squeeze_low_and_low_efficiency,trend_efficiency_high,1H,4,0,4,UNIVERSAL
bb_squeeze_low_and_low_efficiency,trend_efficiency_high,24H,4,4,0,UNIVERSAL
bb_squeeze_low_and_low_efficiency,trend_efficiency_high,2H,4,1,3,REGIME-SPECIFIC
bb_squeeze_low_and_low_efficiency,trend_efficiency_high,4H,4,2,2,REGIME-SPECIFIC
bb_squeeze_low_and_low_efficiency,trend_efficiency_high,8H,4,4,0,UNIVERSAL
bb_squeeze_low_and_low_efficiency,upside_breakout_occurred,12H,4,2,2,REGIME-SPECIFIC
bb_squeeze_low_and_low_efficiency,upside_breakout_occurred,1H,4,4,0,UNIVERSAL
bb_squeeze_low_and_low_efficiency,upside_breakout_occurred,24H,4,1,3,REGIME-SPECIFIC
bb_squeeze_low_and_low_efficiency,upside_breakout_occurred,2H,4,4,0,UNIVERSAL
bb_squeeze_low_and_low_efficiency,upside_breakout_occurred,4H,4,3,1,REGIME-SPECIFIC
bb_squeeze_low_and_low_efficiency,upside_breakout_occurred,8H,4,3,1,REGIME-SPECIFIC
donchian_center_and_falling_rv,downside_breakdown_occurred,12H,4,1,3,REGIME-SPECIFIC
donchian_center_and_falling_rv,downside_breakdown_occurred,1H,4,2,2,REGIME-SPECIFIC
donchian_center_and_falling_rv,downside_breakdown_occurred,24H,4,1,3,REGIME-SPECIFIC
donchian_center_and_falling_rv,downside_breakdown_occurred,2H,4,4,0,UNIVERSAL
donchian_center_and_falling_rv,downside_breakdown_occurred,4H,4,2,2,REGIME-SPECIFIC
donchian_center_and_falling_rv,downside_breakdown_occurred,8H,4,1,3,REGIME-SPECIFIC
donchian_center_and_falling_rv,fast_1atr_touch,1H,4,4,0,UNIVERSAL
donchian_center_and_falling_rv,fast_1atr_touch,2H,4,3,0,UNIVERSAL
donchian_center_and_falling_rv,fast_1atr_touch,4H,4,1,0,UNIVERSAL
donchian_center_and_falling_rv,max_abs_excursion_ge_1_5_atr,12H,4,0,0,REGIME-SPECIFIC
donchian_center_and_falling_rv,max_abs_excursion_ge_1_5_atr,1H,4,3,1,REGIME-SPECIFIC
donchian_center_and_falling_rv,max_abs_excursion_ge_1_5_atr,2H,4,3,1,REGIME-SPECIFIC
donchian_center_and_falling_rv,max_abs_excursion_ge_1_5_atr,4H,4,3,0,UNIVERSAL
donchian_center_and_falling_rv,max_abs_excursion_ge_1_5_atr,8H,4,2,0,UNIVERSAL
donchian_center_and_falling_rv,one_sided_runaway,12H,4,2,2,REGIME-SPECIFIC
donchian_center_and_falling_rv,one_sided_runaway,1H,4,0,4,UNIVERSAL
donchian_center_and_falling_rv,one_sided_runaway,24H,4,2,2,REGIME-SPECIFIC
donchian_center_and_falling_rv,one_sided_runaway,2H,4,0,4,UNIVERSAL
donchian_center_and_falling_rv,one_sided_runaway,4H,4,3,1,REGIME-SPECIFIC
donchian_center_and_falling_rv,one_sided_runaway,8H,4,3,1,REGIME-SPECIFIC
donchian_center_and_falling_rv,oscillatory_path,12H,4,3,1,REGIME-SPECIFIC
donchian_center_and_falling_rv,oscillatory_path,1H,4,3,1,REGIME-SPECIFIC
donchian_center_and_falling_rv,oscillatory_path,24H,4,2,2,REGIME-SPECIFIC
donchian_center_and_falling_rv,oscillatory_path,2H,4,3,1,REGIME-SPECIFIC
donchian_center_and_falling_rv,oscillatory_path,4H,4,4,0,UNIVERSAL
donchian_center_and_falling_rv,oscillatory_path,8H,4,2,2,REGIME-SPECIFIC
donchian_center_and_falling_rv,path_inside_70,12H,4,0,4,UNIVERSAL
donchian_center_and_falling_rv,path_inside_70,1H,4,0,4,UNIVERSAL
donchian_center_and_falling_rv,path_inside_70,24H,4,1,3,REGIME-SPECIFIC
donchian_center_and_falling_rv,path_inside_70,2H,4,1,3,REGIME-SPECIFIC
donchian_center_and_falling_rv,path_inside_70,4H,4,1,3,REGIME-SPECIFIC
donchian_center_and_falling_rv,path_inside_70,8H,4,0,4,UNIVERSAL
donchian_center_and_falling_rv,range_breached,12H,4,4,0,UNIVERSAL
donchian_center_and_falling_rv,range_breached,1H,4,4,0,UNIVERSAL
donchian_center_and_falling_rv,range_breached,24H,4,3,1,REGIME-SPECIFIC
donchian_center_and_falling_rv,range_breached,2H,4,3,1,REGIME-SPECIFIC
donchian_center_and_falling_rv,range_breached,4H,4,3,1,REGIME-SPECIFIC
donchian_center_and_falling_rv,range_breached,8H,4,4,0,UNIVERSAL
donchian_center_and_falling_rv,range_held,12H,4,0,4,UNIVERSAL
donchian_center_and_falling_rv,range_held,1H,4,0,4,UNIVERSAL
donchian_center_and_falling_rv,range_held,24H,4,1,3,REGIME-SPECIFIC
donchian_center_and_falling_rv,range_held,2H,4,1,3,REGIME-SPECIFIC
donchian_center_and_falling_rv,range_held,4H,4,1,3,REGIME-SPECIFIC
donchian_center_and_falling_rv,range_held,8H,4,0,4,UNIVERSAL
donchian_center_and_falling_rv,realized_over_range_width_ge_1,12H,4,4,0,UNIVERSAL
donchian_center_and_falling_rv,realized_over_range_width_ge_1,1H,4,4,0,UNIVERSAL
donchian_center_and_falling_rv,realized_over_range_width_ge_1,24H,4,4,0,UNIVERSAL
donchian_center_and_falling_rv,realized_over_range_width_ge_1,2H,4,4,0,UNIVERSAL
donchian_center_and_falling_rv,realized_over_range_width_ge_1,4H,4,3,1,REGIME-SPECIFIC
donchian_center_and_falling_rv,realized_over_range_width_ge_1,8H,4,4,0,UNIVERSAL
donchian_center_and_falling_rv,trend_efficiency_high,12H,4,2,2,REGIME-SPECIFIC
donchian_center_and_falling_rv,trend_efficiency_high,1H,4,0,4,UNIVERSAL
donchian_center_and_falling_rv,trend_efficiency_high,24H,4,2,2,REGIME-SPECIFIC
donchian_center_and_falling_rv,trend_efficiency_high,2H,4,0,4,UNIVERSAL
donchian_center_and_falling_rv,trend_efficiency_high,4H,4,3,1,REGIME-SPECIFIC
donchian_center_and_falling_rv,trend_efficiency_high,8H,4,3,1,REGIME-SPECIFIC
donchian_center_and_falling_rv,upside_breakout_occurred,12H,4,4,0,UNIVERSAL
donchian_center_and_falling_rv,upside_breakout_occurred,1H,4,3,1,REGIME-SPECIFIC
donchian_center_and_falling_rv,upside_breakout_occurred,24H,4,4,0,UNIVERSAL
donchian_center_and_falling_rv,upside_breakout_occurred,2H,4,3,1,REGIME-SPECIFIC
donchian_center_and_falling_rv,upside_breakout_occurred,4H,4,3,1,REGIME-SPECIFIC
donchian_center_and_falling_rv,upside_breakout_occurred,8H,4,4,0,UNIVERSAL
donchian_edge_and_rising_rv,downside_breakdown_occurred,12H,5,1,4,REGIME-SPECIFIC
donchian_edge_and_rising_rv,downside_breakdown_occurred,1H,5,1,4,REGIME-SPECIFIC
donchian_edge_and_rising_rv,downside_breakdown_occurred,24H,5,1,4,REGIME-SPECIFIC
donchian_edge_and_rising_rv,downside_breakdown_occurred,2H,5,2,3,REGIME-SPECIFIC
donchian_edge_and_rising_rv,downside_breakdown_occurred,4H,5,1,4,REGIME-SPECIFIC
donchian_edge_and_rising_rv,downside_breakdown_occurred,8H,5,1,4,REGIME-SPECIFIC
donchian_edge_and_rising_rv,fast_1atr_touch,1H,5,1,4,REGIME-SPECIFIC
donchian_edge_and_rising_rv,fast_1atr_touch,2H,5,1,4,REGIME-SPECIFIC
donchian_edge_and_rising_rv,fast_1atr_touch,4H,5,1,1,REGIME-SPECIFIC
donchian_edge_and_rising_rv,max_abs_excursion_ge_1_5_atr,12H,5,0,1,UNIVERSAL
donchian_edge_and_rising_rv,max_abs_excursion_ge_1_5_atr,1H,5,1,4,REGIME-SPECIFIC
donchian_edge_and_rising_rv,max_abs_excursion_ge_1_5_atr,2H,5,0,5,UNIVERSAL
donchian_edge_and_rising_rv,max_abs_excursion_ge_1_5_atr,4H,5,0,5,UNIVERSAL
donchian_edge_and_rising_rv,max_abs_excursion_ge_1_5_atr,8H,5,1,2,REGIME-SPECIFIC
donchian_edge_and_rising_rv,one_sided_runaway,12H,5,1,4,REGIME-SPECIFIC
donchian_edge_and_rising_rv,one_sided_runaway,1H,5,3,2,REGIME-SPECIFIC
donchian_edge_and_rising_rv,one_sided_runaway,24H,5,3,2,REGIME-SPECIFIC
donchian_edge_and_rising_rv,one_sided_runaway,2H,5,2,3,REGIME-SPECIFIC
donchian_edge_and_rising_rv,one_sided_runaway,4H,5,1,4,REGIME-SPECIFIC
donchian_edge_and_rising_rv,one_sided_runaway,8H,5,2,3,REGIME-SPECIFIC
donchian_edge_and_rising_rv,oscillatory_path,12H,5,3,2,REGIME-SPECIFIC
donchian_edge_and_rising_rv,oscillatory_path,1H,5,3,2,REGIME-SPECIFIC
donchian_edge_and_rising_rv,oscillatory_path,24H,5,2,3,REGIME-SPECIFIC
donchian_edge_and_rising_rv,oscillatory_path,2H,5,4,1,REGIME-SPECIFIC
donchian_edge_and_rising_rv,oscillatory_path,4H,5,4,1,REGIME-SPECIFIC
donchian_edge_and_rising_rv,oscillatory_path,8H,5,3,2,REGIME-SPECIFIC
donchian_edge_and_rising_rv,path_inside_70,12H,5,5,0,UNIVERSAL
donchian_edge_and_rising_rv,path_inside_70,1H,5,3,2,REGIME-SPECIFIC
donchian_edge_and_rising_rv,path_inside_70,24H,5,4,1,REGIME-SPECIFIC
donchian_edge_and_rising_rv,path_inside_70,2H,5,5,0,UNIVERSAL
donchian_edge_and_rising_rv,path_inside_70,4H,5,4,1,REGIME-SPECIFIC
donchian_edge_and_rising_rv,path_inside_70,8H,5,4,1,REGIME-SPECIFIC
donchian_edge_and_rising_rv,range_breached,12H,5,0,5,UNIVERSAL
donchian_edge_and_rising_rv,range_breached,1H,5,2,3,REGIME-SPECIFIC
donchian_edge_and_rising_rv,range_breached,24H,5,1,4,REGIME-SPECIFIC
donchian_edge_and_rising_rv,range_breached,2H,5,0,5,UNIVERSAL
donchian_edge_and_rising_rv,range_breached,4H,5,1,4,REGIME-SPECIFIC
donchian_edge_and_rising_rv,range_breached,8H,5,1,4,REGIME-SPECIFIC
donchian_edge_and_rising_rv,range_held,12H,5,5,0,UNIVERSAL
donchian_edge_and_rising_rv,range_held,1H,5,3,2,REGIME-SPECIFIC
donchian_edge_and_rising_rv,range_held,24H,5,4,1,REGIME-SPECIFIC
donchian_edge_and_rising_rv,range_held,2H,5,5,0,UNIVERSAL
donchian_edge_and_rising_rv,range_held,4H,5,4,1,REGIME-SPECIFIC
donchian_edge_and_rising_rv,range_held,8H,5,4,1,REGIME-SPECIFIC
donchian_edge_and_rising_rv,realized_over_range_width_ge_1,12H,5,0,5,UNIVERSAL
donchian_edge_and_rising_rv,realized_over_range_width_ge_1,1H,5,0,5,UNIVERSAL
donchian_edge_and_rising_rv,realized_over_range_width_ge_1,24H,5,0,5,UNIVERSAL
donchian_edge_and_rising_rv,realized_over_range_width_ge_1,2H,5,0,5,UNIVERSAL
donchian_edge_and_rising_rv,realized_over_range_width_ge_1,4H,5,1,4,REGIME-SPECIFIC
donchian_edge_and_rising_rv,realized_over_range_width_ge_1,8H,5,0,5,UNIVERSAL
donchian_edge_and_rising_rv,trend_efficiency_high,12H,5,1,4,REGIME-SPECIFIC
donchian_edge_and_rising_rv,trend_efficiency_high,1H,5,2,3,REGIME-SPECIFIC
donchian_edge_and_rising_rv,trend_efficiency_high,24H,5,3,2,REGIME-SPECIFIC
donchian_edge_and_rising_rv,trend_efficiency_high,2H,5,2,3,REGIME-SPECIFIC
donchian_edge_and_rising_rv,trend_efficiency_high,4H,5,1,4,REGIME-SPECIFIC
donchian_edge_and_rising_rv,trend_efficiency_high,8H,5,2,3,REGIME-SPECIFIC
donchian_edge_and_rising_rv,upside_breakout_occurred,12H,5,1,4,REGIME-SPECIFIC
donchian_edge_and_rising_rv,upside_breakout_occurred,1H,5,2,3,REGIME-SPECIFIC
donchian_edge_and_rising_rv,upside_breakout_occurred,24H,5,1,4,REGIME-SPECIFIC
donchian_edge_and_rising_rv,upside_breakout_occurred,2H,5,1,4,REGIME-SPECIFIC
donchian_edge_and_rising_rv,upside_breakout_occurred,4H,5,1,4,REGIME-SPECIFIC
donchian_edge_and_rising_rv,upside_breakout_occurred,8H,5,1,4,REGIME-SPECIFIC
ema_spread_high_and_rising_atr,downside_breakdown_occurred,12H,6,1,5,REGIME-SPECIFIC
ema_spread_high_and_rising_atr,downside_breakdown_occurred,1H,6,0,6,UNIVERSAL
ema_spread_high_and_rising_atr,downside_breakdown_occurred,24H,6,0,6,UNIVERSAL
ema_spread_high_and_rising_atr,downside_breakdown_occurred,2H,6,0,6,UNIVERSAL
ema_spread_high_and_rising_atr,downside_breakdown_occurred,4H,6,0,6,UNIVERSAL
ema_spread_high_and_rising_atr,downside_breakdown_occurred,8H,6,0,6,UNIVERSAL
ema_spread_high_and_rising_atr,fast_1atr_touch,1H,6,0,6,UNIVERSAL
ema_spread_high_and_rising_atr,fast_1atr_touch,2H,6,0,5,UNIVERSAL
ema_spread_high_and_rising_atr,fast_1atr_touch,4H,6,1,1,REGIME-SPECIFIC
ema_spread_high_and_rising_atr,max_abs_excursion_ge_1_5_atr,12H,6,0,1,UNIVERSAL
ema_spread_high_and_rising_atr,max_abs_excursion_ge_1_5_atr,1H,6,0,6,UNIVERSAL
ema_spread_high_and_rising_atr,max_abs_excursion_ge_1_5_atr,2H,6,1,5,REGIME-SPECIFIC
ema_spread_high_and_rising_atr,max_abs_excursion_ge_1_5_atr,4H,6,0,5,UNIVERSAL
ema_spread_high_and_rising_atr,max_abs_excursion_ge_1_5_atr,8H,6,0,3,UNIVERSAL
ema_spread_high_and_rising_atr,one_sided_runaway,12H,6,3,3,REGIME-SPECIFIC
ema_spread_high_and_rising_atr,one_sided_runaway,1H,6,2,4,REGIME-SPECIFIC
ema_spread_high_and_rising_atr,one_sided_runaway,24H,6,3,3,REGIME-SPECIFIC
ema_spread_high_and_rising_atr,one_sided_runaway,2H,6,2,4,REGIME-SPECIFIC
ema_spread_high_and_rising_atr,one_sided_runaway,4H,6,1,5,REGIME-SPECIFIC
ema_spread_high_and_rising_atr,one_sided_runaway,8H,6,3,3,REGIME-SPECIFIC
ema_spread_high_and_rising_atr,oscillatory_path,12H,6,3,3,REGIME-SPECIFIC
ema_spread_high_and_rising_atr,oscillatory_path,1H,6,3,3,REGIME-SPECIFIC
ema_spread_high_and_rising_atr,oscillatory_path,24H,6,2,4,REGIME-SPECIFIC
ema_spread_high_and_rising_atr,oscillatory_path,2H,6,4,2,REGIME-SPECIFIC
ema_spread_high_and_rising_atr,oscillatory_path,4H,6,3,3,REGIME-SPECIFIC
ema_spread_high_and_rising_atr,oscillatory_path,8H,6,3,3,REGIME-SPECIFIC
ema_spread_high_and_rising_atr,path_inside_70,12H,6,6,0,UNIVERSAL
ema_spread_high_and_rising_atr,path_inside_70,1H,6,6,0,UNIVERSAL
ema_spread_high_and_rising_atr,path_inside_70,24H,6,5,1,REGIME-SPECIFIC
ema_spread_high_and_rising_atr,path_inside_70,2H,6,5,1,REGIME-SPECIFIC
ema_spread_high_and_rising_atr,path_inside_70,4H,6,5,1,REGIME-SPECIFIC
ema_spread_high_and_rising_atr,path_inside_70,8H,6,6,0,UNIVERSAL
ema_spread_high_and_rising_atr,range_breached,12H,6,0,6,UNIVERSAL
ema_spread_high_and_rising_atr,range_breached,1H,6,0,6,UNIVERSAL
ema_spread_high_and_rising_atr,range_breached,24H,6,1,5,REGIME-SPECIFIC
ema_spread_high_and_rising_atr,range_breached,2H,6,1,5,REGIME-SPECIFIC
ema_spread_high_and_rising_atr,range_breached,4H,6,1,5,REGIME-SPECIFIC
ema_spread_high_and_rising_atr,range_breached,8H,6,0,6,UNIVERSAL
ema_spread_high_and_rising_atr,range_held,12H,6,6,0,UNIVERSAL
ema_spread_high_and_rising_atr,range_held,1H,6,6,0,UNIVERSAL
ema_spread_high_and_rising_atr,range_held,24H,6,5,1,REGIME-SPECIFIC
ema_spread_high_and_rising_atr,range_held,2H,6,5,1,REGIME-SPECIFIC
ema_spread_high_and_rising_atr,range_held,4H,6,5,1,REGIME-SPECIFIC
ema_spread_high_and_rising_atr,range_held,8H,6,6,0,UNIVERSAL
ema_spread_high_and_rising_atr,realized_over_range_width_ge_1,12H,6,0,6,UNIVERSAL
ema_spread_high_and_rising_atr,realized_over_range_width_ge_1,1H,6,0,6,UNIVERSAL
ema_spread_high_and_rising_atr,realized_over_range_width_ge_1,24H,6,0,6,UNIVERSAL
ema_spread_high_and_rising_atr,realized_over_range_width_ge_1,2H,6,0,6,UNIVERSAL
ema_spread_high_and_rising_atr,realized_over_range_width_ge_1,4H,6,0,6,UNIVERSAL
ema_spread_high_and_rising_atr,realized_over_range_width_ge_1,8H,6,0,6,UNIVERSAL
ema_spread_high_and_rising_atr,trend_efficiency_high,12H,6,3,3,REGIME-SPECIFIC
ema_spread_high_and_rising_atr,trend_efficiency_high,1H,6,4,2,REGIME-SPECIFIC
ema_spread_high_and_rising_atr,trend_efficiency_high,24H,6,3,3,REGIME-SPECIFIC
ema_spread_high_and_rising_atr,trend_efficiency_high,2H,6,2,4,REGIME-SPECIFIC
ema_spread_high_and_rising_atr,trend_efficiency_high,4H,6,1,5,REGIME-SPECIFIC
ema_spread_high_and_rising_atr,trend_efficiency_high,8H,6,3,3,REGIME-SPECIFIC
ema_spread_high_and_rising_atr,upside_breakout_occurred,12H,6,0,6,UNIVERSAL
ema_spread_high_and_rising_atr,upside_breakout_occurred,1H,6,1,5,REGIME-SPECIFIC
ema_spread_high_and_rising_atr,upside_breakout_occurred,24H,6,2,4,REGIME-SPECIFIC
ema_spread_high_and_rising_atr,upside_breakout_occurred,2H,6,1,5,REGIME-SPECIFIC
ema_spread_high_and_rising_atr,upside_breakout_occurred,4H,6,1,5,REGIME-SPECIFIC
ema_spread_high_and_rising_atr,upside_breakout_occurred,8H,6,1,5,REGIME-SPECIFIC
ema_spread_low_and_falling_atr,downside_breakdown_occurred,12H,4,3,1,REGIME-SPECIFIC
ema_spread_low_and_falling_atr,downside_breakdown_occurred,1H,4,4,0,UNIVERSAL
ema_spread_low_and_falling_atr,downside_breakdown_occurred,24H,4,3,1,REGIME-SPECIFIC
ema_spread_low_and_falling_atr,downside_breakdown_occurred,2H,4,4,0,UNIVERSAL
ema_spread_low_and_falling_atr,downside_breakdown_occurred,4H,4,4,0,UNIVERSAL
ema_spread_low_and_falling_atr,downside_breakdown_occurred,8H,4,4,0,UNIVERSAL
ema_spread_low_and_falling_atr,fast_1atr_touch,1H,4,4,0,UNIVERSAL
ema_spread_low_and_falling_atr,fast_1atr_touch,2H,4,3,0,UNIVERSAL
ema_spread_low_and_falling_atr,fast_1atr_touch,4H,4,1,0,UNIVERSAL
ema_spread_low_and_falling_atr,max_abs_excursion_ge_1_5_atr,12H,4,0,0,REGIME-SPECIFIC
ema_spread_low_and_falling_atr,max_abs_excursion_ge_1_5_atr,1H,4,3,1,REGIME-SPECIFIC
ema_spread_low_and_falling_atr,max_abs_excursion_ge_1_5_atr,2H,4,2,2,REGIME-SPECIFIC
ema_spread_low_and_falling_atr,max_abs_excursion_ge_1_5_atr,4H,4,3,0,UNIVERSAL
ema_spread_low_and_falling_atr,max_abs_excursion_ge_1_5_atr,8H,4,2,0,UNIVERSAL
ema_spread_low_and_falling_atr,one_sided_runaway,12H,4,2,2,REGIME-SPECIFIC
ema_spread_low_and_falling_atr,one_sided_runaway,1H,4,0,4,UNIVERSAL
ema_spread_low_and_falling_atr,one_sided_runaway,24H,4,2,2,REGIME-SPECIFIC
ema_spread_low_and_falling_atr,one_sided_runaway,2H,4,0,4,UNIVERSAL
ema_spread_low_and_falling_atr,one_sided_runaway,4H,4,2,2,REGIME-SPECIFIC
ema_spread_low_and_falling_atr,one_sided_runaway,8H,4,3,1,REGIME-SPECIFIC
ema_spread_low_and_falling_atr,oscillatory_path,12H,4,2,2,REGIME-SPECIFIC
ema_spread_low_and_falling_atr,oscillatory_path,1H,4,3,1,REGIME-SPECIFIC
ema_spread_low_and_falling_atr,oscillatory_path,24H,4,2,2,REGIME-SPECIFIC
ema_spread_low_and_falling_atr,oscillatory_path,2H,4,2,2,REGIME-SPECIFIC
ema_spread_low_and_falling_atr,oscillatory_path,4H,4,2,2,REGIME-SPECIFIC
ema_spread_low_and_falling_atr,oscillatory_path,8H,4,2,2,REGIME-SPECIFIC
ema_spread_low_and_falling_atr,path_inside_70,12H,4,0,4,UNIVERSAL
ema_spread_low_and_falling_atr,path_inside_70,1H,4,0,4,UNIVERSAL
ema_spread_low_and_falling_atr,path_inside_70,24H,4,0,4,UNIVERSAL
ema_spread_low_and_falling_atr,path_inside_70,2H,4,0,4,UNIVERSAL
ema_spread_low_and_falling_atr,path_inside_70,4H,4,0,4,UNIVERSAL
ema_spread_low_and_falling_atr,path_inside_70,8H,4,0,4,UNIVERSAL
ema_spread_low_and_falling_atr,range_breached,12H,4,4,0,UNIVERSAL
ema_spread_low_and_falling_atr,range_breached,1H,4,4,0,UNIVERSAL
ema_spread_low_and_falling_atr,range_breached,24H,4,4,0,UNIVERSAL
ema_spread_low_and_falling_atr,range_breached,2H,4,4,0,UNIVERSAL
ema_spread_low_and_falling_atr,range_breached,4H,4,4,0,UNIVERSAL
ema_spread_low_and_falling_atr,range_breached,8H,4,4,0,UNIVERSAL
ema_spread_low_and_falling_atr,range_held,12H,4,0,4,UNIVERSAL
ema_spread_low_and_falling_atr,range_held,1H,4,0,4,UNIVERSAL
ema_spread_low_and_falling_atr,range_held,24H,4,0,4,UNIVERSAL
ema_spread_low_and_falling_atr,range_held,2H,4,0,4,UNIVERSAL
ema_spread_low_and_falling_atr,range_held,4H,4,0,4,UNIVERSAL
ema_spread_low_and_falling_atr,range_held,8H,4,0,4,UNIVERSAL
ema_spread_low_and_falling_atr,realized_over_range_width_ge_1,12H,4,4,0,UNIVERSAL
ema_spread_low_and_falling_atr,realized_over_range_width_ge_1,1H,4,4,0,UNIVERSAL
ema_spread_low_and_falling_atr,realized_over_range_width_ge_1,24H,4,4,0,UNIVERSAL
ema_spread_low_and_falling_atr,realized_over_range_width_ge_1,2H,4,4,0,UNIVERSAL
ema_spread_low_and_falling_atr,realized_over_range_width_ge_1,4H,4,4,0,UNIVERSAL
ema_spread_low_and_falling_atr,realized_over_range_width_ge_1,8H,4,4,0,UNIVERSAL
ema_spread_low_and_falling_atr,trend_efficiency_high,12H,4,2,2,REGIME-SPECIFIC
ema_spread_low_and_falling_atr,trend_efficiency_high,1H,4,0,4,UNIVERSAL
ema_spread_low_and_falling_atr,trend_efficiency_high,24H,4,2,2,REGIME-SPECIFIC
ema_spread_low_and_falling_atr,trend_efficiency_high,2H,4,0,4,UNIVERSAL
ema_spread_low_and_falling_atr,trend_efficiency_high,4H,4,2,2,REGIME-SPECIFIC
ema_spread_low_and_falling_atr,trend_efficiency_high,8H,4,3,1,REGIME-SPECIFIC
ema_spread_low_and_falling_atr,upside_breakout_occurred,12H,4,4,0,UNIVERSAL
ema_spread_low_and_falling_atr,upside_breakout_occurred,1H,4,2,2,REGIME-SPECIFIC
ema_spread_low_and_falling_atr,upside_breakout_occurred,24H,4,4,0,UNIVERSAL
ema_spread_low_and_falling_atr,upside_breakout_occurred,2H,4,3,1,REGIME-SPECIFIC
ema_spread_low_and_falling_atr,upside_breakout_occurred,4H,4,2,2,REGIME-SPECIFIC
ema_spread_low_and_falling_atr,upside_breakout_occurred,8H,4,2,2,REGIME-SPECIFIC
falling_atr_and_low_efficiency,downside_breakdown_occurred,12H,4,3,1,REGIME-SPECIFIC
falling_atr_and_low_efficiency,downside_breakdown_occurred,1H,4,4,0,UNIVERSAL
falling_atr_and_low_efficiency,downside_breakdown_occurred,24H,4,3,1,REGIME-SPECIFIC
falling_atr_and_low_efficiency,downside_breakdown_occurred,2H,4,4,0,UNIVERSAL
falling_atr_and_low_efficiency,downside_breakdown_occurred,4H,4,4,0,UNIVERSAL
falling_atr_and_low_efficiency,downside_breakdown_occurred,8H,4,2,2,REGIME-SPECIFIC
falling_atr_and_low_efficiency,fast_1atr_touch,1H,4,4,0,UNIVERSAL
falling_atr_and_low_efficiency,fast_1atr_touch,2H,4,3,0,UNIVERSAL
falling_atr_and_low_efficiency,fast_1atr_touch,4H,4,1,0,UNIVERSAL
falling_atr_and_low_efficiency,max_abs_excursion_ge_1_5_atr,12H,4,0,0,REGIME-SPECIFIC
falling_atr_and_low_efficiency,max_abs_excursion_ge_1_5_atr,1H,4,4,0,UNIVERSAL
falling_atr_and_low_efficiency,max_abs_excursion_ge_1_5_atr,2H,4,3,1,REGIME-SPECIFIC
falling_atr_and_low_efficiency,max_abs_excursion_ge_1_5_atr,4H,4,3,0,UNIVERSAL
falling_atr_and_low_efficiency,max_abs_excursion_ge_1_5_atr,8H,4,2,0,UNIVERSAL
falling_atr_and_low_efficiency,one_sided_runaway,12H,4,3,1,REGIME-SPECIFIC
falling_atr_and_low_efficiency,one_sided_runaway,1H,4,1,3,REGIME-SPECIFIC
falling_atr_and_low_efficiency,one_sided_runaway,24H,4,2,2,REGIME-SPECIFIC
falling_atr_and_low_efficiency,one_sided_runaway,2H,4,1,3,REGIME-SPECIFIC
falling_atr_and_low_efficiency,one_sided_runaway,4H,4,1,3,REGIME-SPECIFIC
falling_atr_and_low_efficiency,one_sided_runaway,8H,4,3,1,REGIME-SPECIFIC
falling_atr_and_low_efficiency,oscillatory_path,12H,4,2,2,REGIME-SPECIFIC
falling_atr_and_low_efficiency,oscillatory_path,1H,4,4,0,UNIVERSAL
falling_atr_and_low_efficiency,oscillatory_path,24H,4,2,2,REGIME-SPECIFIC
falling_atr_and_low_efficiency,oscillatory_path,2H,4,4,0,UNIVERSAL
falling_atr_and_low_efficiency,oscillatory_path,4H,4,4,0,UNIVERSAL
falling_atr_and_low_efficiency,oscillatory_path,8H,4,1,3,REGIME-SPECIFIC
falling_atr_and_low_efficiency,path_inside_70,12H,4,0,4,UNIVERSAL
falling_atr_and_low_efficiency,path_inside_70,1H,4,0,4,UNIVERSAL
falling_atr_and_low_efficiency,path_inside_70,24H,4,0,4,UNIVERSAL
falling_atr_and_low_efficiency,path_inside_70,2H,4,0,4,UNIVERSAL
falling_atr_and_low_efficiency,path_inside_70,4H,4,0,4,UNIVERSAL
falling_atr_and_low_efficiency,path_inside_70,8H,4,0,4,UNIVERSAL
falling_atr_and_low_efficiency,range_breached,12H,4,4,0,UNIVERSAL
falling_atr_and_low_efficiency,range_breached,1H,4,4,0,UNIVERSAL
falling_atr_and_low_efficiency,range_breached,24H,4,4,0,UNIVERSAL
falling_atr_and_low_efficiency,range_breached,2H,4,4,0,UNIVERSAL
falling_atr_and_low_efficiency,range_breached,4H,4,4,0,UNIVERSAL
falling_atr_and_low_efficiency,range_breached,8H,4,4,0,UNIVERSAL
falling_atr_and_low_efficiency,range_held,12H,4,0,4,UNIVERSAL
falling_atr_and_low_efficiency,range_held,1H,4,0,4,UNIVERSAL
falling_atr_and_low_efficiency,range_held,24H,4,0,4,UNIVERSAL
falling_atr_and_low_efficiency,range_held,2H,4,0,4,UNIVERSAL
falling_atr_and_low_efficiency,range_held,4H,4,0,4,UNIVERSAL
falling_atr_and_low_efficiency,range_held,8H,4,0,4,UNIVERSAL
falling_atr_and_low_efficiency,realized_over_range_width_ge_1,12H,4,4,0,UNIVERSAL
falling_atr_and_low_efficiency,realized_over_range_width_ge_1,1H,4,4,0,UNIVERSAL
falling_atr_and_low_efficiency,realized_over_range_width_ge_1,24H,4,4,0,UNIVERSAL
falling_atr_and_low_efficiency,realized_over_range_width_ge_1,2H,4,4,0,UNIVERSAL
falling_atr_and_low_efficiency,realized_over_range_width_ge_1,4H,4,4,0,UNIVERSAL
falling_atr_and_low_efficiency,realized_over_range_width_ge_1,8H,4,4,0,UNIVERSAL
falling_atr_and_low_efficiency,trend_efficiency_high,12H,4,3,1,REGIME-SPECIFIC
falling_atr_and_low_efficiency,trend_efficiency_high,1H,4,0,4,UNIVERSAL
falling_atr_and_low_efficiency,trend_efficiency_high,24H,4,2,2,REGIME-SPECIFIC
falling_atr_and_low_efficiency,trend_efficiency_high,2H,4,1,3,REGIME-SPECIFIC
falling_atr_and_low_efficiency,trend_efficiency_high,4H,4,1,3,REGIME-SPECIFIC
falling_atr_and_low_efficiency,trend_efficiency_high,8H,4,3,1,REGIME-SPECIFIC
falling_atr_and_low_efficiency,upside_breakout_occurred,12H,4,4,0,UNIVERSAL
falling_atr_and_low_efficiency,upside_breakout_occurred,1H,4,3,1,REGIME-SPECIFIC
falling_atr_and_low_efficiency,upside_breakout_occurred,24H,4,3,1,REGIME-SPECIFIC
falling_atr_and_low_efficiency,upside_breakout_occurred,2H,4,4,0,UNIVERSAL
falling_atr_and_low_efficiency,upside_breakout_occurred,4H,4,3,1,REGIME-SPECIFIC
falling_atr_and_low_efficiency,upside_breakout_occurred,8H,4,3,1,REGIME-SPECIFIC
high_adx_and_rising_atr,downside_breakdown_occurred,12H,6,3,3,REGIME-SPECIFIC
high_adx_and_rising_atr,downside_breakdown_occurred,1H,6,1,5,REGIME-SPECIFIC
high_adx_and_rising_atr,downside_breakdown_occurred,24H,6,0,6,UNIVERSAL
high_adx_and_rising_atr,downside_breakdown_occurred,2H,6,1,5,REGIME-SPECIFIC
high_adx_and_rising_atr,downside_breakdown_occurred,4H,6,2,4,REGIME-SPECIFIC
high_adx_and_rising_atr,downside_breakdown_occurred,8H,6,2,4,REGIME-SPECIFIC
high_adx_and_rising_atr,fast_1atr_touch,1H,6,1,5,REGIME-SPECIFIC
high_adx_and_rising_atr,fast_1atr_touch,2H,6,0,5,UNIVERSAL
high_adx_and_rising_atr,fast_1atr_touch,4H,6,1,1,REGIME-SPECIFIC
high_adx_and_rising_atr,max_abs_excursion_ge_1_5_atr,12H,6,0,1,UNIVERSAL
high_adx_and_rising_atr,max_abs_excursion_ge_1_5_atr,1H,6,0,6,UNIVERSAL
high_adx_and_rising_atr,max_abs_excursion_ge_1_5_atr,2H,6,0,6,UNIVERSAL
high_adx_and_rising_atr,max_abs_excursion_ge_1_5_atr,4H,6,1,4,REGIME-SPECIFIC
high_adx_and_rising_atr,max_abs_excursion_ge_1_5_atr,8H,6,1,2,REGIME-SPECIFIC
high_adx_and_rising_atr,one_sided_runaway,12H,6,2,4,REGIME-SPECIFIC
high_adx_and_rising_atr,one_sided_runaway,1H,6,3,3,REGIME-SPECIFIC
high_adx_and_rising_atr,one_sided_runaway,24H,6,3,3,REGIME-SPECIFIC
high_adx_and_rising_atr,one_sided_runaway,2H,6,3,3,REGIME-SPECIFIC
high_adx_and_rising_atr,one_sided_runaway,4H,6,3,3,REGIME-SPECIFIC
high_adx_and_rising_atr,one_sided_runaway,8H,6,2,4,REGIME-SPECIFIC
high_adx_and_rising_atr,oscillatory_path,12H,6,3,3,REGIME-SPECIFIC
high_adx_and_rising_atr,oscillatory_path,1H,6,1,5,REGIME-SPECIFIC
high_adx_and_rising_atr,oscillatory_path,24H,6,3,3,REGIME-SPECIFIC
high_adx_and_rising_atr,oscillatory_path,2H,6,3,3,REGIME-SPECIFIC
high_adx_and_rising_atr,oscillatory_path,4H,6,4,2,REGIME-SPECIFIC
high_adx_and_rising_atr,oscillatory_path,8H,6,4,2,REGIME-SPECIFIC
high_adx_and_rising_atr,path_inside_70,12H,6,6,0,UNIVERSAL
high_adx_and_rising_atr,path_inside_70,1H,6,6,0,UNIVERSAL
high_adx_and_rising_atr,path_inside_70,24H,6,6,0,UNIVERSAL
high_adx_and_rising_atr,path_inside_70,2H,6,6,0,UNIVERSAL
high_adx_and_rising_atr,path_inside_70,4H,6,5,1,REGIME-SPECIFIC
high_adx_and_rising_atr,path_inside_70,8H,6,6,0,UNIVERSAL
high_adx_and_rising_atr,range_breached,12H,6,0,6,UNIVERSAL
high_adx_and_rising_atr,range_breached,1H,6,0,6,UNIVERSAL
high_adx_and_rising_atr,range_breached,24H,6,0,6,UNIVERSAL
high_adx_and_rising_atr,range_breached,2H,6,0,6,UNIVERSAL
high_adx_and_rising_atr,range_breached,4H,6,1,5,REGIME-SPECIFIC
high_adx_and_rising_atr,range_breached,8H,6,0,6,UNIVERSAL
high_adx_and_rising_atr,range_held,12H,6,6,0,UNIVERSAL
high_adx_and_rising_atr,range_held,1H,6,6,0,UNIVERSAL
high_adx_and_rising_atr,range_held,24H,6,6,0,UNIVERSAL
high_adx_and_rising_atr,range_held,2H,6,6,0,UNIVERSAL
high_adx_and_rising_atr,range_held,4H,6,5,1,REGIME-SPECIFIC
high_adx_and_rising_atr,range_held,8H,6,6,0,UNIVERSAL
high_adx_and_rising_atr,realized_over_range_width_ge_1,12H,6,0,6,UNIVERSAL
high_adx_and_rising_atr,realized_over_range_width_ge_1,1H,6,0,6,UNIVERSAL
high_adx_and_rising_atr,realized_over_range_width_ge_1,24H,6,0,6,UNIVERSAL
high_adx_and_rising_atr,realized_over_range_width_ge_1,2H,6,0,6,UNIVERSAL
high_adx_and_rising_atr,realized_over_range_width_ge_1,4H,6,1,5,REGIME-SPECIFIC
high_adx_and_rising_atr,realized_over_range_width_ge_1,8H,6,0,6,UNIVERSAL
high_adx_and_rising_atr,trend_efficiency_high,12H,6,2,4,REGIME-SPECIFIC
high_adx_and_rising_atr,trend_efficiency_high,1H,6,4,2,REGIME-SPECIFIC
high_adx_and_rising_atr,trend_efficiency_high,24H,6,3,3,REGIME-SPECIFIC
high_adx_and_rising_atr,trend_efficiency_high,2H,6,3,3,REGIME-SPECIFIC
high_adx_and_rising_atr,trend_efficiency_high,4H,6,3,3,REGIME-SPECIFIC
high_adx_and_rising_atr,trend_efficiency_high,8H,6,2,4,REGIME-SPECIFIC
high_adx_and_rising_atr,upside_breakout_occurred,12H,6,0,6,UNIVERSAL
high_adx_and_rising_atr,upside_breakout_occurred,1H,6,0,6,UNIVERSAL
high_adx_and_rising_atr,upside_breakout_occurred,24H,6,0,6,UNIVERSAL
high_adx_and_rising_atr,upside_breakout_occurred,2H,6,1,5,REGIME-SPECIFIC
high_adx_and_rising_atr,upside_breakout_occurred,4H,6,0,6,UNIVERSAL
high_adx_and_rising_atr,upside_breakout_occurred,8H,6,0,6,UNIVERSAL
high_atr_pct_and_falling_atr_slope,downside_breakdown_occurred,12H,4,2,2,REGIME-SPECIFIC
high_atr_pct_and_falling_atr_slope,downside_breakdown_occurred,1H,4,3,1,REGIME-SPECIFIC
high_atr_pct_and_falling_atr_slope,downside_breakdown_occurred,24H,4,3,1,REGIME-SPECIFIC
high_atr_pct_and_falling_atr_slope,downside_breakdown_occurred,2H,4,3,1,REGIME-SPECIFIC
high_atr_pct_and_falling_atr_slope,downside_breakdown_occurred,4H,4,3,1,REGIME-SPECIFIC
high_atr_pct_and_falling_atr_slope,downside_breakdown_occurred,8H,4,4,0,UNIVERSAL
high_atr_pct_and_falling_atr_slope,fast_1atr_touch,1H,4,2,2,REGIME-SPECIFIC
high_atr_pct_and_falling_atr_slope,fast_1atr_touch,2H,4,2,1,REGIME-SPECIFIC
high_atr_pct_and_falling_atr_slope,fast_1atr_touch,4H,4,0,1,UNIVERSAL
high_atr_pct_and_falling_atr_slope,max_abs_excursion_ge_1_5_atr,12H,4,1,0,UNIVERSAL
high_atr_pct_and_falling_atr_slope,max_abs_excursion_ge_1_5_atr,1H,4,2,2,REGIME-SPECIFIC
high_atr_pct_and_falling_atr_slope,max_abs_excursion_ge_1_5_atr,2H,4,3,1,REGIME-SPECIFIC
high_atr_pct_and_falling_atr_slope,max_abs_excursion_ge_1_5_atr,4H,4,2,1,REGIME-SPECIFIC
high_atr_pct_and_falling_atr_slope,max_abs_excursion_ge_1_5_atr,8H,4,2,0,UNIVERSAL
high_atr_pct_and_falling_atr_slope,one_sided_runaway,12H,4,3,1,REGIME-SPECIFIC
high_atr_pct_and_falling_atr_slope,one_sided_runaway,1H,4,2,2,REGIME-SPECIFIC
high_atr_pct_and_falling_atr_slope,one_sided_runaway,24H,4,3,1,REGIME-SPECIFIC
high_atr_pct_and_falling_atr_slope,one_sided_runaway,2H,4,2,2,REGIME-SPECIFIC
high_atr_pct_and_falling_atr_slope,one_sided_runaway,4H,4,4,0,UNIVERSAL
high_atr_pct_and_falling_atr_slope,one_sided_runaway,8H,4,3,1,REGIME-SPECIFIC
high_atr_pct_and_falling_atr_slope,oscillatory_path,12H,4,0,4,UNIVERSAL
high_atr_pct_and_falling_atr_slope,oscillatory_path,1H,4,2,2,REGIME-SPECIFIC
high_atr_pct_and_falling_atr_slope,oscillatory_path,24H,4,1,3,REGIME-SPECIFIC
high_atr_pct_and_falling_atr_slope,oscillatory_path,2H,4,0,4,UNIVERSAL
high_atr_pct_and_falling_atr_slope,oscillatory_path,4H,4,1,3,REGIME-SPECIFIC
high_atr_pct_and_falling_atr_slope,oscillatory_path,8H,4,3,1,REGIME-SPECIFIC
high_atr_pct_and_falling_atr_slope,path_inside_70,12H,4,0,4,UNIVERSAL
high_atr_pct_and_falling_atr_slope,path_inside_70,1H,4,2,2,REGIME-SPECIFIC
high_atr_pct_and_falling_atr_slope,path_inside_70,24H,4,0,4,UNIVERSAL
high_atr_pct_and_falling_atr_slope,path_inside_70,2H,4,1,3,REGIME-SPECIFIC
high_atr_pct_and_falling_atr_slope,path_inside_70,4H,4,1,3,REGIME-SPECIFIC
high_atr_pct_and_falling_atr_slope,path_inside_70,8H,4,0,4,UNIVERSAL
high_atr_pct_and_falling_atr_slope,range_breached,12H,4,4,0,UNIVERSAL
high_atr_pct_and_falling_atr_slope,range_breached,1H,4,2,2,REGIME-SPECIFIC
high_atr_pct_and_falling_atr_slope,range_breached,24H,4,4,0,UNIVERSAL
high_atr_pct_and_falling_atr_slope,range_breached,2H,4,3,1,REGIME-SPECIFIC
high_atr_pct_and_falling_atr_slope,range_breached,4H,4,3,1,REGIME-SPECIFIC
high_atr_pct_and_falling_atr_slope,range_breached,8H,4,4,0,UNIVERSAL
high_atr_pct_and_falling_atr_slope,range_held,12H,4,0,4,UNIVERSAL
high_atr_pct_and_falling_atr_slope,range_held,1H,4,2,2,REGIME-SPECIFIC
high_atr_pct_and_falling_atr_slope,range_held,24H,4,0,4,UNIVERSAL
high_atr_pct_and_falling_atr_slope,range_held,2H,4,1,3,REGIME-SPECIFIC
high_atr_pct_and_falling_atr_slope,range_held,4H,4,1,3,REGIME-SPECIFIC
high_atr_pct_and_falling_atr_slope,range_held,8H,4,0,4,UNIVERSAL
high_atr_pct_and_falling_atr_slope,realized_over_range_width_ge_1,12H,4,4,0,UNIVERSAL
high_atr_pct_and_falling_atr_slope,realized_over_range_width_ge_1,1H,4,2,2,REGIME-SPECIFIC
high_atr_pct_and_falling_atr_slope,realized_over_range_width_ge_1,24H,4,3,1,REGIME-SPECIFIC
high_atr_pct_and_falling_atr_slope,realized_over_range_width_ge_1,2H,4,2,2,REGIME-SPECIFIC
high_atr_pct_and_falling_atr_slope,realized_over_range_width_ge_1,4H,4,2,2,REGIME-SPECIFIC
high_atr_pct_and_falling_atr_slope,realized_over_range_width_ge_1,8H,4,4,0,UNIVERSAL
high_atr_pct_and_falling_atr_slope,trend_efficiency_high,12H,4,3,1,REGIME-SPECIFIC
high_atr_pct_and_falling_atr_slope,trend_efficiency_high,1H,4,2,2,REGIME-SPECIFIC
high_atr_pct_and_falling_atr_slope,trend_efficiency_high,24H,4,3,1,REGIME-SPECIFIC
high_atr_pct_and_falling_atr_slope,trend_efficiency_high,2H,4,2,2,REGIME-SPECIFIC
high_atr_pct_and_falling_atr_slope,trend_efficiency_high,4H,4,4,0,UNIVERSAL
high_atr_pct_and_falling_atr_slope,trend_efficiency_high,8H,4,3,1,REGIME-SPECIFIC
high_atr_pct_and_falling_atr_slope,upside_breakout_occurred,12H,4,3,1,REGIME-SPECIFIC
high_atr_pct_and_falling_atr_slope,upside_breakout_occurred,1H,4,1,3,REGIME-SPECIFIC
high_atr_pct_and_falling_atr_slope,upside_breakout_occurred,24H,4,3,1,REGIME-SPECIFIC
high_atr_pct_and_falling_atr_slope,upside_breakout_occurred,2H,4,1,3,REGIME-SPECIFIC
high_atr_pct_and_falling_atr_slope,upside_breakout_occurred,4H,4,2,2,REGIME-SPECIFIC
high_atr_pct_and_falling_atr_slope,upside_breakout_occurred,8H,4,3,1,REGIME-SPECIFIC
high_atr_pct_and_rising_atr_slope,downside_breakdown_occurred,12H,6,1,5,REGIME-SPECIFIC
high_atr_pct_and_rising_atr_slope,downside_breakdown_occurred,1H,6,0,6,UNIVERSAL
high_atr_pct_and_rising_atr_slope,downside_breakdown_occurred,24H,6,0,6,UNIVERSAL
high_atr_pct_and_rising_atr_slope,downside_breakdown_occurred,2H,6,0,6,UNIVERSAL
high_atr_pct_and_rising_atr_slope,downside_breakdown_occurred,4H,6,0,6,UNIVERSAL
high_atr_pct_and_rising_atr_slope,downside_breakdown_occurred,8H,6,0,6,UNIVERSAL
high_atr_pct_and_rising_atr_slope,fast_1atr_touch,1H,6,0,6,UNIVERSAL
high_atr_pct_and_rising_atr_slope,fast_1atr_touch,2H,6,0,5,UNIVERSAL
high_atr_pct_and_rising_atr_slope,fast_1atr_touch,4H,6,1,1,REGIME-SPECIFIC
high_atr_pct_and_rising_atr_slope,max_abs_excursion_ge_1_5_atr,12H,6,0,1,UNIVERSAL
high_atr_pct_and_rising_atr_slope,max_abs_excursion_ge_1_5_atr,1H,6,0,6,UNIVERSAL
high_atr_pct_and_rising_atr_slope,max_abs_excursion_ge_1_5_atr,2H,6,0,6,UNIVERSAL
high_atr_pct_and_rising_atr_slope,max_abs_excursion_ge_1_5_atr,4H,6,1,4,REGIME-SPECIFIC
high_atr_pct_and_rising_atr_slope,max_abs_excursion_ge_1_5_atr,8H,6,1,2,REGIME-SPECIFIC
high_atr_pct_and_rising_atr_slope,one_sided_runaway,12H,6,3,3,REGIME-SPECIFIC
high_atr_pct_and_rising_atr_slope,one_sided_runaway,1H,6,5,1,REGIME-SPECIFIC
high_atr_pct_and_rising_atr_slope,one_sided_runaway,24H,6,3,3,REGIME-SPECIFIC
high_atr_pct_and_rising_atr_slope,one_sided_runaway,2H,6,4,2,REGIME-SPECIFIC
high_atr_pct_and_rising_atr_slope,one_sided_runaway,4H,6,3,3,REGIME-SPECIFIC
high_atr_pct_and_rising_atr_slope,one_sided_runaway,8H,6,2,4,REGIME-SPECIFIC
high_atr_pct_and_rising_atr_slope,oscillatory_path,12H,6,3,3,REGIME-SPECIFIC
high_atr_pct_and_rising_atr_slope,oscillatory_path,1H,6,5,1,REGIME-SPECIFIC
high_atr_pct_and_rising_atr_slope,oscillatory_path,24H,6,1,5,REGIME-SPECIFIC
high_atr_pct_and_rising_atr_slope,oscillatory_path,2H,6,3,3,REGIME-SPECIFIC
high_atr_pct_and_rising_atr_slope,oscillatory_path,4H,6,3,3,REGIME-SPECIFIC
high_atr_pct_and_rising_atr_slope,oscillatory_path,8H,6,3,3,REGIME-SPECIFIC
high_atr_pct_and_rising_atr_slope,path_inside_70,12H,6,6,0,UNIVERSAL
high_atr_pct_and_rising_atr_slope,path_inside_70,1H,6,6,0,UNIVERSAL
high_atr_pct_and_rising_atr_slope,path_inside_70,24H,6,6,0,UNIVERSAL
high_atr_pct_and_rising_atr_slope,path_inside_70,2H,6,6,0,UNIVERSAL
high_atr_pct_and_rising_atr_slope,path_inside_70,4H,6,6,0,UNIVERSAL
high_atr_pct_and_rising_atr_slope,path_inside_70,8H,6,6,0,UNIVERSAL
high_atr_pct_and_rising_atr_slope,range_breached,12H,6,0,6,UNIVERSAL
high_atr_pct_and_rising_atr_slope,range_breached,1H,6,0,6,UNIVERSAL
high_atr_pct_and_rising_atr_slope,range_breached,24H,6,0,6,UNIVERSAL
high_atr_pct_and_rising_atr_slope,range_breached,2H,6,0,6,UNIVERSAL
high_atr_pct_and_rising_atr_slope,range_breached,4H,6,0,6,UNIVERSAL
high_atr_pct_and_rising_atr_slope,range_breached,8H,6,0,6,UNIVERSAL
high_atr_pct_and_rising_atr_slope,range_held,12H,6,6,0,UNIVERSAL
high_atr_pct_and_rising_atr_slope,range_held,1H,6,6,0,UNIVERSAL
high_atr_pct_and_rising_atr_slope,range_held,24H,6,6,0,UNIVERSAL
high_atr_pct_and_rising_atr_slope,range_held,2H,6,6,0,UNIVERSAL
high_atr_pct_and_rising_atr_slope,range_held,4H,6,6,0,UNIVERSAL
high_atr_pct_and_rising_atr_slope,range_held,8H,6,6,0,UNIVERSAL
high_atr_pct_and_rising_atr_slope,realized_over_range_width_ge_1,12H,6,0,6,UNIVERSAL
high_atr_pct_and_rising_atr_slope,realized_over_range_width_ge_1,1H,6,0,6,UNIVERSAL
high_atr_pct_and_rising_atr_slope,realized_over_range_width_ge_1,24H,6,0,6,UNIVERSAL
high_atr_pct_and_rising_atr_slope,realized_over_range_width_ge_1,2H,6,0,6,UNIVERSAL
high_atr_pct_and_rising_atr_slope,realized_over_range_width_ge_1,4H,6,0,6,UNIVERSAL
high_atr_pct_and_rising_atr_slope,realized_over_range_width_ge_1,8H,6,0,6,UNIVERSAL
high_atr_pct_and_rising_atr_slope,trend_efficiency_high,12H,6,3,3,REGIME-SPECIFIC
high_atr_pct_and_rising_atr_slope,trend_efficiency_high,1H,6,5,1,REGIME-SPECIFIC
high_atr_pct_and_rising_atr_slope,trend_efficiency_high,24H,6,3,3,REGIME-SPECIFIC
high_atr_pct_and_rising_atr_slope,trend_efficiency_high,2H,6,4,2,REGIME-SPECIFIC
high_atr_pct_and_rising_atr_slope,trend_efficiency_high,4H,6,3,3,REGIME-SPECIFIC
high_atr_pct_and_rising_atr_slope,trend_efficiency_high,8H,6,2,4,REGIME-SPECIFIC
high_atr_pct_and_rising_atr_slope,upside_breakout_occurred,12H,6,0,6,UNIVERSAL
high_atr_pct_and_rising_atr_slope,upside_breakout_occurred,1H,6,1,5,REGIME-SPECIFIC
high_atr_pct_and_rising_atr_slope,upside_breakout_occurred,24H,6,0,6,UNIVERSAL
high_atr_pct_and_rising_atr_slope,upside_breakout_occurred,2H,6,1,5,REGIME-SPECIFIC
high_atr_pct_and_rising_atr_slope,upside_breakout_occurred,4H,6,0,6,UNIVERSAL
high_atr_pct_and_rising_atr_slope,upside_breakout_occurred,8H,6,0,6,UNIVERSAL
high_vwap_displacement_and_rising_atr,downside_breakdown_occurred,12H,6,1,5,REGIME-SPECIFIC
high_vwap_displacement_and_rising_atr,downside_breakdown_occurred,1H,6,0,6,UNIVERSAL
high_vwap_displacement_and_rising_atr,downside_breakdown_occurred,24H,6,1,5,REGIME-SPECIFIC
high_vwap_displacement_and_rising_atr,downside_breakdown_occurred,2H,6,1,5,REGIME-SPECIFIC
high_vwap_displacement_and_rising_atr,downside_breakdown_occurred,4H,6,0,6,UNIVERSAL
high_vwap_displacement_and_rising_atr,downside_breakdown_occurred,8H,6,0,6,UNIVERSAL
high_vwap_displacement_and_rising_atr,fast_1atr_touch,1H,6,0,6,UNIVERSAL
high_vwap_displacement_and_rising_atr,fast_1atr_touch,2H,6,0,5,UNIVERSAL
high_vwap_displacement_and_rising_atr,fast_1atr_touch,4H,6,1,1,REGIME-SPECIFIC
high_vwap_displacement_and_rising_atr,max_abs_excursion_ge_1_5_atr,12H,6,0,1,UNIVERSAL
high_vwap_displacement_and_rising_atr,max_abs_excursion_ge_1_5_atr,1H,6,0,6,UNIVERSAL
high_vwap_displacement_and_rising_atr,max_abs_excursion_ge_1_5_atr,2H,6,1,5,REGIME-SPECIFIC
high_vwap_displacement_and_rising_atr,max_abs_excursion_ge_1_5_atr,4H,6,0,5,UNIVERSAL
high_vwap_displacement_and_rising_atr,max_abs_excursion_ge_1_5_atr,8H,6,0,3,UNIVERSAL
high_vwap_displacement_and_rising_atr,one_sided_runaway,12H,6,2,4,REGIME-SPECIFIC
high_vwap_displacement_and_rising_atr,one_sided_runaway,1H,6,2,4,REGIME-SPECIFIC
high_vwap_displacement_and_rising_atr,one_sided_runaway,24H,6,2,4,REGIME-SPECIFIC
high_vwap_displacement_and_rising_atr,one_sided_runaway,2H,6,2,4,REGIME-SPECIFIC
high_vwap_displacement_and_rising_atr,one_sided_runaway,4H,6,3,3,REGIME-SPECIFIC
high_vwap_displacement_and_rising_atr,one_sided_runaway,8H,6,3,3,REGIME-SPECIFIC
high_vwap_displacement_and_rising_atr,oscillatory_path,12H,6,4,2,REGIME-SPECIFIC
high_vwap_displacement_and_rising_atr,oscillatory_path,1H,6,4,2,REGIME-SPECIFIC
high_vwap_displacement_and_rising_atr,oscillatory_path,24H,6,2,4,REGIME-SPECIFIC
high_vwap_displacement_and_rising_atr,oscillatory_path,2H,6,5,1,REGIME-SPECIFIC
high_vwap_displacement_and_rising_atr,oscillatory_path,4H,6,3,3,REGIME-SPECIFIC
high_vwap_displacement_and_rising_atr,oscillatory_path,8H,6,3,3,REGIME-SPECIFIC
high_vwap_displacement_and_rising_atr,path_inside_70,12H,6,6,0,UNIVERSAL
high_vwap_displacement_and_rising_atr,path_inside_70,1H,6,6,0,UNIVERSAL
high_vwap_displacement_and_rising_atr,path_inside_70,24H,6,5,1,REGIME-SPECIFIC
high_vwap_displacement_and_rising_atr,path_inside_70,2H,6,6,0,UNIVERSAL
high_vwap_displacement_and_rising_atr,path_inside_70,4H,6,6,0,UNIVERSAL
high_vwap_displacement_and_rising_atr,path_inside_70,8H,6,6,0,UNIVERSAL
high_vwap_displacement_and_rising_atr,range_breached,12H,6,0,6,UNIVERSAL
high_vwap_displacement_and_rising_atr,range_breached,1H,6,0,6,UNIVERSAL
high_vwap_displacement_and_rising_atr,range_breached,24H,6,1,5,REGIME-SPECIFIC
high_vwap_displacement_and_rising_atr,range_breached,2H,6,0,6,UNIVERSAL
high_vwap_displacement_and_rising_atr,range_breached,4H,6,0,6,UNIVERSAL
high_vwap_displacement_and_rising_atr,range_breached,8H,6,0,6,UNIVERSAL
high_vwap_displacement_and_rising_atr,range_held,12H,6,6,0,UNIVERSAL
high_vwap_displacement_and_rising_atr,range_held,1H,6,6,0,UNIVERSAL
high_vwap_displacement_and_rising_atr,range_held,24H,6,5,1,REGIME-SPECIFIC
high_vwap_displacement_and_rising_atr,range_held,2H,6,6,0,UNIVERSAL
high_vwap_displacement_and_rising_atr,range_held,4H,6,6,0,UNIVERSAL
high_vwap_displacement_and_rising_atr,range_held,8H,6,6,0,UNIVERSAL
high_vwap_displacement_and_rising_atr,realized_over_range_width_ge_1,12H,6,0,6,UNIVERSAL
high_vwap_displacement_and_rising_atr,realized_over_range_width_ge_1,1H,6,0,6,UNIVERSAL
high_vwap_displacement_and_rising_atr,realized_over_range_width_ge_1,24H,6,0,6,UNIVERSAL
high_vwap_displacement_and_rising_atr,realized_over_range_width_ge_1,2H,6,0,6,UNIVERSAL
high_vwap_displacement_and_rising_atr,realized_over_range_width_ge_1,4H,6,1,5,REGIME-SPECIFIC
high_vwap_displacement_and_rising_atr,realized_over_range_width_ge_1,8H,6,0,6,UNIVERSAL
high_vwap_displacement_and_rising_atr,trend_efficiency_high,12H,6,2,4,REGIME-SPECIFIC
high_vwap_displacement_and_rising_atr,trend_efficiency_high,1H,6,2,4,REGIME-SPECIFIC
high_vwap_displacement_and_rising_atr,trend_efficiency_high,24H,6,2,4,REGIME-SPECIFIC
high_vwap_displacement_and_rising_atr,trend_efficiency_high,2H,6,2,4,REGIME-SPECIFIC
high_vwap_displacement_and_rising_atr,trend_efficiency_high,4H,6,3,3,REGIME-SPECIFIC
high_vwap_displacement_and_rising_atr,trend_efficiency_high,8H,6,3,3,REGIME-SPECIFIC
high_vwap_displacement_and_rising_atr,upside_breakout_occurred,12H,6,1,5,REGIME-SPECIFIC
high_vwap_displacement_and_rising_atr,upside_breakout_occurred,1H,6,2,4,REGIME-SPECIFIC
high_vwap_displacement_and_rising_atr,upside_breakout_occurred,24H,6,2,4,REGIME-SPECIFIC
high_vwap_displacement_and_rising_atr,upside_breakout_occurred,2H,6,2,4,REGIME-SPECIFIC
high_vwap_displacement_and_rising_atr,upside_breakout_occurred,4H,6,2,4,REGIME-SPECIFIC
high_vwap_displacement_and_rising_atr,upside_breakout_occurred,8H,6,0,6,UNIVERSAL
keltner_compressed_and_falling_atr_slope,downside_breakdown_occurred,12H,3,3,0,UNIVERSAL
keltner_compressed_and_falling_atr_slope,downside_breakdown_occurred,1H,3,2,1,REGIME-SPECIFIC
keltner_compressed_and_falling_atr_slope,downside_breakdown_occurred,24H,3,3,0,UNIVERSAL
keltner_compressed_and_falling_atr_slope,downside_breakdown_occurred,2H,3,2,1,REGIME-SPECIFIC
keltner_compressed_and_falling_atr_slope,downside_breakdown_occurred,4H,3,2,1,REGIME-SPECIFIC
keltner_compressed_and_falling_atr_slope,downside_breakdown_occurred,8H,3,1,2,REGIME-SPECIFIC
keltner_compressed_and_falling_atr_slope,fast_1atr_touch,1H,3,3,0,UNIVERSAL
keltner_compressed_and_falling_atr_slope,fast_1atr_touch,2H,3,3,0,UNIVERSAL
keltner_compressed_and_falling_atr_slope,fast_1atr_touch,4H,3,1,0,UNIVERSAL
keltner_compressed_and_falling_atr_slope,max_abs_excursion_ge_1_5_atr,12H,3,0,0,REGIME-SPECIFIC
keltner_compressed_and_falling_atr_slope,max_abs_excursion_ge_1_5_atr,1H,3,3,0,UNIVERSAL
keltner_compressed_and_falling_atr_slope,max_abs_excursion_ge_1_5_atr,2H,3,3,0,UNIVERSAL
keltner_compressed_and_falling_atr_slope,max_abs_excursion_ge_1_5_atr,4H,3,3,0,UNIVERSAL
keltner_compressed_and_falling_atr_slope,max_abs_excursion_ge_1_5_atr,8H,3,2,0,UNIVERSAL
keltner_compressed_and_falling_atr_slope,one_sided_runaway,12H,3,0,3,UNIVERSAL
keltner_compressed_and_falling_atr_slope,one_sided_runaway,1H,3,2,1,REGIME-SPECIFIC
keltner_compressed_and_falling_atr_slope,one_sided_runaway,24H,3,0,3,UNIVERSAL
keltner_compressed_and_falling_atr_slope,one_sided_runaway,2H,3,0,3,UNIVERSAL
keltner_compressed_and_falling_atr_slope,one_sided_runaway,4H,3,1,2,REGIME-SPECIFIC
keltner_compressed_and_falling_atr_slope,one_sided_runaway,8H,3,2,1,REGIME-SPECIFIC
keltner_compressed_and_falling_atr_slope,oscillatory_path,12H,3,3,0,UNIVERSAL
keltner_compressed_and_falling_atr_slope,oscillatory_path,1H,3,1,2,REGIME-SPECIFIC
keltner_compressed_and_falling_atr_slope,oscillatory_path,24H,3,3,0,UNIVERSAL
keltner_compressed_and_falling_atr_slope,oscillatory_path,2H,3,2,1,REGIME-SPECIFIC
keltner_compressed_and_falling_atr_slope,oscillatory_path,4H,3,3,0,UNIVERSAL
keltner_compressed_and_falling_atr_slope,oscillatory_path,8H,3,2,1,REGIME-SPECIFIC
keltner_compressed_and_falling_atr_slope,path_inside_70,12H,3,0,3,UNIVERSAL
keltner_compressed_and_falling_atr_slope,path_inside_70,1H,3,0,3,UNIVERSAL
keltner_compressed_and_falling_atr_slope,path_inside_70,24H,3,0,3,UNIVERSAL
keltner_compressed_and_falling_atr_slope,path_inside_70,2H,3,0,3,UNIVERSAL
keltner_compressed_and_falling_atr_slope,path_inside_70,4H,3,0,3,UNIVERSAL
keltner_compressed_and_falling_atr_slope,path_inside_70,8H,3,0,3,UNIVERSAL
keltner_compressed_and_falling_atr_slope,range_breached,12H,3,3,0,UNIVERSAL
keltner_compressed_and_falling_atr_slope,range_breached,1H,3,3,0,UNIVERSAL
keltner_compressed_and_falling_atr_slope,range_breached,24H,3,3,0,UNIVERSAL
keltner_compressed_and_falling_atr_slope,range_breached,2H,3,3,0,UNIVERSAL
keltner_compressed_and_falling_atr_slope,range_breached,4H,3,3,0,UNIVERSAL
keltner_compressed_and_falling_atr_slope,range_breached,8H,3,3,0,UNIVERSAL
keltner_compressed_and_falling_atr_slope,range_held,12H,3,0,3,UNIVERSAL
keltner_compressed_and_falling_atr_slope,range_held,1H,3,0,3,UNIVERSAL
keltner_compressed_and_falling_atr_slope,range_held,24H,3,0,3,UNIVERSAL
keltner_compressed_and_falling_atr_slope,range_held,2H,3,0,3,UNIVERSAL
keltner_compressed_and_falling_atr_slope,range_held,4H,3,0,3,UNIVERSAL
keltner_compressed_and_falling_atr_slope,range_held,8H,3,0,3,UNIVERSAL
keltner_compressed_and_falling_atr_slope,realized_over_range_width_ge_1,12H,3,3,0,UNIVERSAL
keltner_compressed_and_falling_atr_slope,realized_over_range_width_ge_1,1H,3,3,0,UNIVERSAL
keltner_compressed_and_falling_atr_slope,realized_over_range_width_ge_1,24H,3,3,0,UNIVERSAL
keltner_compressed_and_falling_atr_slope,realized_over_range_width_ge_1,2H,3,3,0,UNIVERSAL
keltner_compressed_and_falling_atr_slope,realized_over_range_width_ge_1,4H,3,3,0,UNIVERSAL
keltner_compressed_and_falling_atr_slope,realized_over_range_width_ge_1,8H,3,3,0,UNIVERSAL
keltner_compressed_and_falling_atr_slope,trend_efficiency_high,12H,3,0,3,UNIVERSAL
keltner_compressed_and_falling_atr_slope,trend_efficiency_high,1H,3,1,2,REGIME-SPECIFIC
keltner_compressed_and_falling_atr_slope,trend_efficiency_high,24H,3,0,3,UNIVERSAL
keltner_compressed_and_falling_atr_slope,trend_efficiency_high,2H,3,0,3,UNIVERSAL
keltner_compressed_and_falling_atr_slope,trend_efficiency_high,4H,3,1,2,REGIME-SPECIFIC
keltner_compressed_and_falling_atr_slope,trend_efficiency_high,8H,3,2,1,REGIME-SPECIFIC
keltner_compressed_and_falling_atr_slope,upside_breakout_occurred,12H,3,3,0,UNIVERSAL
keltner_compressed_and_falling_atr_slope,upside_breakout_occurred,1H,3,3,0,UNIVERSAL
keltner_compressed_and_falling_atr_slope,upside_breakout_occurred,24H,3,3,0,UNIVERSAL
keltner_compressed_and_falling_atr_slope,upside_breakout_occurred,2H,3,3,0,UNIVERSAL
keltner_compressed_and_falling_atr_slope,upside_breakout_occurred,4H,3,3,0,UNIVERSAL
keltner_compressed_and_falling_atr_slope,upside_breakout_occurred,8H,3,3,0,UNIVERSAL
keltner_compressed_and_rising_atr_slope,downside_breakdown_occurred,12H,3,1,2,REGIME-SPECIFIC
keltner_compressed_and_rising_atr_slope,downside_breakdown_occurred,1H,3,1,2,REGIME-SPECIFIC
keltner_compressed_and_rising_atr_slope,downside_breakdown_occurred,24H,3,2,1,REGIME-SPECIFIC
keltner_compressed_and_rising_atr_slope,downside_breakdown_occurred,2H,3,2,1,REGIME-SPECIFIC
keltner_compressed_and_rising_atr_slope,downside_breakdown_occurred,4H,3,1,2,REGIME-SPECIFIC
keltner_compressed_and_rising_atr_slope,downside_breakdown_occurred,8H,3,1,2,REGIME-SPECIFIC
keltner_compressed_and_rising_atr_slope,fast_1atr_touch,1H,3,3,0,UNIVERSAL
keltner_compressed_and_rising_atr_slope,fast_1atr_touch,2H,3,3,0,UNIVERSAL
keltner_compressed_and_rising_atr_slope,fast_1atr_touch,4H,3,1,0,UNIVERSAL
keltner_compressed_and_rising_atr_slope,max_abs_excursion_ge_1_5_atr,12H,3,0,0,REGIME-SPECIFIC
keltner_compressed_and_rising_atr_slope,max_abs_excursion_ge_1_5_atr,1H,3,1,2,REGIME-SPECIFIC
keltner_compressed_and_rising_atr_slope,max_abs_excursion_ge_1_5_atr,2H,3,3,0,UNIVERSAL
keltner_compressed_and_rising_atr_slope,max_abs_excursion_ge_1_5_atr,4H,3,3,0,UNIVERSAL
keltner_compressed_and_rising_atr_slope,max_abs_excursion_ge_1_5_atr,8H,3,2,0,UNIVERSAL
keltner_compressed_and_rising_atr_slope,one_sided_runaway,12H,3,2,1,REGIME-SPECIFIC
keltner_compressed_and_rising_atr_slope,one_sided_runaway,1H,3,1,2,REGIME-SPECIFIC
keltner_compressed_and_rising_atr_slope,one_sided_runaway,24H,3,2,1,REGIME-SPECIFIC
keltner_compressed_and_rising_atr_slope,one_sided_runaway,2H,3,3,0,UNIVERSAL
keltner_compressed_and_rising_atr_slope,one_sided_runaway,4H,3,2,1,REGIME-SPECIFIC
keltner_compressed_and_rising_atr_slope,one_sided_runaway,8H,3,2,1,REGIME-SPECIFIC
keltner_compressed_and_rising_atr_slope,oscillatory_path,12H,3,2,1,REGIME-SPECIFIC
keltner_compressed_and_rising_atr_slope,oscillatory_path,1H,3,3,0,UNIVERSAL
keltner_compressed_and_rising_atr_slope,oscillatory_path,24H,3,2,1,REGIME-SPECIFIC
keltner_compressed_and_rising_atr_slope,oscillatory_path,2H,3,1,2,REGIME-SPECIFIC
keltner_compressed_and_rising_atr_slope,oscillatory_path,4H,3,2,1,REGIME-SPECIFIC
keltner_compressed_and_rising_atr_slope,oscillatory_path,8H,3,2,1,REGIME-SPECIFIC
keltner_compressed_and_rising_atr_slope,path_inside_70,12H,3,0,3,UNIVERSAL
keltner_compressed_and_rising_atr_slope,path_inside_70,1H,3,0,3,UNIVERSAL
keltner_compressed_and_rising_atr_slope,path_inside_70,24H,3,0,3,UNIVERSAL
keltner_compressed_and_rising_atr_slope,path_inside_70,2H,3,1,2,REGIME-SPECIFIC
keltner_compressed_and_rising_atr_slope,path_inside_70,4H,3,0,3,UNIVERSAL
keltner_compressed_and_rising_atr_slope,path_inside_70,8H,3,1,2,REGIME-SPECIFIC
keltner_compressed_and_rising_atr_slope,range_breached,12H,3,3,0,UNIVERSAL
keltner_compressed_and_rising_atr_slope,range_breached,1H,3,3,0,UNIVERSAL
keltner_compressed_and_rising_atr_slope,range_breached,24H,3,3,0,UNIVERSAL
keltner_compressed_and_rising_atr_slope,range_breached,2H,3,2,1,REGIME-SPECIFIC
keltner_compressed_and_rising_atr_slope,range_breached,4H,3,3,0,UNIVERSAL
keltner_compressed_and_rising_atr_slope,range_breached,8H,3,2,1,REGIME-SPECIFIC
keltner_compressed_and_rising_atr_slope,range_held,12H,3,0,3,UNIVERSAL
keltner_compressed_and_rising_atr_slope,range_held,1H,3,0,3,UNIVERSAL
keltner_compressed_and_rising_atr_slope,range_held,24H,3,0,3,UNIVERSAL
keltner_compressed_and_rising_atr_slope,range_held,2H,3,1,2,REGIME-SPECIFIC
keltner_compressed_and_rising_atr_slope,range_held,4H,3,0,3,UNIVERSAL
keltner_compressed_and_rising_atr_slope,range_held,8H,3,1,2,REGIME-SPECIFIC
keltner_compressed_and_rising_atr_slope,realized_over_range_width_ge_1,12H,3,3,0,UNIVERSAL
keltner_compressed_and_rising_atr_slope,realized_over_range_width_ge_1,1H,3,3,0,UNIVERSAL
keltner_compressed_and_rising_atr_slope,realized_over_range_width_ge_1,24H,3,3,0,UNIVERSAL
keltner_compressed_and_rising_atr_slope,realized_over_range_width_ge_1,2H,3,2,1,REGIME-SPECIFIC
keltner_compressed_and_rising_atr_slope,realized_over_range_width_ge_1,4H,3,3,0,UNIVERSAL
keltner_compressed_and_rising_atr_slope,realized_over_range_width_ge_1,8H,3,3,0,UNIVERSAL
keltner_compressed_and_rising_atr_slope,trend_efficiency_high,12H,3,2,1,REGIME-SPECIFIC
keltner_compressed_and_rising_atr_slope,trend_efficiency_high,1H,3,1,2,REGIME-SPECIFIC
keltner_compressed_and_rising_atr_slope,trend_efficiency_high,24H,3,2,1,REGIME-SPECIFIC
keltner_compressed_and_rising_atr_slope,trend_efficiency_high,2H,3,3,0,UNIVERSAL
keltner_compressed_and_rising_atr_slope,trend_efficiency_high,4H,3,2,1,REGIME-SPECIFIC
keltner_compressed_and_rising_atr_slope,trend_efficiency_high,8H,3,2,1,REGIME-SPECIFIC
keltner_compressed_and_rising_atr_slope,upside_breakout_occurred,12H,3,2,1,REGIME-SPECIFIC
keltner_compressed_and_rising_atr_slope,upside_breakout_occurred,1H,3,2,1,REGIME-SPECIFIC
keltner_compressed_and_rising_atr_slope,upside_breakout_occurred,24H,3,3,0,UNIVERSAL
keltner_compressed_and_rising_atr_slope,upside_breakout_occurred,2H,3,2,1,REGIME-SPECIFIC
keltner_compressed_and_rising_atr_slope,upside_breakout_occurred,4H,3,2,1,REGIME-SPECIFIC
keltner_compressed_and_rising_atr_slope,upside_breakout_occurred,8H,3,2,1,REGIME-SPECIFIC
low_adx_and_falling_atr,downside_breakdown_occurred,12H,4,2,2,REGIME-SPECIFIC
low_adx_and_falling_atr,downside_breakdown_occurred,1H,4,4,0,UNIVERSAL
low_adx_and_falling_atr,downside_breakdown_occurred,24H,4,3,1,REGIME-SPECIFIC
low_adx_and_falling_atr,downside_breakdown_occurred,2H,4,4,0,UNIVERSAL
low_adx_and_falling_atr,downside_breakdown_occurred,4H,4,1,3,REGIME-SPECIFIC
low_adx_and_falling_atr,downside_breakdown_occurred,8H,4,2,2,REGIME-SPECIFIC
low_adx_and_falling_atr,fast_1atr_touch,1H,4,4,0,UNIVERSAL
low_adx_and_falling_atr,fast_1atr_touch,2H,4,3,0,UNIVERSAL
low_adx_and_falling_atr,fast_1atr_touch,4H,4,1,0,UNIVERSAL
low_adx_and_falling_atr,max_abs_excursion_ge_1_5_atr,12H,4,0,0,REGIME-SPECIFIC
low_adx_and_falling_atr,max_abs_excursion_ge_1_5_atr,1H,4,3,1,REGIME-SPECIFIC
low_adx_and_falling_atr,max_abs_excursion_ge_1_5_atr,2H,4,3,1,REGIME-SPECIFIC
low_adx_and_falling_atr,max_abs_excursion_ge_1_5_atr,4H,4,3,0,UNIVERSAL
low_adx_and_falling_atr,max_abs_excursion_ge_1_5_atr,8H,4,2,0,UNIVERSAL
low_adx_and_falling_atr,one_sided_runaway,12H,4,3,1,REGIME-SPECIFIC
low_adx_and_falling_atr,one_sided_runaway,1H,4,1,3,REGIME-SPECIFIC
low_adx_and_falling_atr,one_sided_runaway,24H,4,2,2,REGIME-SPECIFIC
low_adx_and_falling_atr,one_sided_runaway,2H,4,2,2,REGIME-SPECIFIC
low_adx_and_falling_atr,one_sided_runaway,4H,4,2,2,REGIME-SPECIFIC
low_adx_and_falling_atr,one_sided_runaway,8H,4,2,2,REGIME-SPECIFIC
low_adx_and_falling_atr,oscillatory_path,12H,4,1,3,REGIME-SPECIFIC
low_adx_and_falling_atr,oscillatory_path,1H,4,3,1,REGIME-SPECIFIC
low_adx_and_falling_atr,oscillatory_path,24H,4,2,2,REGIME-SPECIFIC
low_adx_and_falling_atr,oscillatory_path,2H,4,3,1,REGIME-SPECIFIC
low_adx_and_falling_atr,oscillatory_path,4H,4,2,2,REGIME-SPECIFIC
low_adx_and_falling_atr,oscillatory_path,8H,4,1,3,REGIME-SPECIFIC
low_adx_and_falling_atr,path_inside_70,12H,4,0,4,UNIVERSAL
low_adx_and_falling_atr,path_inside_70,1H,4,0,4,UNIVERSAL
low_adx_and_falling_atr,path_inside_70,24H,4,0,4,UNIVERSAL
low_adx_and_falling_atr,path_inside_70,2H,4,1,3,REGIME-SPECIFIC
low_adx_and_falling_atr,path_inside_70,4H,4,1,3,REGIME-SPECIFIC
low_adx_and_falling_atr,path_inside_70,8H,4,0,4,UNIVERSAL
low_adx_and_falling_atr,range_breached,12H,4,4,0,UNIVERSAL
low_adx_and_falling_atr,range_breached,1H,4,4,0,UNIVERSAL
low_adx_and_falling_atr,range_breached,24H,4,4,0,UNIVERSAL
low_adx_and_falling_atr,range_breached,2H,4,3,1,REGIME-SPECIFIC
low_adx_and_falling_atr,range_breached,4H,4,3,1,REGIME-SPECIFIC
low_adx_and_falling_atr,range_breached,8H,4,4,0,UNIVERSAL
low_adx_and_falling_atr,range_held,12H,4,0,4,UNIVERSAL
low_adx_and_falling_atr,range_held,1H,4,0,4,UNIVERSAL
low_adx_and_falling_atr,range_held,24H,4,0,4,UNIVERSAL
low_adx_and_falling_atr,range_held,2H,4,1,3,REGIME-SPECIFIC
low_adx_and_falling_atr,range_held,4H,4,1,3,REGIME-SPECIFIC
low_adx_and_falling_atr,range_held,8H,4,0,4,UNIVERSAL
low_adx_and_falling_atr,realized_over_range_width_ge_1,12H,4,4,0,UNIVERSAL
low_adx_and_falling_atr,realized_over_range_width_ge_1,1H,4,4,0,UNIVERSAL
low_adx_and_falling_atr,realized_over_range_width_ge_1,24H,4,4,0,UNIVERSAL
low_adx_and_falling_atr,realized_over_range_width_ge_1,2H,4,3,1,REGIME-SPECIFIC
low_adx_and_falling_atr,realized_over_range_width_ge_1,4H,4,3,1,REGIME-SPECIFIC
low_adx_and_falling_atr,realized_over_range_width_ge_1,8H,4,4,0,UNIVERSAL
low_adx_and_falling_atr,trend_efficiency_high,12H,4,3,1,REGIME-SPECIFIC
low_adx_and_falling_atr,trend_efficiency_high,1H,4,1,3,REGIME-SPECIFIC
low_adx_and_falling_atr,trend_efficiency_high,24H,4,2,2,REGIME-SPECIFIC
low_adx_and_falling_atr,trend_efficiency_high,2H,4,2,2,REGIME-SPECIFIC
low_adx_and_falling_atr,trend_efficiency_high,4H,4,2,2,REGIME-SPECIFIC
low_adx_and_falling_atr,trend_efficiency_high,8H,4,2,2,REGIME-SPECIFIC
low_adx_and_falling_atr,upside_breakout_occurred,12H,4,4,0,UNIVERSAL
low_adx_and_falling_atr,upside_breakout_occurred,1H,4,3,1,REGIME-SPECIFIC
low_adx_and_falling_atr,upside_breakout_occurred,24H,4,4,0,UNIVERSAL
low_adx_and_falling_atr,upside_breakout_occurred,2H,4,3,1,REGIME-SPECIFIC
low_adx_and_falling_atr,upside_breakout_occurred,4H,4,3,1,REGIME-SPECIFIC
low_adx_and_falling_atr,upside_breakout_occurred,8H,4,2,2,REGIME-SPECIFIC
low_atr_and_donchian_edge,downside_breakdown_occurred,12H,3,3,0,UNIVERSAL
low_atr_and_donchian_edge,downside_breakdown_occurred,1H,3,3,0,UNIVERSAL
low_atr_and_donchian_edge,downside_breakdown_occurred,24H,3,3,0,UNIVERSAL
low_atr_and_donchian_edge,downside_breakdown_occurred,2H,3,2,1,REGIME-SPECIFIC
low_atr_and_donchian_edge,downside_breakdown_occurred,4H,3,2,1,REGIME-SPECIFIC
low_atr_and_donchian_edge,downside_breakdown_occurred,8H,3,2,1,REGIME-SPECIFIC
low_atr_and_donchian_edge,fast_1atr_touch,1H,3,3,0,UNIVERSAL
low_atr_and_donchian_edge,fast_1atr_touch,2H,3,3,0,UNIVERSAL
low_atr_and_donchian_edge,fast_1atr_touch,4H,3,1,0,UNIVERSAL
low_atr_and_donchian_edge,max_abs_excursion_ge_1_5_atr,12H,3,0,0,REGIME-SPECIFIC
low_atr_and_donchian_edge,max_abs_excursion_ge_1_5_atr,1H,3,3,0,UNIVERSAL
low_atr_and_donchian_edge,max_abs_excursion_ge_1_5_atr,2H,3,3,0,UNIVERSAL
low_atr_and_donchian_edge,max_abs_excursion_ge_1_5_atr,4H,3,3,0,UNIVERSAL
low_atr_and_donchian_edge,max_abs_excursion_ge_1_5_atr,8H,3,2,0,UNIVERSAL
low_atr_and_donchian_edge,one_sided_runaway,12H,3,2,1,REGIME-SPECIFIC
low_atr_and_donchian_edge,one_sided_runaway,1H,3,3,0,UNIVERSAL
low_atr_and_donchian_edge,one_sided_runaway,24H,3,1,2,REGIME-SPECIFIC
low_atr_and_donchian_edge,one_sided_runaway,2H,3,2,1,REGIME-SPECIFIC
low_atr_and_donchian_edge,one_sided_runaway,4H,3,2,1,REGIME-SPECIFIC
low_atr_and_donchian_edge,one_sided_runaway,8H,3,0,3,UNIVERSAL
low_atr_and_donchian_edge,oscillatory_path,12H,3,3,0,UNIVERSAL
low_atr_and_donchian_edge,oscillatory_path,1H,3,3,0,UNIVERSAL
low_atr_and_donchian_edge,oscillatory_path,24H,3,3,0,UNIVERSAL
low_atr_and_donchian_edge,oscillatory_path,2H,3,1,2,REGIME-SPECIFIC
low_atr_and_donchian_edge,oscillatory_path,4H,3,2,1,REGIME-SPECIFIC
low_atr_and_donchian_edge,oscillatory_path,8H,3,2,1,REGIME-SPECIFIC
low_atr_and_donchian_edge,path_inside_70,12H,3,0,3,UNIVERSAL
low_atr_and_donchian_edge,path_inside_70,1H,3,0,3,UNIVERSAL
low_atr_and_donchian_edge,path_inside_70,24H,3,0,3,UNIVERSAL
low_atr_and_donchian_edge,path_inside_70,2H,3,1,2,REGIME-SPECIFIC
low_atr_and_donchian_edge,path_inside_70,4H,3,0,3,UNIVERSAL
low_atr_and_donchian_edge,path_inside_70,8H,3,0,3,UNIVERSAL
low_atr_and_donchian_edge,range_breached,12H,3,3,0,UNIVERSAL
low_atr_and_donchian_edge,range_breached,1H,3,3,0,UNIVERSAL
low_atr_and_donchian_edge,range_breached,24H,3,3,0,UNIVERSAL
low_atr_and_donchian_edge,range_breached,2H,3,2,1,REGIME-SPECIFIC
low_atr_and_donchian_edge,range_breached,4H,3,3,0,UNIVERSAL
low_atr_and_donchian_edge,range_breached,8H,3,3,0,UNIVERSAL
low_atr_and_donchian_edge,range_held,12H,3,0,3,UNIVERSAL
low_atr_and_donchian_edge,range_held,1H,3,0,3,UNIVERSAL
low_atr_and_donchian_edge,range_held,24H,3,0,3,UNIVERSAL
low_atr_and_donchian_edge,range_held,2H,3,1,2,REGIME-SPECIFIC
low_atr_and_donchian_edge,range_held,4H,3,0,3,UNIVERSAL
low_atr_and_donchian_edge,range_held,8H,3,0,3,UNIVERSAL
low_atr_and_donchian_edge,realized_over_range_width_ge_1,12H,3,3,0,UNIVERSAL
low_atr_and_donchian_edge,realized_over_range_width_ge_1,1H,3,3,0,UNIVERSAL
low_atr_and_donchian_edge,realized_over_range_width_ge_1,24H,3,3,0,UNIVERSAL
low_atr_and_donchian_edge,realized_over_range_width_ge_1,2H,3,3,0,UNIVERSAL
low_atr_and_donchian_edge,realized_over_range_width_ge_1,4H,3,3,0,UNIVERSAL
low_atr_and_donchian_edge,realized_over_range_width_ge_1,8H,3,3,0,UNIVERSAL
low_atr_and_donchian_edge,trend_efficiency_high,12H,3,2,1,REGIME-SPECIFIC
low_atr_and_donchian_edge,trend_efficiency_high,1H,3,2,1,REGIME-SPECIFIC
low_atr_and_donchian_edge,trend_efficiency_high,24H,3,1,2,REGIME-SPECIFIC
low_atr_and_donchian_edge,trend_efficiency_high,2H,3,2,1,REGIME-SPECIFIC
low_atr_and_donchian_edge,trend_efficiency_high,4H,3,2,1,REGIME-SPECIFIC
low_atr_and_donchian_edge,trend_efficiency_high,8H,3,0,3,UNIVERSAL
low_atr_and_donchian_edge,upside_breakout_occurred,12H,3,2,1,REGIME-SPECIFIC
low_atr_and_donchian_edge,upside_breakout_occurred,1H,3,3,0,UNIVERSAL
low_atr_and_donchian_edge,upside_breakout_occurred,24H,3,2,1,REGIME-SPECIFIC
low_atr_and_donchian_edge,upside_breakout_occurred,2H,3,1,2,REGIME-SPECIFIC
low_atr_and_donchian_edge,upside_breakout_occurred,4H,3,1,2,REGIME-SPECIFIC
low_atr_and_donchian_edge,upside_breakout_occurred,8H,3,1,2,REGIME-SPECIFIC
low_atr_and_high_efficiency,downside_breakdown_occurred,12H,2,1,1,REGIME-SPECIFIC
low_atr_and_high_efficiency,downside_breakdown_occurred,1H,2,1,1,REGIME-SPECIFIC
low_atr_and_high_efficiency,downside_breakdown_occurred,24H,2,1,1,REGIME-SPECIFIC
low_atr_and_high_efficiency,downside_breakdown_occurred,2H,2,1,1,REGIME-SPECIFIC
low_atr_and_high_efficiency,downside_breakdown_occurred,4H,2,2,0,REGIME-SPECIFIC
low_atr_and_high_efficiency,downside_breakdown_occurred,8H,2,1,1,REGIME-SPECIFIC
low_atr_and_high_efficiency,fast_1atr_touch,1H,2,2,0,REGIME-SPECIFIC
low_atr_and_high_efficiency,fast_1atr_touch,2H,2,2,0,REGIME-SPECIFIC
low_atr_and_high_efficiency,fast_1atr_touch,4H,2,0,0,REGIME-SPECIFIC
low_atr_and_high_efficiency,max_abs_excursion_ge_1_5_atr,12H,2,0,0,REGIME-SPECIFIC
low_atr_and_high_efficiency,max_abs_excursion_ge_1_5_atr,1H,2,2,0,REGIME-SPECIFIC
low_atr_and_high_efficiency,max_abs_excursion_ge_1_5_atr,2H,2,2,0,REGIME-SPECIFIC
low_atr_and_high_efficiency,max_abs_excursion_ge_1_5_atr,4H,2,2,0,REGIME-SPECIFIC
low_atr_and_high_efficiency,max_abs_excursion_ge_1_5_atr,8H,2,2,0,REGIME-SPECIFIC
low_atr_and_high_efficiency,one_sided_runaway,12H,2,1,1,REGIME-SPECIFIC
low_atr_and_high_efficiency,one_sided_runaway,1H,2,1,1,REGIME-SPECIFIC
low_atr_and_high_efficiency,one_sided_runaway,24H,2,1,1,REGIME-SPECIFIC
low_atr_and_high_efficiency,one_sided_runaway,2H,2,1,1,REGIME-SPECIFIC
low_atr_and_high_efficiency,one_sided_runaway,4H,2,1,1,REGIME-SPECIFIC
low_atr_and_high_efficiency,one_sided_runaway,8H,2,2,0,REGIME-SPECIFIC
low_atr_and_high_efficiency,oscillatory_path,12H,2,1,1,REGIME-SPECIFIC
low_atr_and_high_efficiency,oscillatory_path,1H,2,2,0,REGIME-SPECIFIC
low_atr_and_high_efficiency,oscillatory_path,24H,2,2,0,REGIME-SPECIFIC
low_atr_and_high_efficiency,oscillatory_path,2H,2,0,2,REGIME-SPECIFIC
low_atr_and_high_efficiency,oscillatory_path,4H,2,0,2,REGIME-SPECIFIC
low_atr_and_high_efficiency,oscillatory_path,8H,2,1,1,REGIME-SPECIFIC
low_atr_and_high_efficiency,path_inside_70,12H,2,0,2,REGIME-SPECIFIC
low_atr_and_high_efficiency,path_inside_70,1H,2,0,2,REGIME-SPECIFIC
low_atr_and_high_efficiency,path_inside_70,24H,2,0,2,REGIME-SPECIFIC
low_atr_and_high_efficiency,path_inside_70,2H,2,0,2,REGIME-SPECIFIC
low_atr_and_high_efficiency,path_inside_70,4H,2,0,2,REGIME-SPECIFIC
low_atr_and_high_efficiency,path_inside_70,8H,2,0,2,REGIME-SPECIFIC
low_atr_and_high_efficiency,range_breached,12H,2,2,0,REGIME-SPECIFIC
low_atr_and_high_efficiency,range_breached,1H,2,2,0,REGIME-SPECIFIC
low_atr_and_high_efficiency,range_breached,24H,2,2,0,REGIME-SPECIFIC
low_atr_and_high_efficiency,range_breached,2H,2,2,0,REGIME-SPECIFIC
low_atr_and_high_efficiency,range_breached,4H,2,2,0,REGIME-SPECIFIC
low_atr_and_high_efficiency,range_breached,8H,2,2,0,REGIME-SPECIFIC
low_atr_and_high_efficiency,range_held,12H,2,0,2,REGIME-SPECIFIC
low_atr_and_high_efficiency,range_held,1H,2,0,2,REGIME-SPECIFIC
low_atr_and_high_efficiency,range_held,24H,2,0,2,REGIME-SPECIFIC
low_atr_and_high_efficiency,range_held,2H,2,0,2,REGIME-SPECIFIC
low_atr_and_high_efficiency,range_held,4H,2,0,2,REGIME-SPECIFIC
low_atr_and_high_efficiency,range_held,8H,2,0,2,REGIME-SPECIFIC
low_atr_and_high_efficiency,realized_over_range_width_ge_1,12H,2,2,0,REGIME-SPECIFIC
low_atr_and_high_efficiency,realized_over_range_width_ge_1,1H,2,2,0,REGIME-SPECIFIC
low_atr_and_high_efficiency,realized_over_range_width_ge_1,24H,2,2,0,REGIME-SPECIFIC
low_atr_and_high_efficiency,realized_over_range_width_ge_1,2H,2,2,0,REGIME-SPECIFIC
low_atr_and_high_efficiency,realized_over_range_width_ge_1,4H,2,2,0,REGIME-SPECIFIC
low_atr_and_high_efficiency,realized_over_range_width_ge_1,8H,2,2,0,REGIME-SPECIFIC
low_atr_and_high_efficiency,trend_efficiency_high,12H,2,1,1,REGIME-SPECIFIC
low_atr_and_high_efficiency,trend_efficiency_high,1H,2,1,1,REGIME-SPECIFIC
low_atr_and_high_efficiency,trend_efficiency_high,24H,2,1,1,REGIME-SPECIFIC
low_atr_and_high_efficiency,trend_efficiency_high,2H,2,1,1,REGIME-SPECIFIC
low_atr_and_high_efficiency,trend_efficiency_high,4H,2,1,1,REGIME-SPECIFIC
low_atr_and_high_efficiency,trend_efficiency_high,8H,2,2,0,REGIME-SPECIFIC
low_atr_and_high_efficiency,upside_breakout_occurred,12H,2,2,0,REGIME-SPECIFIC
low_atr_and_high_efficiency,upside_breakout_occurred,1H,2,2,0,REGIME-SPECIFIC
low_atr_and_high_efficiency,upside_breakout_occurred,24H,2,2,0,REGIME-SPECIFIC
low_atr_and_high_efficiency,upside_breakout_occurred,2H,2,1,1,REGIME-SPECIFIC
low_atr_and_high_efficiency,upside_breakout_occurred,4H,2,1,1,REGIME-SPECIFIC
low_atr_and_high_efficiency,upside_breakout_occurred,8H,2,2,0,REGIME-SPECIFIC
low_atr_and_low_efficiency,downside_breakdown_occurred,12H,3,1,2,REGIME-SPECIFIC
low_atr_and_low_efficiency,downside_breakdown_occurred,1H,3,1,2,REGIME-SPECIFIC
low_atr_and_low_efficiency,downside_breakdown_occurred,24H,3,2,1,REGIME-SPECIFIC
low_atr_and_low_efficiency,downside_breakdown_occurred,2H,3,1,2,REGIME-SPECIFIC
low_atr_and_low_efficiency,downside_breakdown_occurred,4H,3,1,2,REGIME-SPECIFIC
low_atr_and_low_efficiency,downside_breakdown_occurred,8H,3,1,2,REGIME-SPECIFIC
low_atr_and_low_efficiency,fast_1atr_touch,1H,3,2,1,REGIME-SPECIFIC
low_atr_and_low_efficiency,fast_1atr_touch,2H,3,3,0,UNIVERSAL
low_atr_and_low_efficiency,fast_1atr_touch,4H,3,1,0,UNIVERSAL
low_atr_and_low_efficiency,max_abs_excursion_ge_1_5_atr,12H,3,0,0,REGIME-SPECIFIC
low_atr_and_low_efficiency,max_abs_excursion_ge_1_5_atr,1H,3,1,2,REGIME-SPECIFIC
low_atr_and_low_efficiency,max_abs_excursion_ge_1_5_atr,2H,3,2,1,REGIME-SPECIFIC
low_atr_and_low_efficiency,max_abs_excursion_ge_1_5_atr,4H,3,3,0,UNIVERSAL
low_atr_and_low_efficiency,max_abs_excursion_ge_1_5_atr,8H,3,2,0,UNIVERSAL
low_atr_and_low_efficiency,one_sided_runaway,12H,3,3,0,UNIVERSAL
low_atr_and_low_efficiency,one_sided_runaway,1H,3,1,2,REGIME-SPECIFIC
low_atr_and_low_efficiency,one_sided_runaway,24H,3,2,1,REGIME-SPECIFIC
low_atr_and_low_efficiency,one_sided_runaway,2H,3,2,1,REGIME-SPECIFIC
low_atr_and_low_efficiency,one_sided_runaway,4H,3,1,2,REGIME-SPECIFIC
low_atr_and_low_efficiency,one_sided_runaway,8H,3,2,1,REGIME-SPECIFIC
low_atr_and_low_efficiency,oscillatory_path,12H,3,3,0,UNIVERSAL
low_atr_and_low_efficiency,oscillatory_path,1H,3,3,0,UNIVERSAL
low_atr_and_low_efficiency,oscillatory_path,24H,3,3,0,UNIVERSAL
low_atr_and_low_efficiency,oscillatory_path,2H,3,2,1,REGIME-SPECIFIC
low_atr_and_low_efficiency,oscillatory_path,4H,3,2,1,REGIME-SPECIFIC
low_atr_and_low_efficiency,oscillatory_path,8H,3,0,3,UNIVERSAL
low_atr_and_low_efficiency,path_inside_70,12H,3,0,3,UNIVERSAL
low_atr_and_low_efficiency,path_inside_70,1H,3,0,3,UNIVERSAL
low_atr_and_low_efficiency,path_inside_70,24H,3,0,3,UNIVERSAL
low_atr_and_low_efficiency,path_inside_70,2H,3,0,3,UNIVERSAL
low_atr_and_low_efficiency,path_inside_70,4H,3,0,3,UNIVERSAL
low_atr_and_low_efficiency,path_inside_70,8H,3,1,2,REGIME-SPECIFIC
low_atr_and_low_efficiency,range_breached,12H,3,3,0,UNIVERSAL
low_atr_and_low_efficiency,range_breached,1H,3,3,0,UNIVERSAL
low_atr_and_low_efficiency,range_breached,24H,3,3,0,UNIVERSAL
low_atr_and_low_efficiency,range_breached,2H,3,3,0,UNIVERSAL
low_atr_and_low_efficiency,range_breached,4H,3,3,0,UNIVERSAL
low_atr_and_low_efficiency,range_breached,8H,3,2,1,REGIME-SPECIFIC
low_atr_and_low_efficiency,range_held,12H,3,0,3,UNIVERSAL
low_atr_and_low_efficiency,range_held,1H,3,0,3,UNIVERSAL
low_atr_and_low_efficiency,range_held,24H,3,0,3,UNIVERSAL
low_atr_and_low_efficiency,range_held,2H,3,0,3,UNIVERSAL
low_atr_and_low_efficiency,range_held,4H,3,0,3,UNIVERSAL
low_atr_and_low_efficiency,range_held,8H,3,1,2,REGIME-SPECIFIC
low_atr_and_low_efficiency,realized_over_range_width_ge_1,12H,3,3,0,UNIVERSAL
low_atr_and_low_efficiency,realized_over_range_width_ge_1,1H,3,3,0,UNIVERSAL
low_atr_and_low_efficiency,realized_over_range_width_ge_1,24H,3,3,0,UNIVERSAL
low_atr_and_low_efficiency,realized_over_range_width_ge_1,2H,3,3,0,UNIVERSAL
low_atr_and_low_efficiency,realized_over_range_width_ge_1,4H,3,3,0,UNIVERSAL
low_atr_and_low_efficiency,realized_over_range_width_ge_1,8H,3,3,0,UNIVERSAL
low_atr_and_low_efficiency,trend_efficiency_high,12H,3,3,0,UNIVERSAL
low_atr_and_low_efficiency,trend_efficiency_high,1H,3,1,2,REGIME-SPECIFIC
low_atr_and_low_efficiency,trend_efficiency_high,24H,3,2,1,REGIME-SPECIFIC
low_atr_and_low_efficiency,trend_efficiency_high,2H,3,2,1,REGIME-SPECIFIC
low_atr_and_low_efficiency,trend_efficiency_high,4H,3,1,2,REGIME-SPECIFIC
low_atr_and_low_efficiency,trend_efficiency_high,8H,3,2,1,REGIME-SPECIFIC
low_atr_and_low_efficiency,upside_breakout_occurred,12H,3,3,0,UNIVERSAL
low_atr_and_low_efficiency,upside_breakout_occurred,1H,3,3,0,UNIVERSAL
low_atr_and_low_efficiency,upside_breakout_occurred,24H,3,3,0,UNIVERSAL
low_atr_and_low_efficiency,upside_breakout_occurred,2H,3,3,0,UNIVERSAL
low_atr_and_low_efficiency,upside_breakout_occurred,4H,3,3,0,UNIVERSAL
low_atr_and_low_efficiency,upside_breakout_occurred,8H,3,3,0,UNIVERSAL
low_atr_and_mid_donchian,downside_breakdown_occurred,12H,3,1,2,REGIME-SPECIFIC
low_atr_and_mid_donchian,downside_breakdown_occurred,1H,3,1,2,REGIME-SPECIFIC
low_atr_and_mid_donchian,downside_breakdown_occurred,24H,3,3,0,UNIVERSAL
low_atr_and_mid_donchian,downside_breakdown_occurred,2H,3,1,2,REGIME-SPECIFIC
low_atr_and_mid_donchian,downside_breakdown_occurred,4H,3,1,2,REGIME-SPECIFIC
low_atr_and_mid_donchian,downside_breakdown_occurred,8H,3,0,3,UNIVERSAL
low_atr_and_mid_donchian,fast_1atr_touch,1H,3,3,0,UNIVERSAL
low_atr_and_mid_donchian,fast_1atr_touch,2H,3,3,0,UNIVERSAL
low_atr_and_mid_donchian,fast_1atr_touch,4H,3,1,0,UNIVERSAL
low_atr_and_mid_donchian,max_abs_excursion_ge_1_5_atr,12H,3,0,0,REGIME-SPECIFIC
low_atr_and_mid_donchian,max_abs_excursion_ge_1_5_atr,1H,3,2,1,REGIME-SPECIFIC
low_atr_and_mid_donchian,max_abs_excursion_ge_1_5_atr,2H,3,3,0,UNIVERSAL
low_atr_and_mid_donchian,max_abs_excursion_ge_1_5_atr,4H,3,3,0,UNIVERSAL
low_atr_and_mid_donchian,max_abs_excursion_ge_1_5_atr,8H,3,2,0,UNIVERSAL
low_atr_and_mid_donchian,one_sided_runaway,12H,3,2,1,REGIME-SPECIFIC
low_atr_and_mid_donchian,one_sided_runaway,1H,3,0,3,UNIVERSAL
low_atr_and_mid_donchian,one_sided_runaway,24H,3,2,1,REGIME-SPECIFIC
low_atr_and_mid_donchian,one_sided_runaway,2H,3,2,1,REGIME-SPECIFIC
low_atr_and_mid_donchian,one_sided_runaway,4H,3,2,1,REGIME-SPECIFIC
low_atr_and_mid_donchian,one_sided_runaway,8H,3,2,1,REGIME-SPECIFIC
low_atr_and_mid_donchian,oscillatory_path,12H,3,2,1,REGIME-SPECIFIC
low_atr_and_mid_donchian,oscillatory_path,1H,3,2,1,REGIME-SPECIFIC
low_atr_and_mid_donchian,oscillatory_path,24H,3,2,1,REGIME-SPECIFIC
low_atr_and_mid_donchian,oscillatory_path,2H,3,1,2,REGIME-SPECIFIC
low_atr_and_mid_donchian,oscillatory_path,4H,3,3,0,UNIVERSAL
low_atr_and_mid_donchian,oscillatory_path,8H,3,1,2,REGIME-SPECIFIC
low_atr_and_mid_donchian,path_inside_70,12H,3,0,3,UNIVERSAL
low_atr_and_mid_donchian,path_inside_70,1H,3,0,3,UNIVERSAL
low_atr_and_mid_donchian,path_inside_70,24H,3,0,3,UNIVERSAL
low_atr_and_mid_donchian,path_inside_70,2H,3,0,3,UNIVERSAL
low_atr_and_mid_donchian,path_inside_70,4H,3,0,3,UNIVERSAL
low_atr_and_mid_donchian,path_inside_70,8H,3,0,3,UNIVERSAL
low_atr_and_mid_donchian,range_breached,12H,3,3,0,UNIVERSAL
low_atr_and_mid_donchian,range_breached,1H,3,3,0,UNIVERSAL
low_atr_and_mid_donchian,range_breached,24H,3,3,0,UNIVERSAL
low_atr_and_mid_donchian,range_breached,2H,3,3,0,UNIVERSAL
low_atr_and_mid_donchian,range_breached,4H,3,3,0,UNIVERSAL
low_atr_and_mid_donchian,range_breached,8H,3,3,0,UNIVERSAL
low_atr_and_mid_donchian,range_held,12H,3,0,3,UNIVERSAL
low_atr_and_mid_donchian,range_held,1H,3,0,3,UNIVERSAL
low_atr_and_mid_donchian,range_held,24H,3,0,3,UNIVERSAL
low_atr_and_mid_donchian,range_held,2H,3,0,3,UNIVERSAL
low_atr_and_mid_donchian,range_held,4H,3,0,3,UNIVERSAL
low_atr_and_mid_donchian,range_held,8H,3,0,3,UNIVERSAL
low_atr_and_mid_donchian,realized_over_range_width_ge_1,12H,3,3,0,UNIVERSAL
low_atr_and_mid_donchian,realized_over_range_width_ge_1,1H,3,3,0,UNIVERSAL
low_atr_and_mid_donchian,realized_over_range_width_ge_1,24H,3,3,0,UNIVERSAL
low_atr_and_mid_donchian,realized_over_range_width_ge_1,2H,3,3,0,UNIVERSAL
low_atr_and_mid_donchian,realized_over_range_width_ge_1,4H,3,3,0,UNIVERSAL
low_atr_and_mid_donchian,realized_over_range_width_ge_1,8H,3,3,0,UNIVERSAL
low_atr_and_mid_donchian,trend_efficiency_high,12H,3,2,1,REGIME-SPECIFIC
low_atr_and_mid_donchian,trend_efficiency_high,1H,3,0,3,UNIVERSAL
low_atr_and_mid_donchian,trend_efficiency_high,24H,3,2,1,REGIME-SPECIFIC
low_atr_and_mid_donchian,trend_efficiency_high,2H,3,2,1,REGIME-SPECIFIC
low_atr_and_mid_donchian,trend_efficiency_high,4H,3,2,1,REGIME-SPECIFIC
low_atr_and_mid_donchian,trend_efficiency_high,8H,3,2,1,REGIME-SPECIFIC
low_atr_and_mid_donchian,upside_breakout_occurred,12H,3,3,0,UNIVERSAL
low_atr_and_mid_donchian,upside_breakout_occurred,1H,3,3,0,UNIVERSAL
low_atr_and_mid_donchian,upside_breakout_occurred,24H,3,3,0,UNIVERSAL
low_atr_and_mid_donchian,upside_breakout_occurred,2H,3,3,0,UNIVERSAL
low_atr_and_mid_donchian,upside_breakout_occurred,4H,3,3,0,UNIVERSAL
low_atr_and_mid_donchian,upside_breakout_occurred,8H,3,3,0,UNIVERSAL
low_atr_pct_and_falling_atr_slope,downside_breakdown_occurred,12H,3,1,2,REGIME-SPECIFIC
low_atr_pct_and_falling_atr_slope,downside_breakdown_occurred,1H,3,3,0,UNIVERSAL
low_atr_pct_and_falling_atr_slope,downside_breakdown_occurred,24H,3,3,0,UNIVERSAL
low_atr_pct_and_falling_atr_slope,downside_breakdown_occurred,2H,3,2,1,REGIME-SPECIFIC
low_atr_pct_and_falling_atr_slope,downside_breakdown_occurred,4H,3,2,1,REGIME-SPECIFIC
low_atr_pct_and_falling_atr_slope,downside_breakdown_occurred,8H,3,1,2,REGIME-SPECIFIC
low_atr_pct_and_falling_atr_slope,fast_1atr_touch,1H,3,3,0,UNIVERSAL
low_atr_pct_and_falling_atr_slope,fast_1atr_touch,2H,3,3,0,UNIVERSAL
low_atr_pct_and_falling_atr_slope,fast_1atr_touch,4H,3,1,0,UNIVERSAL
low_atr_pct_and_falling_atr_slope,max_abs_excursion_ge_1_5_atr,12H,3,0,0,REGIME-SPECIFIC
low_atr_pct_and_falling_atr_slope,max_abs_excursion_ge_1_5_atr,1H,3,3,0,UNIVERSAL
low_atr_pct_and_falling_atr_slope,max_abs_excursion_ge_1_5_atr,2H,3,3,0,UNIVERSAL
low_atr_pct_and_falling_atr_slope,max_abs_excursion_ge_1_5_atr,4H,3,3,0,UNIVERSAL
low_atr_pct_and_falling_atr_slope,max_abs_excursion_ge_1_5_atr,8H,3,2,0,UNIVERSAL
low_atr_pct_and_falling_atr_slope,one_sided_runaway,12H,3,1,2,REGIME-SPECIFIC
low_atr_pct_and_falling_atr_slope,one_sided_runaway,1H,3,2,1,REGIME-SPECIFIC
low_atr_pct_and_falling_atr_slope,one_sided_runaway,24H,3,0,3,UNIVERSAL
low_atr_pct_and_falling_atr_slope,one_sided_runaway,2H,3,0,3,UNIVERSAL
low_atr_pct_and_falling_atr_slope,one_sided_runaway,4H,3,1,2,REGIME-SPECIFIC
low_atr_pct_and_falling_atr_slope,one_sided_runaway,8H,3,2,1,REGIME-SPECIFIC
low_atr_pct_and_falling_atr_slope,oscillatory_path,12H,3,3,0,UNIVERSAL
low_atr_pct_and_falling_atr_slope,oscillatory_path,1H,3,1,2,REGIME-SPECIFIC
low_atr_pct_and_falling_atr_slope,oscillatory_path,24H,3,3,0,UNIVERSAL
low_atr_pct_and_falling_atr_slope,oscillatory_path,2H,3,2,1,REGIME-SPECIFIC
low_atr_pct_and_falling_atr_slope,oscillatory_path,4H,3,2,1,REGIME-SPECIFIC
low_atr_pct_and_falling_atr_slope,oscillatory_path,8H,3,2,1,REGIME-SPECIFIC
low_atr_pct_and_falling_atr_slope,path_inside_70,12H,3,0,3,UNIVERSAL
low_atr_pct_and_falling_atr_slope,path_inside_70,1H,3,0,3,UNIVERSAL
low_atr_pct_and_falling_atr_slope,path_inside_70,24H,3,0,3,UNIVERSAL
low_atr_pct_and_falling_atr_slope,path_inside_70,2H,3,0,3,UNIVERSAL
low_atr_pct_and_falling_atr_slope,path_inside_70,4H,3,0,3,UNIVERSAL
low_atr_pct_and_falling_atr_slope,path_inside_70,8H,3,0,3,UNIVERSAL
low_atr_pct_and_falling_atr_slope,range_breached,12H,3,3,0,UNIVERSAL
low_atr_pct_and_falling_atr_slope,range_breached,1H,3,3,0,UNIVERSAL
low_atr_pct_and_falling_atr_slope,range_breached,24H,3,3,0,UNIVERSAL
low_atr_pct_and_falling_atr_slope,range_breached,2H,3,3,0,UNIVERSAL
low_atr_pct_and_falling_atr_slope,range_breached,4H,3,3,0,UNIVERSAL
low_atr_pct_and_falling_atr_slope,range_breached,8H,3,3,0,UNIVERSAL
low_atr_pct_and_falling_atr_slope,range_held,12H,3,0,3,UNIVERSAL
low_atr_pct_and_falling_atr_slope,range_held,1H,3,0,3,UNIVERSAL
low_atr_pct_and_falling_atr_slope,range_held,24H,3,0,3,UNIVERSAL
low_atr_pct_and_falling_atr_slope,range_held,2H,3,0,3,UNIVERSAL
low_atr_pct_and_falling_atr_slope,range_held,4H,3,0,3,UNIVERSAL
low_atr_pct_and_falling_atr_slope,range_held,8H,3,0,3,UNIVERSAL
low_atr_pct_and_falling_atr_slope,realized_over_range_width_ge_1,12H,3,3,0,UNIVERSAL
low_atr_pct_and_falling_atr_slope,realized_over_range_width_ge_1,1H,3,3,0,UNIVERSAL
low_atr_pct_and_falling_atr_slope,realized_over_range_width_ge_1,24H,3,3,0,UNIVERSAL
low_atr_pct_and_falling_atr_slope,realized_over_range_width_ge_1,2H,3,3,0,UNIVERSAL
low_atr_pct_and_falling_atr_slope,realized_over_range_width_ge_1,4H,3,3,0,UNIVERSAL
low_atr_pct_and_falling_atr_slope,realized_over_range_width_ge_1,8H,3,3,0,UNIVERSAL
low_atr_pct_and_falling_atr_slope,trend_efficiency_high,12H,3,1,2,REGIME-SPECIFIC
low_atr_pct_and_falling_atr_slope,trend_efficiency_high,1H,3,1,2,REGIME-SPECIFIC
low_atr_pct_and_falling_atr_slope,trend_efficiency_high,24H,3,0,3,UNIVERSAL
low_atr_pct_and_falling_atr_slope,trend_efficiency_high,2H,3,0,3,UNIVERSAL
low_atr_pct_and_falling_atr_slope,trend_efficiency_high,4H,3,1,2,REGIME-SPECIFIC
low_atr_pct_and_falling_atr_slope,trend_efficiency_high,8H,3,2,1,REGIME-SPECIFIC
low_atr_pct_and_falling_atr_slope,upside_breakout_occurred,12H,3,3,0,UNIVERSAL
low_atr_pct_and_falling_atr_slope,upside_breakout_occurred,1H,3,3,0,UNIVERSAL
low_atr_pct_and_falling_atr_slope,upside_breakout_occurred,24H,3,3,0,UNIVERSAL
low_atr_pct_and_falling_atr_slope,upside_breakout_occurred,2H,3,3,0,UNIVERSAL
low_atr_pct_and_falling_atr_slope,upside_breakout_occurred,4H,3,3,0,UNIVERSAL
low_atr_pct_and_falling_atr_slope,upside_breakout_occurred,8H,3,3,0,UNIVERSAL
low_atr_pct_and_rising_atr_slope,downside_breakdown_occurred,12H,3,2,1,REGIME-SPECIFIC
low_atr_pct_and_rising_atr_slope,downside_breakdown_occurred,1H,3,2,1,REGIME-SPECIFIC
low_atr_pct_and_rising_atr_slope,downside_breakdown_occurred,24H,3,2,1,REGIME-SPECIFIC
low_atr_pct_and_rising_atr_slope,downside_breakdown_occurred,2H,3,2,1,REGIME-SPECIFIC
low_atr_pct_and_rising_atr_slope,downside_breakdown_occurred,4H,3,1,2,REGIME-SPECIFIC
low_atr_pct_and_rising_atr_slope,downside_breakdown_occurred,8H,3,2,1,REGIME-SPECIFIC
low_atr_pct_and_rising_atr_slope,fast_1atr_touch,1H,3,3,0,UNIVERSAL
low_atr_pct_and_rising_atr_slope,fast_1atr_touch,2H,3,3,0,UNIVERSAL
low_atr_pct_and_rising_atr_slope,fast_1atr_touch,4H,3,1,0,UNIVERSAL
low_atr_pct_and_rising_atr_slope,max_abs_excursion_ge_1_5_atr,12H,3,0,0,REGIME-SPECIFIC
low_atr_pct_and_rising_atr_slope,max_abs_excursion_ge_1_5_atr,1H,3,2,1,REGIME-SPECIFIC
low_atr_pct_and_rising_atr_slope,max_abs_excursion_ge_1_5_atr,2H,3,3,0,UNIVERSAL
low_atr_pct_and_rising_atr_slope,max_abs_excursion_ge_1_5_atr,4H,3,3,0,UNIVERSAL
low_atr_pct_and_rising_atr_slope,max_abs_excursion_ge_1_5_atr,8H,3,2,0,UNIVERSAL
low_atr_pct_and_rising_atr_slope,one_sided_runaway,12H,3,2,1,REGIME-SPECIFIC
low_atr_pct_and_rising_atr_slope,one_sided_runaway,1H,3,1,2,REGIME-SPECIFIC
low_atr_pct_and_rising_atr_slope,one_sided_runaway,24H,3,2,1,REGIME-SPECIFIC
low_atr_pct_and_rising_atr_slope,one_sided_runaway,2H,3,3,0,UNIVERSAL
low_atr_pct_and_rising_atr_slope,one_sided_runaway,4H,3,3,0,UNIVERSAL
low_atr_pct_and_rising_atr_slope,one_sided_runaway,8H,3,2,1,REGIME-SPECIFIC
low_atr_pct_and_rising_atr_slope,oscillatory_path,12H,3,2,1,REGIME-SPECIFIC
low_atr_pct_and_rising_atr_slope,oscillatory_path,1H,3,3,0,UNIVERSAL
low_atr_pct_and_rising_atr_slope,oscillatory_path,24H,3,1,2,REGIME-SPECIFIC
low_atr_pct_and_rising_atr_slope,oscillatory_path,2H,3,1,2,REGIME-SPECIFIC
low_atr_pct_and_rising_atr_slope,oscillatory_path,4H,3,2,1,REGIME-SPECIFIC
low_atr_pct_and_rising_atr_slope,oscillatory_path,8H,3,0,3,UNIVERSAL
low_atr_pct_and_rising_atr_slope,path_inside_70,12H,3,0,3,UNIVERSAL
low_atr_pct_and_rising_atr_slope,path_inside_70,1H,3,0,3,UNIVERSAL
low_atr_pct_and_rising_atr_slope,path_inside_70,24H,3,0,3,UNIVERSAL
low_atr_pct_and_rising_atr_slope,path_inside_70,2H,3,1,2,REGIME-SPECIFIC
low_atr_pct_and_rising_atr_slope,path_inside_70,4H,3,0,3,UNIVERSAL
low_atr_pct_and_rising_atr_slope,path_inside_70,8H,3,1,2,REGIME-SPECIFIC
low_atr_pct_and_rising_atr_slope,range_breached,12H,3,3,0,UNIVERSAL
low_atr_pct_and_rising_atr_slope,range_breached,1H,3,3,0,UNIVERSAL
low_atr_pct_and_rising_atr_slope,range_breached,24H,3,3,0,UNIVERSAL
low_atr_pct_and_rising_atr_slope,range_breached,2H,3,2,1,REGIME-SPECIFIC
low_atr_pct_and_rising_atr_slope,range_breached,4H,3,3,0,UNIVERSAL
low_atr_pct_and_rising_atr_slope,range_breached,8H,3,2,1,REGIME-SPECIFIC
low_atr_pct_and_rising_atr_slope,range_held,12H,3,0,3,UNIVERSAL
low_atr_pct_and_rising_atr_slope,range_held,1H,3,0,3,UNIVERSAL
low_atr_pct_and_rising_atr_slope,range_held,24H,3,0,3,UNIVERSAL
low_atr_pct_and_rising_atr_slope,range_held,2H,3,1,2,REGIME-SPECIFIC
low_atr_pct_and_rising_atr_slope,range_held,4H,3,0,3,UNIVERSAL
low_atr_pct_and_rising_atr_slope,range_held,8H,3,1,2,REGIME-SPECIFIC
low_atr_pct_and_rising_atr_slope,realized_over_range_width_ge_1,12H,3,3,0,UNIVERSAL
low_atr_pct_and_rising_atr_slope,realized_over_range_width_ge_1,1H,3,3,0,UNIVERSAL
low_atr_pct_and_rising_atr_slope,realized_over_range_width_ge_1,24H,3,3,0,UNIVERSAL
low_atr_pct_and_rising_atr_slope,realized_over_range_width_ge_1,2H,3,2,1,REGIME-SPECIFIC
low_atr_pct_and_rising_atr_slope,realized_over_range_width_ge_1,4H,3,3,0,UNIVERSAL
low_atr_pct_and_rising_atr_slope,realized_over_range_width_ge_1,8H,3,3,0,UNIVERSAL
low_atr_pct_and_rising_atr_slope,trend_efficiency_high,12H,3,2,1,REGIME-SPECIFIC
low_atr_pct_and_rising_atr_slope,trend_efficiency_high,1H,3,1,2,REGIME-SPECIFIC
low_atr_pct_and_rising_atr_slope,trend_efficiency_high,24H,3,2,1,REGIME-SPECIFIC
low_atr_pct_and_rising_atr_slope,trend_efficiency_high,2H,3,3,0,UNIVERSAL
low_atr_pct_and_rising_atr_slope,trend_efficiency_high,4H,3,3,0,UNIVERSAL
low_atr_pct_and_rising_atr_slope,trend_efficiency_high,8H,3,2,1,REGIME-SPECIFIC
low_atr_pct_and_rising_atr_slope,upside_breakout_occurred,12H,3,2,1,REGIME-SPECIFIC
low_atr_pct_and_rising_atr_slope,upside_breakout_occurred,1H,3,2,1,REGIME-SPECIFIC
low_atr_pct_and_rising_atr_slope,upside_breakout_occurred,24H,3,3,0,UNIVERSAL
low_atr_pct_and_rising_atr_slope,upside_breakout_occurred,2H,3,2,1,REGIME-SPECIFIC
low_atr_pct_and_rising_atr_slope,upside_breakout_occurred,4H,3,2,1,REGIME-SPECIFIC
low_atr_pct_and_rising_atr_slope,upside_breakout_occurred,8H,3,2,1,REGIME-SPECIFIC
low_rv_and_falling_rv_slope,downside_breakdown_occurred,12H,3,3,0,UNIVERSAL
low_rv_and_falling_rv_slope,downside_breakdown_occurred,1H,3,2,1,REGIME-SPECIFIC
low_rv_and_falling_rv_slope,downside_breakdown_occurred,24H,3,3,0,UNIVERSAL
low_rv_and_falling_rv_slope,downside_breakdown_occurred,2H,3,2,1,REGIME-SPECIFIC
low_rv_and_falling_rv_slope,downside_breakdown_occurred,4H,3,2,1,REGIME-SPECIFIC
low_rv_and_falling_rv_slope,downside_breakdown_occurred,8H,3,1,2,REGIME-SPECIFIC
low_rv_and_falling_rv_slope,fast_1atr_touch,1H,3,3,0,UNIVERSAL
low_rv_and_falling_rv_slope,fast_1atr_touch,2H,3,3,0,UNIVERSAL
low_rv_and_falling_rv_slope,fast_1atr_touch,4H,3,1,0,UNIVERSAL
low_rv_and_falling_rv_slope,max_abs_excursion_ge_1_5_atr,12H,3,0,0,REGIME-SPECIFIC
low_rv_and_falling_rv_slope,max_abs_excursion_ge_1_5_atr,1H,3,3,0,UNIVERSAL
low_rv_and_falling_rv_slope,max_abs_excursion_ge_1_5_atr,2H,3,3,0,UNIVERSAL
low_rv_and_falling_rv_slope,max_abs_excursion_ge_1_5_atr,4H,3,3,0,UNIVERSAL
low_rv_and_falling_rv_slope,max_abs_excursion_ge_1_5_atr,8H,3,2,0,UNIVERSAL
low_rv_and_falling_rv_slope,one_sided_runaway,12H,3,2,1,REGIME-SPECIFIC
low_rv_and_falling_rv_slope,one_sided_runaway,1H,3,2,1,REGIME-SPECIFIC
low_rv_and_falling_rv_slope,one_sided_runaway,24H,3,1,2,REGIME-SPECIFIC
low_rv_and_falling_rv_slope,one_sided_runaway,2H,3,1,2,REGIME-SPECIFIC
low_rv_and_falling_rv_slope,one_sided_runaway,4H,3,2,1,REGIME-SPECIFIC
low_rv_and_falling_rv_slope,one_sided_runaway,8H,3,2,1,REGIME-SPECIFIC
low_rv_and_falling_rv_slope,oscillatory_path,12H,3,3,0,UNIVERSAL
low_rv_and_falling_rv_slope,oscillatory_path,1H,3,1,2,REGIME-SPECIFIC
low_rv_and_falling_rv_slope,oscillatory_path,24H,3,3,0,UNIVERSAL
low_rv_and_falling_rv_slope,oscillatory_path,2H,3,2,1,REGIME-SPECIFIC
low_rv_and_falling_rv_slope,oscillatory_path,4H,3,2,1,REGIME-SPECIFIC
low_rv_and_falling_rv_slope,oscillatory_path,8H,3,1,2,REGIME-SPECIFIC
low_rv_and_falling_rv_slope,path_inside_70,12H,3,0,3,UNIVERSAL
low_rv_and_falling_rv_slope,path_inside_70,1H,3,0,3,UNIVERSAL
low_rv_and_falling_rv_slope,path_inside_70,24H,3,0,3,UNIVERSAL
low_rv_and_falling_rv_slope,path_inside_70,2H,3,0,3,UNIVERSAL
low_rv_and_falling_rv_slope,path_inside_70,4H,3,0,3,UNIVERSAL
low_rv_and_falling_rv_slope,path_inside_70,8H,3,0,3,UNIVERSAL
low_rv_and_falling_rv_slope,range_breached,12H,3,3,0,UNIVERSAL
low_rv_and_falling_rv_slope,range_breached,1H,3,3,0,UNIVERSAL
low_rv_and_falling_rv_slope,range_breached,24H,3,3,0,UNIVERSAL
low_rv_and_falling_rv_slope,range_breached,2H,3,3,0,UNIVERSAL
low_rv_and_falling_rv_slope,range_breached,4H,3,3,0,UNIVERSAL
low_rv_and_falling_rv_slope,range_breached,8H,3,3,0,UNIVERSAL
low_rv_and_falling_rv_slope,range_held,12H,3,0,3,UNIVERSAL
low_rv_and_falling_rv_slope,range_held,1H,3,0,3,UNIVERSAL
low_rv_and_falling_rv_slope,range_held,24H,3,0,3,UNIVERSAL
low_rv_and_falling_rv_slope,range_held,2H,3,0,3,UNIVERSAL
low_rv_and_falling_rv_slope,range_held,4H,3,0,3,UNIVERSAL
low_rv_and_falling_rv_slope,range_held,8H,3,0,3,UNIVERSAL
low_rv_and_falling_rv_slope,realized_over_range_width_ge_1,12H,3,3,0,UNIVERSAL
low_rv_and_falling_rv_slope,realized_over_range_width_ge_1,1H,3,3,0,UNIVERSAL
low_rv_and_falling_rv_slope,realized_over_range_width_ge_1,24H,3,3,0,UNIVERSAL
low_rv_and_falling_rv_slope,realized_over_range_width_ge_1,2H,3,3,0,UNIVERSAL
low_rv_and_falling_rv_slope,realized_over_range_width_ge_1,4H,3,3,0,UNIVERSAL
low_rv_and_falling_rv_slope,realized_over_range_width_ge_1,8H,3,3,0,UNIVERSAL
low_rv_and_falling_rv_slope,trend_efficiency_high,12H,3,2,1,REGIME-SPECIFIC
low_rv_and_falling_rv_slope,trend_efficiency_high,1H,3,1,2,REGIME-SPECIFIC
low_rv_and_falling_rv_slope,trend_efficiency_high,24H,3,1,2,REGIME-SPECIFIC
low_rv_and_falling_rv_slope,trend_efficiency_high,2H,3,1,2,REGIME-SPECIFIC
low_rv_and_falling_rv_slope,trend_efficiency_high,4H,3,2,1,REGIME-SPECIFIC
low_rv_and_falling_rv_slope,trend_efficiency_high,8H,3,2,1,REGIME-SPECIFIC
low_rv_and_falling_rv_slope,upside_breakout_occurred,12H,3,3,0,UNIVERSAL
low_rv_and_falling_rv_slope,upside_breakout_occurred,1H,3,3,0,UNIVERSAL
low_rv_and_falling_rv_slope,upside_breakout_occurred,24H,3,3,0,UNIVERSAL
low_rv_and_falling_rv_slope,upside_breakout_occurred,2H,3,3,0,UNIVERSAL
low_rv_and_falling_rv_slope,upside_breakout_occurred,4H,3,3,0,UNIVERSAL
low_rv_and_falling_rv_slope,upside_breakout_occurred,8H,3,3,0,UNIVERSAL
low_rv_and_rising_rv_slope,downside_breakdown_occurred,12H,3,1,2,REGIME-SPECIFIC
low_rv_and_rising_rv_slope,downside_breakdown_occurred,1H,3,2,1,REGIME-SPECIFIC
low_rv_and_rising_rv_slope,downside_breakdown_occurred,24H,3,2,1,REGIME-SPECIFIC
low_rv_and_rising_rv_slope,downside_breakdown_occurred,2H,3,3,0,UNIVERSAL
low_rv_and_rising_rv_slope,downside_breakdown_occurred,4H,3,2,1,REGIME-SPECIFIC
low_rv_and_rising_rv_slope,downside_breakdown_occurred,8H,3,2,1,REGIME-SPECIFIC
low_rv_and_rising_rv_slope,fast_1atr_touch,1H,3,2,1,REGIME-SPECIFIC
low_rv_and_rising_rv_slope,fast_1atr_touch,2H,3,3,0,UNIVERSAL
low_rv_and_rising_rv_slope,fast_1atr_touch,4H,3,1,0,UNIVERSAL
low_rv_and_rising_rv_slope,max_abs_excursion_ge_1_5_atr,12H,3,0,0,REGIME-SPECIFIC
low_rv_and_rising_rv_slope,max_abs_excursion_ge_1_5_atr,1H,3,1,2,REGIME-SPECIFIC
low_rv_and_rising_rv_slope,max_abs_excursion_ge_1_5_atr,2H,3,3,0,UNIVERSAL
low_rv_and_rising_rv_slope,max_abs_excursion_ge_1_5_atr,4H,3,3,0,UNIVERSAL
low_rv_and_rising_rv_slope,max_abs_excursion_ge_1_5_atr,8H,3,2,0,UNIVERSAL
low_rv_and_rising_rv_slope,one_sided_runaway,12H,3,2,1,REGIME-SPECIFIC
low_rv_and_rising_rv_slope,one_sided_runaway,1H,3,1,2,REGIME-SPECIFIC
low_rv_and_rising_rv_slope,one_sided_runaway,24H,3,2,1,REGIME-SPECIFIC
low_rv_and_rising_rv_slope,one_sided_runaway,2H,3,0,3,UNIVERSAL
low_rv_and_rising_rv_slope,one_sided_runaway,4H,3,2,1,REGIME-SPECIFIC
low_rv_and_rising_rv_slope,one_sided_runaway,8H,3,2,1,REGIME-SPECIFIC
low_rv_and_rising_rv_slope,oscillatory_path,12H,3,1,2,REGIME-SPECIFIC
low_rv_and_rising_rv_slope,oscillatory_path,1H,3,1,2,REGIME-SPECIFIC
low_rv_and_rising_rv_slope,oscillatory_path,24H,3,1,2,REGIME-SPECIFIC
low_rv_and_rising_rv_slope,oscillatory_path,2H,3,0,3,UNIVERSAL
low_rv_and_rising_rv_slope,oscillatory_path,4H,3,2,1,REGIME-SPECIFIC
low_rv_and_rising_rv_slope,oscillatory_path,8H,3,1,2,REGIME-SPECIFIC
low_rv_and_rising_rv_slope,path_inside_70,12H,3,0,3,UNIVERSAL
low_rv_and_rising_rv_slope,path_inside_70,1H,3,2,1,REGIME-SPECIFIC
low_rv_and_rising_rv_slope,path_inside_70,24H,3,0,3,UNIVERSAL
low_rv_and_rising_rv_slope,path_inside_70,2H,3,1,2,REGIME-SPECIFIC
low_rv_and_rising_rv_slope,path_inside_70,4H,3,0,3,UNIVERSAL
low_rv_and_rising_rv_slope,path_inside_70,8H,3,2,1,REGIME-SPECIFIC
low_rv_and_rising_rv_slope,range_breached,12H,3,3,0,UNIVERSAL
low_rv_and_rising_rv_slope,range_breached,1H,3,1,2,REGIME-SPECIFIC
low_rv_and_rising_rv_slope,range_breached,24H,3,3,0,UNIVERSAL
low_rv_and_rising_rv_slope,range_breached,2H,3,2,1,REGIME-SPECIFIC
low_rv_and_rising_rv_slope,range_breached,4H,3,3,0,UNIVERSAL
low_rv_and_rising_rv_slope,range_breached,8H,3,1,2,REGIME-SPECIFIC
low_rv_and_rising_rv_slope,range_held,12H,3,0,3,UNIVERSAL
low_rv_and_rising_rv_slope,range_held,1H,3,2,1,REGIME-SPECIFIC
low_rv_and_rising_rv_slope,range_held,24H,3,0,3,UNIVERSAL
low_rv_and_rising_rv_slope,range_held,2H,3,1,2,REGIME-SPECIFIC
low_rv_and_rising_rv_slope,range_held,4H,3,0,3,UNIVERSAL
low_rv_and_rising_rv_slope,range_held,8H,3,2,1,REGIME-SPECIFIC
low_rv_and_rising_rv_slope,realized_over_range_width_ge_1,12H,3,3,0,UNIVERSAL
low_rv_and_rising_rv_slope,realized_over_range_width_ge_1,1H,3,3,0,UNIVERSAL
low_rv_and_rising_rv_slope,realized_over_range_width_ge_1,24H,3,3,0,UNIVERSAL
low_rv_and_rising_rv_slope,realized_over_range_width_ge_1,2H,3,3,0,UNIVERSAL
low_rv_and_rising_rv_slope,realized_over_range_width_ge_1,4H,3,3,0,UNIVERSAL
low_rv_and_rising_rv_slope,realized_over_range_width_ge_1,8H,3,3,0,UNIVERSAL
low_rv_and_rising_rv_slope,trend_efficiency_high,12H,3,2,1,REGIME-SPECIFIC
low_rv_and_rising_rv_slope,trend_efficiency_high,1H,3,1,2,REGIME-SPECIFIC
low_rv_and_rising_rv_slope,trend_efficiency_high,24H,3,2,1,REGIME-SPECIFIC
low_rv_and_rising_rv_slope,trend_efficiency_high,2H,3,0,3,UNIVERSAL
low_rv_and_rising_rv_slope,trend_efficiency_high,4H,3,2,1,REGIME-SPECIFIC
low_rv_and_rising_rv_slope,trend_efficiency_high,8H,3,2,1,REGIME-SPECIFIC
low_rv_and_rising_rv_slope,upside_breakout_occurred,12H,3,3,0,UNIVERSAL
low_rv_and_rising_rv_slope,upside_breakout_occurred,1H,3,1,2,REGIME-SPECIFIC
low_rv_and_rising_rv_slope,upside_breakout_occurred,24H,3,3,0,UNIVERSAL
low_rv_and_rising_rv_slope,upside_breakout_occurred,2H,3,1,2,REGIME-SPECIFIC
low_rv_and_rising_rv_slope,upside_breakout_occurred,4H,3,2,1,REGIME-SPECIFIC
low_rv_and_rising_rv_slope,upside_breakout_occurred,8H,3,2,1,REGIME-SPECIFIC
low_vwap_displacement_and_low_atr,downside_breakdown_occurred,12H,3,1,2,REGIME-SPECIFIC
low_vwap_displacement_and_low_atr,downside_breakdown_occurred,1H,3,0,3,UNIVERSAL
low_vwap_displacement_and_low_atr,downside_breakdown_occurred,24H,3,2,1,REGIME-SPECIFIC
low_vwap_displacement_and_low_atr,downside_breakdown_occurred,2H,3,1,2,REGIME-SPECIFIC
low_vwap_displacement_and_low_atr,downside_breakdown_occurred,4H,3,0,3,UNIVERSAL
low_vwap_displacement_and_low_atr,downside_breakdown_occurred,8H,3,1,2,REGIME-SPECIFIC
low_vwap_displacement_and_low_atr,fast_1atr_touch,1H,3,3,0,UNIVERSAL
low_vwap_displacement_and_low_atr,fast_1atr_touch,2H,3,3,0,UNIVERSAL
low_vwap_displacement_and_low_atr,fast_1atr_touch,4H,3,1,0,UNIVERSAL
low_vwap_displacement_and_low_atr,max_abs_excursion_ge_1_5_atr,12H,3,0,0,REGIME-SPECIFIC
low_vwap_displacement_and_low_atr,max_abs_excursion_ge_1_5_atr,1H,3,3,0,UNIVERSAL
low_vwap_displacement_and_low_atr,max_abs_excursion_ge_1_5_atr,2H,3,3,0,UNIVERSAL
low_vwap_displacement_and_low_atr,max_abs_excursion_ge_1_5_atr,4H,3,3,0,UNIVERSAL
low_vwap_displacement_and_low_atr,max_abs_excursion_ge_1_5_atr,8H,3,2,0,UNIVERSAL
low_vwap_displacement_and_low_atr,one_sided_runaway,12H,3,2,1,REGIME-SPECIFIC
low_vwap_displacement_and_low_atr,one_sided_runaway,1H,3,0,3,UNIVERSAL
low_vwap_displacement_and_low_atr,one_sided_runaway,24H,3,1,2,REGIME-SPECIFIC
low_vwap_displacement_and_low_atr,one_sided_runaway,2H,3,2,1,REGIME-SPECIFIC
low_vwap_displacement_and_low_atr,one_sided_runaway,4H,3,0,3,UNIVERSAL
low_vwap_displacement_and_low_atr,one_sided_runaway,8H,3,3,0,UNIVERSAL
low_vwap_displacement_and_low_atr,oscillatory_path,12H,3,2,1,REGIME-SPECIFIC
low_vwap_displacement_and_low_atr,oscillatory_path,1H,3,1,2,REGIME-SPECIFIC
low_vwap_displacement_and_low_atr,oscillatory_path,24H,3,2,1,REGIME-SPECIFIC
low_vwap_displacement_and_low_atr,oscillatory_path,2H,3,2,1,REGIME-SPECIFIC
low_vwap_displacement_and_low_atr,oscillatory_path,4H,3,3,0,UNIVERSAL
low_vwap_displacement_and_low_atr,oscillatory_path,8H,3,1,2,REGIME-SPECIFIC
low_vwap_displacement_and_low_atr,path_inside_70,12H,3,0,3,UNIVERSAL
low_vwap_displacement_and_low_atr,path_inside_70,1H,3,0,3,UNIVERSAL
low_vwap_displacement_and_low_atr,path_inside_70,24H,3,0,3,UNIVERSAL
low_vwap_displacement_and_low_atr,path_inside_70,2H,3,0,3,UNIVERSAL
low_vwap_displacement_and_low_atr,path_inside_70,4H,3,0,3,UNIVERSAL
low_vwap_displacement_and_low_atr,path_inside_70,8H,3,0,3,UNIVERSAL
low_vwap_displacement_and_low_atr,range_breached,12H,3,3,0,UNIVERSAL
low_vwap_displacement_and_low_atr,range_breached,1H,3,3,0,UNIVERSAL
low_vwap_displacement_and_low_atr,range_breached,24H,3,3,0,UNIVERSAL
low_vwap_displacement_and_low_atr,range_breached,2H,3,3,0,UNIVERSAL
low_vwap_displacement_and_low_atr,range_breached,4H,3,3,0,UNIVERSAL
low_vwap_displacement_and_low_atr,range_breached,8H,3,3,0,UNIVERSAL
low_vwap_displacement_and_low_atr,range_held,12H,3,0,3,UNIVERSAL
low_vwap_displacement_and_low_atr,range_held,1H,3,0,3,UNIVERSAL
low_vwap_displacement_and_low_atr,range_held,24H,3,0,3,UNIVERSAL
low_vwap_displacement_and_low_atr,range_held,2H,3,0,3,UNIVERSAL
low_vwap_displacement_and_low_atr,range_held,4H,3,0,3,UNIVERSAL
low_vwap_displacement_and_low_atr,range_held,8H,3,0,3,UNIVERSAL
low_vwap_displacement_and_low_atr,realized_over_range_width_ge_1,12H,3,3,0,UNIVERSAL
low_vwap_displacement_and_low_atr,realized_over_range_width_ge_1,1H,3,3,0,UNIVERSAL
low_vwap_displacement_and_low_atr,realized_over_range_width_ge_1,24H,3,3,0,UNIVERSAL
low_vwap_displacement_and_low_atr,realized_over_range_width_ge_1,2H,3,3,0,UNIVERSAL
low_vwap_displacement_and_low_atr,realized_over_range_width_ge_1,4H,3,3,0,UNIVERSAL
low_vwap_displacement_and_low_atr,realized_over_range_width_ge_1,8H,3,3,0,UNIVERSAL
low_vwap_displacement_and_low_atr,trend_efficiency_high,12H,3,2,1,REGIME-SPECIFIC
low_vwap_displacement_and_low_atr,trend_efficiency_high,1H,3,0,3,UNIVERSAL
low_vwap_displacement_and_low_atr,trend_efficiency_high,24H,3,1,2,REGIME-SPECIFIC
low_vwap_displacement_and_low_atr,trend_efficiency_high,2H,3,2,1,REGIME-SPECIFIC
low_vwap_displacement_and_low_atr,trend_efficiency_high,4H,3,0,3,UNIVERSAL
low_vwap_displacement_and_low_atr,trend_efficiency_high,8H,3,3,0,UNIVERSAL
low_vwap_displacement_and_low_atr,upside_breakout_occurred,12H,3,3,0,UNIVERSAL
low_vwap_displacement_and_low_atr,upside_breakout_occurred,1H,3,3,0,UNIVERSAL
low_vwap_displacement_and_low_atr,upside_breakout_occurred,24H,3,3,0,UNIVERSAL
low_vwap_displacement_and_low_atr,upside_breakout_occurred,2H,3,3,0,UNIVERSAL
low_vwap_displacement_and_low_atr,upside_breakout_occurred,4H,3,3,0,UNIVERSAL
low_vwap_displacement_and_low_atr,upside_breakout_occurred,8H,3,3,0,UNIVERSAL
rising_atr_and_high_efficiency,downside_breakdown_occurred,12H,6,2,4,REGIME-SPECIFIC
rising_atr_and_high_efficiency,downside_breakdown_occurred,1H,6,0,6,UNIVERSAL
rising_atr_and_high_efficiency,downside_breakdown_occurred,24H,6,2,4,REGIME-SPECIFIC
rising_atr_and_high_efficiency,downside_breakdown_occurred,2H,6,0,6,UNIVERSAL
rising_atr_and_high_efficiency,downside_breakdown_occurred,4H,6,0,6,UNIVERSAL
rising_atr_and_high_efficiency,downside_breakdown_occurred,8H,6,0,6,UNIVERSAL
rising_atr_and_high_efficiency,fast_1atr_touch,1H,6,0,6,UNIVERSAL
rising_atr_and_high_efficiency,fast_1atr_touch,2H,6,0,5,UNIVERSAL
rising_atr_and_high_efficiency,fast_1atr_touch,4H,6,1,1,REGIME-SPECIFIC
rising_atr_and_high_efficiency,max_abs_excursion_ge_1_5_atr,12H,6,0,1,UNIVERSAL
rising_atr_and_high_efficiency,max_abs_excursion_ge_1_5_atr,1H,6,1,5,REGIME-SPECIFIC
rising_atr_and_high_efficiency,max_abs_excursion_ge_1_5_atr,2H,6,1,5,REGIME-SPECIFIC
rising_atr_and_high_efficiency,max_abs_excursion_ge_1_5_atr,4H,6,1,4,REGIME-SPECIFIC
rising_atr_and_high_efficiency,max_abs_excursion_ge_1_5_atr,8H,6,0,3,UNIVERSAL
rising_atr_and_high_efficiency,one_sided_runaway,12H,6,3,3,REGIME-SPECIFIC
rising_atr_and_high_efficiency,one_sided_runaway,1H,6,4,2,REGIME-SPECIFIC
rising_atr_and_high_efficiency,one_sided_runaway,24H,6,3,3,REGIME-SPECIFIC
rising_atr_and_high_efficiency,one_sided_runaway,2H,6,4,2,REGIME-SPECIFIC
rising_atr_and_high_efficiency,one_sided_runaway,4H,6,2,4,REGIME-SPECIFIC
rising_atr_and_high_efficiency,one_sided_runaway,8H,6,4,2,REGIME-SPECIFIC
rising_atr_and_high_efficiency,oscillatory_path,12H,6,3,3,REGIME-SPECIFIC
rising_atr_and_high_efficiency,oscillatory_path,1H,6,4,2,REGIME-SPECIFIC
rising_atr_and_high_efficiency,oscillatory_path,24H,6,2,4,REGIME-SPECIFIC
rising_atr_and_high_efficiency,oscillatory_path,2H,6,4,2,REGIME-SPECIFIC
rising_atr_and_high_efficiency,oscillatory_path,4H,6,3,3,REGIME-SPECIFIC
rising_atr_and_high_efficiency,oscillatory_path,8H,6,2,4,REGIME-SPECIFIC
rising_atr_and_high_efficiency,path_inside_70,12H,6,5,1,REGIME-SPECIFIC
rising_atr_and_high_efficiency,path_inside_70,1H,6,6,0,UNIVERSAL
rising_atr_and_high_efficiency,path_inside_70,24H,6,4,2,REGIME-SPECIFIC
rising_atr_and_high_efficiency,path_inside_70,2H,6,6,0,UNIVERSAL
rising_atr_and_high_efficiency,path_inside_70,4H,6,5,1,REGIME-SPECIFIC
rising_atr_and_high_efficiency,path_inside_70,8H,6,4,2,REGIME-SPECIFIC
rising_atr_and_high_efficiency,range_breached,12H,6,1,5,REGIME-SPECIFIC
rising_atr_and_high_efficiency,range_breached,1H,6,0,6,UNIVERSAL
rising_atr_and_high_efficiency,range_breached,24H,6,2,4,REGIME-SPECIFIC
rising_atr_and_high_efficiency,range_breached,2H,6,0,6,UNIVERSAL
rising_atr_and_high_efficiency,range_breached,4H,6,1,5,REGIME-SPECIFIC
rising_atr_and_high_efficiency,range_breached,8H,6,2,4,REGIME-SPECIFIC
rising_atr_and_high_efficiency,range_held,12H,6,5,1,REGIME-SPECIFIC
rising_atr_and_high_efficiency,range_held,1H,6,6,0,UNIVERSAL
rising_atr_and_high_efficiency,range_held,24H,6,4,2,REGIME-SPECIFIC
rising_atr_and_high_efficiency,range_held,2H,6,6,0,UNIVERSAL
rising_atr_and_high_efficiency,range_held,4H,6,5,1,REGIME-SPECIFIC
rising_atr_and_high_efficiency,range_held,8H,6,4,2,REGIME-SPECIFIC
rising_atr_and_high_efficiency,realized_over_range_width_ge_1,12H,6,0,6,UNIVERSAL
rising_atr_and_high_efficiency,realized_over_range_width_ge_1,1H,6,0,6,UNIVERSAL
rising_atr_and_high_efficiency,realized_over_range_width_ge_1,24H,6,2,4,REGIME-SPECIFIC
rising_atr_and_high_efficiency,realized_over_range_width_ge_1,2H,6,0,6,UNIVERSAL
rising_atr_and_high_efficiency,realized_over_range_width_ge_1,4H,6,2,4,REGIME-SPECIFIC
rising_atr_and_high_efficiency,realized_over_range_width_ge_1,8H,6,0,6,UNIVERSAL
rising_atr_and_high_efficiency,trend_efficiency_high,12H,6,3,3,REGIME-SPECIFIC
rising_atr_and_high_efficiency,trend_efficiency_high,1H,6,4,2,REGIME-SPECIFIC
rising_atr_and_high_efficiency,trend_efficiency_high,24H,6,3,3,REGIME-SPECIFIC
rising_atr_and_high_efficiency,trend_efficiency_high,2H,6,4,2,REGIME-SPECIFIC
rising_atr_and_high_efficiency,trend_efficiency_high,4H,6,2,4,REGIME-SPECIFIC
rising_atr_and_high_efficiency,trend_efficiency_high,8H,6,4,2,REGIME-SPECIFIC
rising_atr_and_high_efficiency,upside_breakout_occurred,12H,6,2,4,REGIME-SPECIFIC
rising_atr_and_high_efficiency,upside_breakout_occurred,1H,6,0,6,UNIVERSAL
rising_atr_and_high_efficiency,upside_breakout_occurred,24H,6,2,4,REGIME-SPECIFIC
rising_atr_and_high_efficiency,upside_breakout_occurred,2H,6,2,4,REGIME-SPECIFIC
rising_atr_and_high_efficiency,upside_breakout_occurred,4H,6,2,4,REGIME-SPECIFIC
rising_atr_and_high_efficiency,upside_breakout_occurred,8H,6,1,5,REGIME-SPECIFIC
rising_atr_and_high_volume,downside_breakdown_occurred,12H,6,2,4,REGIME-SPECIFIC
rising_atr_and_high_volume,downside_breakdown_occurred,1H,6,3,3,REGIME-SPECIFIC
rising_atr_and_high_volume,downside_breakdown_occurred,24H,6,2,4,REGIME-SPECIFIC
rising_atr_and_high_volume,downside_breakdown_occurred,2H,6,0,6,UNIVERSAL
rising_atr_and_high_volume,downside_breakdown_occurred,4H,6,0,6,UNIVERSAL
rising_atr_and_high_volume,downside_breakdown_occurred,8H,6,1,5,REGIME-SPECIFIC
rising_atr_and_high_volume,fast_1atr_touch,1H,6,4,2,REGIME-SPECIFIC
rising_atr_and_high_volume,fast_1atr_touch,2H,6,4,1,REGIME-SPECIFIC
rising_atr_and_high_volume,fast_1atr_touch,4H,6,1,1,REGIME-SPECIFIC
rising_atr_and_high_volume,max_abs_excursion_ge_1_5_atr,12H,6,1,0,UNIVERSAL
rising_atr_and_high_volume,max_abs_excursion_ge_1_5_atr,1H,6,2,4,REGIME-SPECIFIC
rising_atr_and_high_volume,max_abs_excursion_ge_1_5_atr,2H,6,2,4,REGIME-SPECIFIC
rising_atr_and_high_volume,max_abs_excursion_ge_1_5_atr,4H,6,1,4,REGIME-SPECIFIC
rising_atr_and_high_volume,max_abs_excursion_ge_1_5_atr,8H,6,1,2,REGIME-SPECIFIC
rising_atr_and_high_volume,one_sided_runaway,12H,6,3,3,REGIME-SPECIFIC
rising_atr_and_high_volume,one_sided_runaway,1H,6,3,3,REGIME-SPECIFIC
rising_atr_and_high_volume,one_sided_runaway,24H,6,6,0,UNIVERSAL
rising_atr_and_high_volume,one_sided_runaway,2H,6,1,5,REGIME-SPECIFIC
rising_atr_and_high_volume,one_sided_runaway,4H,6,0,6,UNIVERSAL
rising_atr_and_high_volume,one_sided_runaway,8H,6,1,5,REGIME-SPECIFIC
rising_atr_and_high_volume,oscillatory_path,12H,6,4,2,REGIME-SPECIFIC
rising_atr_and_high_volume,oscillatory_path,1H,6,5,1,REGIME-SPECIFIC
rising_atr_and_high_volume,oscillatory_path,24H,6,2,4,REGIME-SPECIFIC
rising_atr_and_high_volume,oscillatory_path,2H,6,3,3,REGIME-SPECIFIC
rising_atr_and_high_volume,oscillatory_path,4H,6,2,4,REGIME-SPECIFIC
rising_atr_and_high_volume,oscillatory_path,8H,6,5,1,REGIME-SPECIFIC
rising_atr_and_high_volume,path_inside_70,12H,6,5,1,REGIME-SPECIFIC
rising_atr_and_high_volume,path_inside_70,1H,6,3,3,REGIME-SPECIFIC
rising_atr_and_high_volume,path_inside_70,24H,6,5,1,REGIME-SPECIFIC
rising_atr_and_high_volume,path_inside_70,2H,6,6,0,UNIVERSAL
rising_atr_and_high_volume,path_inside_70,4H,6,5,1,REGIME-SPECIFIC
rising_atr_and_high_volume,path_inside_70,8H,6,6,0,UNIVERSAL
rising_atr_and_high_volume,range_breached,12H,6,1,5,REGIME-SPECIFIC
rising_atr_and_high_volume,range_breached,1H,6,3,3,REGIME-SPECIFIC
rising_atr_and_high_volume,range_breached,24H,6,1,5,REGIME-SPECIFIC
rising_atr_and_high_volume,range_breached,2H,6,0,6,UNIVERSAL
rising_atr_and_high_volume,range_breached,4H,6,1,5,REGIME-SPECIFIC
rising_atr_and_high_volume,range_breached,8H,6,0,6,UNIVERSAL
rising_atr_and_high_volume,range_held,12H,6,5,1,REGIME-SPECIFIC
rising_atr_and_high_volume,range_held,1H,6,3,3,REGIME-SPECIFIC
rising_atr_and_high_volume,range_held,24H,6,5,1,REGIME-SPECIFIC
rising_atr_and_high_volume,range_held,2H,6,6,0,UNIVERSAL
rising_atr_and_high_volume,range_held,4H,6,5,1,REGIME-SPECIFIC
rising_atr_and_high_volume,range_held,8H,6,6,0,UNIVERSAL
rising_atr_and_high_volume,realized_over_range_width_ge_1,12H,6,2,4,REGIME-SPECIFIC
rising_atr_and_high_volume,realized_over_range_width_ge_1,1H,6,2,4,REGIME-SPECIFIC
rising_atr_and_high_volume,realized_over_range_width_ge_1,24H,6,1,5,REGIME-SPECIFIC
rising_atr_and_high_volume,realized_over_range_width_ge_1,2H,6,0,6,UNIVERSAL
rising_atr_and_high_volume,realized_over_range_width_ge_1,4H,6,1,5,REGIME-SPECIFIC
rising_atr_and_high_volume,realized_over_range_width_ge_1,8H,6,0,6,UNIVERSAL
rising_atr_and_high_volume,trend_efficiency_high,12H,6,3,3,REGIME-SPECIFIC
rising_atr_and_high_volume,trend_efficiency_high,1H,6,4,2,REGIME-SPECIFIC
rising_atr_and_high_volume,trend_efficiency_high,24H,6,6,0,UNIVERSAL
rising_atr_and_high_volume,trend_efficiency_high,2H,6,1,5,REGIME-SPECIFIC
rising_atr_and_high_volume,trend_efficiency_high,4H,6,0,6,UNIVERSAL
rising_atr_and_high_volume,trend_efficiency_high,8H,6,1,5,REGIME-SPECIFIC
rising_atr_and_high_volume,upside_breakout_occurred,12H,6,1,5,REGIME-SPECIFIC
rising_atr_and_high_volume,upside_breakout_occurred,1H,6,4,2,REGIME-SPECIFIC
rising_atr_and_high_volume,upside_breakout_occurred,24H,6,1,5,REGIME-SPECIFIC
rising_atr_and_high_volume,upside_breakout_occurred,2H,6,3,3,REGIME-SPECIFIC
rising_atr_and_high_volume,upside_breakout_occurred,4H,6,1,5,REGIME-SPECIFIC
rising_atr_and_high_volume,upside_breakout_occurred,8H,6,1,5,REGIME-SPECIFIC
rising_rv_and_high_volume,downside_breakdown_occurred,12H,6,2,4,REGIME-SPECIFIC
rising_rv_and_high_volume,downside_breakdown_occurred,1H,6,3,3,REGIME-SPECIFIC
rising_rv_and_high_volume,downside_breakdown_occurred,24H,6,2,4,REGIME-SPECIFIC
rising_rv_and_high_volume,downside_breakdown_occurred,2H,6,0,6,UNIVERSAL
rising_rv_and_high_volume,downside_breakdown_occurred,4H,6,0,6,UNIVERSAL
rising_rv_and_high_volume,downside_breakdown_occurred,8H,6,1,5,REGIME-SPECIFIC
rising_rv_and_high_volume,fast_1atr_touch,1H,6,4,2,REGIME-SPECIFIC
rising_rv_and_high_volume,fast_1atr_touch,2H,6,4,1,REGIME-SPECIFIC
rising_rv_and_high_volume,fast_1atr_touch,4H,6,1,1,REGIME-SPECIFIC
rising_rv_and_high_volume,max_abs_excursion_ge_1_5_atr,12H,6,1,0,UNIVERSAL
rising_rv_and_high_volume,max_abs_excursion_ge_1_5_atr,1H,6,2,4,REGIME-SPECIFIC
rising_rv_and_high_volume,max_abs_excursion_ge_1_5_atr,2H,6,2,4,REGIME-SPECIFIC
rising_rv_and_high_volume,max_abs_excursion_ge_1_5_atr,4H,6,1,4,REGIME-SPECIFIC
rising_rv_and_high_volume,max_abs_excursion_ge_1_5_atr,8H,6,1,2,REGIME-SPECIFIC
rising_rv_and_high_volume,one_sided_runaway,12H,6,2,4,REGIME-SPECIFIC
rising_rv_and_high_volume,one_sided_runaway,1H,6,2,4,REGIME-SPECIFIC
rising_rv_and_high_volume,one_sided_runaway,24H,6,5,1,REGIME-SPECIFIC
rising_rv_and_high_volume,one_sided_runaway,2H,6,2,4,REGIME-SPECIFIC
rising_rv_and_high_volume,one_sided_runaway,4H,6,1,5,REGIME-SPECIFIC
rising_rv_and_high_volume,one_sided_runaway,8H,6,1,5,REGIME-SPECIFIC
rising_rv_and_high_volume,oscillatory_path,12H,6,4,2,REGIME-SPECIFIC
rising_rv_and_high_volume,oscillatory_path,1H,6,6,0,UNIVERSAL
rising_rv_and_high_volume,oscillatory_path,24H,6,2,4,REGIME-SPECIFIC
rising_rv_and_high_volume,oscillatory_path,2H,6,4,2,REGIME-SPECIFIC
rising_rv_and_high_volume,oscillatory_path,4H,6,2,4,REGIME-SPECIFIC
rising_rv_and_high_volume,oscillatory_path,8H,6,5,1,REGIME-SPECIFIC
rising_rv_and_high_volume,path_inside_70,12H,6,6,0,UNIVERSAL
rising_rv_and_high_volume,path_inside_70,1H,6,3,3,REGIME-SPECIFIC
rising_rv_and_high_volume,path_inside_70,24H,6,5,1,REGIME-SPECIFIC
rising_rv_and_high_volume,path_inside_70,2H,6,6,0,UNIVERSAL
rising_rv_and_high_volume,path_inside_70,4H,6,6,0,UNIVERSAL
rising_rv_and_high_volume,path_inside_70,8H,6,6,0,UNIVERSAL
rising_rv_and_high_volume,range_breached,12H,6,0,6,UNIVERSAL
rising_rv_and_high_volume,range_breached,1H,6,3,3,REGIME-SPECIFIC
rising_rv_and_high_volume,range_breached,24H,6,1,5,REGIME-SPECIFIC
rising_rv_and_high_volume,range_breached,2H,6,0,6,UNIVERSAL
rising_rv_and_high_volume,range_breached,4H,6,0,6,UNIVERSAL
rising_rv_and_high_volume,range_breached,8H,6,0,6,UNIVERSAL
rising_rv_and_high_volume,range_held,12H,6,6,0,UNIVERSAL
rising_rv_and_high_volume,range_held,1H,6,3,3,REGIME-SPECIFIC
rising_rv_and_high_volume,range_held,24H,6,5,1,REGIME-SPECIFIC
rising_rv_and_high_volume,range_held,2H,6,6,0,UNIVERSAL
rising_rv_and_high_volume,range_held,4H,6,6,0,UNIVERSAL
rising_rv_and_high_volume,range_held,8H,6,6,0,UNIVERSAL
rising_rv_and_high_volume,realized_over_range_width_ge_1,12H,6,1,5,REGIME-SPECIFIC
rising_rv_and_high_volume,realized_over_range_width_ge_1,1H,6,2,4,REGIME-SPECIFIC
rising_rv_and_high_volume,realized_over_range_width_ge_1,24H,6,0,6,UNIVERSAL
rising_rv_and_high_volume,realized_over_range_width_ge_1,2H,6,0,6,UNIVERSAL
rising_rv_and_high_volume,realized_over_range_width_ge_1,4H,6,1,5,REGIME-SPECIFIC
rising_rv_and_high_volume,realized_over_range_width_ge_1,8H,6,0,6,UNIVERSAL
rising_rv_and_high_volume,trend_efficiency_high,12H,6,2,4,REGIME-SPECIFIC
rising_rv_and_high_volume,trend_efficiency_high,1H,6,2,4,REGIME-SPECIFIC
rising_rv_and_high_volume,trend_efficiency_high,24H,6,5,1,REGIME-SPECIFIC
rising_rv_and_high_volume,trend_efficiency_high,2H,6,2,4,REGIME-SPECIFIC
rising_rv_and_high_volume,trend_efficiency_high,4H,6,1,5,REGIME-SPECIFIC
rising_rv_and_high_volume,trend_efficiency_high,8H,6,1,5,REGIME-SPECIFIC
rising_rv_and_high_volume,upside_breakout_occurred,12H,6,1,5,REGIME-SPECIFIC
rising_rv_and_high_volume,upside_breakout_occurred,1H,6,5,1,REGIME-SPECIFIC
rising_rv_and_high_volume,upside_breakout_occurred,24H,6,1,5,REGIME-SPECIFIC
rising_rv_and_high_volume,upside_breakout_occurred,2H,6,3,3,REGIME-SPECIFIC
rising_rv_and_high_volume,upside_breakout_occurred,4H,6,1,5,REGIME-SPECIFIC
rising_rv_and_high_volume,upside_breakout_occurred,8H,6,1,5,REGIME-SPECIFIC
