prediction_timestamp,state,threshold,threshold_semantics
2026-07-27 23:30:00+00:00,ema_spread_atr_12_48b__low_abs,0.5056076864851402,"expanding abs q30 using observations <= prediction_timestamp, min_periods=300"
2026-07-28 00:00:00+00:00,ema_spread_atr_12_48b__low_abs,0.5058271139467411,"expanding abs q30 using observations <= prediction_timestamp, min_periods=300"
2026-07-28 00:30:00+00:00,ema_spread_atr_12_48b__low_abs,0.5058423788731716,"expanding abs q30 using observations <= prediction_timestamp, min_periods=300"
2026-07-28 01:00:00+00:00,ema_spread_atr_12_48b__low_abs,0.5058576437996023,"expanding abs q30 using observations <= prediction_timestamp, min_periods=300"
2026-07-28 01:30:00+00:00,ema_spread_atr_12_48b__low_abs,0.5058962399993461,"expanding abs q30 using observations <= prediction_timestamp, min_periods=300"
2026-07-28 02:00:00+00:00,ema_spread_atr_12_48b__low_abs,0.505981498745716,"expanding abs q30 using observations <= prediction_timestamp, min_periods=300"
2026-07-28 02:30:00+00:00,ema_spread_atr_12_48b__low_abs,0.5060667574920859,"expanding abs q30 using observations <= prediction_timestamp, min_periods=300"
2026-07-28 03:00:00+00:00,ema_spread_atr_12_48b__low_abs,0.5061520162384557,"expanding abs q30 using observations <= prediction_timestamp, min_periods=300"
2026-07-28 03:30:00+00:00,ema_spread_atr_12_48b__low_abs,0.5061866848870787,"expanding abs q30 using observations <= prediction_timestamp, min_periods=300"
2026-07-28 04:00:00+00:00,ema_spread_atr_12_48b__low_abs,0.5062213535357019,"expanding abs q30 using observations <= prediction_timestamp, min_periods=300"
2026-07-28 04:30:00+00:00,ema_spread_atr_12_48b__low_abs,0.5062560221843249,"expanding abs q30 using observations <= prediction_timestamp, min_periods=300"
2026-07-28 05:00:00+00:00,ema_spread_atr_12_48b__low_abs,0.5064813747284681,"expanding abs q30 using observations <= prediction_timestamp, min_periods=300"
2026-07-28 05:30:00+00:00,ema_spread_atr_12_48b__low_abs,0.5062097973194941,"expanding abs q30 using observations <= prediction_timestamp, min_periods=300"
2026-07-28 06:00:00+00:00,ema_spread_atr_12_48b__low_abs,0.5060951770742091,"expanding abs q30 using observations <= prediction_timestamp, min_periods=300"
2026-07-28 06:30:00+00:00,ema_spread_atr_12_48b__low_abs,0.5058962399993461,"expanding abs q30 using observations <= prediction_timestamp, min_periods=300"
2026-07-28 07:00:00+00:00,ema_spread_atr_12_48b__low_abs,0.505981498745716,"expanding abs q30 using observations <= prediction_timestamp, min_periods=300"
2026-07-28 07:30:00+00:00,ema_spread_atr_12_48b__low_abs,0.5060667574920859,"expanding abs q30 using observations <= prediction_timestamp, min_periods=300"
2026-07-28 08:00:00+00:00,ema_spread_atr_12_48b__low_abs,0.5058678204172228,"expanding abs q30 using observations <= prediction_timestamp, min_periods=300"
2026-07-28 08:30:00+00:00,ema_spread_atr_12_48b__low_abs,0.5058322022555513,"expanding abs q30 using observations <= prediction_timestamp, min_periods=300"
2026-07-28 09:00:00+00:00,ema_spread_atr_12_48b__low_abs,0.5049799339531988,"expanding abs q30 using observations <= prediction_timestamp, min_periods=300"
2026-07-28 09:30:00+00:00,ema_spread_atr_12_48b__low_abs,0.5037230902745597,"expanding abs q30 using observations <= prediction_timestamp, min_periods=300"
2026-07-28 10:00:00+00:00,ema_spread_atr_12_48b__low_abs,0.5041429305772774,"expanding abs q30 using observations <= prediction_timestamp, min_periods=300"
2026-07-28 10:30:00+00:00,ema_spread_atr_12_48b__low_abs,0.5047706831092187,"expanding abs q30 using observations <= prediction_timestamp, min_periods=300"
2026-07-28 11:00:00+00:00,ema_spread_atr_12_48b__low_abs,0.5053984356411597,"expanding abs q30 using observations <= prediction_timestamp, min_periods=300"
2026-07-28 11:30:00+00:00,ema_spread_atr_12_48b__low_abs,0.5058220256379308,"expanding abs q30 using observations <= prediction_timestamp, min_periods=300"
2026-07-28 12:00:00+00:00,ema_spread_atr_12_48b__low_abs,0.5058372905643614,"expanding abs q30 using observations <= prediction_timestamp, min_periods=300"
2026-07-28 12:30:00+00:00,ema_spread_atr_12_48b__low_abs,0.5051891847971793,"expanding abs q30 using observations <= prediction_timestamp, min_periods=300"
2026-07-28 13:00:00+00:00,ema_spread_atr_12_48b__low_abs,0.5058169373291206,"expanding abs q30 using observations <= prediction_timestamp, min_periods=300"
2026-07-28 13:30:00+00:00,ema_spread_atr_12_48b__low_abs,0.5058322022555513,"expanding abs q30 using observations <= prediction_timestamp, min_periods=300"
2026-07-28 14:00:00+00:00,ema_spread_atr_12_48b__low_abs,0.5058474671819819,"expanding abs q30 using observations <= prediction_timestamp, min_periods=300"
2026-07-28 14:30:00+00:00,ema_spread_atr_12_48b__low_abs,0.5058627321084126,"expanding abs q30 using observations <= prediction_timestamp, min_periods=300"
2026-07-28 15:00:00+00:00,ema_spread_atr_12_48b__low_abs,0.5058271139467411,"expanding abs q30 using observations <= prediction_timestamp, min_periods=300"
2026-07-28 15:30:00+00:00,ema_spread_atr_12_48b__low_abs,0.5058423788731716,"expanding abs q30 using observations <= prediction_timestamp, min_periods=300"
2026-07-28 16:00:00+00:00,ema_spread_atr_12_48b__low_abs,0.5058576437996023,"expanding abs q30 using observations <= prediction_timestamp, min_periods=300"
2026-07-28 16:30:00+00:00,ema_spread_atr_12_48b__low_abs,0.5058962399993461,"expanding abs q30 using observations <= prediction_timestamp, min_periods=300"
2026-07-28 17:00:00+00:00,ema_spread_atr_12_48b__low_abs,0.505981498745716,"expanding abs q30 using observations <= prediction_timestamp, min_periods=300"
2026-07-28 17:30:00+00:00,ema_spread_atr_12_48b__low_abs,0.5060667574920859,"expanding abs q30 using observations <= prediction_timestamp, min_periods=300"
2026-07-28 18:00:00+00:00,ema_spread_atr_12_48b__low_abs,0.5058678204172228,"expanding abs q30 using observations <= prediction_timestamp, min_periods=300"
2026-07-28 18:30:00+00:00,ema_spread_atr_12_48b__low_abs,0.5058322022555513,"expanding abs q30 using observations <= prediction_timestamp, min_periods=300"
2026-07-28 19:00:00+00:00,ema_spread_atr_12_48b__low_abs,0.5058474671819819,"expanding abs q30 using observations <= prediction_timestamp, min_periods=300"
2026-07-28 19:30:00+00:00,ema_spread_atr_12_48b__low_abs,0.5058627321084126,"expanding abs q30 using observations <= prediction_timestamp, min_periods=300"
2026-07-28 20:00:00+00:00,ema_spread_atr_12_48b__low_abs,0.5059246595814694,"expanding abs q30 using observations <= prediction_timestamp, min_periods=300"
2026-07-28 20:30:00+00:00,ema_spread_atr_12_48b__low_abs,0.5060099183278393,"expanding abs q30 using observations <= prediction_timestamp, min_periods=300"
2026-07-28 21:00:00+00:00,ema_spread_atr_12_48b__low_abs,0.5060951770742091,"expanding abs q30 using observations <= prediction_timestamp, min_periods=300"
2026-07-28 21:30:00+00:00,ema_spread_atr_12_48b__low_abs,0.5061635724546634,"expanding abs q30 using observations <= prediction_timestamp, min_periods=300"
2026-07-28 22:00:00+00:00,ema_spread_atr_12_48b__low_abs,0.5061982411032865,"expanding abs q30 using observations <= prediction_timestamp, min_periods=300"
2026-07-28 22:30:00+00:00,ema_spread_atr_12_48b__low_abs,0.5062329097519095,"expanding abs q30 using observations <= prediction_timestamp, min_periods=300"
2026-07-28 23:00:00+00:00,ema_spread_atr_12_48b__low_abs,0.5062675784005326,"expanding abs q30 using observations <= prediction_timestamp, min_periods=300"
2026-07-28 23:30:00+00:00,ema_spread_atr_12_48b__low_abs,0.5065882728924358,"expanding abs q30 using observations <= prediction_timestamp, min_periods=300"
2026-07-29 00:00:00+00:00,ema_spread_atr_12_48b__low_abs,0.5062213535357019,"expanding abs q30 using observations <= prediction_timestamp, min_periods=300"
2026-07-29 00:30:00+00:00,ema_spread_atr_12_48b__low_abs,0.5062560221843249,"expanding abs q30 using observations <= prediction_timestamp, min_periods=300"
2026-07-29 01:00:00+00:00,ema_spread_atr_12_48b__low_abs,0.5061751286708711,"expanding abs q30 using observations <= prediction_timestamp, min_periods=300"
2026-07-29 01:30:00+00:00,ema_spread_atr_12_48b__low_abs,0.5060099183278393,"expanding abs q30 using observations <= prediction_timestamp, min_periods=300"
2026-07-29 02:00:00+00:00,ema_spread_atr_12_48b__low_abs,0.5060951770742091,"expanding abs q30 using observations <= prediction_timestamp, min_periods=300"
2026-07-29 02:30:00+00:00,ema_spread_atr_12_48b__low_abs,0.5061635724546634,"expanding abs q30 using observations <= prediction_timestamp, min_periods=300"
2026-07-29 03:00:00+00:00,ema_spread_atr_12_48b__low_abs,0.5061982411032865,"expanding abs q30 using observations <= prediction_timestamp, min_periods=300"
2026-07-29 03:30:00+00:00,ema_spread_atr_12_48b__low_abs,0.5062329097519095,"expanding abs q30 using observations <= prediction_timestamp, min_periods=300"
2026-07-29 04:00:00+00:00,ema_spread_atr_12_48b__low_abs,0.5062675784005326,"expanding abs q30 using observations <= prediction_timestamp, min_periods=300"
2026-07-29 04:30:00+00:00,ema_spread_atr_12_48b__low_abs,0.5065882728924358,"expanding abs q30 using observations <= prediction_timestamp, min_periods=300"
2026-07-29 05:00:00+00:00,ema_spread_atr_12_48b__low_abs,0.5069089673843391,"expanding abs q30 using observations <= prediction_timestamp, min_periods=300"
2026-07-29 05:30:00+00:00,ema_spread_atr_12_48b__low_abs,0.5062560221843249,"expanding abs q30 using observations <= prediction_timestamp, min_periods=300"
2026-07-29 06:00:00+00:00,ema_spread_atr_12_48b__low_abs,0.5064813747284681,"expanding abs q30 using observations <= prediction_timestamp, min_periods=300"
2026-07-29 06:30:00+00:00,ema_spread_atr_12_48b__low_abs,0.5068020692203714,"expanding abs q30 using observations <= prediction_timestamp, min_periods=300"
2026-07-29 07:00:00+00:00,ema_spread_atr_12_48b__low_abs,0.5071227637122746,"expanding abs q30 using observations <= prediction_timestamp, min_periods=300"
2026-07-29 07:30:00+00:00,ema_spread_atr_12_48b__low_abs,0.5073878651851301,"expanding abs q30 using observations <= prediction_timestamp, min_periods=300"
2026-07-29 08:00:00+00:00,ema_spread_atr_12_48b__low_abs,0.5075417806198902,"expanding abs q30 using observations <= prediction_timestamp, min_periods=300"
2026-07-29 08:30:00+00:00,ema_spread_atr_12_48b__low_abs,0.5076956960546501,"expanding abs q30 using observations <= prediction_timestamp, min_periods=300"
2026-07-29 09:00:00+00:00,ema_spread_atr_12_48b__low_abs,0.5078496114894101,"expanding abs q30 using observations <= prediction_timestamp, min_periods=300"
2026-07-29 09:30:00+00:00,ema_spread_atr_12_48b__low_abs,0.5082627744733482,"expanding abs q30 using observations <= prediction_timestamp, min_periods=300"
2026-07-29 10:00:00+00:00,ema_spread_atr_12_48b__low_abs,0.5086759374572865,"expanding abs q30 using observations <= prediction_timestamp, min_periods=300"
2026-07-29 10:30:00+00:00,ema_spread_atr_12_48b__low_abs,0.5090891004412247,"expanding abs q30 using observations <= prediction_timestamp, min_periods=300"
2026-07-29 11:00:00+00:00,ema_spread_atr_12_48b__low_abs,0.5081250534787022,"expanding abs q30 using observations <= prediction_timestamp, min_periods=300"
2026-07-29 11:30:00+00:00,ema_spread_atr_12_48b__low_abs,0.5085382164626404,"expanding abs q30 using observations <= prediction_timestamp, min_periods=300"
2026-07-29 12:00:00+00:00,ema_spread_atr_12_48b__low_abs,0.5089513794465786,"expanding abs q30 using observations <= prediction_timestamp, min_periods=300"
2026-07-29 12:30:00+00:00,ema_spread_atr_12_48b__low_abs,0.5092347066403595,"expanding abs q30 using observations <= prediction_timestamp, min_periods=300"
2026-07-29 13:00:00+00:00,ema_spread_atr_12_48b__low_abs,0.5092583622538257,"expanding abs q30 using observations <= prediction_timestamp, min_periods=300"
2026-07-29 13:30:00+00:00,ema_spread_atr_12_48b__low_abs,0.5092820178672918,"expanding abs q30 using observations <= prediction_timestamp, min_periods=300"
2026-07-29 14:00:00+00:00,ema_spread_atr_12_48b__low_abs,0.509305673480758,"expanding abs q30 using observations <= prediction_timestamp, min_periods=300"
2026-07-29 14:30:00+00:00,ema_spread_atr_12_48b__low_abs,0.5095253194137724,"expanding abs q30 using observations <= prediction_timestamp, min_periods=300"
2026-07-29 15:00:00+00:00,ema_spread_atr_12_48b__low_abs,0.5097449653467869,"expanding abs q30 using observations <= prediction_timestamp, min_periods=300"
2026-07-29 15:30:00+00:00,ema_spread_atr_12_48b__low_abs,0.5099646112798015,"expanding abs q30 using observations <= prediction_timestamp, min_periods=300"
2026-07-29 16:00:00+00:00,ema_spread_atr_12_48b__low_abs,0.5100575618632316,"expanding abs q30 using observations <= prediction_timestamp, min_periods=300"
2026-07-29 16:30:00+00:00,ema_spread_atr_12_48b__low_abs,0.5100871647718694,"expanding abs q30 using observations <= prediction_timestamp, min_periods=300"
2026-07-29 17:00:00+00:00,ema_spread_atr_12_48b__low_abs,0.5101167676805072,"expanding abs q30 using observations <= prediction_timestamp, min_periods=300"
2026-07-29 17:30:00+00:00,ema_spread_atr_12_48b__low_abs,0.510047694227019,"expanding abs q30 using observations <= prediction_timestamp, min_periods=300"
2026-07-29 18:00:00+00:00,ema_spread_atr_12_48b__low_abs,0.5100772971356567,"expanding abs q30 using observations <= prediction_timestamp, min_periods=300"
2026-07-29 18:30:00+00:00,ema_spread_atr_12_48b__low_abs,0.5101069000442946,"expanding abs q30 using observations <= prediction_timestamp, min_periods=300"
2026-07-29 19:00:00+00:00,ema_spread_atr_12_48b__low_abs,0.5101365029529323,"expanding abs q30 using observations <= prediction_timestamp, min_periods=300"
2026-07-29 19:30:00+00:00,ema_spread_atr_12_48b__low_abs,0.5100674294994442,"expanding abs q30 using observations <= prediction_timestamp, min_periods=300"
2026-07-29 20:00:00+00:00,ema_spread_atr_12_48b__low_abs,0.510097032408082,"expanding abs q30 using observations <= prediction_timestamp, min_periods=300"
2026-07-29 20:30:00+00:00,ema_spread_atr_12_48b__low_abs,0.5101266353167198,"expanding abs q30 using observations <= prediction_timestamp, min_periods=300"
2026-07-29 21:00:00+00:00,ema_spread_atr_12_48b__low_abs,0.510292013212942,"expanding abs q30 using observations <= prediction_timestamp, min_periods=300"
2026-07-29 21:30:00+00:00,ema_spread_atr_12_48b__low_abs,0.5105252786029568,"expanding abs q30 using observations <= prediction_timestamp, min_periods=300"
2026-07-29 22:00:00+00:00,ema_spread_atr_12_48b__low_abs,0.5101167676805072,"expanding abs q30 using observations <= prediction_timestamp, min_periods=300"
2026-07-29 22:30:00+00:00,ema_spread_atr_12_48b__low_abs,0.5102142580829372,"expanding abs q30 using observations <= prediction_timestamp, min_periods=300"
2026-07-29 23:00:00+00:00,ema_spread_atr_12_48b__low_abs,0.5104475234729519,"expanding abs q30 using observations <= prediction_timestamp, min_periods=300"
2026-07-29 23:30:00+00:00,ema_spread_atr_12_48b__low_abs,0.5106807888629665,"expanding abs q30 using observations <= prediction_timestamp, min_periods=300"
2026-07-30 00:00:00+00:00,ema_spread_atr_12_48b__low_abs,0.5109140542529812,"expanding abs q30 using observations <= prediction_timestamp, min_periods=300"
2026-07-30 00:30:00+00:00,ema_spread_atr_12_48b__low_abs,0.5111113802207672,"expanding abs q30 using observations <= prediction_timestamp, min_periods=300"
2026-07-30 01:00:00+00:00,ema_spread_atr_12_48b__low_abs,0.5106030337329616,"expanding abs q30 using observations <= prediction_timestamp, min_periods=300"
2026-07-30 01:30:00+00:00,ema_spread_atr_12_48b__low_abs,0.5101266353167198,"expanding abs q30 using observations <= prediction_timestamp, min_periods=300"
2026-07-30 02:00:00+00:00,ema_spread_atr_12_48b__low_abs,0.510292013212942,"expanding abs q30 using observations <= prediction_timestamp, min_periods=300"
2026-07-30 02:30:00+00:00,ema_spread_atr_12_48b__low_abs,0.5105252786029568,"expanding abs q30 using observations <= prediction_timestamp, min_periods=300"
2026-07-30 03:00:00+00:00,ema_spread_atr_12_48b__low_abs,0.5107585439929714,"expanding abs q30 using observations <= prediction_timestamp, min_periods=300"
2026-07-30 03:30:00+00:00,ema_spread_atr_12_48b__low_abs,0.5109798295755765,"expanding abs q30 using observations <= prediction_timestamp, min_periods=300"
2026-07-30 04:00:00+00:00,ema_spread_atr_12_48b__low_abs,0.5104475234729519,"expanding abs q30 using observations <= prediction_timestamp, min_periods=300"
2026-07-30 04:30:00+00:00,ema_spread_atr_12_48b__low_abs,0.5101069000442946,"expanding abs q30 using observations <= prediction_timestamp, min_periods=300"
2026-07-30 05:00:00+00:00,ema_spread_atr_12_48b__low_abs,0.5101365029529323,"expanding abs q30 using observations <= prediction_timestamp, min_periods=300"
2026-07-30 05:30:00+00:00,ema_spread_atr_12_48b__low_abs,0.510369768342947,"expanding abs q30 using observations <= prediction_timestamp, min_periods=300"
2026-07-30 06:00:00+00:00,ema_spread_atr_12_48b__low_abs,0.510097032408082,"expanding abs q30 using observations <= prediction_timestamp, min_periods=300"
2026-07-30 06:30:00+00:00,ema_spread_atr_12_48b__low_abs,0.5101266353167198,"expanding abs q30 using observations <= prediction_timestamp, min_periods=300"
2026-07-30 07:00:00+00:00,ema_spread_atr_12_48b__low_abs,0.510292013212942,"expanding abs q30 using observations <= prediction_timestamp, min_periods=300"
2026-07-30 07:30:00+00:00,ema_spread_atr_12_48b__low_abs,0.5100871647718694,"expanding abs q30 using observations <= prediction_timestamp, min_periods=300"
2026-07-30 08:00:00+00:00,ema_spread_atr_12_48b__low_abs,0.5098913959687967,"expanding abs q30 using observations <= prediction_timestamp, min_periods=300"
2026-07-30 08:30:00+00:00,ema_spread_atr_12_48b__low_abs,0.510047694227019,"expanding abs q30 using observations <= prediction_timestamp, min_periods=300"
2026-07-30 09:00:00+00:00,ema_spread_atr_12_48b__low_abs,0.5100772971356567,"expanding abs q30 using observations <= prediction_timestamp, min_periods=300"
2026-07-30 09:30:00+00:00,ema_spread_atr_12_48b__low_abs,0.5101069000442946,"expanding abs q30 using observations <= prediction_timestamp, min_periods=300"
2026-07-30 10:00:00+00:00,ema_spread_atr_12_48b__low_abs,0.5101365029529323,"expanding abs q30 using observations <= prediction_timestamp, min_periods=300"
2026-07-30 10:30:00+00:00,ema_spread_atr_12_48b__low_abs,0.510369768342947,"expanding abs q30 using observations <= prediction_timestamp, min_periods=300"
2026-07-30 11:00:00+00:00,ema_spread_atr_12_48b__low_abs,0.5106030337329616,"expanding abs q30 using observations <= prediction_timestamp, min_periods=300"
2026-07-30 11:30:00+00:00,ema_spread_atr_12_48b__low_abs,0.5108362991229763,"expanding abs q30 using observations <= prediction_timestamp, min_periods=300"
2026-07-30 12:00:00+00:00,ema_spread_atr_12_48b__low_abs,0.5110456048981719,"expanding abs q30 using observations <= prediction_timestamp, min_periods=300"
2026-07-30 12:30:00+00:00,ema_spread_atr_12_48b__low_abs,0.511242930865958,"expanding abs q30 using observations <= prediction_timestamp, min_periods=300"
2026-07-30 13:00:00+00:00,ema_spread_atr_12_48b__low_abs,0.511440256833744,"expanding abs q30 using observations <= prediction_timestamp, min_periods=300"
2026-07-30 13:30:00+00:00,ema_spread_atr_12_48b__low_abs,0.5116351258425227,"expanding abs q30 using observations <= prediction_timestamp, min_periods=300"
2026-07-30 14:00:00+00:00,ema_spread_atr_12_48b__low_abs,0.511825080933287,"expanding abs q30 using observations <= prediction_timestamp, min_periods=300"
2026-07-30 14:30:00+00:00,ema_spread_atr_12_48b__low_abs,0.5113744815111486,"expanding abs q30 using observations <= prediction_timestamp, min_periods=300"
2026-07-30 15:00:00+00:00,ema_spread_atr_12_48b__low_abs,0.5109140542529812,"expanding abs q30 using observations <= prediction_timestamp, min_periods=300"
2026-07-30 15:30:00+00:00,ema_spread_atr_12_48b__low_abs,0.510369768342947,"expanding abs q30 using observations <= prediction_timestamp, min_periods=300"
2026-07-30 16:00:00+00:00,ema_spread_atr_12_48b__low_abs,0.510097032408082,"expanding abs q30 using observations <= prediction_timestamp, min_periods=300"
2026-07-30 16:30:00+00:00,ema_spread_atr_12_48b__low_abs,0.5099646112798015,"expanding abs q30 using observations <= prediction_timestamp, min_periods=300"
2026-07-30 17:00:00+00:00,ema_spread_atr_12_48b__low_abs,0.5094521041027676,"expanding abs q30 using observations <= prediction_timestamp, min_periods=300"
2026-07-30 17:30:00+00:00,ema_spread_atr_12_48b__low_abs,0.5092662474583144,"expanding abs q30 using observations <= prediction_timestamp, min_periods=300"
2026-07-30 18:00:00+00:00,ema_spread_atr_12_48b__low_abs,0.5089513794465786,"expanding abs q30 using observations <= prediction_timestamp, min_periods=300"
2026-07-30 18:30:00+00:00,ema_spread_atr_12_48b__low_abs,0.507987332484056,"expanding abs q30 using observations <= prediction_timestamp, min_periods=300"
2026-07-30 19:00:00+00:00,ema_spread_atr_12_48b__low_abs,0.5075417806198902,"expanding abs q30 using observations <= prediction_timestamp, min_periods=300"
2026-07-30 19:30:00+00:00,ema_spread_atr_12_48b__low_abs,0.5076956960546501,"expanding abs q30 using observations <= prediction_timestamp, min_periods=300"
2026-07-30 20:00:00+00:00,ema_spread_atr_12_48b__low_abs,0.5078496114894101,"expanding abs q30 using observations <= prediction_timestamp, min_periods=300"
2026-07-30 20:30:00+00:00,ema_spread_atr_12_48b__low_abs,0.5074904754749702,"expanding abs q30 using observations <= prediction_timestamp, min_periods=300"
2026-07-30 21:00:00+00:00,ema_spread_atr_12_48b__low_abs,0.5069089673843391,"expanding abs q30 using observations <= prediction_timestamp, min_periods=300"
2026-07-30 21:30:00+00:00,ema_spread_atr_12_48b__low_abs,0.5062560221843249,"expanding abs q30 using observations <= prediction_timestamp, min_periods=300"
2026-07-30 22:00:00+00:00,ema_spread_atr_12_48b__low_abs,0.5061751286708711,"expanding abs q30 using observations <= prediction_timestamp, min_periods=300"
2026-07-30 22:30:00+00:00,ema_spread_atr_12_48b__low_abs,0.5062097973194941,"expanding abs q30 using observations <= prediction_timestamp, min_periods=300"
2026-07-30 23:00:00+00:00,ema_spread_atr_12_48b__low_abs,0.5062444659681172,"expanding abs q30 using observations <= prediction_timestamp, min_periods=300"
2026-07-30 23:30:00+00:00,ema_spread_atr_12_48b__low_abs,0.5063744765645003,"expanding abs q30 using observations <= prediction_timestamp, min_periods=300"
2026-07-31 00:00:00+00:00,ema_spread_atr_12_48b__low_abs,0.5061982411032865,"expanding abs q30 using observations <= prediction_timestamp, min_periods=300"
2026-07-31 00:30:00+00:00,ema_spread_atr_12_48b__low_abs,0.5062329097519095,"expanding abs q30 using observations <= prediction_timestamp, min_periods=300"
2026-07-31 01:00:00+00:00,ema_spread_atr_12_48b__low_abs,0.5062675784005326,"expanding abs q30 using observations <= prediction_timestamp, min_periods=300"
2026-07-31 01:30:00+00:00,ema_spread_atr_12_48b__low_abs,0.5061866848870787,"expanding abs q30 using observations <= prediction_timestamp, min_periods=300"
2026-07-31 02:00:00+00:00,ema_spread_atr_12_48b__low_abs,0.5062213535357019,"expanding abs q30 using observations <= prediction_timestamp, min_periods=300"
2026-07-31 02:30:00+00:00,ema_spread_atr_12_48b__low_abs,0.5062560221843249,"expanding abs q30 using observations <= prediction_timestamp, min_periods=300"
2026-07-31 03:00:00+00:00,ema_spread_atr_12_48b__low_abs,0.5064813747284681,"expanding abs q30 using observations <= prediction_timestamp, min_periods=300"
2026-07-31 03:30:00+00:00,ema_spread_atr_12_48b__low_abs,0.5068020692203714,"expanding abs q30 using observations <= prediction_timestamp, min_periods=300"
2026-07-31 04:00:00+00:00,ema_spread_atr_12_48b__low_abs,0.5071227637122746,"expanding abs q30 using observations <= prediction_timestamp, min_periods=300"
2026-07-31 04:30:00+00:00,ema_spread_atr_12_48b__low_abs,0.5073878651851301,"expanding abs q30 using observations <= prediction_timestamp, min_periods=300"
2026-07-31 05:00:00+00:00,ema_spread_atr_12_48b__low_abs,0.5075417806198902,"expanding abs q30 using observations <= prediction_timestamp, min_periods=300"
2026-07-31 05:30:00+00:00,ema_spread_atr_12_48b__low_abs,0.5076956960546501,"expanding abs q30 using observations <= prediction_timestamp, min_periods=300"
2026-07-31 06:00:00+00:00,ema_spread_atr_12_48b__low_abs,0.5078496114894101,"expanding abs q30 using observations <= prediction_timestamp, min_periods=300"
2026-07-31 06:30:00+00:00,ema_spread_atr_12_48b__low_abs,0.5074904754749702,"expanding abs q30 using observations <= prediction_timestamp, min_periods=300"
2026-07-31 07:00:00+00:00,ema_spread_atr_12_48b__low_abs,0.5076443909097301,"expanding abs q30 using observations <= prediction_timestamp, min_periods=300"
2026-07-31 07:30:00+00:00,ema_spread_atr_12_48b__low_abs,0.5077983063444901,"expanding abs q30 using observations <= prediction_timestamp, min_periods=300"
2026-07-31 08:00:00+00:00,ema_spread_atr_12_48b__low_abs,0.5081250534787022,"expanding abs q30 using observations <= prediction_timestamp, min_periods=300"
2026-07-31 08:30:00+00:00,ema_spread_atr_12_48b__low_abs,0.5085382164626404,"expanding abs q30 using observations <= prediction_timestamp, min_periods=300"
2026-07-31 09:00:00+00:00,ema_spread_atr_12_48b__low_abs,0.5089513794465786,"expanding abs q30 using observations <= prediction_timestamp, min_periods=300"
2026-07-31 09:30:00+00:00,ema_spread_atr_12_48b__low_abs,0.5092347066403595,"expanding abs q30 using observations <= prediction_timestamp, min_periods=300"
2026-07-31 10:00:00+00:00,ema_spread_atr_12_48b__low_abs,0.5092583622538257,"expanding abs q30 using observations <= prediction_timestamp, min_periods=300"
2026-07-31 10:30:00+00:00,ema_spread_atr_12_48b__low_abs,0.5092820178672918,"expanding abs q30 using observations <= prediction_timestamp, min_periods=300"
2026-07-31 11:00:00+00:00,ema_spread_atr_12_48b__low_abs,0.509305673480758,"expanding abs q30 using observations <= prediction_timestamp, min_periods=300"
2026-07-31 11:30:00+00:00,ema_spread_atr_12_48b__low_abs,0.5095253194137724,"expanding abs q30 using observations <= prediction_timestamp, min_periods=300"
2026-07-31 12:00:00+00:00,ema_spread_atr_12_48b__low_abs,0.5097449653467869,"expanding abs q30 using observations <= prediction_timestamp, min_periods=300"
2026-07-31 12:30:00+00:00,ema_spread_atr_12_48b__low_abs,0.5099646112798015,"expanding abs q30 using observations <= prediction_timestamp, min_periods=300"
2026-07-31 13:00:00+00:00,ema_spread_atr_12_48b__low_abs,0.5100575618632316,"expanding abs q30 using observations <= prediction_timestamp, min_periods=300"
2026-07-31 13:30:00+00:00,ema_spread_atr_12_48b__low_abs,0.5096717500357821,"expanding abs q30 using observations <= prediction_timestamp, min_periods=300"
2026-07-31 14:00:00+00:00,ema_spread_atr_12_48b__low_abs,0.5098913959687967,"expanding abs q30 using observations <= prediction_timestamp, min_periods=300"
2026-07-31 14:30:00+00:00,ema_spread_atr_12_48b__low_abs,0.510047694227019,"expanding abs q30 using observations <= prediction_timestamp, min_periods=300"
2026-07-31 15:00:00+00:00,ema_spread_atr_12_48b__low_abs,0.5100772971356567,"expanding abs q30 using observations <= prediction_timestamp, min_periods=300"
2026-07-31 15:30:00+00:00,ema_spread_atr_12_48b__low_abs,0.5101069000442946,"expanding abs q30 using observations <= prediction_timestamp, min_periods=300"
2026-07-31 16:00:00+00:00,ema_spread_atr_12_48b__low_abs,0.5101365029529323,"expanding abs q30 using observations <= prediction_timestamp, min_periods=300"
2026-07-31 16:30:00+00:00,ema_spread_atr_12_48b__low_abs,0.510369768342947,"expanding abs q30 using observations <= prediction_timestamp, min_periods=300"
2026-07-31 17:00:00+00:00,ema_spread_atr_12_48b__low_abs,0.5106030337329616,"expanding abs q30 using observations <= prediction_timestamp, min_periods=300"
2026-07-31 17:30:00+00:00,ema_spread_atr_12_48b__low_abs,0.5101266353167198,"expanding abs q30 using observations <= prediction_timestamp, min_periods=300"
2026-07-31 18:00:00+00:00,ema_spread_atr_12_48b__low_abs,0.510292013212942,"expanding abs q30 using observations <= prediction_timestamp, min_periods=300"
2026-07-31 18:30:00+00:00,ema_spread_atr_12_48b__low_abs,0.5100871647718694,"expanding abs q30 using observations <= prediction_timestamp, min_periods=300"
2026-07-31 19:00:00+00:00,ema_spread_atr_12_48b__low_abs,0.5098913959687967,"expanding abs q30 using observations <= prediction_timestamp, min_periods=300"
2026-07-31 19:30:00+00:00,ema_spread_atr_12_48b__low_abs,0.5093788887917627,"expanding abs q30 using observations <= prediction_timestamp, min_periods=300"
2026-07-31 20:00:00+00:00,ema_spread_atr_12_48b__low_abs,0.5092583622538257,"expanding abs q30 using observations <= prediction_timestamp, min_periods=300"
2026-07-31 20:30:00+00:00,ema_spread_atr_12_48b__low_abs,0.5088136584519325,"expanding abs q30 using observations <= prediction_timestamp, min_periods=300"
2026-07-31 21:00:00+00:00,ema_spread_atr_12_48b__low_abs,0.5092268214358708,"expanding abs q30 using observations <= prediction_timestamp, min_periods=300"
2026-07-31 21:30:00+00:00,ema_spread_atr_12_48b__low_abs,0.509250477049337,"expanding abs q30 using observations <= prediction_timestamp, min_periods=300"
2026-07-31 22:00:00+00:00,ema_spread_atr_12_48b__low_abs,0.5092741326628031,"expanding abs q30 using observations <= prediction_timestamp, min_periods=300"
2026-07-31 22:30:00+00:00,ema_spread_atr_12_48b__low_abs,0.5092977882762693,"expanding abs q30 using observations <= prediction_timestamp, min_periods=300"
2026-07-31 23:00:00+00:00,ema_spread_atr_12_48b__low_abs,0.5094521041027676,"expanding abs q30 using observations <= prediction_timestamp, min_periods=300"
2026-07-31 23:30:00+00:00,ema_spread_atr_12_48b__low_abs,0.5096717500357821,"expanding abs q30 using observations <= prediction_timestamp, min_periods=300"
2026-08-01 00:00:00+00:00,ema_spread_atr_12_48b__low_abs,0.5098913959687967,"expanding abs q30 using observations <= prediction_timestamp, min_periods=300"
2026-08-01 00:30:00+00:00,ema_spread_atr_12_48b__low_abs,0.5093788887917627,"expanding abs q30 using observations <= prediction_timestamp, min_periods=300"
2026-08-01 01:00:00+00:00,ema_spread_atr_12_48b__low_abs,0.5095985347247773,"expanding abs q30 using observations <= prediction_timestamp, min_periods=300"
2026-08-01 01:30:00+00:00,ema_spread_atr_12_48b__low_abs,0.5092820178672918,"expanding abs q30 using observations <= prediction_timestamp, min_periods=300"
2026-08-01 02:00:00+00:00,ema_spread_atr_12_48b__low_abs,0.509305673480758,"expanding abs q30 using observations <= prediction_timestamp, min_periods=300"
2026-08-01 02:30:00+00:00,ema_spread_atr_12_48b__low_abs,0.5095253194137724,"expanding abs q30 using observations <= prediction_timestamp, min_periods=300"
2026-08-01 03:00:00+00:00,ema_spread_atr_12_48b__low_abs,0.5097449653467869,"expanding abs q30 using observations <= prediction_timestamp, min_periods=300"
2026-08-01 03:30:00+00:00,ema_spread_atr_12_48b__low_abs,0.5099646112798015,"expanding abs q30 using observations <= prediction_timestamp, min_periods=300"
2026-08-01 04:00:00+00:00,ema_spread_atr_12_48b__low_abs,0.5100575618632316,"expanding abs q30 using observations <= prediction_timestamp, min_periods=300"
2026-08-01 04:30:00+00:00,ema_spread_atr_12_48b__low_abs,0.5100871647718694,"expanding abs q30 using observations <= prediction_timestamp, min_periods=300"
2026-08-01 05:00:00+00:00,ema_spread_atr_12_48b__low_abs,0.5101167676805072,"expanding abs q30 using observations <= prediction_timestamp, min_periods=300"
2026-08-01 05:30:00+00:00,ema_spread_atr_12_48b__low_abs,0.5102142580829372,"expanding abs q30 using observations <= prediction_timestamp, min_periods=300"
2026-08-01 06:00:00+00:00,ema_spread_atr_12_48b__low_abs,0.5100772971356567,"expanding abs q30 using observations <= prediction_timestamp, min_periods=300"
2026-08-01 06:30:00+00:00,ema_spread_atr_12_48b__low_abs,0.5098181806577918,"expanding abs q30 using observations <= prediction_timestamp, min_periods=300"
2026-08-01 07:00:00+00:00,ema_spread_atr_12_48b__low_abs,0.5100378265908064,"expanding abs q30 using observations <= prediction_timestamp, min_periods=300"
2026-08-01 07:30:00+00:00,ema_spread_atr_12_48b__low_abs,0.5100674294994442,"expanding abs q30 using observations <= prediction_timestamp, min_periods=300"
2026-08-01 08:00:00+00:00,ema_spread_atr_12_48b__low_abs,0.510097032408082,"expanding abs q30 using observations <= prediction_timestamp, min_periods=300"
2026-08-01 08:30:00+00:00,ema_spread_atr_12_48b__low_abs,0.5099646112798015,"expanding abs q30 using observations <= prediction_timestamp, min_periods=300"
2026-08-01 09:00:00+00:00,ema_spread_atr_12_48b__low_abs,0.5094521041027676,"expanding abs q30 using observations <= prediction_timestamp, min_periods=300"
2026-08-01 09:30:00+00:00,ema_spread_atr_12_48b__low_abs,0.5092662474583144,"expanding abs q30 using observations <= prediction_timestamp, min_periods=300"
2026-08-01 10:00:00+00:00,ema_spread_atr_12_48b__low_abs,0.5092899030717806,"expanding abs q30 using observations <= prediction_timestamp, min_periods=300"
2026-08-01 10:30:00+00:00,ema_spread_atr_12_48b__low_abs,0.5093788887917627,"expanding abs q30 using observations <= prediction_timestamp, min_periods=300"
2026-08-01 11:00:00+00:00,ema_spread_atr_12_48b__low_abs,0.5095985347247773,"expanding abs q30 using observations <= prediction_timestamp, min_periods=300"
2026-08-01 11:30:00+00:00,ema_spread_atr_12_48b__low_abs,0.5098181806577918,"expanding abs q30 using observations <= prediction_timestamp, min_periods=300"
2026-08-01 12:00:00+00:00,ema_spread_atr_12_48b__low_abs,0.509305673480758,"expanding abs q30 using observations <= prediction_timestamp, min_periods=300"
2026-08-01 12:30:00+00:00,ema_spread_atr_12_48b__low_abs,0.509250477049337,"expanding abs q30 using observations <= prediction_timestamp, min_periods=300"
2026-08-01 13:00:00+00:00,ema_spread_atr_12_48b__low_abs,0.5086759374572865,"expanding abs q30 using observations <= prediction_timestamp, min_periods=300"
2026-08-01 13:30:00+00:00,ema_spread_atr_12_48b__low_abs,0.5090891004412247,"expanding abs q30 using observations <= prediction_timestamp, min_periods=300"
2026-08-01 14:00:00+00:00,ema_spread_atr_12_48b__low_abs,0.5092425918448482,"expanding abs q30 using observations <= prediction_timestamp, min_periods=300"
2026-08-01 14:30:00+00:00,ema_spread_atr_12_48b__low_abs,0.5092662474583144,"expanding abs q30 using observations <= prediction_timestamp, min_periods=300"
2026-08-01 15:00:00+00:00,ema_spread_atr_12_48b__low_abs,0.5092899030717806,"expanding abs q30 using observations <= prediction_timestamp, min_periods=300"
2026-08-01 15:30:00+00:00,ema_spread_atr_12_48b__low_abs,0.5093788887917627,"expanding abs q30 using observations <= prediction_timestamp, min_periods=300"
2026-08-01 16:00:00+00:00,ema_spread_atr_12_48b__low_abs,0.5095985347247773,"expanding abs q30 using observations <= prediction_timestamp, min_periods=300"
2026-08-01 16:30:00+00:00,ema_spread_atr_12_48b__low_abs,0.5092820178672918,"expanding abs q30 using observations <= prediction_timestamp, min_periods=300"
2026-08-01 17:00:00+00:00,ema_spread_atr_12_48b__low_abs,0.5092268214358708,"expanding abs q30 using observations <= prediction_timestamp, min_periods=300"
2026-08-01 17:30:00+00:00,ema_spread_atr_12_48b__low_abs,0.509250477049337,"expanding abs q30 using observations <= prediction_timestamp, min_periods=300"
2026-08-01 18:00:00+00:00,ema_spread_atr_12_48b__low_abs,0.5092741326628031,"expanding abs q30 using observations <= prediction_timestamp, min_periods=300"
2026-08-01 18:30:00+00:00,ema_spread_atr_12_48b__low_abs,0.5092977882762693,"expanding abs q30 using observations <= prediction_timestamp, min_periods=300"
2026-08-01 19:00:00+00:00,ema_spread_atr_12_48b__low_abs,0.5094521041027676,"expanding abs q30 using observations <= prediction_timestamp, min_periods=300"
2026-08-01 19:30:00+00:00,ema_spread_atr_12_48b__low_abs,0.5096717500357821,"expanding abs q30 using observations <= prediction_timestamp, min_periods=300"
2026-08-01 20:00:00+00:00,ema_spread_atr_12_48b__low_abs,0.5098913959687967,"expanding abs q30 using observations <= prediction_timestamp, min_periods=300"
2026-08-01 20:30:00+00:00,ema_spread_atr_12_48b__low_abs,0.510047694227019,"expanding abs q30 using observations <= prediction_timestamp, min_periods=300"
2026-08-01 21:00:00+00:00,ema_spread_atr_12_48b__low_abs,0.5100772971356567,"expanding abs q30 using observations <= prediction_timestamp, min_periods=300"
2026-08-01 21:30:00+00:00,ema_spread_atr_12_48b__low_abs,0.5101069000442946,"expanding abs q30 using observations <= prediction_timestamp, min_periods=300"
2026-08-01 22:00:00+00:00,ema_spread_atr_12_48b__low_abs,0.5100378265908064,"expanding abs q30 using observations <= prediction_timestamp, min_periods=300"
2026-08-01 22:30:00+00:00,ema_spread_atr_12_48b__low_abs,0.5095253194137724,"expanding abs q30 using observations <= prediction_timestamp, min_periods=300"
2026-08-01 23:00:00+00:00,ema_spread_atr_12_48b__low_abs,0.5097449653467869,"expanding abs q30 using observations <= prediction_timestamp, min_periods=300"
2026-08-01 23:30:00+00:00,ema_spread_atr_12_48b__low_abs,0.5092977882762693,"expanding abs q30 using observations <= prediction_timestamp, min_periods=300"
2026-08-02 00:00:00+00:00,ema_spread_atr_12_48b__low_abs,0.5092425918448482,"expanding abs q30 using observations <= prediction_timestamp, min_periods=300"
2026-08-02 00:30:00+00:00,ema_spread_atr_12_48b__low_abs,0.5085382164626404,"expanding abs q30 using observations <= prediction_timestamp, min_periods=300"
2026-08-02 01:00:00+00:00,ema_spread_atr_12_48b__low_abs,0.5077470011995701,"expanding abs q30 using observations <= prediction_timestamp, min_periods=300"
2026-08-02 01:30:00+00:00,ema_spread_atr_12_48b__low_abs,0.507987332484056,"expanding abs q30 using observations <= prediction_timestamp, min_periods=300"
2026-08-02 02:00:00+00:00,ema_spread_atr_12_48b__low_abs,0.5084004954679944,"expanding abs q30 using observations <= prediction_timestamp, min_periods=300"
2026-08-02 02:30:00+00:00,ema_spread_atr_12_48b__low_abs,0.5088136584519325,"expanding abs q30 using observations <= prediction_timestamp, min_periods=300"
2026-08-02 03:00:00+00:00,ema_spread_atr_12_48b__low_abs,0.5092268214358708,"expanding abs q30 using observations <= prediction_timestamp, min_periods=300"
2026-08-02 03:30:00+00:00,ema_spread_atr_12_48b__low_abs,0.509250477049337,"expanding abs q30 using observations <= prediction_timestamp, min_periods=300"
2026-08-02 04:00:00+00:00,ema_spread_atr_12_48b__low_abs,0.5092741326628031,"expanding abs q30 using observations <= prediction_timestamp, min_periods=300"
2026-08-02 04:30:00+00:00,ema_spread_atr_12_48b__low_abs,0.5092977882762693,"expanding abs q30 using observations <= prediction_timestamp, min_periods=300"
2026-08-02 05:00:00+00:00,ema_spread_atr_12_48b__low_abs,0.5094521041027676,"expanding abs q30 using observations <= prediction_timestamp, min_periods=300"
2026-08-02 05:30:00+00:00,ema_spread_atr_12_48b__low_abs,0.5096717500357821,"expanding abs q30 using observations <= prediction_timestamp, min_periods=300"
2026-08-02 06:00:00+00:00,ema_spread_atr_12_48b__low_abs,0.5098913959687967,"expanding abs q30 using observations <= prediction_timestamp, min_periods=300"
2026-08-02 06:30:00+00:00,ema_spread_atr_12_48b__low_abs,0.510047694227019,"expanding abs q30 using observations <= prediction_timestamp, min_periods=300"
2026-08-02 07:00:00+00:00,ema_spread_atr_12_48b__low_abs,0.5100772971356567,"expanding abs q30 using observations <= prediction_timestamp, min_periods=300"
2026-08-02 07:30:00+00:00,ema_spread_atr_12_48b__low_abs,0.5101069000442946,"expanding abs q30 using observations <= prediction_timestamp, min_periods=300"
2026-08-02 08:00:00+00:00,ema_spread_atr_12_48b__low_abs,0.5101365029529323,"expanding abs q30 using observations <= prediction_timestamp, min_periods=300"
2026-08-02 08:30:00+00:00,ema_spread_atr_12_48b__low_abs,0.5100674294994442,"expanding abs q30 using observations <= prediction_timestamp, min_periods=300"
2026-08-02 09:00:00+00:00,ema_spread_atr_12_48b__low_abs,0.510097032408082,"expanding abs q30 using observations <= prediction_timestamp, min_periods=300"
2026-08-02 09:30:00+00:00,ema_spread_atr_12_48b__low_abs,0.5101266353167198,"expanding abs q30 using observations <= prediction_timestamp, min_periods=300"
2026-08-02 10:00:00+00:00,ema_spread_atr_12_48b__low_abs,0.510292013212942,"expanding abs q30 using observations <= prediction_timestamp, min_periods=300"
2026-08-02 10:30:00+00:00,ema_spread_atr_12_48b__low_abs,0.5105252786029568,"expanding abs q30 using observations <= prediction_timestamp, min_periods=300"
2026-08-02 11:00:00+00:00,ema_spread_atr_12_48b__low_abs,0.5107585439929714,"expanding abs q30 using observations <= prediction_timestamp, min_periods=300"
2026-08-02 11:30:00+00:00,ema_spread_atr_12_48b__low_abs,0.5109798295755765,"expanding abs q30 using observations <= prediction_timestamp, min_periods=300"
2026-08-02 12:00:00+00:00,ema_spread_atr_12_48b__low_abs,0.5111771555433626,"expanding abs q30 using observations <= prediction_timestamp, min_periods=300"
2026-08-02 12:30:00+00:00,ema_spread_atr_12_48b__low_abs,0.5113744815111486,"expanding abs q30 using observations <= prediction_timestamp, min_periods=300"
2026-08-02 13:00:00+00:00,ema_spread_atr_12_48b__low_abs,0.5115718074789347,"expanding abs q30 using observations <= prediction_timestamp, min_periods=300"
2026-08-02 13:30:00+00:00,ema_spread_atr_12_48b__low_abs,0.511761762569699,"expanding abs q30 using observations <= prediction_timestamp, min_periods=300"
2026-08-02 14:00:00+00:00,ema_spread_atr_12_48b__low_abs,0.5119517176604631,"expanding abs q30 using observations <= prediction_timestamp, min_periods=300"
2026-08-02 14:30:00+00:00,ema_spread_atr_12_48b__low_abs,0.5121416727512275,"expanding abs q30 using observations <= prediction_timestamp, min_periods=300"
2026-08-02 15:00:00+00:00,ema_spread_atr_12_48b__low_abs,0.512207869197871,"expanding abs q30 using observations <= prediction_timestamp, min_periods=300"
2026-08-02 15:30:00+00:00,ema_spread_atr_12_48b__low_abs,0.5118883992968751,"expanding abs q30 using observations <= prediction_timestamp, min_periods=300"
2026-08-02 16:00:00+00:00,ema_spread_atr_12_48b__low_abs,0.511440256833744,"expanding abs q30 using observations <= prediction_timestamp, min_periods=300"
2026-08-02 16:30:00+00:00,ema_spread_atr_12_48b__low_abs,0.5109798295755765,"expanding abs q30 using observations <= prediction_timestamp, min_periods=300"
2026-08-02 17:00:00+00:00,ema_spread_atr_12_48b__low_abs,0.5111771555433626,"expanding abs q30 using observations <= prediction_timestamp, min_periods=300"
2026-08-02 17:30:00+00:00,ema_spread_atr_12_48b__low_abs,0.5113744815111486,"expanding abs q30 using observations <= prediction_timestamp, min_periods=300"
2026-08-02 18:00:00+00:00,ema_spread_atr_12_48b__low_abs,0.5115718074789347,"expanding abs q30 using observations <= prediction_timestamp, min_periods=300"
2026-08-02 18:30:00+00:00,ema_spread_atr_12_48b__low_abs,0.511761762569699,"expanding abs q30 using observations <= prediction_timestamp, min_periods=300"
2026-08-02 19:00:00+00:00,ema_spread_atr_12_48b__low_abs,0.5119517176604631,"expanding abs q30 using observations <= prediction_timestamp, min_periods=300"
2026-08-02 19:30:00+00:00,ema_spread_atr_12_48b__low_abs,0.5121416727512275,"expanding abs q30 using observations <= prediction_timestamp, min_periods=300"
2026-08-02 20:00:00+00:00,ema_spread_atr_12_48b__low_abs,0.512207869197871,"expanding abs q30 using observations <= prediction_timestamp, min_periods=300"
2026-08-02 20:30:00+00:00,ema_spread_atr_12_48b__low_abs,0.5122121863224542,"expanding abs q30 using observations <= prediction_timestamp, min_periods=300"
2026-08-02 21:00:00+00:00,ema_spread_atr_12_48b__low_abs,0.5122165034470375,"expanding abs q30 using observations <= prediction_timestamp, min_periods=300"
2026-08-02 21:30:00+00:00,ema_spread_atr_12_48b__low_abs,0.5122277822038304,"expanding abs q30 using observations <= prediction_timestamp, min_periods=300"
2026-08-02 22:00:00+00:00,ema_spread_atr_12_48b__low_abs,0.5122529842250425,"expanding abs q30 using observations <= prediction_timestamp, min_periods=300"
2026-08-02 22:30:00+00:00,ema_spread_atr_12_48b__low_abs,0.5122781862462548,"expanding abs q30 using observations <= prediction_timestamp, min_periods=300"
2026-08-02 23:00:00+00:00,ema_spread_atr_12_48b__low_abs,0.5123033882674669,"expanding abs q30 using observations <= prediction_timestamp, min_periods=300"
2026-08-02 23:30:00+00:00,ema_spread_atr_12_48b__low_abs,0.5122445835513051,"expanding abs q30 using observations <= prediction_timestamp, min_periods=300"
2026-08-03 00:00:00+00:00,ema_spread_atr_12_48b__low_abs,0.512213625363982,"expanding abs q30 using observations <= prediction_timestamp, min_periods=300"
2026-08-03 00:30:00+00:00,ema_spread_atr_12_48b__low_abs,0.5122179424885652,"expanding abs q30 using observations <= prediction_timestamp, min_periods=300"
2026-08-03 01:00:00+00:00,ema_spread_atr_12_48b__low_abs,0.5122361828775678,"expanding abs q30 using observations <= prediction_timestamp, min_periods=300"
2026-08-03 01:30:00+00:00,ema_spread_atr_12_48b__low_abs,0.5122613848987799,"expanding abs q30 using observations <= prediction_timestamp, min_periods=300"
2026-08-03 02:00:00+00:00,ema_spread_atr_12_48b__low_abs,0.5122865869199921,"expanding abs q30 using observations <= prediction_timestamp, min_periods=300"
2026-08-03 02:30:00+00:00,ema_spread_atr_12_48b__low_abs,0.5124158849701029,"expanding abs q30 using observations <= prediction_timestamp, min_periods=300"
2026-08-03 03:00:00+00:00,ema_spread_atr_12_48b__low_abs,0.5127533750780113,"expanding abs q30 using observations <= prediction_timestamp, min_periods=300"
2026-08-03 03:30:00+00:00,ema_spread_atr_12_48b__low_abs,0.5130908651859197,"expanding abs q30 using observations <= prediction_timestamp, min_periods=300"
2026-08-03 04:00:00+00:00,ema_spread_atr_12_48b__low_abs,0.5134283552938281,"expanding abs q30 using observations <= prediction_timestamp, min_periods=300"
2026-08-03 04:30:00+00:00,ema_spread_atr_12_48b__low_abs,0.5136913479479257,"expanding abs q30 using observations <= prediction_timestamp, min_periods=300"
2026-08-03 05:00:00+00:00,ema_spread_atr_12_48b__low_abs,0.5139543406020232,"expanding abs q30 using observations <= prediction_timestamp, min_periods=300"
2026-08-03 05:30:00+00:00,ema_spread_atr_12_48b__low_abs,0.5142173332561208,"expanding abs q30 using observations <= prediction_timestamp, min_periods=300"
2026-08-03 06:00:00+00:00,ema_spread_atr_12_48b__low_abs,0.514350659101288,"expanding abs q30 using observations <= prediction_timestamp, min_periods=300"
2026-08-03 06:30:00+00:00,ema_spread_atr_12_48b__low_abs,0.5144191515419898,"expanding abs q30 using observations <= prediction_timestamp, min_periods=300"
2026-08-03 07:00:00+00:00,ema_spread_atr_12_48b__low_abs,0.5144876439826918,"expanding abs q30 using observations <= prediction_timestamp, min_periods=300"
2026-08-03 07:30:00+00:00,ema_spread_atr_12_48b__low_abs,0.5146071059101859,"expanding abs q30 using observations <= prediction_timestamp, min_periods=300"
2026-08-03 08:00:00+00:00,ema_spread_atr_12_48b__low_abs,0.5148285068112648,"expanding abs q30 using observations <= prediction_timestamp, min_periods=300"
2026-08-03 08:30:00+00:00,ema_spread_atr_12_48b__low_abs,0.5150499077123438,"expanding abs q30 using observations <= prediction_timestamp, min_periods=300"
2026-08-03 09:00:00+00:00,ema_spread_atr_12_48b__low_abs,0.5152713086134227,"expanding abs q30 using observations <= prediction_timestamp, min_periods=300"
2026-08-03 09:30:00+00:00,ema_spread_atr_12_48b__low_abs,0.515670014978535,"expanding abs q30 using observations <= prediction_timestamp, min_periods=300"
2026-08-03 10:00:00+00:00,ema_spread_atr_12_48b__low_abs,0.5149761074119841,"expanding abs q30 using observations <= prediction_timestamp, min_periods=300"
2026-08-03 10:30:00+00:00,ema_spread_atr_12_48b__low_abs,0.514510474796259,"expanding abs q30 using observations <= prediction_timestamp, min_periods=300"
2026-08-03 11:00:00+00:00,ema_spread_atr_12_48b__low_abs,0.514350659101288,"expanding abs q30 using observations <= prediction_timestamp, min_periods=300"
2026-08-03 11:30:00+00:00,ema_spread_atr_12_48b__low_abs,0.5138666763839908,"expanding abs q30 using observations <= prediction_timestamp, min_periods=300"
2026-08-03 12:00:00+00:00,ema_spread_atr_12_48b__low_abs,0.5141296690380883,"expanding abs q30 using observations <= prediction_timestamp, min_periods=300"
2026-08-03 12:30:00+00:00,ema_spread_atr_12_48b__low_abs,0.5143278282877206,"expanding abs q30 using observations <= prediction_timestamp, min_periods=300"
2026-08-03 13:00:00+00:00,ema_spread_atr_12_48b__low_abs,0.5137790121659581,"expanding abs q30 using observations <= prediction_timestamp, min_periods=300"
2026-08-03 13:30:00+00:00,ema_spread_atr_12_48b__low_abs,0.5130908651859198,"expanding abs q30 using observations <= prediction_timestamp, min_periods=300"
2026-08-03 14:00:00+00:00,ema_spread_atr_12_48b__low_abs,0.5134283552938281,"expanding abs q30 using observations <= prediction_timestamp, min_periods=300"
2026-08-03 14:30:00+00:00,ema_spread_atr_12_48b__low_abs,0.5136913479479257,"expanding abs q30 using observations <= prediction_timestamp, min_periods=300"
2026-08-03 15:00:00+00:00,ema_spread_atr_12_48b__low_abs,0.5139543406020232,"expanding abs q30 using observations <= prediction_timestamp, min_periods=300"
2026-08-03 15:30:00+00:00,ema_spread_atr_12_48b__low_abs,0.5142173332561207,"expanding abs q30 using observations <= prediction_timestamp, min_periods=300"
2026-08-03 16:00:00+00:00,ema_spread_atr_12_48b__low_abs,0.514350659101288,"expanding abs q30 using observations <= prediction_timestamp, min_periods=300"
2026-08-03 16:30:00+00:00,ema_spread_atr_12_48b__low_abs,0.5144191515419898,"expanding abs q30 using observations <= prediction_timestamp, min_periods=300"
2026-08-03 17:00:00+00:00,ema_spread_atr_12_48b__low_abs,0.5144876439826918,"expanding abs q30 using observations <= prediction_timestamp, min_periods=300"
2026-08-03 17:30:00+00:00,ema_spread_atr_12_48b__low_abs,0.5146071059101859,"expanding abs q30 using observations <= prediction_timestamp, min_periods=300"
2026-08-03 18:00:00+00:00,ema_spread_atr_12_48b__low_abs,0.5148285068112648,"expanding abs q30 using observations <= prediction_timestamp, min_periods=300"
2026-08-03 18:30:00+00:00,ema_spread_atr_12_48b__low_abs,0.5150499077123438,"expanding abs q30 using observations <= prediction_timestamp, min_periods=300"
2026-08-03 19:00:00+00:00,ema_spread_atr_12_48b__low_abs,0.5152713086134227,"expanding abs q30 using observations <= prediction_timestamp, min_periods=300"
2026-08-03 19:30:00+00:00,ema_spread_atr_12_48b__low_abs,0.515670014978535,"expanding abs q30 using observations <= prediction_timestamp, min_periods=300"
2026-08-03 20:00:00+00:00,ema_spread_atr_12_48b__low_abs,0.5160687213436473,"expanding abs q30 using observations <= prediction_timestamp, min_periods=300"
2026-08-03 20:30:00+00:00,ema_spread_atr_12_48b__low_abs,0.5164674277087596,"expanding abs q30 using observations <= prediction_timestamp, min_periods=300"
2026-08-03 21:00:00+00:00,ema_spread_atr_12_48b__low_abs,0.515537112856831,"expanding abs q30 using observations <= prediction_timestamp, min_periods=300"
2026-08-03 21:30:00+00:00,ema_spread_atr_12_48b__low_abs,0.5149023071116245,"expanding abs q30 using observations <= prediction_timestamp, min_periods=300"
2026-08-03 22:00:00+00:00,ema_spread_atr_12_48b__low_abs,0.5151237080127035,"expanding abs q30 using observations <= prediction_timestamp, min_periods=300"
2026-08-03 22:30:00+00:00,ema_spread_atr_12_48b__low_abs,0.5154042107351268,"expanding abs q30 using observations <= prediction_timestamp, min_periods=300"
2026-08-03 23:00:00+00:00,ema_spread_atr_12_48b__low_abs,0.5158029171002391,"expanding abs q30 using observations <= prediction_timestamp, min_periods=300"
2026-08-03 23:30:00+00:00,ema_spread_atr_12_48b__low_abs,0.5162016234653516,"expanding abs q30 using observations <= prediction_timestamp, min_periods=300"
2026-08-04 00:00:00+00:00,ema_spread_atr_12_48b__low_abs,0.5166003298304639,"expanding abs q30 using observations <= prediction_timestamp, min_periods=300"
2026-08-04 00:30:00+00:00,ema_spread_atr_12_48b__low_abs,0.516604801558463,"expanding abs q30 using observations <= prediction_timestamp, min_periods=300"
2026-08-04 01:00:00+00:00,ema_spread_atr_12_48b__low_abs,0.5166092732864622,"expanding abs q30 using observations <= prediction_timestamp, min_periods=300"
2026-08-04 01:30:00+00:00,ema_spread_atr_12_48b__low_abs,0.5166137450144613,"expanding abs q30 using observations <= prediction_timestamp, min_periods=300"
2026-08-04 02:00:00+00:00,ema_spread_atr_12_48b__low_abs,0.5168058462737443,"expanding abs q30 using observations <= prediction_timestamp, min_periods=300"
2026-08-04 02:30:00+00:00,ema_spread_atr_12_48b__low_abs,0.517091762298669,"expanding abs q30 using observations <= prediction_timestamp, min_periods=300"
2026-08-04 03:00:00+00:00,ema_spread_atr_12_48b__low_abs,0.5173776783235938,"expanding abs q30 using observations <= prediction_timestamp, min_periods=300"
2026-08-04 03:30:00+00:00,ema_spread_atr_12_48b__low_abs,0.5167105409321026,"expanding abs q30 using observations <= prediction_timestamp, min_periods=300"
2026-08-04 04:00:00+00:00,ema_spread_atr_12_48b__low_abs,0.5166062921344627,"expanding abs q30 using observations <= prediction_timestamp, min_periods=300"
2026-08-04 04:30:00+00:00,ema_spread_atr_12_48b__low_abs,0.516610763862462,"expanding abs q30 using observations <= prediction_timestamp, min_periods=300"
2026-08-04 05:00:00+00:00,ema_spread_atr_12_48b__low_abs,0.5166152355904611,"expanding abs q30 using observations <= prediction_timestamp, min_periods=300"
2026-08-04 05:30:00+00:00,ema_spread_atr_12_48b__low_abs,0.516604801558463,"expanding abs q30 using observations <= prediction_timestamp, min_periods=300"
2026-08-04 06:00:00+00:00,ema_spread_atr_12_48b__low_abs,0.5160687213436473,"expanding abs q30 using observations <= prediction_timestamp, min_periods=300"
2026-08-04 06:30:00+00:00,ema_spread_atr_12_48b__low_abs,0.515197508313063,"expanding abs q30 using observations <= prediction_timestamp, min_periods=300"
2026-08-04 07:00:00+00:00,ema_spread_atr_12_48b__low_abs,0.515537112856831,"expanding abs q30 using observations <= prediction_timestamp, min_periods=300"
2026-08-04 07:30:00+00:00,ema_spread_atr_12_48b__low_abs,0.5159358192219433,"expanding abs q30 using observations <= prediction_timestamp, min_periods=300"
2026-08-04 08:00:00+00:00,ema_spread_atr_12_48b__low_abs,0.5151237080127035,"expanding abs q30 using observations <= prediction_timestamp, min_periods=300"
2026-08-04 08:30:00+00:00,ema_spread_atr_12_48b__low_abs,0.5146071059101859,"expanding abs q30 using observations <= prediction_timestamp, min_periods=300"
2026-08-04 09:00:00+00:00,ema_spread_atr_12_48b__low_abs,0.5148285068112648,"expanding abs q30 using observations <= prediction_timestamp, min_periods=300"
2026-08-04 09:30:00+00:00,ema_spread_atr_12_48b__low_abs,0.5150499077123438,"expanding abs q30 using observations <= prediction_timestamp, min_periods=300"
2026-08-04 10:00:00+00:00,ema_spread_atr_12_48b__low_abs,0.5152713086134227,"expanding abs q30 using observations <= prediction_timestamp, min_periods=300"
2026-08-04 10:30:00+00:00,ema_spread_atr_12_48b__low_abs,0.515670014978535,"expanding abs q30 using observations <= prediction_timestamp, min_periods=300"
2026-08-04 11:00:00+00:00,ema_spread_atr_12_48b__low_abs,0.5160687213436473,"expanding abs q30 using observations <= prediction_timestamp, min_periods=300"
2026-08-04 11:30:00+00:00,ema_spread_atr_12_48b__low_abs,0.5164674277087596,"expanding abs q30 using observations <= prediction_timestamp, min_periods=300"
2026-08-04 12:00:00+00:00,ema_spread_atr_12_48b__low_abs,0.5166033109824634,"expanding abs q30 using observations <= prediction_timestamp, min_periods=300"
2026-08-04 12:30:00+00:00,ema_spread_atr_12_48b__low_abs,0.5166077827104625,"expanding abs q30 using observations <= prediction_timestamp, min_periods=300"
2026-08-04 13:00:00+00:00,ema_spread_atr_12_48b__low_abs,0.5166122544384616,"expanding abs q30 using observations <= prediction_timestamp, min_periods=300"
2026-08-04 13:30:00+00:00,ema_spread_atr_12_48b__low_abs,0.5167105409321026,"expanding abs q30 using observations <= prediction_timestamp, min_periods=300"
2026-08-04 14:00:00+00:00,ema_spread_atr_12_48b__low_abs,0.5166062921344627,"expanding abs q30 using observations <= prediction_timestamp, min_periods=300"
2026-08-04 14:30:00+00:00,ema_spread_atr_12_48b__low_abs,0.5162016234653516,"expanding abs q30 using observations <= prediction_timestamp, min_periods=300"
2026-08-04 15:00:00+00:00,ema_spread_atr_12_48b__low_abs,0.5152713086134227,"expanding abs q30 using observations <= prediction_timestamp, min_periods=300"
2026-08-04 15:30:00+00:00,ema_spread_atr_12_48b__low_abs,0.5147547065109053,"expanding abs q30 using observations <= prediction_timestamp, min_periods=300"
2026-08-04 16:00:00+00:00,ema_spread_atr_12_48b__low_abs,0.5144419823555572,"expanding abs q30 using observations <= prediction_timestamp, min_periods=300"
2026-08-04 16:30:00+00:00,ema_spread_atr_12_48b__low_abs,0.5142173332561207,"expanding abs q30 using observations <= prediction_timestamp, min_periods=300"
2026-08-04 17:00:00+00:00,ema_spread_atr_12_48b__low_abs,0.5136036837298932,"expanding abs q30 using observations <= prediction_timestamp, min_periods=300"
2026-08-04 17:30:00+00:00,ema_spread_atr_12_48b__low_abs,0.5128658717806476,"expanding abs q30 using observations <= prediction_timestamp, min_periods=300"
2026-08-04 18:00:00+00:00,ema_spread_atr_12_48b__low_abs,0.5122865869199921,"expanding abs q30 using observations <= prediction_timestamp, min_periods=300"
2026-08-04 18:30:00+00:00,ema_spread_atr_12_48b__low_abs,0.5124158849701029,"expanding abs q30 using observations <= prediction_timestamp, min_periods=300"
2026-08-04 19:00:00+00:00,ema_spread_atr_12_48b__low_abs,0.5127533750780112,"expanding abs q30 using observations <= prediction_timestamp, min_periods=300"
2026-08-04 19:30:00+00:00,ema_spread_atr_12_48b__low_abs,0.5130908651859198,"expanding abs q30 using observations <= prediction_timestamp, min_periods=300"
2026-08-04 20:00:00+00:00,ema_spread_atr_12_48b__low_abs,0.5134283552938281,"expanding abs q30 using observations <= prediction_timestamp, min_periods=300"
2026-08-04 20:30:00+00:00,ema_spread_atr_12_48b__low_abs,0.5126408783753752,"expanding abs q30 using observations <= prediction_timestamp, min_periods=300"
2026-08-04 21:00:00+00:00,ema_spread_atr_12_48b__low_abs,0.5122697855725173,"expanding abs q30 using observations <= prediction_timestamp, min_periods=300"
2026-08-04 21:30:00+00:00,ema_spread_atr_12_48b__low_abs,0.5122179424885652,"expanding abs q30 using observations <= prediction_timestamp, min_periods=300"
2026-08-04 22:00:00+00:00,ema_spread_atr_12_48b__low_abs,0.512207869197871,"expanding abs q30 using observations <= prediction_timestamp, min_periods=300"
2026-08-04 22:30:00+00:00,ema_spread_atr_12_48b__low_abs,0.5118883992968751,"expanding abs q30 using observations <= prediction_timestamp, min_periods=300"
2026-08-04 23:00:00+00:00,ema_spread_atr_12_48b__low_abs,0.511440256833744,"expanding abs q30 using observations <= prediction_timestamp, min_periods=300"
2026-08-04 23:30:00+00:00,ema_spread_atr_12_48b__low_abs,0.5109798295755765,"expanding abs q30 using observations <= prediction_timestamp, min_periods=300"
2026-08-05 00:00:00+00:00,ema_spread_atr_12_48b__low_abs,0.5111771555433625,"expanding abs q30 using observations <= prediction_timestamp, min_periods=300"
2026-08-05 00:30:00+00:00,ema_spread_atr_12_48b__low_abs,0.5113744815111487,"expanding abs q30 using observations <= prediction_timestamp, min_periods=300"
2026-08-05 01:00:00+00:00,ema_spread_atr_12_48b__low_abs,0.5115718074789347,"expanding abs q30 using observations <= prediction_timestamp, min_periods=300"
2026-08-05 01:30:00+00:00,ema_spread_atr_12_48b__low_abs,0.511761762569699,"expanding abs q30 using observations <= prediction_timestamp, min_periods=300"
2026-08-05 02:00:00+00:00,ema_spread_atr_12_48b__low_abs,0.5113087061885533,"expanding abs q30 using observations <= prediction_timestamp, min_periods=300"
2026-08-05 02:30:00+00:00,ema_spread_atr_12_48b__low_abs,0.5115060321563393,"expanding abs q30 using observations <= prediction_timestamp, min_periods=300"
2026-08-05 03:00:00+00:00,ema_spread_atr_12_48b__low_abs,0.5116984442061109,"expanding abs q30 using observations <= prediction_timestamp, min_periods=300"
2026-08-05 03:30:00+00:00,ema_spread_atr_12_48b__low_abs,0.5118883992968751,"expanding abs q30 using observations <= prediction_timestamp, min_periods=300"
2026-08-05 04:00:00+00:00,ema_spread_atr_12_48b__low_abs,0.5120783543876394,"expanding abs q30 using observations <= prediction_timestamp, min_periods=300"
2026-08-05 04:30:00+00:00,ema_spread_atr_12_48b__low_abs,0.5122064301563433,"expanding abs q30 using observations <= prediction_timestamp, min_periods=300"
2026-08-05 05:00:00+00:00,ema_spread_atr_12_48b__low_abs,0.5118250809332869,"expanding abs q30 using observations <= prediction_timestamp, min_periods=300"
2026-08-05 05:30:00+00:00,ema_spread_atr_12_48b__low_abs,0.5113744815111487,"expanding abs q30 using observations <= prediction_timestamp, min_periods=300"
2026-08-05 06:00:00+00:00,ema_spread_atr_12_48b__low_abs,0.5115718074789347,"expanding abs q30 using observations <= prediction_timestamp, min_periods=300"
2026-08-05 06:30:00+00:00,ema_spread_atr_12_48b__low_abs,0.5111113802207672,"expanding abs q30 using observations <= prediction_timestamp, min_periods=300"
2026-08-05 07:00:00+00:00,ema_spread_atr_12_48b__low_abs,0.5106030337329616,"expanding abs q30 using observations <= prediction_timestamp, min_periods=300"
2026-08-05 07:30:00+00:00,ema_spread_atr_12_48b__low_abs,0.5108362991229762,"expanding abs q30 using observations <= prediction_timestamp, min_periods=300"
2026-08-05 08:00:00+00:00,ema_spread_atr_12_48b__low_abs,0.511045604898172,"expanding abs q30 using observations <= prediction_timestamp, min_periods=300"
2026-08-05 08:30:00+00:00,ema_spread_atr_12_48b__low_abs,0.5105252786029568,"expanding abs q30 using observations <= prediction_timestamp, min_periods=300"
2026-08-05 09:00:00+00:00,ema_spread_atr_12_48b__low_abs,0.5101167676805072,"expanding abs q30 using observations <= prediction_timestamp, min_periods=300"
2026-08-05 09:30:00+00:00,ema_spread_atr_12_48b__low_abs,0.5102142580829372,"expanding abs q30 using observations <= prediction_timestamp, min_periods=300"
2026-08-05 10:00:00+00:00,ema_spread_atr_12_48b__low_abs,0.5104475234729517,"expanding abs q30 using observations <= prediction_timestamp, min_periods=300"
2026-08-05 10:30:00+00:00,ema_spread_atr_12_48b__low_abs,0.5106807888629665,"expanding abs q30 using observations <= prediction_timestamp, min_periods=300"
2026-08-05 11:00:00+00:00,ema_spread_atr_12_48b__low_abs,0.5101365029529323,"expanding abs q30 using observations <= prediction_timestamp, min_periods=300"
2026-08-05 11:30:00+00:00,ema_spread_atr_12_48b__low_abs,0.5100674294994442,"expanding abs q30 using observations <= prediction_timestamp, min_periods=300"
2026-08-05 12:00:00+00:00,ema_spread_atr_12_48b__low_abs,0.5097449653467869,"expanding abs q30 using observations <= prediction_timestamp, min_periods=300"
2026-08-05 12:30:00+00:00,ema_spread_atr_12_48b__low_abs,0.5099646112798015,"expanding abs q30 using observations <= prediction_timestamp, min_periods=300"
2026-08-05 13:00:00+00:00,ema_spread_atr_12_48b__low_abs,0.5100575618632316,"expanding abs q30 using observations <= prediction_timestamp, min_periods=300"
2026-08-05 13:30:00+00:00,ema_spread_atr_12_48b__low_abs,0.5096717500357821,"expanding abs q30 using observations <= prediction_timestamp, min_periods=300"
2026-08-05 14:00:00+00:00,ema_spread_atr_12_48b__low_abs,0.5092899030717806,"expanding abs q30 using observations <= prediction_timestamp, min_periods=300"
2026-08-05 14:30:00+00:00,ema_spread_atr_12_48b__low_abs,0.5092347066403595,"expanding abs q30 using observations <= prediction_timestamp, min_periods=300"
2026-08-05 15:00:00+00:00,ema_spread_atr_12_48b__low_abs,0.5084004954679943,"expanding abs q30 using observations <= prediction_timestamp, min_periods=300"
2026-08-05 15:30:00+00:00,ema_spread_atr_12_48b__low_abs,0.5076956960546501,"expanding abs q30 using observations <= prediction_timestamp, min_periods=300"
2026-08-05 16:00:00+00:00,ema_spread_atr_12_48b__low_abs,0.5073365600402102,"expanding abs q30 using observations <= prediction_timestamp, min_periods=300"
2026-08-05 16:30:00+00:00,ema_spread_atr_12_48b__low_abs,0.5074904754749702,"expanding abs q30 using observations <= prediction_timestamp, min_periods=300"
2026-08-05 17:00:00+00:00,ema_spread_atr_12_48b__low_abs,0.5076443909097301,"expanding abs q30 using observations <= prediction_timestamp, min_periods=300"
2026-08-05 17:30:00+00:00,ema_spread_atr_12_48b__low_abs,0.5077983063444901,"expanding abs q30 using observations <= prediction_timestamp, min_periods=300"
2026-08-05 18:00:00+00:00,ema_spread_atr_12_48b__low_abs,0.5081250534787023,"expanding abs q30 using observations <= prediction_timestamp, min_periods=300"
2026-08-05 18:30:00+00:00,ema_spread_atr_12_48b__low_abs,0.5085382164626404,"expanding abs q30 using observations <= prediction_timestamp, min_periods=300"
2026-08-05 19:00:00+00:00,ema_spread_atr_12_48b__low_abs,0.5089513794465786,"expanding abs q30 using observations <= prediction_timestamp, min_periods=300"
2026-08-05 19:30:00+00:00,ema_spread_atr_12_48b__low_abs,0.5092347066403595,"expanding abs q30 using observations <= prediction_timestamp, min_periods=300"
2026-08-05 20:00:00+00:00,ema_spread_atr_12_48b__low_abs,0.5092583622538257,"expanding abs q30 using observations <= prediction_timestamp, min_periods=300"
2026-08-05 20:30:00+00:00,ema_spread_atr_12_48b__low_abs,0.5092820178672918,"expanding abs q30 using observations <= prediction_timestamp, min_periods=300"
2026-08-05 21:00:00+00:00,ema_spread_atr_12_48b__low_abs,0.509305673480758,"expanding abs q30 using observations <= prediction_timestamp, min_periods=300"
2026-08-05 21:30:00+00:00,ema_spread_atr_12_48b__low_abs,0.509250477049337,"expanding abs q30 using observations <= prediction_timestamp, min_periods=300"
2026-08-05 22:00:00+00:00,ema_spread_atr_12_48b__low_abs,0.5086759374572865,"expanding abs q30 using observations <= prediction_timestamp, min_periods=300"
2026-08-05 22:30:00+00:00,ema_spread_atr_12_48b__low_abs,0.5077983063444901,"expanding abs q30 using observations <= prediction_timestamp, min_periods=300"
2026-08-05 23:00:00+00:00,ema_spread_atr_12_48b__low_abs,0.5081250534787023,"expanding abs q30 using observations <= prediction_timestamp, min_periods=300"
2026-08-05 23:30:00+00:00,ema_spread_atr_12_48b__low_abs,0.5075930857648101,"expanding abs q30 using observations <= prediction_timestamp, min_periods=300"
2026-08-06 00:00:00+00:00,ema_spread_atr_12_48b__low_abs,0.5071227637122746,"expanding abs q30 using observations <= prediction_timestamp, min_periods=300"
2026-08-06 00:30:00+00:00,ema_spread_atr_12_48b__low_abs,0.5063744765645003,"expanding abs q30 using observations <= prediction_timestamp, min_periods=300"
2026-08-06 01:00:00+00:00,ema_spread_atr_12_48b__low_abs,0.5061982411032865,"expanding abs q30 using observations <= prediction_timestamp, min_periods=300"
2026-08-06 01:30:00+00:00,ema_spread_atr_12_48b__low_abs,0.5062329097519096,"expanding abs q30 using observations <= prediction_timestamp, min_periods=300"
2026-08-06 02:00:00+00:00,ema_spread_atr_12_48b__low_abs,0.5062675784005326,"expanding abs q30 using observations <= prediction_timestamp, min_periods=300"
2026-08-06 02:30:00+00:00,ema_spread_atr_12_48b__low_abs,0.5065882728924358,"expanding abs q30 using observations <= prediction_timestamp, min_periods=300"
2026-08-06 03:00:00+00:00,ema_spread_atr_12_48b__low_abs,0.5069089673843391,"expanding abs q30 using observations <= prediction_timestamp, min_periods=300"
2026-08-06 03:30:00+00:00,ema_spread_atr_12_48b__low_abs,0.5072296618762423,"expanding abs q30 using observations <= prediction_timestamp, min_periods=300"
2026-08-06 04:00:00+00:00,ema_spread_atr_12_48b__low_abs,0.5074391703300503,"expanding abs q30 using observations <= prediction_timestamp, min_periods=300"
2026-08-06 04:30:00+00:00,ema_spread_atr_12_48b__low_abs,0.5068020692203714,"expanding abs q30 using observations <= prediction_timestamp, min_periods=300"
2026-08-06 05:00:00+00:00,ema_spread_atr_12_48b__low_abs,0.5071227637122746,"expanding abs q30 using observations <= prediction_timestamp, min_periods=300"
2026-08-06 05:30:00+00:00,ema_spread_atr_12_48b__low_abs,0.5073878651851301,"expanding abs q30 using observations <= prediction_timestamp, min_periods=300"
2026-08-06 06:00:00+00:00,ema_spread_atr_12_48b__low_abs,0.5075417806198901,"expanding abs q30 using observations <= prediction_timestamp, min_periods=300"
2026-08-06 06:30:00+00:00,ema_spread_atr_12_48b__low_abs,0.5076956960546501,"expanding abs q30 using observations <= prediction_timestamp, min_periods=300"
2026-08-06 07:00:00+00:00,ema_spread_atr_12_48b__low_abs,0.5078496114894101,"expanding abs q30 using observations <= prediction_timestamp, min_periods=300"
2026-08-06 07:30:00+00:00,ema_spread_atr_12_48b__low_abs,0.5082627744733482,"expanding abs q30 using observations <= prediction_timestamp, min_periods=300"
2026-08-06 08:00:00+00:00,ema_spread_atr_12_48b__low_abs,0.5076443909097301,"expanding abs q30 using observations <= prediction_timestamp, min_periods=300"
2026-08-06 08:30:00+00:00,ema_spread_atr_12_48b__low_abs,0.5072296618762423,"expanding abs q30 using observations <= prediction_timestamp, min_periods=300"
2026-08-06 09:00:00+00:00,ema_spread_atr_12_48b__low_abs,0.5074391703300503,"expanding abs q30 using observations <= prediction_timestamp, min_periods=300"
2026-08-06 09:30:00+00:00,ema_spread_atr_12_48b__low_abs,0.5068020692203714,"expanding abs q30 using observations <= prediction_timestamp, min_periods=300"
2026-08-06 10:00:00+00:00,ema_spread_atr_12_48b__low_abs,0.5071227637122746,"expanding abs q30 using observations <= prediction_timestamp, min_periods=300"
2026-08-06 10:30:00+00:00,ema_spread_atr_12_48b__low_abs,0.5073878651851301,"expanding abs q30 using observations <= prediction_timestamp, min_periods=300"
2026-08-06 11:00:00+00:00,ema_spread_atr_12_48b__low_abs,0.5075417806198901,"expanding abs q30 using observations <= prediction_timestamp, min_periods=300"
2026-08-06 11:30:00+00:00,ema_spread_atr_12_48b__low_abs,0.5076956960546501,"expanding abs q30 using observations <= prediction_timestamp, min_periods=300"
2026-08-06 12:00:00+00:00,ema_spread_atr_12_48b__low_abs,0.5073365600402102,"expanding abs q30 using observations <= prediction_timestamp, min_periods=300"
2026-08-06 12:30:00+00:00,ema_spread_atr_12_48b__low_abs,0.5074904754749702,"expanding abs q30 using observations <= prediction_timestamp, min_periods=300"
2026-08-06 13:00:00+00:00,ema_spread_atr_12_48b__low_abs,0.5076443909097301,"expanding abs q30 using observations <= prediction_timestamp, min_periods=300"
2026-08-06 13:30:00+00:00,ema_spread_atr_12_48b__low_abs,0.5077983063444901,"expanding abs q30 using observations <= prediction_timestamp, min_periods=300"
2026-08-06 14:00:00+00:00,ema_spread_atr_12_48b__low_abs,0.5074391703300503,"expanding abs q30 using observations <= prediction_timestamp, min_periods=300"
2026-08-06 14:30:00+00:00,ema_spread_atr_12_48b__low_abs,0.5075930857648101,"expanding abs q30 using observations <= prediction_timestamp, min_periods=300"
2026-08-06 15:00:00+00:00,ema_spread_atr_12_48b__low_abs,0.5077470011995701,"expanding abs q30 using observations <= prediction_timestamp, min_periods=300"
2026-08-06 15:30:00+00:00,ema_spread_atr_12_48b__low_abs,0.507987332484056,"expanding abs q30 using observations <= prediction_timestamp, min_periods=300"
2026-08-06 16:00:00+00:00,ema_spread_atr_12_48b__low_abs,0.5084004954679943,"expanding abs q30 using observations <= prediction_timestamp, min_periods=300"
2026-08-06 16:30:00+00:00,ema_spread_atr_12_48b__low_abs,0.5076956960546501,"expanding abs q30 using observations <= prediction_timestamp, min_periods=300"
2026-08-06 17:00:00+00:00,ema_spread_atr_12_48b__low_abs,0.5078496114894101,"expanding abs q30 using observations <= prediction_timestamp, min_periods=300"
2026-08-06 17:30:00+00:00,ema_spread_atr_12_48b__low_abs,0.5082627744733482,"expanding abs q30 using observations <= prediction_timestamp, min_periods=300"
2026-08-06 18:00:00+00:00,ema_spread_atr_12_48b__low_abs,0.5076443909097301,"expanding abs q30 using observations <= prediction_timestamp, min_periods=300"
2026-08-06 18:30:00+00:00,ema_spread_atr_12_48b__low_abs,0.5072296618762423,"expanding abs q30 using observations <= prediction_timestamp, min_periods=300"
2026-08-06 19:00:00+00:00,ema_spread_atr_12_48b__low_abs,0.5074391703300503,"expanding abs q30 using observations <= prediction_timestamp, min_periods=300"
2026-08-06 19:30:00+00:00,ema_spread_atr_12_48b__low_abs,0.5075930857648101,"expanding abs q30 using observations <= prediction_timestamp, min_periods=300"
2026-08-06 20:00:00+00:00,ema_spread_atr_12_48b__low_abs,0.5071227637122746,"expanding abs q30 using observations <= prediction_timestamp, min_periods=300"
2026-08-06 20:30:00+00:00,ema_spread_atr_12_48b__low_abs,0.5063744765645003,"expanding abs q30 using observations <= prediction_timestamp, min_periods=300"
2026-08-06 21:00:00+00:00,ema_spread_atr_12_48b__low_abs,0.5066951710564035,"expanding abs q30 using observations <= prediction_timestamp, min_periods=300"
2026-08-06 21:30:00+00:00,ema_spread_atr_12_48b__low_abs,0.507015865548307,"expanding abs q30 using observations <= prediction_timestamp, min_periods=300"
2026-08-06 22:00:00+00:00,ema_spread_atr_12_48b__low_abs,0.5073365600402102,"expanding abs q30 using observations <= prediction_timestamp, min_periods=300"
2026-08-06 22:30:00+00:00,ema_spread_atr_12_48b__low_abs,0.5074904754749702,"expanding abs q30 using observations <= prediction_timestamp, min_periods=300"
2026-08-06 23:00:00+00:00,ema_spread_atr_12_48b__low_abs,0.5076443909097301,"expanding abs q30 using observations <= prediction_timestamp, min_periods=300"
2026-08-06 23:30:00+00:00,ema_spread_atr_12_48b__low_abs,0.5077983063444901,"expanding abs q30 using observations <= prediction_timestamp, min_periods=300"
2026-08-07 00:00:00+00:00,ema_spread_atr_12_48b__low_abs,0.507853455360237,"expanding abs q30 using observations <= prediction_timestamp, min_periods=300"
2026-08-07 00:30:00+00:00,ema_spread_atr_12_48b__low_abs,0.5078592211664773,"expanding abs q30 using observations <= prediction_timestamp, min_periods=300"
2026-08-07 01:00:00+00:00,ema_spread_atr_12_48b__low_abs,0.5078649869727176,"expanding abs q30 using observations <= prediction_timestamp, min_periods=300"
2026-08-07 01:30:00+00:00,ema_spread_atr_12_48b__low_abs,0.5078515334248236,"expanding abs q30 using observations <= prediction_timestamp, min_periods=300"
2026-08-07 02:00:00+00:00,ema_spread_atr_12_48b__low_abs,0.5075417806198901,"expanding abs q30 using observations <= prediction_timestamp, min_periods=300"
2026-08-07 02:30:00+00:00,ema_spread_atr_12_48b__low_abs,0.507015865548307,"expanding abs q30 using observations <= prediction_timestamp, min_periods=300"
2026-08-07 03:00:00+00:00,ema_spread_atr_12_48b__low_abs,0.5062675784005326,"expanding abs q30 using observations <= prediction_timestamp, min_periods=300"
2026-08-07 03:30:00+00:00,ema_spread_atr_12_48b__low_abs,0.5061866848870787,"expanding abs q30 using observations <= prediction_timestamp, min_periods=300"
2026-08-07 04:00:00+00:00,ema_spread_atr_12_48b__low_abs,0.5062213535357019,"expanding abs q30 using observations <= prediction_timestamp, min_periods=300"
2026-08-07 04:30:00+00:00,ema_spread_atr_12_48b__low_abs,0.5062560221843249,"expanding abs q30 using observations <= prediction_timestamp, min_periods=300"
2026-08-07 05:00:00+00:00,ema_spread_atr_12_48b__low_abs,0.5064813747284682,"expanding abs q30 using observations <= prediction_timestamp, min_periods=300"
2026-08-07 05:30:00+00:00,ema_spread_atr_12_48b__low_abs,0.5068020692203714,"expanding abs q30 using observations <= prediction_timestamp, min_periods=300"
2026-08-07 06:00:00+00:00,ema_spread_atr_12_48b__low_abs,0.5062444659681172,"expanding abs q30 using observations <= prediction_timestamp, min_periods=300"
2026-08-07 06:30:00+00:00,ema_spread_atr_12_48b__low_abs,0.5063744765645003,"expanding abs q30 using observations <= prediction_timestamp, min_periods=300"
2026-08-07 07:00:00+00:00,ema_spread_atr_12_48b__low_abs,0.5066951710564035,"expanding abs q30 using observations <= prediction_timestamp, min_periods=300"
2026-08-07 07:30:00+00:00,ema_spread_atr_12_48b__low_abs,0.507015865548307,"expanding abs q30 using observations <= prediction_timestamp, min_periods=300"
2026-08-07 08:00:00+00:00,ema_spread_atr_12_48b__low_abs,0.5073365600402102,"expanding abs q30 using observations <= prediction_timestamp, min_periods=300"
2026-08-07 08:30:00+00:00,ema_spread_atr_12_48b__low_abs,0.5074904754749702,"expanding abs q30 using observations <= prediction_timestamp, min_periods=300"
2026-08-07 09:00:00+00:00,ema_spread_atr_12_48b__low_abs,0.5076443909097301,"expanding abs q30 using observations <= prediction_timestamp, min_periods=300"
2026-08-07 09:30:00+00:00,ema_spread_atr_12_48b__low_abs,0.5077983063444901,"expanding abs q30 using observations <= prediction_timestamp, min_periods=300"
2026-08-07 10:00:00+00:00,ema_spread_atr_12_48b__low_abs,0.507853455360237,"expanding abs q30 using observations <= prediction_timestamp, min_periods=300"
2026-08-07 10:30:00+00:00,ema_spread_atr_12_48b__low_abs,0.5078592211664773,"expanding abs q30 using observations <= prediction_timestamp, min_periods=300"
2026-08-07 11:00:00+00:00,ema_spread_atr_12_48b__low_abs,0.5078649869727176,"expanding abs q30 using observations <= prediction_timestamp, min_periods=300"
2026-08-07 11:30:00+00:00,ema_spread_atr_12_48b__low_abs,0.5080046299027771,"expanding abs q30 using observations <= prediction_timestamp, min_periods=300"
2026-08-07 12:00:00+00:00,ema_spread_atr_12_48b__low_abs,0.5084120270804748,"expanding abs q30 using observations <= prediction_timestamp, min_periods=300"
2026-08-07 12:30:00+00:00,ema_spread_atr_12_48b__low_abs,0.508819424258173,"expanding abs q30 using observations <= prediction_timestamp, min_periods=300"
2026-08-07 13:00:00+00:00,ema_spread_atr_12_48b__low_abs,0.5092268214358708,"expanding abs q30 using observations <= prediction_timestamp, min_periods=300"
2026-08-07 13:30:00+00:00,ema_spread_atr_12_48b__low_abs,0.509250477049337,"expanding abs q30 using observations <= prediction_timestamp, min_periods=300"
2026-08-07 14:00:00+00:00,ema_spread_atr_12_48b__low_abs,0.5092741326628031,"expanding abs q30 using observations <= prediction_timestamp, min_periods=300"
2026-08-07 14:30:00+00:00,ema_spread_atr_12_48b__low_abs,0.5090910223766381,"expanding abs q30 using observations <= prediction_timestamp, min_periods=300"
2026-08-07 15:00:00+00:00,ema_spread_atr_12_48b__low_abs,0.5092425918448482,"expanding abs q30 using observations <= prediction_timestamp, min_periods=300"
2026-08-07 15:30:00+00:00,ema_spread_atr_12_48b__low_abs,0.5092662474583144,"expanding abs q30 using observations <= prediction_timestamp, min_periods=300"
2026-08-07 16:00:00+00:00,ema_spread_atr_12_48b__low_abs,0.5089552233174055,"expanding abs q30 using observations <= prediction_timestamp, min_periods=300"
2026-08-07 16:30:00+00:00,ema_spread_atr_12_48b__low_abs,0.5080046299027771,"expanding abs q30 using observations <= prediction_timestamp, min_periods=300"
2026-08-07 17:00:00+00:00,ema_spread_atr_12_48b__low_abs,0.5084120270804748,"expanding abs q30 using observations <= prediction_timestamp, min_periods=300"
2026-08-07 17:30:00+00:00,ema_spread_atr_12_48b__low_abs,0.508819424258173,"expanding abs q30 using observations <= prediction_timestamp, min_periods=300"
2026-08-07 18:00:00+00:00,ema_spread_atr_12_48b__low_abs,0.5092268214358708,"expanding abs q30 using observations <= prediction_timestamp, min_periods=300"
2026-08-07 18:30:00+00:00,ema_spread_atr_12_48b__low_abs,0.509250477049337,"expanding abs q30 using observations <= prediction_timestamp, min_periods=300"
2026-08-07 19:00:00+00:00,ema_spread_atr_12_48b__low_abs,0.5092741326628031,"expanding abs q30 using observations <= prediction_timestamp, min_periods=300"
2026-08-07 19:30:00+00:00,ema_spread_atr_12_48b__low_abs,0.5090910223766381,"expanding abs q30 using observations <= prediction_timestamp, min_periods=300"
2026-08-07 20:00:00+00:00,ema_spread_atr_12_48b__low_abs,0.5092425918448482,"expanding abs q30 using observations <= prediction_timestamp, min_periods=300"
2026-08-07 20:30:00+00:00,ema_spread_atr_12_48b__low_abs,0.5092662474583144,"expanding abs q30 using observations <= prediction_timestamp, min_periods=300"
2026-08-07 21:00:00+00:00,ema_spread_atr_12_48b__low_abs,0.5089552233174055,"expanding abs q30 using observations <= prediction_timestamp, min_periods=300"
2026-08-07 21:30:00+00:00,ema_spread_atr_12_48b__low_abs,0.5080046299027771,"expanding abs q30 using observations <= prediction_timestamp, min_periods=300"
2026-08-07 22:00:00+00:00,ema_spread_atr_12_48b__low_abs,0.5078572992310638,"expanding abs q30 using observations <= prediction_timestamp, min_periods=300"
2026-08-07 22:30:00+00:00,ema_spread_atr_12_48b__low_abs,0.5076956960546501,"expanding abs q30 using observations <= prediction_timestamp, min_periods=300"
2026-08-07 23:00:00+00:00,ema_spread_atr_12_48b__low_abs,0.5073365600402102,"expanding abs q30 using observations <= prediction_timestamp, min_periods=300"
2026-08-07 23:30:00+00:00,ema_spread_atr_12_48b__low_abs,0.5065882728924358,"expanding abs q30 using observations <= prediction_timestamp, min_periods=300"
2026-08-08 00:00:00+00:00,ema_spread_atr_12_48b__low_abs,0.5062213535357019,"expanding abs q30 using observations <= prediction_timestamp, min_periods=300"
2026-08-08 00:30:00+00:00,ema_spread_atr_12_48b__low_abs,0.5062560221843249,"expanding abs q30 using observations <= prediction_timestamp, min_periods=300"
2026-08-08 01:00:00+00:00,ema_spread_atr_12_48b__low_abs,0.5061751286708711,"expanding abs q30 using observations <= prediction_timestamp, min_periods=300"
2026-08-08 01:30:00+00:00,ema_spread_atr_12_48b__low_abs,0.5060099183278393,"expanding abs q30 using observations <= prediction_timestamp, min_periods=300"
2026-08-08 02:00:00+00:00,ema_spread_atr_12_48b__low_abs,0.5058576437996023,"expanding abs q30 using observations <= prediction_timestamp, min_periods=300"
2026-08-08 02:30:00+00:00,ema_spread_atr_12_48b__low_abs,0.5058962399993461,"expanding abs q30 using observations <= prediction_timestamp, min_periods=300"
2026-08-08 03:00:00+00:00,ema_spread_atr_12_48b__low_abs,0.505981498745716,"expanding abs q30 using observations <= prediction_timestamp, min_periods=300"
2026-08-08 03:30:00+00:00,ema_spread_atr_12_48b__low_abs,0.5060667574920859,"expanding abs q30 using observations <= prediction_timestamp, min_periods=300"
2026-08-08 04:00:00+00:00,ema_spread_atr_12_48b__low_abs,0.5061520162384557,"expanding abs q30 using observations <= prediction_timestamp, min_periods=300"
2026-08-08 04:30:00+00:00,ema_spread_atr_12_48b__low_abs,0.5061866848870787,"expanding abs q30 using observations <= prediction_timestamp, min_periods=300"
2026-08-08 05:00:00+00:00,ema_spread_atr_12_48b__low_abs,0.5062213535357019,"expanding abs q30 using observations <= prediction_timestamp, min_periods=300"
2026-08-08 05:30:00+00:00,ema_spread_atr_12_48b__low_abs,0.5062560221843249,"expanding abs q30 using observations <= prediction_timestamp, min_periods=300"
2026-08-08 06:00:00+00:00,ema_spread_atr_12_48b__low_abs,0.5064813747284682,"expanding abs q30 using observations <= prediction_timestamp, min_periods=300"
2026-08-08 06:30:00+00:00,ema_spread_atr_12_48b__low_abs,0.5062097973194941,"expanding abs q30 using observations <= prediction_timestamp, min_periods=300"
2026-08-08 07:00:00+00:00,ema_spread_atr_12_48b__low_abs,0.5060951770742091,"expanding abs q30 using observations <= prediction_timestamp, min_periods=300"
2026-08-08 07:30:00+00:00,ema_spread_atr_12_48b__low_abs,0.5058962399993461,"expanding abs q30 using observations <= prediction_timestamp, min_periods=300"
2026-08-08 08:00:00+00:00,ema_spread_atr_12_48b__low_abs,0.505981498745716,"expanding abs q30 using observations <= prediction_timestamp, min_periods=300"
2026-08-08 08:30:00+00:00,ema_spread_atr_12_48b__low_abs,0.5058525554907921,"expanding abs q30 using observations <= prediction_timestamp, min_periods=300"
2026-08-08 09:00:00+00:00,ema_spread_atr_12_48b__low_abs,0.5058678204172228,"expanding abs q30 using observations <= prediction_timestamp, min_periods=300"
2026-08-08 09:30:00+00:00,ema_spread_atr_12_48b__low_abs,0.5059530791635927,"expanding abs q30 using observations <= prediction_timestamp, min_periods=300"
2026-08-08 10:00:00+00:00,ema_spread_atr_12_48b__low_abs,0.5060383379099626,"expanding abs q30 using observations <= prediction_timestamp, min_periods=300"
2026-08-08 10:30:00+00:00,ema_spread_atr_12_48b__low_abs,0.5061235966563324,"expanding abs q30 using observations <= prediction_timestamp, min_periods=300"
2026-08-08 11:00:00+00:00,ema_spread_atr_12_48b__low_abs,0.5061751286708711,"expanding abs q30 using observations <= prediction_timestamp, min_periods=300"
2026-08-08 11:30:00+00:00,ema_spread_atr_12_48b__low_abs,0.5062097973194941,"expanding abs q30 using observations <= prediction_timestamp, min_periods=300"
2026-08-08 12:00:00+00:00,ema_spread_atr_12_48b__low_abs,0.5062444659681172,"expanding abs q30 using observations <= prediction_timestamp, min_periods=300"
2026-08-08 12:30:00+00:00,ema_spread_atr_12_48b__low_abs,0.5063744765645003,"expanding abs q30 using observations <= prediction_timestamp, min_periods=300"
2026-08-08 13:00:00+00:00,ema_spread_atr_12_48b__low_abs,0.5061982411032865,"expanding abs q30 using observations <= prediction_timestamp, min_periods=300"
2026-08-08 13:30:00+00:00,ema_spread_atr_12_48b__low_abs,0.5060667574920859,"expanding abs q30 using observations <= prediction_timestamp, min_periods=300"
2026-08-08 14:00:00+00:00,ema_spread_atr_12_48b__low_abs,0.5058678204172228,"expanding abs q30 using observations <= prediction_timestamp, min_periods=300"
2026-08-08 14:30:00+00:00,ema_spread_atr_12_48b__low_abs,0.5059530791635927,"expanding abs q30 using observations <= prediction_timestamp, min_periods=300"
2026-08-08 15:00:00+00:00,ema_spread_atr_12_48b__low_abs,0.5060383379099626,"expanding abs q30 using observations <= prediction_timestamp, min_periods=300"
2026-08-08 15:30:00+00:00,ema_spread_atr_12_48b__low_abs,0.5061235966563324,"expanding abs q30 using observations <= prediction_timestamp, min_periods=300"
2026-08-08 16:00:00+00:00,ema_spread_atr_12_48b__low_abs,0.5061751286708711,"expanding abs q30 using observations <= prediction_timestamp, min_periods=300"
2026-08-08 16:30:00+00:00,ema_spread_atr_12_48b__low_abs,0.5062097973194941,"expanding abs q30 using observations <= prediction_timestamp, min_periods=300"
2026-08-08 17:00:00+00:00,ema_spread_atr_12_48b__low_abs,0.5060951770742091,"expanding abs q30 using observations <= prediction_timestamp, min_periods=300"
2026-08-08 17:30:00+00:00,ema_spread_atr_12_48b__low_abs,0.5061635724546634,"expanding abs q30 using observations <= prediction_timestamp, min_periods=300"
2026-08-08 18:00:00+00:00,ema_spread_atr_12_48b__low_abs,0.5061982411032865,"expanding abs q30 using observations <= prediction_timestamp, min_periods=300"
2026-08-08 18:30:00+00:00,ema_spread_atr_12_48b__low_abs,0.5060667574920859,"expanding abs q30 using observations <= prediction_timestamp, min_periods=300"
2026-08-08 19:00:00+00:00,ema_spread_atr_12_48b__low_abs,0.5061520162384557,"expanding abs q30 using observations <= prediction_timestamp, min_periods=300"
2026-08-08 19:30:00+00:00,ema_spread_atr_12_48b__low_abs,0.5061866848870787,"expanding abs q30 using observations <= prediction_timestamp, min_periods=300"
2026-08-08 20:00:00+00:00,ema_spread_atr_12_48b__low_abs,0.5062213535357019,"expanding abs q30 using observations <= prediction_timestamp, min_periods=300"
2026-08-08 20:30:00+00:00,ema_spread_atr_12_48b__low_abs,0.5062560221843249,"expanding abs q30 using observations <= prediction_timestamp, min_periods=300"
2026-08-08 21:00:00+00:00,ema_spread_atr_12_48b__low_abs,0.5064813747284682,"expanding abs q30 using observations <= prediction_timestamp, min_periods=300"
2026-08-08 21:30:00+00:00,ema_spread_atr_12_48b__low_abs,0.5062097973194941,"expanding abs q30 using observations <= prediction_timestamp, min_periods=300"
2026-08-08 22:00:00+00:00,ema_spread_atr_12_48b__low_abs,0.5060951770742091,"expanding abs q30 using observations <= prediction_timestamp, min_periods=300"
2026-08-08 22:30:00+00:00,ema_spread_atr_12_48b__low_abs,0.5061635724546634,"expanding abs q30 using observations <= prediction_timestamp, min_periods=300"
2026-08-08 23:00:00+00:00,ema_spread_atr_12_48b__low_abs,0.5061982411032865,"expanding abs q30 using observations <= prediction_timestamp, min_periods=300"
2026-08-08 23:30:00+00:00,ema_spread_atr_12_48b__low_abs,0.5062329097519096,"expanding abs q30 using observations <= prediction_timestamp, min_periods=300"
2026-08-09 00:00:00+00:00,ema_spread_atr_12_48b__low_abs,0.5062675784005326,"expanding abs q30 using observations <= prediction_timestamp, min_periods=300"
2026-08-09 00:30:00+00:00,ema_spread_atr_12_48b__low_abs,0.5065882728924358,"expanding abs q30 using observations <= prediction_timestamp, min_periods=300"
2026-08-09 01:00:00+00:00,ema_spread_atr_12_48b__low_abs,0.5069089673843391,"expanding abs q30 using observations <= prediction_timestamp, min_periods=300"
2026-08-09 01:30:00+00:00,ema_spread_atr_12_48b__low_abs,0.5072296618762423,"expanding abs q30 using observations <= prediction_timestamp, min_periods=300"
2026-08-09 02:00:00+00:00,ema_spread_atr_12_48b__low_abs,0.5074391703300503,"expanding abs q30 using observations <= prediction_timestamp, min_periods=300"
2026-08-09 02:30:00+00:00,ema_spread_atr_12_48b__low_abs,0.5075930857648101,"expanding abs q30 using observations <= prediction_timestamp, min_periods=300"
2026-08-09 03:00:00+00:00,ema_spread_atr_12_48b__low_abs,0.5077470011995701,"expanding abs q30 using observations <= prediction_timestamp, min_periods=300"
2026-08-09 03:30:00+00:00,ema_spread_atr_12_48b__low_abs,0.5078515334248236,"expanding abs q30 using observations <= prediction_timestamp, min_periods=300"
2026-08-09 04:00:00+00:00,ema_spread_atr_12_48b__low_abs,0.5078572992310638,"expanding abs q30 using observations <= prediction_timestamp, min_periods=300"
2026-08-09 04:30:00+00:00,ema_spread_atr_12_48b__low_abs,0.5078630650373042,"expanding abs q30 using observations <= prediction_timestamp, min_periods=300"
2026-08-09 05:00:00+00:00,ema_spread_atr_12_48b__low_abs,0.5078688308435445,"expanding abs q30 using observations <= prediction_timestamp, min_periods=300"
2026-08-09 05:30:00+00:00,ema_spread_atr_12_48b__low_abs,0.5082762280212424,"expanding abs q30 using observations <= prediction_timestamp, min_periods=300"
2026-08-09 06:00:00+00:00,ema_spread_atr_12_48b__low_abs,0.5086836251989402,"expanding abs q30 using observations <= prediction_timestamp, min_periods=300"
2026-08-09 06:30:00+00:00,ema_spread_atr_12_48b__low_abs,0.5090910223766381,"expanding abs q30 using observations <= prediction_timestamp, min_periods=300"
2026-08-09 07:00:00+00:00,ema_spread_atr_12_48b__low_abs,0.5092425918448482,"expanding abs q30 using observations <= prediction_timestamp, min_periods=300"
2026-08-09 07:30:00+00:00,ema_spread_atr_12_48b__low_abs,0.5092662474583144,"expanding abs q30 using observations <= prediction_timestamp, min_periods=300"
2026-08-09 08:00:00+00:00,ema_spread_atr_12_48b__low_abs,0.5092899030717806,"expanding abs q30 using observations <= prediction_timestamp, min_periods=300"
2026-08-09 08:30:00+00:00,ema_spread_atr_12_48b__low_abs,0.5093788887917627,"expanding abs q30 using observations <= prediction_timestamp, min_periods=300"
2026-08-09 09:00:00+00:00,ema_spread_atr_12_48b__low_abs,0.5092583622538257,"expanding abs q30 using observations <= prediction_timestamp, min_periods=300"
2026-08-09 09:30:00+00:00,ema_spread_atr_12_48b__low_abs,0.5092820178672918,"expanding abs q30 using observations <= prediction_timestamp, min_periods=300"
2026-08-09 10:00:00+00:00,ema_spread_atr_12_48b__low_abs,0.509305673480758,"expanding abs q30 using observations <= prediction_timestamp, min_periods=300"
2026-08-09 10:30:00+00:00,ema_spread_atr_12_48b__low_abs,0.5095253194137724,"expanding abs q30 using observations <= prediction_timestamp, min_periods=300"
2026-08-09 11:00:00+00:00,ema_spread_atr_12_48b__low_abs,0.5097449653467869,"expanding abs q30 using observations <= prediction_timestamp, min_periods=300"
2026-08-09 11:30:00+00:00,ema_spread_atr_12_48b__low_abs,0.5099646112798015,"expanding abs q30 using observations <= prediction_timestamp, min_periods=300"
2026-08-09 12:00:00+00:00,ema_spread_atr_12_48b__low_abs,0.5094521041027676,"expanding abs q30 using observations <= prediction_timestamp, min_periods=300"
2026-08-09 12:30:00+00:00,ema_spread_atr_12_48b__low_abs,0.5092662474583144,"expanding abs q30 using observations <= prediction_timestamp, min_periods=300"
2026-08-09 13:00:00+00:00,ema_spread_atr_12_48b__low_abs,0.5092899030717806,"expanding abs q30 using observations <= prediction_timestamp, min_periods=300"
2026-08-09 13:30:00+00:00,ema_spread_atr_12_48b__low_abs,0.5093788887917627,"expanding abs q30 using observations <= prediction_timestamp, min_periods=300"
2026-08-09 14:00:00+00:00,ema_spread_atr_12_48b__low_abs,0.5095985347247772,"expanding abs q30 using observations <= prediction_timestamp, min_periods=300"
2026-08-09 14:30:00+00:00,ema_spread_atr_12_48b__low_abs,0.5098181806577919,"expanding abs q30 using observations <= prediction_timestamp, min_periods=300"
2026-08-09 15:00:00+00:00,ema_spread_atr_12_48b__low_abs,0.5100378265908064,"expanding abs q30 using observations <= prediction_timestamp, min_periods=300"
2026-08-09 15:30:00+00:00,ema_spread_atr_12_48b__low_abs,0.5100674294994442,"expanding abs q30 using observations <= prediction_timestamp, min_periods=300"
2026-08-09 16:00:00+00:00,ema_spread_atr_12_48b__low_abs,0.510097032408082,"expanding abs q30 using observations <= prediction_timestamp, min_periods=300"
2026-08-09 16:30:00+00:00,ema_spread_atr_12_48b__low_abs,0.5101266353167198,"expanding abs q30 using observations <= prediction_timestamp, min_periods=300"
2026-08-09 17:00:00+00:00,ema_spread_atr_12_48b__low_abs,0.5100575618632316,"expanding abs q30 using observations <= prediction_timestamp, min_periods=300"
2026-08-09 17:30:00+00:00,ema_spread_atr_12_48b__low_abs,0.5096717500357821,"expanding abs q30 using observations <= prediction_timestamp, min_periods=300"
2026-08-09 18:00:00+00:00,ema_spread_atr_12_48b__low_abs,0.5092899030717806,"expanding abs q30 using observations <= prediction_timestamp, min_periods=300"
2026-08-09 18:30:00+00:00,ema_spread_atr_12_48b__low_abs,0.5093788887917627,"expanding abs q30 using observations <= prediction_timestamp, min_periods=300"
2026-08-09 19:00:00+00:00,ema_spread_atr_12_48b__low_abs,0.5095985347247772,"expanding abs q30 using observations <= prediction_timestamp, min_periods=300"
2026-08-09 19:30:00+00:00,ema_spread_atr_12_48b__low_abs,0.5098181806577919,"expanding abs q30 using observations <= prediction_timestamp, min_periods=300"
2026-08-09 20:00:00+00:00,ema_spread_atr_12_48b__low_abs,0.5100378265908064,"expanding abs q30 using observations <= prediction_timestamp, min_periods=300"
2026-08-09 20:30:00+00:00,ema_spread_atr_12_48b__low_abs,0.5100674294994442,"expanding abs q30 using observations <= prediction_timestamp, min_periods=300"
2026-08-09 21:00:00+00:00,ema_spread_atr_12_48b__low_abs,0.510097032408082,"expanding abs q30 using observations <= prediction_timestamp, min_periods=300"
2026-08-09 21:30:00+00:00,ema_spread_atr_12_48b__low_abs,0.5099646112798015,"expanding abs q30 using observations <= prediction_timestamp, min_periods=300"
2026-08-09 22:00:00+00:00,ema_spread_atr_12_48b__low_abs,0.5100575618632316,"expanding abs q30 using observations <= prediction_timestamp, min_periods=300"
2026-08-09 22:30:00+00:00,ema_spread_atr_12_48b__low_abs,0.5100871647718694,"expanding abs q30 using observations <= prediction_timestamp, min_periods=300"
2026-08-09 23:00:00+00:00,ema_spread_atr_12_48b__low_abs,0.5101167676805072,"expanding abs q30 using observations <= prediction_timestamp, min_periods=300"
2026-08-09 23:30:00+00:00,ema_spread_atr_12_48b__low_abs,0.5102142580829372,"expanding abs q30 using observations <= prediction_timestamp, min_periods=300"
2026-08-10 00:00:00+00:00,ema_spread_atr_12_48b__low_abs,0.5104475234729517,"expanding abs q30 using observations <= prediction_timestamp, min_periods=300"
2026-08-10 00:30:00+00:00,ema_spread_atr_12_48b__low_abs,0.5106807888629665,"expanding abs q30 using observations <= prediction_timestamp, min_periods=300"
2026-08-10 01:00:00+00:00,ema_spread_atr_12_48b__low_abs,0.5109140542529812,"expanding abs q30 using observations <= prediction_timestamp, min_periods=300"
2026-08-10 01:30:00+00:00,ema_spread_atr_12_48b__low_abs,0.510369768342947,"expanding abs q30 using observations <= prediction_timestamp, min_periods=300"
2026-08-10 02:00:00+00:00,ema_spread_atr_12_48b__low_abs,0.510097032408082,"expanding abs q30 using observations <= prediction_timestamp, min_periods=300"
2026-08-10 02:30:00+00:00,ema_spread_atr_12_48b__low_abs,0.5099646112798015,"expanding abs q30 using observations <= prediction_timestamp, min_periods=300"
2026-08-10 03:00:00+00:00,ema_spread_atr_12_48b__low_abs,0.5100575618632316,"expanding abs q30 using observations <= prediction_timestamp, min_periods=300"
2026-08-10 03:30:00+00:00,ema_spread_atr_12_48b__low_abs,0.5096717500357821,"expanding abs q30 using observations <= prediction_timestamp, min_periods=300"
2026-08-10 04:00:00+00:00,ema_spread_atr_12_48b__low_abs,0.5092899030717806,"expanding abs q30 using observations <= prediction_timestamp, min_periods=300"
2026-08-10 04:30:00+00:00,ema_spread_atr_12_48b__low_abs,0.5092347066403595,"expanding abs q30 using observations <= prediction_timestamp, min_periods=300"
2026-08-10 05:00:00+00:00,ema_spread_atr_12_48b__low_abs,0.5084120270804748,"expanding abs q30 using observations <= prediction_timestamp, min_periods=300"
2026-08-10 05:30:00+00:00,ema_spread_atr_12_48b__low_abs,0.5078630650373042,"expanding abs q30 using observations <= prediction_timestamp, min_periods=300"
2026-08-10 06:00:00+00:00,ema_spread_atr_12_48b__low_abs,0.5078688308435445,"expanding abs q30 using observations <= prediction_timestamp, min_periods=300"
2026-08-10 06:30:00+00:00,ema_spread_atr_12_48b__low_abs,0.5082762280212424,"expanding abs q30 using observations <= prediction_timestamp, min_periods=300"
2026-08-10 07:00:00+00:00,ema_spread_atr_12_48b__low_abs,0.5086836251989402,"expanding abs q30 using observations <= prediction_timestamp, min_periods=300"
2026-08-10 07:30:00+00:00,ema_spread_atr_12_48b__low_abs,0.5090910223766381,"expanding abs q30 using observations <= prediction_timestamp, min_periods=300"
2026-08-10 08:00:00+00:00,ema_spread_atr_12_48b__low_abs,0.5092425918448482,"expanding abs q30 using observations <= prediction_timestamp, min_periods=300"
2026-08-10 08:30:00+00:00,ema_spread_atr_12_48b__low_abs,0.5092662474583144,"expanding abs q30 using observations <= prediction_timestamp, min_periods=300"
2026-08-10 09:00:00+00:00,ema_spread_atr_12_48b__low_abs,0.5092899030717806,"expanding abs q30 using observations <= prediction_timestamp, min_periods=300"
2026-08-10 09:30:00+00:00,ema_spread_atr_12_48b__low_abs,0.5092347066403595,"expanding abs q30 using observations <= prediction_timestamp, min_periods=300"
2026-08-10 10:00:00+00:00,ema_spread_atr_12_48b__low_abs,0.5092583622538257,"expanding abs q30 using observations <= prediction_timestamp, min_periods=300"
2026-08-10 10:30:00+00:00,ema_spread_atr_12_48b__low_abs,0.5092820178672918,"expanding abs q30 using observations <= prediction_timestamp, min_periods=300"
2026-08-10 11:00:00+00:00,ema_spread_atr_12_48b__low_abs,0.509305673480758,"expanding abs q30 using observations <= prediction_timestamp, min_periods=300"
2026-08-10 11:30:00+00:00,ema_spread_atr_12_48b__low_abs,0.5095253194137724,"expanding abs q30 using observations <= prediction_timestamp, min_periods=300"
2026-08-10 12:00:00+00:00,ema_spread_atr_12_48b__low_abs,0.5092741326628031,"expanding abs q30 using observations <= prediction_timestamp, min_periods=300"
2026-08-10 12:30:00+00:00,ema_spread_atr_12_48b__low_abs,0.5092977882762693,"expanding abs q30 using observations <= prediction_timestamp, min_periods=300"
2026-08-10 13:00:00+00:00,ema_spread_atr_12_48b__low_abs,0.5094521041027676,"expanding abs q30 using observations <= prediction_timestamp, min_periods=300"
2026-08-10 13:30:00+00:00,ema_spread_atr_12_48b__low_abs,0.5096717500357821,"expanding abs q30 using observations <= prediction_timestamp, min_periods=300"
2026-08-10 14:00:00+00:00,ema_spread_atr_12_48b__low_abs,0.5098913959687967,"expanding abs q30 using observations <= prediction_timestamp, min_periods=300"
2026-08-10 14:30:00+00:00,ema_spread_atr_12_48b__low_abs,0.510047694227019,"expanding abs q30 using observations <= prediction_timestamp, min_periods=300"
2026-08-10 15:00:00+00:00,ema_spread_atr_12_48b__low_abs,0.5100772971356567,"expanding abs q30 using observations <= prediction_timestamp, min_periods=300"
2026-08-10 15:30:00+00:00,ema_spread_atr_12_48b__low_abs,0.5101069000442946,"expanding abs q30 using observations <= prediction_timestamp, min_periods=300"
2026-08-10 16:00:00+00:00,ema_spread_atr_12_48b__low_abs,0.5101365029529323,"expanding abs q30 using observations <= prediction_timestamp, min_periods=300"
2026-08-10 16:30:00+00:00,ema_spread_atr_12_48b__low_abs,0.510369768342947,"expanding abs q30 using observations <= prediction_timestamp, min_periods=300"
2026-08-10 17:00:00+00:00,ema_spread_atr_12_48b__low_abs,0.5106030337329616,"expanding abs q30 using observations <= prediction_timestamp, min_periods=300"
2026-08-10 17:30:00+00:00,ema_spread_atr_12_48b__low_abs,0.5108362991229762,"expanding abs q30 using observations <= prediction_timestamp, min_periods=300"
2026-08-10 18:00:00+00:00,ema_spread_atr_12_48b__low_abs,0.511045604898172,"expanding abs q30 using observations <= prediction_timestamp, min_periods=300"
2026-08-10 18:30:00+00:00,ema_spread_atr_12_48b__low_abs,0.511242930865958,"expanding abs q30 using observations <= prediction_timestamp, min_periods=300"
2026-08-10 19:00:00+00:00,ema_spread_atr_12_48b__low_abs,0.511440256833744,"expanding abs q30 using observations <= prediction_timestamp, min_periods=300"
2026-08-10 19:30:00+00:00,ema_spread_atr_12_48b__low_abs,0.5116351258425227,"expanding abs q30 using observations <= prediction_timestamp, min_periods=300"
2026-08-10 20:00:00+00:00,ema_spread_atr_12_48b__low_abs,0.5111771555433625,"expanding abs q30 using observations <= prediction_timestamp, min_periods=300"
2026-08-10 20:30:00+00:00,ema_spread_atr_12_48b__low_abs,0.5106807888629665,"expanding abs q30 using observations <= prediction_timestamp, min_periods=300"
2026-08-10 21:00:00+00:00,ema_spread_atr_12_48b__low_abs,0.5101365029529323,"expanding abs q30 using observations <= prediction_timestamp, min_periods=300"
2026-08-10 21:30:00+00:00,ema_spread_atr_12_48b__low_abs,0.5100674294994442,"expanding abs q30 using observations <= prediction_timestamp, min_periods=300"
2026-08-10 22:00:00+00:00,ema_spread_atr_12_48b__low_abs,0.510097032408082,"expanding abs q30 using observations <= prediction_timestamp, min_periods=300"
2026-08-10 22:30:00+00:00,ema_spread_atr_12_48b__low_abs,0.5101266353167198,"expanding abs q30 using observations <= prediction_timestamp, min_periods=300"
2026-08-10 23:00:00+00:00,ema_spread_atr_12_48b__low_abs,0.5102920132129422,"expanding abs q30 using observations <= prediction_timestamp, min_periods=300"
2026-08-10 23:30:00+00:00,ema_spread_atr_12_48b__low_abs,0.5105252786029568,"expanding abs q30 using observations <= prediction_timestamp, min_periods=300"
2026-08-11 00:00:00+00:00,ema_spread_atr_12_48b__low_abs,0.5107585439929714,"expanding abs q30 using observations <= prediction_timestamp, min_periods=300"
2026-08-11 00:30:00+00:00,ema_spread_atr_12_48b__low_abs,0.5109798295755765,"expanding abs q30 using observations <= prediction_timestamp, min_periods=300"
2026-08-11 01:00:00+00:00,ema_spread_atr_12_48b__low_abs,0.5104475234729517,"expanding abs q30 using observations <= prediction_timestamp, min_periods=300"
2026-08-11 01:30:00+00:00,ema_spread_atr_12_48b__low_abs,0.5101069000442946,"expanding abs q30 using observations <= prediction_timestamp, min_periods=300"
2026-08-11 02:00:00+00:00,ema_spread_atr_12_48b__low_abs,0.5101365029529323,"expanding abs q30 using observations <= prediction_timestamp, min_periods=300"
2026-08-11 02:30:00+00:00,ema_spread_atr_12_48b__low_abs,0.510369768342947,"expanding abs q30 using observations <= prediction_timestamp, min_periods=300"
2026-08-11 03:00:00+00:00,ema_spread_atr_12_48b__low_abs,0.5106030337329616,"expanding abs q30 using observations <= prediction_timestamp, min_periods=300"
2026-08-11 03:30:00+00:00,ema_spread_atr_12_48b__low_abs,0.5108362991229762,"expanding abs q30 using observations <= prediction_timestamp, min_periods=300"
2026-08-11 04:00:00+00:00,ema_spread_atr_12_48b__low_abs,0.511045604898172,"expanding abs q30 using observations <= prediction_timestamp, min_periods=300"
2026-08-11 04:30:00+00:00,ema_spread_atr_12_48b__low_abs,0.511242930865958,"expanding abs q30 using observations <= prediction_timestamp, min_periods=300"
2026-08-11 05:00:00+00:00,ema_spread_atr_12_48b__low_abs,0.5107585439929714,"expanding abs q30 using observations <= prediction_timestamp, min_periods=300"
2026-08-11 05:30:00+00:00,ema_spread_atr_12_48b__low_abs,0.5109798295755765,"expanding abs q30 using observations <= prediction_timestamp, min_periods=300"
2026-08-11 06:00:00+00:00,ema_spread_atr_12_48b__low_abs,0.5111771555433625,"expanding abs q30 using observations <= prediction_timestamp, min_periods=300"
2026-08-11 06:30:00+00:00,ema_spread_atr_12_48b__low_abs,0.5113744815111487,"expanding abs q30 using observations <= prediction_timestamp, min_periods=300"
2026-08-11 07:00:00+00:00,ema_spread_atr_12_48b__low_abs,0.5115718074789347,"expanding abs q30 using observations <= prediction_timestamp, min_periods=300"
2026-08-11 07:30:00+00:00,ema_spread_atr_12_48b__low_abs,0.511761762569699,"expanding abs q30 using observations <= prediction_timestamp, min_periods=300"
2026-08-11 08:00:00+00:00,ema_spread_atr_12_48b__low_abs,0.5113087061885533,"expanding abs q30 using observations <= prediction_timestamp, min_periods=300"
2026-08-11 08:30:00+00:00,ema_spread_atr_12_48b__low_abs,0.5108362991229762,"expanding abs q30 using observations <= prediction_timestamp, min_periods=300"
2026-08-11 09:00:00+00:00,ema_spread_atr_12_48b__low_abs,0.511045604898172,"expanding abs q30 using observations <= prediction_timestamp, min_periods=300"
2026-08-11 09:30:00+00:00,ema_spread_atr_12_48b__low_abs,0.511242930865958,"expanding abs q30 using observations <= prediction_timestamp, min_periods=300"
2026-08-11 10:00:00+00:00,ema_spread_atr_12_48b__low_abs,0.511440256833744,"expanding abs q30 using observations <= prediction_timestamp, min_periods=300"
2026-08-11 10:30:00+00:00,ema_spread_atr_12_48b__low_abs,0.5116351258425227,"expanding abs q30 using observations <= prediction_timestamp, min_periods=300"
2026-08-11 11:00:00+00:00,ema_spread_atr_12_48b__low_abs,0.5118250809332869,"expanding abs q30 using observations <= prediction_timestamp, min_periods=300"
2026-08-11 11:30:00+00:00,ema_spread_atr_12_48b__low_abs,0.5120150360240513,"expanding abs q30 using observations <= prediction_timestamp, min_periods=300"
2026-08-11 12:00:00+00:00,ema_spread_atr_12_48b__low_abs,0.5122049911148155,"expanding abs q30 using observations <= prediction_timestamp, min_periods=300"
2026-08-11 12:30:00+00:00,ema_spread_atr_12_48b__low_abs,0.5122093082393988,"expanding abs q30 using observations <= prediction_timestamp, min_periods=300"
2026-08-11 13:00:00+00:00,ema_spread_atr_12_48b__low_abs,0.512213625363982,"expanding abs q30 using observations <= prediction_timestamp, min_periods=300"
2026-08-11 13:30:00+00:00,ema_spread_atr_12_48b__low_abs,0.5121416727512274,"expanding abs q30 using observations <= prediction_timestamp, min_periods=300"
2026-08-11 14:00:00+00:00,ema_spread_atr_12_48b__low_abs,0.5116984442061109,"expanding abs q30 using observations <= prediction_timestamp, min_periods=300"
2026-08-11 14:30:00+00:00,ema_spread_atr_12_48b__low_abs,0.5118883992968751,"expanding abs q30 using observations <= prediction_timestamp, min_periods=300"
2026-08-11 15:00:00+00:00,ema_spread_atr_12_48b__low_abs,0.5120783543876394,"expanding abs q30 using observations <= prediction_timestamp, min_periods=300"
2026-08-11 15:30:00+00:00,ema_spread_atr_12_48b__low_abs,0.5122064301563433,"expanding abs q30 using observations <= prediction_timestamp, min_periods=300"
2026-08-11 16:00:00+00:00,ema_spread_atr_12_48b__low_abs,0.5122107472809265,"expanding abs q30 using observations <= prediction_timestamp, min_periods=300"
2026-08-11 16:30:00+00:00,ema_spread_atr_12_48b__low_abs,0.5122150644055097,"expanding abs q30 using observations <= prediction_timestamp, min_periods=300"
2026-08-11 17:00:00+00:00,ema_spread_atr_12_48b__low_abs,0.5122193815300929,"expanding abs q30 using observations <= prediction_timestamp, min_periods=300"
2026-08-11 17:30:00+00:00,ema_spread_atr_12_48b__low_abs,0.5122424835098349,"expanding abs q30 using observations <= prediction_timestamp, min_periods=300"
2026-08-11 18:00:00+00:00,ema_spread_atr_12_48b__low_abs,0.5122655854895769,"expanding abs q30 using observations <= prediction_timestamp, min_periods=300"
2026-08-11 18:30:00+00:00,ema_spread_atr_12_48b__low_abs,0.512288687469319,"expanding abs q30 using observations <= prediction_timestamp, min_periods=300"
2026-08-11 19:00:00+00:00,ema_spread_atr_12_48b__low_abs,0.5122977881568798,"expanding abs q30 using observations <= prediction_timestamp, min_periods=300"
2026-08-11 19:30:00+00:00,ema_spread_atr_12_48b__low_abs,0.512257884829663,"expanding abs q30 using observations <= prediction_timestamp, min_periods=300"
2026-08-11 20:00:00+00:00,ema_spread_atr_12_48b__low_abs,0.5122809868094049,"expanding abs q30 using observations <= prediction_timestamp, min_periods=300"
2026-08-11 20:30:00+00:00,ema_spread_atr_12_48b__low_abs,0.5122970881430563,"expanding abs q30 using observations <= prediction_timestamp, min_periods=300"
2026-08-11 21:00:00+00:00,ema_spread_atr_12_48b__low_abs,0.5122991881845266,"expanding abs q30 using observations <= prediction_timestamp, min_periods=300"
2026-08-11 21:30:00+00:00,ema_spread_atr_12_48b__low_abs,0.5123012882259967,"expanding abs q30 using observations <= prediction_timestamp, min_periods=300"
2026-08-11 22:00:00+00:00,ema_spread_atr_12_48b__low_abs,0.5123033882674669,"expanding abs q30 using observations <= prediction_timestamp, min_periods=300"
2026-08-11 22:30:00+00:00,ema_spread_atr_12_48b__low_abs,0.5126408783753752,"expanding abs q30 using observations <= prediction_timestamp, min_periods=300"
2026-08-11 23:00:00+00:00,ema_spread_atr_12_48b__low_abs,0.5129783684832835,"expanding abs q30 using observations <= prediction_timestamp, min_periods=300"
2026-08-11 23:30:00+00:00,ema_spread_atr_12_48b__low_abs,0.5133158585911919,"expanding abs q30 using observations <= prediction_timestamp, min_periods=300"
2026-08-12 00:00:00+00:00,ema_spread_atr_12_48b__low_abs,0.5134389416212359,"expanding abs q30 using observations <= prediction_timestamp, min_periods=300"
2026-08-12 00:30:00+00:00,ema_spread_atr_12_48b__low_abs,0.5134548211123475,"expanding abs q30 using observations <= prediction_timestamp, min_periods=300"
2026-08-12 01:00:00+00:00,ema_spread_atr_12_48b__low_abs,0.5134707006034592,"expanding abs q30 using observations <= prediction_timestamp, min_periods=300"
2026-08-12 01:30:00+00:00,ema_spread_atr_12_48b__low_abs,0.5135636579851955,"expanding abs q30 using observations <= prediction_timestamp, min_periods=300"
2026-08-12 02:00:00+00:00,ema_spread_atr_12_48b__low_abs,0.5138107711481814,"expanding abs q30 using observations <= prediction_timestamp, min_periods=300"
2026-08-12 02:30:00+00:00,ema_spread_atr_12_48b__low_abs,0.5140578843111675,"expanding abs q30 using observations <= prediction_timestamp, min_periods=300"
2026-08-12 03:00:00+00:00,ema_spread_atr_12_48b__low_abs,0.5143049974741534,"expanding abs q30 using observations <= prediction_timestamp, min_periods=300"
2026-08-12 03:30:00+00:00,ema_spread_atr_12_48b__low_abs,0.5137284000938529,"expanding abs q30 using observations <= prediction_timestamp, min_periods=300"
2026-08-12 04:00:00+00:00,ema_spread_atr_12_48b__low_abs,0.5139755132568388,"expanding abs q30 using observations <= prediction_timestamp, min_periods=300"
2026-08-12 04:30:00+00:00,ema_spread_atr_12_48b__low_abs,0.5142226264198246,"expanding abs q30 using observations <= prediction_timestamp, min_periods=300"
2026-08-12 05:00:00+00:00,ema_spread_atr_12_48b__low_abs,0.514350659101288,"expanding abs q30 using observations <= prediction_timestamp, min_periods=300"
2026-08-12 05:30:00+00:00,ema_spread_atr_12_48b__low_abs,0.5144191515419898,"expanding abs q30 using observations <= prediction_timestamp, min_periods=300"
2026-08-12 06:00:00+00:00,ema_spread_atr_12_48b__low_abs,0.5144876439826918,"expanding abs q30 using observations <= prediction_timestamp, min_periods=300"
2026-08-12 06:30:00+00:00,ema_spread_atr_12_48b__low_abs,0.5143278282877206,"expanding abs q30 using observations <= prediction_timestamp, min_periods=300"
2026-08-12 07:00:00+00:00,ema_spread_atr_12_48b__low_abs,0.5138107711481814,"expanding abs q30 using observations <= prediction_timestamp, min_periods=300"
2026-08-12 07:30:00+00:00,ema_spread_atr_12_48b__low_abs,0.5140578843111675,"expanding abs q30 using observations <= prediction_timestamp, min_periods=300"
2026-08-12 08:00:00+00:00,ema_spread_atr_12_48b__low_abs,0.5143049974741534,"expanding abs q30 using observations <= prediction_timestamp, min_periods=300"
2026-08-12 08:30:00+00:00,ema_spread_atr_12_48b__low_abs,0.5143734899148552,"expanding abs q30 using observations <= prediction_timestamp, min_periods=300"
2026-08-12 09:00:00+00:00,ema_spread_atr_12_48b__low_abs,0.5144419823555572,"expanding abs q30 using observations <= prediction_timestamp, min_periods=300"
2026-08-12 09:30:00+00:00,ema_spread_atr_12_48b__low_abs,0.514510474796259,"expanding abs q30 using observations <= prediction_timestamp, min_periods=300"
2026-08-12 10:00:00+00:00,ema_spread_atr_12_48b__low_abs,0.5146763577974754,"expanding abs q30 using observations <= prediction_timestamp, min_periods=300"
2026-08-12 10:30:00+00:00,ema_spread_atr_12_48b__low_abs,0.5148909360789491,"expanding abs q30 using observations <= prediction_timestamp, min_periods=300"
2026-08-12 11:00:00+00:00,ema_spread_atr_12_48b__low_abs,0.5151055143604227,"expanding abs q30 using observations <= prediction_timestamp, min_periods=300"
2026-08-12 11:30:00+00:00,ema_spread_atr_12_48b__low_abs,0.5152508407546069,"expanding abs q30 using observations <= prediction_timestamp, min_periods=300"
2026-08-12 12:00:00+00:00,ema_spread_atr_12_48b__low_abs,0.5152576633742122,"expanding abs q30 using observations <= prediction_timestamp, min_periods=300"
2026-08-12 12:30:00+00:00,ema_spread_atr_12_48b__low_abs,0.5152644859938175,"expanding abs q30 using observations <= prediction_timestamp, min_periods=300"
2026-08-12 13:00:00+00:00,ema_spread_atr_12_48b__low_abs,0.5152713086134227,"expanding abs q30 using observations <= prediction_timestamp, min_periods=300"
2026-08-12 13:30:00+00:00,ema_spread_atr_12_48b__low_abs,0.5152553891676771,"expanding abs q30 using observations <= prediction_timestamp, min_periods=300"
2026-08-12 14:00:00+00:00,ema_spread_atr_12_48b__low_abs,0.5152622117872824,"expanding abs q30 using observations <= prediction_timestamp, min_periods=300"
2026-08-12 14:30:00+00:00,ema_spread_atr_12_48b__low_abs,0.5152690344068876,"expanding abs q30 using observations <= prediction_timestamp, min_periods=300"
2026-08-12 15:00:00+00:00,ema_spread_atr_12_48b__low_abs,0.515537112856831,"expanding abs q30 using observations <= prediction_timestamp, min_periods=300"
2026-08-12 15:30:00+00:00,ema_spread_atr_12_48b__low_abs,0.5159358192219433,"expanding abs q30 using observations <= prediction_timestamp, min_periods=300"
2026-08-12 16:00:00+00:00,ema_spread_atr_12_48b__low_abs,0.5163345255870556,"expanding abs q30 using observations <= prediction_timestamp, min_periods=300"
2026-08-12 16:30:00+00:00,ema_spread_atr_12_48b__low_abs,0.5166018204064636,"expanding abs q30 using observations <= prediction_timestamp, min_periods=300"
2026-08-12 17:00:00+00:00,ema_spread_atr_12_48b__low_abs,0.5166062921344627,"expanding abs q30 using observations <= prediction_timestamp, min_periods=300"
2026-08-12 17:30:00+00:00,ema_spread_atr_12_48b__low_abs,0.516610763862462,"expanding abs q30 using observations <= prediction_timestamp, min_periods=300"
2026-08-12 18:00:00+00:00,ema_spread_atr_12_48b__low_abs,0.5166152355904611,"expanding abs q30 using observations <= prediction_timestamp, min_periods=300"
2026-08-12 18:30:00+00:00,ema_spread_atr_12_48b__low_abs,0.5169011516153859,"expanding abs q30 using observations <= prediction_timestamp, min_periods=300"
2026-08-12 19:00:00+00:00,ema_spread_atr_12_48b__low_abs,0.5171870676403105,"expanding abs q30 using observations <= prediction_timestamp, min_periods=300"
2026-08-12 19:30:00+00:00,ema_spread_atr_12_48b__low_abs,0.5174729836652353,"expanding abs q30 using observations <= prediction_timestamp, min_periods=300"
2026-08-12 20:00:00+00:00,ema_spread_atr_12_48b__low_abs,0.5176161123552157,"expanding abs q30 using observations <= prediction_timestamp, min_periods=300"
2026-08-12 20:30:00+00:00,ema_spread_atr_12_48b__low_abs,0.5176878473777236,"expanding abs q30 using observations <= prediction_timestamp, min_periods=300"
2026-08-12 21:00:00+00:00,ema_spread_atr_12_48b__low_abs,0.5173776783235938,"expanding abs q30 using observations <= prediction_timestamp, min_periods=300"
2026-08-12 21:30:00+00:00,ema_spread_atr_12_48b__low_abs,0.5175922006810463,"expanding abs q30 using observations <= prediction_timestamp, min_periods=300"
2026-08-12 22:00:00+00:00,ema_spread_atr_12_48b__low_abs,0.5176639357035542,"expanding abs q30 using observations <= prediction_timestamp, min_periods=300"
2026-08-12 22:30:00+00:00,ema_spread_atr_12_48b__low_abs,0.5177356707260621,"expanding abs q30 using observations <= prediction_timestamp, min_periods=300"
2026-08-12 23:00:00+00:00,ema_spread_atr_12_48b__low_abs,0.51780740574857,"expanding abs q30 using observations <= prediction_timestamp, min_periods=300"
2026-08-12 23:30:00+00:00,ema_spread_atr_12_48b__low_abs,0.5178368054107791,"expanding abs q30 using observations <= prediction_timestamp, min_periods=300"
2026-08-13 00:00:00+00:00,ema_spread_atr_12_48b__low_abs,0.5178662050729882,"expanding abs q30 using observations <= prediction_timestamp, min_periods=300"
2026-08-13 00:30:00+00:00,ema_spread_atr_12_48b__low_abs,0.5177834940744006,"expanding abs q30 using observations <= prediction_timestamp, min_periods=300"
2026-08-13 01:00:00+00:00,ema_spread_atr_12_48b__low_abs,0.5176161123552157,"expanding abs q30 using observations <= prediction_timestamp, min_periods=300"
2026-08-13 01:30:00+00:00,ema_spread_atr_12_48b__low_abs,0.517091762298669,"expanding abs q30 using observations <= prediction_timestamp, min_periods=300"
2026-08-13 02:00:00+00:00,ema_spread_atr_12_48b__low_abs,0.5173776783235938,"expanding abs q30 using observations <= prediction_timestamp, min_periods=300"
2026-08-13 02:30:00+00:00,ema_spread_atr_12_48b__low_abs,0.5175922006810463,"expanding abs q30 using observations <= prediction_timestamp, min_periods=300"
2026-08-13 03:00:00+00:00,ema_spread_atr_12_48b__low_abs,0.5169964569570273,"expanding abs q30 using observations <= prediction_timestamp, min_periods=300"
2026-08-13 03:30:00+00:00,ema_spread_atr_12_48b__low_abs,0.5172823729819522,"expanding abs q30 using observations <= prediction_timestamp, min_periods=300"
2026-08-13 04:00:00+00:00,ema_spread_atr_12_48b__low_abs,0.517568289006877,"expanding abs q30 using observations <= prediction_timestamp, min_periods=300"
2026-08-13 04:30:00+00:00,ema_spread_atr_12_48b__low_abs,0.5176400240293849,"expanding abs q30 using observations <= prediction_timestamp, min_periods=300"
2026-08-13 05:00:00+00:00,ema_spread_atr_12_48b__low_abs,0.5177117590518928,"expanding abs q30 using observations <= prediction_timestamp, min_periods=300"
2026-08-13 05:30:00+00:00,ema_spread_atr_12_48b__low_abs,0.5177834940744006,"expanding abs q30 using observations <= prediction_timestamp, min_periods=300"
2026-08-13 06:00:00+00:00,ema_spread_atr_12_48b__low_abs,0.517827005523376,"expanding abs q30 using observations <= prediction_timestamp, min_periods=300"
2026-08-13 06:30:00+00:00,ema_spread_atr_12_48b__low_abs,0.5178564051855852,"expanding abs q30 using observations <= prediction_timestamp, min_periods=300"
2026-08-13 07:00:00+00:00,ema_spread_atr_12_48b__low_abs,0.5178858048477943,"expanding abs q30 using observations <= prediction_timestamp, min_periods=300"
2026-08-13 07:30:00+00:00,ema_spread_atr_12_48b__low_abs,0.5179999955699506,"expanding abs q30 using observations <= prediction_timestamp, min_periods=300"
2026-08-13 08:00:00+00:00,ema_spread_atr_12_48b__low_abs,0.5182837684120015,"expanding abs q30 using observations <= prediction_timestamp, min_periods=300"
2026-08-13 08:30:00+00:00,ema_spread_atr_12_48b__low_abs,0.5178760049603912,"expanding abs q30 using observations <= prediction_timestamp, min_periods=300"
2026-08-13 09:00:00+00:00,ema_spread_atr_12_48b__low_abs,0.5179054046226004,"expanding abs q30 using observations <= prediction_timestamp, min_periods=300"
2026-08-13 09:30:00+00:00,ema_spread_atr_12_48b__low_abs,0.5181891774646513,"expanding abs q30 using observations <= prediction_timestamp, min_periods=300"
2026-08-13 10:00:00+00:00,ema_spread_atr_12_48b__low_abs,0.5184729503067023,"expanding abs q30 using observations <= prediction_timestamp, min_periods=300"
2026-08-13 10:30:00+00:00,ema_spread_atr_12_48b__low_abs,0.5187567231487532,"expanding abs q30 using observations <= prediction_timestamp, min_periods=300"
2026-08-13 11:00:00+00:00,ema_spread_atr_12_48b__low_abs,0.518903639991545,"expanding abs q30 using observations <= prediction_timestamp, min_periods=300"
2026-08-13 11:30:00+00:00,ema_spread_atr_12_48b__low_abs,0.518982128834707,"expanding abs q30 using observations <= prediction_timestamp, min_periods=300"
2026-08-13 12:00:00+00:00,ema_spread_atr_12_48b__low_abs,0.519060617677869,"expanding abs q30 using observations <= prediction_timestamp, min_periods=300"
2026-08-13 12:30:00+00:00,ema_spread_atr_12_48b__low_abs,0.5191529241190547,"expanding abs q30 using observations <= prediction_timestamp, min_periods=300"
2026-08-13 13:00:00+00:00,ema_spread_atr_12_48b__low_abs,0.5189559658869863,"expanding abs q30 using observations <= prediction_timestamp, min_periods=300"
2026-08-13 13:30:00+00:00,ema_spread_atr_12_48b__low_abs,0.5190344547301484,"expanding abs q30 using observations <= prediction_timestamp, min_periods=300"
2026-08-13 14:00:00+00:00,ema_spread_atr_12_48b__low_abs,0.5191129435733104,"expanding abs q30 using observations <= prediction_timestamp, min_periods=300"
2026-08-13 14:30:00+00:00,ema_spread_atr_12_48b__low_abs,0.5192328852105432,"expanding abs q30 using observations <= prediction_timestamp, min_periods=300"
2026-08-13 15:00:00+00:00,ema_spread_atr_12_48b__low_abs,0.5193528268477761,"expanding abs q30 using observations <= prediction_timestamp, min_periods=300"
2026-08-13 15:30:00+00:00,ema_spread_atr_12_48b__low_abs,0.5190867806255897,"expanding abs q30 using observations <= prediction_timestamp, min_periods=300"
2026-08-13 16:00:00+00:00,ema_spread_atr_12_48b__low_abs,0.519192904664799,"expanding abs q30 using observations <= prediction_timestamp, min_periods=300"
2026-08-13 16:30:00+00:00,ema_spread_atr_12_48b__low_abs,0.5193128463020318,"expanding abs q30 using observations <= prediction_timestamp, min_periods=300"
2026-08-13 17:00:00+00:00,ema_spread_atr_12_48b__low_abs,0.5194327879392646,"expanding abs q30 using observations <= prediction_timestamp, min_periods=300"
2026-08-13 17:30:00+00:00,ema_spread_atr_12_48b__low_abs,0.5195683548414658,"expanding abs q30 using observations <= prediction_timestamp, min_periods=300"
2026-08-13 18:00:00+00:00,ema_spread_atr_12_48b__low_abs,0.5197351722736036,"expanding abs q30 using observations <= prediction_timestamp, min_periods=300"
2026-08-13 18:30:00+00:00,ema_spread_atr_12_48b__low_abs,0.5199019897057415,"expanding abs q30 using observations <= prediction_timestamp, min_periods=300"
2026-08-13 19:00:00+00:00,ema_spread_atr_12_48b__low_abs,0.5195127490307532,"expanding abs q30 using observations <= prediction_timestamp, min_periods=300"
2026-08-13 19:30:00+00:00,ema_spread_atr_12_48b__low_abs,0.519679566462891,"expanding abs q30 using observations <= prediction_timestamp, min_periods=300"
2026-08-13 20:00:00+00:00,ema_spread_atr_12_48b__low_abs,0.5198463838950289,"expanding abs q30 using observations <= prediction_timestamp, min_periods=300"
2026-08-13 20:30:00+00:00,ema_spread_atr_12_48b__low_abs,0.5200132013271667,"expanding abs q30 using observations <= prediction_timestamp, min_periods=300"
2026-08-13 21:00:00+00:00,ema_spread_atr_12_48b__low_abs,0.5201016034282564,"expanding abs q30 using observations <= prediction_timestamp, min_periods=300"
2026-08-13 21:30:00+00:00,ema_spread_atr_12_48b__low_abs,0.5201507978638218,"expanding abs q30 using observations <= prediction_timestamp, min_periods=300"
2026-08-13 22:00:00+00:00,ema_spread_atr_12_48b__low_abs,0.5201999922993873,"expanding abs q30 using observations <= prediction_timestamp, min_periods=300"
2026-08-13 22:30:00+00:00,ema_spread_atr_12_48b__low_abs,0.5202366177249989,"expanding abs q30 using observations <= prediction_timestamp, min_periods=300"
2026-08-13 23:00:00+00:00,ema_spread_atr_12_48b__low_abs,0.5202481051307025,"expanding abs q30 using observations <= prediction_timestamp, min_periods=300"
2026-08-13 23:30:00+00:00,ema_spread_atr_12_48b__low_abs,0.5201835941541988,"expanding abs q30 using observations <= prediction_timestamp, min_periods=300"
2026-08-14 00:00:00+00:00,ema_spread_atr_12_48b__low_abs,0.5200688071378794,"expanding abs q30 using observations <= prediction_timestamp, min_periods=300"
2026-08-14 00:30:00+00:00,ema_spread_atr_12_48b__low_abs,0.519679566462891,"expanding abs q30 using observations <= prediction_timestamp, min_periods=300"
2026-08-14 01:00:00+00:00,ema_spread_atr_12_48b__low_abs,0.5193528268477761,"expanding abs q30 using observations <= prediction_timestamp, min_periods=300"
2026-08-14 01:30:00+00:00,ema_spread_atr_12_48b__low_abs,0.5190867806255897,"expanding abs q30 using observations <= prediction_timestamp, min_periods=300"
2026-08-14 02:00:00+00:00,ema_spread_atr_12_48b__low_abs,0.518903639991545,"expanding abs q30 using observations <= prediction_timestamp, min_periods=300"
2026-08-14 02:30:00+00:00,ema_spread_atr_12_48b__low_abs,0.5183783593593521,"expanding abs q30 using observations <= prediction_timestamp, min_periods=300"
2026-08-14 03:00:00+00:00,ema_spread_atr_12_48b__low_abs,0.5178858048477943,"expanding abs q30 using observations <= prediction_timestamp, min_periods=300"
2026-08-14 03:30:00+00:00,ema_spread_atr_12_48b__low_abs,0.517817205635973,"expanding abs q30 using observations <= prediction_timestamp, min_periods=300"
2026-08-14 04:00:00+00:00,ema_spread_atr_12_48b__low_abs,0.5178466052981822,"expanding abs q30 using observations <= prediction_timestamp, min_periods=300"
2026-08-14 04:30:00+00:00,ema_spread_atr_12_48b__low_abs,0.5178760049603912,"expanding abs q30 using observations <= prediction_timestamp, min_periods=300"
2026-08-14 05:00:00+00:00,ema_spread_atr_12_48b__low_abs,0.5179054046226004,"expanding abs q30 using observations <= prediction_timestamp, min_periods=300"
2026-08-14 05:30:00+00:00,ema_spread_atr_12_48b__low_abs,0.5181891774646513,"expanding abs q30 using observations <= prediction_timestamp, min_periods=300"
2026-08-14 06:00:00+00:00,ema_spread_atr_12_48b__low_abs,0.5184729503067023,"expanding abs q30 using observations <= prediction_timestamp, min_periods=300"
2026-08-14 06:30:00+00:00,ema_spread_atr_12_48b__low_abs,0.5187567231487532,"expanding abs q30 using observations <= prediction_timestamp, min_periods=300"
2026-08-14 07:00:00+00:00,ema_spread_atr_12_48b__low_abs,0.518903639991545,"expanding abs q30 using observations <= prediction_timestamp, min_periods=300"
2026-08-14 07:30:00+00:00,ema_spread_atr_12_48b__low_abs,0.518982128834707,"expanding abs q30 using observations <= prediction_timestamp, min_periods=300"
2026-08-14 08:00:00+00:00,ema_spread_atr_12_48b__low_abs,0.519060617677869,"expanding abs q30 using observations <= prediction_timestamp, min_periods=300"
2026-08-14 08:30:00+00:00,ema_spread_atr_12_48b__low_abs,0.5191529241190547,"expanding abs q30 using observations <= prediction_timestamp, min_periods=300"
2026-08-14 09:00:00+00:00,ema_spread_atr_12_48b__low_abs,0.5192728657562875,"expanding abs q30 using observations <= prediction_timestamp, min_periods=300"
2026-08-14 09:30:00+00:00,ema_spread_atr_12_48b__low_abs,0.5193928073935203,"expanding abs q30 using observations <= prediction_timestamp, min_periods=300"
2026-08-14 10:00:00+00:00,ema_spread_atr_12_48b__low_abs,0.5195127490307532,"expanding abs q30 using observations <= prediction_timestamp, min_periods=300"
2026-08-14 10:30:00+00:00,ema_spread_atr_12_48b__low_abs,0.5192328852105432,"expanding abs q30 using observations <= prediction_timestamp, min_periods=300"
2026-08-14 11:00:00+00:00,ema_spread_atr_12_48b__low_abs,0.5190082917824277,"expanding abs q30 using observations <= prediction_timestamp, min_periods=300"
2026-08-14 11:30:00+00:00,ema_spread_atr_12_48b__low_abs,0.5187567231487532,"expanding abs q30 using observations <= prediction_timestamp, min_periods=300"
2026-08-14 12:00:00+00:00,ema_spread_atr_12_48b__low_abs,0.5180945865173011,"expanding abs q30 using observations <= prediction_timestamp, min_periods=300"
2026-08-14 12:30:00+00:00,ema_spread_atr_12_48b__low_abs,0.5178564051855852,"expanding abs q30 using observations <= prediction_timestamp, min_periods=300"
2026-08-14 13:00:00+00:00,ema_spread_atr_12_48b__low_abs,0.5177595824002313,"expanding abs q30 using observations <= prediction_timestamp, min_periods=300"
2026-08-14 13:30:00+00:00,ema_spread_atr_12_48b__low_abs,0.517817205635973,"expanding abs q30 using observations <= prediction_timestamp, min_periods=300"
2026-08-14 14:00:00+00:00,ema_spread_atr_12_48b__low_abs,0.5178466052981822,"expanding abs q30 using observations <= prediction_timestamp, min_periods=300"
2026-08-14 14:30:00+00:00,ema_spread_atr_12_48b__low_abs,0.5178760049603912,"expanding abs q30 using observations <= prediction_timestamp, min_periods=300"
2026-08-14 15:00:00+00:00,ema_spread_atr_12_48b__low_abs,0.5179054046226004,"expanding abs q30 using observations <= prediction_timestamp, min_periods=300"
2026-08-14 15:30:00+00:00,ema_spread_atr_12_48b__low_abs,0.5178368054107791,"expanding abs q30 using observations <= prediction_timestamp, min_periods=300"
2026-08-14 16:00:00+00:00,ema_spread_atr_12_48b__low_abs,0.5178662050729882,"expanding abs q30 using observations <= prediction_timestamp, min_periods=300"
2026-08-14 16:30:00+00:00,ema_spread_atr_12_48b__low_abs,0.5178956047351974,"expanding abs q30 using observations <= prediction_timestamp, min_periods=300"
2026-08-14 17:00:00+00:00,ema_spread_atr_12_48b__low_abs,0.5180945865173011,"expanding abs q30 using observations <= prediction_timestamp, min_periods=300"
2026-08-14 17:30:00+00:00,ema_spread_atr_12_48b__low_abs,0.5183783593593521,"expanding abs q30 using observations <= prediction_timestamp, min_periods=300"
2026-08-14 18:00:00+00:00,ema_spread_atr_12_48b__low_abs,0.5186621322014029,"expanding abs q30 using observations <= prediction_timestamp, min_periods=300"
2026-08-14 18:30:00+00:00,ema_spread_atr_12_48b__low_abs,0.5179999955699506,"expanding abs q30 using observations <= prediction_timestamp, min_periods=300"
2026-08-14 19:00:00+00:00,ema_spread_atr_12_48b__low_abs,0.5182837684120015,"expanding abs q30 using observations <= prediction_timestamp, min_periods=300"
2026-08-14 19:30:00+00:00,ema_spread_atr_12_48b__low_abs,0.5185675412540527,"expanding abs q30 using observations <= prediction_timestamp, min_periods=300"
2026-08-14 20:00:00+00:00,ema_spread_atr_12_48b__low_abs,0.5179054046226004,"expanding abs q30 using observations <= prediction_timestamp, min_periods=300"
2026-08-14 20:30:00+00:00,ema_spread_atr_12_48b__low_abs,0.5178368054107791,"expanding abs q30 using observations <= prediction_timestamp, min_periods=300"
2026-08-14 21:00:00+00:00,ema_spread_atr_12_48b__low_abs,0.5177117590518928,"expanding abs q30 using observations <= prediction_timestamp, min_periods=300"
2026-08-14 21:30:00+00:00,ema_spread_atr_12_48b__low_abs,0.5174729836652353,"expanding abs q30 using observations <= prediction_timestamp, min_periods=300"
2026-08-14 22:00:00+00:00,ema_spread_atr_12_48b__low_abs,0.5168058462737443,"expanding abs q30 using observations <= prediction_timestamp, min_periods=300"
2026-08-14 22:30:00+00:00,ema_spread_atr_12_48b__low_abs,0.5166077827104625,"expanding abs q30 using observations <= prediction_timestamp, min_periods=300"
2026-08-14 23:00:00+00:00,ema_spread_atr_12_48b__low_abs,0.5163345255870556,"expanding abs q30 using observations <= prediction_timestamp, min_periods=300"
2026-08-14 23:30:00+00:00,ema_spread_atr_12_48b__low_abs,0.5154042107351268,"expanding abs q30 using observations <= prediction_timestamp, min_periods=300"
2026-08-15 00:00:00+00:00,ema_spread_atr_12_48b__low_abs,0.5158029171002391,"expanding abs q30 using observations <= prediction_timestamp, min_periods=300"
2026-08-15 00:30:00+00:00,ema_spread_atr_12_48b__low_abs,0.5162016234653516,"expanding abs q30 using observations <= prediction_timestamp, min_periods=300"
2026-08-15 01:00:00+00:00,ema_spread_atr_12_48b__low_abs,0.5166003298304639,"expanding abs q30 using observations <= prediction_timestamp, min_periods=300"
2026-08-15 01:30:00+00:00,ema_spread_atr_12_48b__low_abs,0.516604801558463,"expanding abs q30 using observations <= prediction_timestamp, min_periods=300"
2026-08-15 02:00:00+00:00,ema_spread_atr_12_48b__low_abs,0.5166092732864622,"expanding abs q30 using observations <= prediction_timestamp, min_periods=300"
2026-08-15 02:30:00+00:00,ema_spread_atr_12_48b__low_abs,0.5166137450144613,"expanding abs q30 using observations <= prediction_timestamp, min_periods=300"
2026-08-15 03:00:00+00:00,ema_spread_atr_12_48b__low_abs,0.5168058462737443,"expanding abs q30 using observations <= prediction_timestamp, min_periods=300"
2026-08-15 03:30:00+00:00,ema_spread_atr_12_48b__low_abs,0.517091762298669,"expanding abs q30 using observations <= prediction_timestamp, min_periods=300"
2026-08-15 04:00:00+00:00,ema_spread_atr_12_48b__low_abs,0.5166122544384616,"expanding abs q30 using observations <= prediction_timestamp, min_periods=300"
2026-08-15 04:30:00+00:00,ema_spread_atr_12_48b__low_abs,0.5166018204064636,"expanding abs q30 using observations <= prediction_timestamp, min_periods=300"
2026-08-15 05:00:00+00:00,ema_spread_atr_12_48b__low_abs,0.5166062921344627,"expanding abs q30 using observations <= prediction_timestamp, min_periods=300"
2026-08-15 05:30:00+00:00,ema_spread_atr_12_48b__low_abs,0.5162016234653516,"expanding abs q30 using observations <= prediction_timestamp, min_periods=300"
2026-08-15 06:00:00+00:00,ema_spread_atr_12_48b__low_abs,0.5166003298304639,"expanding abs q30 using observations <= prediction_timestamp, min_periods=300"
2026-08-15 06:30:00+00:00,ema_spread_atr_12_48b__low_abs,0.516604801558463,"expanding abs q30 using observations <= prediction_timestamp, min_periods=300"
2026-08-15 07:00:00+00:00,ema_spread_atr_12_48b__low_abs,0.5166092732864622,"expanding abs q30 using observations <= prediction_timestamp, min_periods=300"
2026-08-15 07:30:00+00:00,ema_spread_atr_12_48b__low_abs,0.5166137450144613,"expanding abs q30 using observations <= prediction_timestamp, min_periods=300"
2026-08-15 08:00:00+00:00,ema_spread_atr_12_48b__low_abs,0.5168058462737443,"expanding abs q30 using observations <= prediction_timestamp, min_periods=300"
2026-08-15 08:30:00+00:00,ema_spread_atr_12_48b__low_abs,0.517091762298669,"expanding abs q30 using observations <= prediction_timestamp, min_periods=300"
2026-08-15 09:00:00+00:00,ema_spread_atr_12_48b__low_abs,0.5173776783235938,"expanding abs q30 using observations <= prediction_timestamp, min_periods=300"
2026-08-15 09:30:00+00:00,ema_spread_atr_12_48b__low_abs,0.5175922006810463,"expanding abs q30 using observations <= prediction_timestamp, min_periods=300"
2026-08-15 10:00:00+00:00,ema_spread_atr_12_48b__low_abs,0.5176639357035542,"expanding abs q30 using observations <= prediction_timestamp, min_periods=300"
2026-08-15 10:30:00+00:00,ema_spread_atr_12_48b__low_abs,0.5177356707260621,"expanding abs q30 using observations <= prediction_timestamp, min_periods=300"
2026-08-15 11:00:00+00:00,ema_spread_atr_12_48b__low_abs,0.517568289006877,"expanding abs q30 using observations <= prediction_timestamp, min_periods=300"
2026-08-15 11:30:00+00:00,ema_spread_atr_12_48b__low_abs,0.5169011516153859,"expanding abs q30 using observations <= prediction_timestamp, min_periods=300"
2026-08-15 12:00:00+00:00,ema_spread_atr_12_48b__low_abs,0.5166092732864622,"expanding abs q30 using observations <= prediction_timestamp, min_periods=300"
2026-08-15 12:30:00+00:00,ema_spread_atr_12_48b__low_abs,0.5166137450144613,"expanding abs q30 using observations <= prediction_timestamp, min_periods=300"
2026-08-15 13:00:00+00:00,ema_spread_atr_12_48b__low_abs,0.5168058462737443,"expanding abs q30 using observations <= prediction_timestamp, min_periods=300"
2026-08-15 13:30:00+00:00,ema_spread_atr_12_48b__low_abs,0.517091762298669,"expanding abs q30 using observations <= prediction_timestamp, min_periods=300"
2026-08-15 14:00:00+00:00,ema_spread_atr_12_48b__low_abs,0.5173776783235938,"expanding abs q30 using observations <= prediction_timestamp, min_periods=300"
2026-08-15 14:30:00+00:00,ema_spread_atr_12_48b__low_abs,0.5175922006810463,"expanding abs q30 using observations <= prediction_timestamp, min_periods=300"
2026-08-15 15:00:00+00:00,ema_spread_atr_12_48b__low_abs,0.5176639357035542,"expanding abs q30 using observations <= prediction_timestamp, min_periods=300"
2026-08-15 15:30:00+00:00,ema_spread_atr_12_48b__low_abs,0.5177356707260621,"expanding abs q30 using observations <= prediction_timestamp, min_periods=300"
2026-08-15 16:00:00+00:00,ema_spread_atr_12_48b__low_abs,0.51780740574857,"expanding abs q30 using observations <= prediction_timestamp, min_periods=300"
2026-08-15 16:30:00+00:00,ema_spread_atr_12_48b__low_abs,0.5178368054107791,"expanding abs q30 using observations <= prediction_timestamp, min_periods=300"
2026-08-15 17:00:00+00:00,ema_spread_atr_12_48b__low_abs,0.5178662050729882,"expanding abs q30 using observations <= prediction_timestamp, min_periods=300"
2026-08-15 17:30:00+00:00,ema_spread_atr_12_48b__low_abs,0.5178956047351974,"expanding abs q30 using observations <= prediction_timestamp, min_periods=300"
2026-08-15 18:00:00+00:00,ema_spread_atr_12_48b__low_abs,0.517827005523376,"expanding abs q30 using observations <= prediction_timestamp, min_periods=300"
2026-08-15 18:30:00+00:00,ema_spread_atr_12_48b__low_abs,0.5176878473777236,"expanding abs q30 using observations <= prediction_timestamp, min_periods=300"
2026-08-15 19:00:00+00:00,ema_spread_atr_12_48b__low_abs,0.5177595824002313,"expanding abs q30 using observations <= prediction_timestamp, min_periods=300"
2026-08-15 19:30:00+00:00,ema_spread_atr_12_48b__low_abs,0.5175922006810463,"expanding abs q30 using observations <= prediction_timestamp, min_periods=300"
2026-08-15 20:00:00+00:00,ema_spread_atr_12_48b__low_abs,0.5169964569570273,"expanding abs q30 using observations <= prediction_timestamp, min_periods=300"
2026-08-15 20:30:00+00:00,ema_spread_atr_12_48b__low_abs,0.516610763862462,"expanding abs q30 using observations <= prediction_timestamp, min_periods=300"
2026-08-15 21:00:00+00:00,ema_spread_atr_12_48b__low_abs,0.5166003298304639,"expanding abs q30 using observations <= prediction_timestamp, min_periods=300"
2026-08-15 21:30:00+00:00,ema_spread_atr_12_48b__low_abs,0.515670014978535,"expanding abs q30 using observations <= prediction_timestamp, min_periods=300"
2026-08-15 22:00:00+00:00,ema_spread_atr_12_48b__low_abs,0.5160687213436473,"expanding abs q30 using observations <= prediction_timestamp, min_periods=300"
2026-08-15 22:30:00+00:00,ema_spread_atr_12_48b__low_abs,0.5164674277087596,"expanding abs q30 using observations <= prediction_timestamp, min_periods=300"
2026-08-15 23:00:00+00:00,ema_spread_atr_12_48b__low_abs,0.5166033109824634,"expanding abs q30 using observations <= prediction_timestamp, min_periods=300"
2026-08-15 23:30:00+00:00,ema_spread_atr_12_48b__low_abs,0.5166077827104625,"expanding abs q30 using observations <= prediction_timestamp, min_periods=300"
2026-08-16 00:00:00+00:00,ema_spread_atr_12_48b__low_abs,0.5166122544384616,"expanding abs q30 using observations <= prediction_timestamp, min_periods=300"
2026-08-16 00:30:00+00:00,ema_spread_atr_12_48b__low_abs,0.5167105409321026,"expanding abs q30 using observations <= prediction_timestamp, min_periods=300"
2026-08-16 01:00:00+00:00,ema_spread_atr_12_48b__low_abs,0.5169964569570273,"expanding abs q30 using observations <= prediction_timestamp, min_periods=300"
2026-08-16 01:30:00+00:00,ema_spread_atr_12_48b__low_abs,0.5172823729819522,"expanding abs q30 using observations <= prediction_timestamp, min_periods=300"
2026-08-16 02:00:00+00:00,ema_spread_atr_12_48b__low_abs,0.517568289006877,"expanding abs q30 using observations <= prediction_timestamp, min_periods=300"
2026-08-16 02:30:00+00:00,ema_spread_atr_12_48b__low_abs,0.5169011516153859,"expanding abs q30 using observations <= prediction_timestamp, min_periods=300"
2026-08-16 03:00:00+00:00,ema_spread_atr_12_48b__low_abs,0.5166092732864622,"expanding abs q30 using observations <= prediction_timestamp, min_periods=300"
2026-08-16 03:30:00+00:00,ema_spread_atr_12_48b__low_abs,0.5166137450144613,"expanding abs q30 using observations <= prediction_timestamp, min_periods=300"
2026-08-16 04:00:00+00:00,ema_spread_atr_12_48b__low_abs,0.5166033109824634,"expanding abs q30 using observations <= prediction_timestamp, min_periods=300"
2026-08-16 04:30:00+00:00,ema_spread_atr_12_48b__low_abs,0.5159358192219433,"expanding abs q30 using observations <= prediction_timestamp, min_periods=300"
2026-08-16 05:00:00+00:00,ema_spread_atr_12_48b__low_abs,0.5152667602003526,"expanding abs q30 using observations <= prediction_timestamp, min_periods=300"
2026-08-16 05:30:00+00:00,ema_spread_atr_12_48b__low_abs,0.5154042107351268,"expanding abs q30 using observations <= prediction_timestamp, min_periods=300"
2026-08-16 06:00:00+00:00,ema_spread_atr_12_48b__low_abs,0.5158029171002391,"expanding abs q30 using observations <= prediction_timestamp, min_periods=300"
2026-08-16 06:30:00+00:00,ema_spread_atr_12_48b__low_abs,0.5162016234653516,"expanding abs q30 using observations <= prediction_timestamp, min_periods=300"
2026-08-16 07:00:00+00:00,ema_spread_atr_12_48b__low_abs,0.5166003298304639,"expanding abs q30 using observations <= prediction_timestamp, min_periods=300"
2026-08-16 07:30:00+00:00,ema_spread_atr_12_48b__low_abs,0.516604801558463,"expanding abs q30 using observations <= prediction_timestamp, min_periods=300"
2026-08-16 08:00:00+00:00,ema_spread_atr_12_48b__low_abs,0.5160687213436473,"expanding abs q30 using observations <= prediction_timestamp, min_periods=300"
2026-08-16 08:30:00+00:00,ema_spread_atr_12_48b__low_abs,0.5152690344068876,"expanding abs q30 using observations <= prediction_timestamp, min_periods=300"
2026-08-16 09:00:00+00:00,ema_spread_atr_12_48b__low_abs,0.515253114961142,"expanding abs q30 using observations <= prediction_timestamp, min_periods=300"
2026-08-16 09:30:00+00:00,ema_spread_atr_12_48b__low_abs,0.5148909360789491,"expanding abs q30 using observations <= prediction_timestamp, min_periods=300"
2026-08-16 10:00:00+00:00,ema_spread_atr_12_48b__low_abs,0.5144876439826918,"expanding abs q30 using observations <= prediction_timestamp, min_periods=300"
2026-08-16 10:30:00+00:00,ema_spread_atr_12_48b__low_abs,0.5146048317036508,"expanding abs q30 using observations <= prediction_timestamp, min_periods=300"
2026-08-16 11:00:00+00:00,ema_spread_atr_12_48b__low_abs,0.5143963207284226,"expanding abs q30 using observations <= prediction_timestamp, min_periods=300"
2026-08-16 11:30:00+00:00,ema_spread_atr_12_48b__low_abs,0.5140578843111675,"expanding abs q30 using observations <= prediction_timestamp, min_periods=300"
2026-08-16 12:00:00+00:00,ema_spread_atr_12_48b__low_abs,0.513481286930867,"expanding abs q30 using observations <= prediction_timestamp, min_periods=300"
2026-08-16 12:30:00+00:00,ema_spread_atr_12_48b__low_abs,0.5134442347849398,"expanding abs q30 using observations <= prediction_timestamp, min_periods=300"
2026-08-16 13:00:00+00:00,ema_spread_atr_12_48b__low_abs,0.5134601142760514,"expanding abs q30 using observations <= prediction_timestamp, min_periods=300"
2026-08-16 13:30:00+00:00,ema_spread_atr_12_48b__low_abs,0.5133158585911919,"expanding abs q30 using observations <= prediction_timestamp, min_periods=300"
2026-08-16 14:00:00+00:00,ema_spread_atr_12_48b__low_abs,0.5134389416212359,"expanding abs q30 using observations <= prediction_timestamp, min_periods=300"
2026-08-16 14:30:00+00:00,ema_spread_atr_12_48b__low_abs,0.5134548211123475,"expanding abs q30 using observations <= prediction_timestamp, min_periods=300"
2026-08-16 15:00:00+00:00,ema_spread_atr_12_48b__low_abs,0.5134707006034592,"expanding abs q30 using observations <= prediction_timestamp, min_periods=300"
2026-08-16 15:30:00+00:00,ema_spread_atr_12_48b__low_abs,0.5135636579851955,"expanding abs q30 using observations <= prediction_timestamp, min_periods=300"
2026-08-16 16:00:00+00:00,ema_spread_atr_12_48b__low_abs,0.5138107711481814,"expanding abs q30 using observations <= prediction_timestamp, min_periods=300"
2026-08-16 16:30:00+00:00,ema_spread_atr_12_48b__low_abs,0.5140578843111675,"expanding abs q30 using observations <= prediction_timestamp, min_periods=300"
2026-08-16 17:00:00+00:00,ema_spread_atr_12_48b__low_abs,0.5143049974741534,"expanding abs q30 using observations <= prediction_timestamp, min_periods=300"
2026-08-16 17:30:00+00:00,ema_spread_atr_12_48b__low_abs,0.5143734899148552,"expanding abs q30 using observations <= prediction_timestamp, min_periods=300"
2026-08-16 18:00:00+00:00,ema_spread_atr_12_48b__low_abs,0.5139755132568388,"expanding abs q30 using observations <= prediction_timestamp, min_periods=300"
2026-08-16 18:30:00+00:00,ema_spread_atr_12_48b__low_abs,0.5134759937671631,"expanding abs q30 using observations <= prediction_timestamp, min_periods=300"
2026-08-16 19:00:00+00:00,ema_spread_atr_12_48b__low_abs,0.5134389416212359,"expanding abs q30 using observations <= prediction_timestamp, min_periods=300"
2026-08-16 19:30:00+00:00,ema_spread_atr_12_48b__low_abs,0.5128658717806476,"expanding abs q30 using observations <= prediction_timestamp, min_periods=300"
2026-08-16 20:00:00+00:00,ema_spread_atr_12_48b__low_abs,0.5123019882398201,"expanding abs q30 using observations <= prediction_timestamp, min_periods=300"
2026-08-16 20:30:00+00:00,ema_spread_atr_12_48b__low_abs,0.5122970881430563,"expanding abs q30 using observations <= prediction_timestamp, min_periods=300"
2026-08-16 21:00:00+00:00,ema_spread_atr_12_48b__low_abs,0.5122991881845266,"expanding abs q30 using observations <= prediction_timestamp, min_periods=300"
2026-08-16 21:30:00+00:00,ema_spread_atr_12_48b__low_abs,0.5123012882259967,"expanding abs q30 using observations <= prediction_timestamp, min_periods=300"
2026-08-16 22:00:00+00:00,ema_spread_atr_12_48b__low_abs,0.5123033882674669,"expanding abs q30 using observations <= prediction_timestamp, min_periods=300"
2026-08-16 22:30:00+00:00,ema_spread_atr_12_48b__low_abs,0.5126408783753752,"expanding abs q30 using observations <= prediction_timestamp, min_periods=300"
2026-08-16 23:00:00+00:00,ema_spread_atr_12_48b__low_abs,0.5129783684832835,"expanding abs q30 using observations <= prediction_timestamp, min_periods=300"
2026-08-16 23:30:00+00:00,ema_spread_atr_12_48b__low_abs,0.5133158585911919,"expanding abs q30 using observations <= prediction_timestamp, min_periods=300"
2026-08-17 00:00:00+00:00,ema_spread_atr_12_48b__low_abs,0.5134389416212359,"expanding abs q30 using observations <= prediction_timestamp, min_periods=300"
2026-08-17 00:30:00+00:00,ema_spread_atr_12_48b__low_abs,0.5134548211123475,"expanding abs q30 using observations <= prediction_timestamp, min_periods=300"
2026-08-17 01:00:00+00:00,ema_spread_atr_12_48b__low_abs,0.5132033618885559,"expanding abs q30 using observations <= prediction_timestamp, min_periods=300"
2026-08-17 01:30:00+00:00,ema_spread_atr_12_48b__low_abs,0.513433648457532,"expanding abs q30 using observations <= prediction_timestamp, min_periods=300"
2026-08-17 02:00:00+00:00,ema_spread_atr_12_48b__low_abs,0.5134495279486437,"expanding abs q30 using observations <= prediction_timestamp, min_periods=300"
2026-08-17 02:30:00+00:00,ema_spread_atr_12_48b__low_abs,0.5134654074397553,"expanding abs q30 using observations <= prediction_timestamp, min_periods=300"
2026-08-17 03:00:00+00:00,ema_spread_atr_12_48b__low_abs,0.513481286930867,"expanding abs q30 using observations <= prediction_timestamp, min_periods=300"
2026-08-17 03:30:00+00:00,ema_spread_atr_12_48b__low_abs,0.5137284000938529,"expanding abs q30 using observations <= prediction_timestamp, min_periods=300"
2026-08-17 04:00:00+00:00,ema_spread_atr_12_48b__low_abs,0.5139755132568388,"expanding abs q30 using observations <= prediction_timestamp, min_periods=300"
2026-08-17 04:30:00+00:00,ema_spread_atr_12_48b__low_abs,0.5142226264198246,"expanding abs q30 using observations <= prediction_timestamp, min_periods=300"
2026-08-17 05:00:00+00:00,ema_spread_atr_12_48b__low_abs,0.514350659101288,"expanding abs q30 using observations <= prediction_timestamp, min_periods=300"
2026-08-17 05:30:00+00:00,ema_spread_atr_12_48b__low_abs,0.5144191515419898,"expanding abs q30 using observations <= prediction_timestamp, min_periods=300"
2026-08-17 06:00:00+00:00,ema_spread_atr_12_48b__low_abs,0.5144876439826918,"expanding abs q30 using observations <= prediction_timestamp, min_periods=300"
2026-08-17 06:30:00+00:00,ema_spread_atr_12_48b__low_abs,0.5146048317036508,"expanding abs q30 using observations <= prediction_timestamp, min_periods=300"
2026-08-17 07:00:00+00:00,ema_spread_atr_12_48b__low_abs,0.5148194099851244,"expanding abs q30 using observations <= prediction_timestamp, min_periods=300"
2026-08-17 07:30:00+00:00,ema_spread_atr_12_48b__low_abs,0.5150339882665982,"expanding abs q30 using observations <= prediction_timestamp, min_periods=300"
2026-08-17 08:00:00+00:00,ema_spread_atr_12_48b__low_abs,0.5145333056098264,"expanding abs q30 using observations <= prediction_timestamp, min_periods=300"
2026-08-17 08:30:00+00:00,ema_spread_atr_12_48b__low_abs,0.5147478838913,"expanding abs q30 using observations <= prediction_timestamp, min_periods=300"
2026-08-17 09:00:00+00:00,ema_spread_atr_12_48b__low_abs,0.5149624621727735,"expanding abs q30 using observations <= prediction_timestamp, min_periods=300"
2026-08-17 09:30:00+00:00,ema_spread_atr_12_48b__low_abs,0.5151770404542472,"expanding abs q30 using observations <= prediction_timestamp, min_periods=300"
2026-08-17 10:00:00+00:00,ema_spread_atr_12_48b__low_abs,0.515253114961142,"expanding abs q30 using observations <= prediction_timestamp, min_periods=300"
2026-08-17 10:30:00+00:00,ema_spread_atr_12_48b__low_abs,0.5152599375807473,"expanding abs q30 using observations <= prediction_timestamp, min_periods=300"
2026-08-17 11:00:00+00:00,ema_spread_atr_12_48b__low_abs,0.5152667602003526,"expanding abs q30 using observations <= prediction_timestamp, min_periods=300"
2026-08-17 11:30:00+00:00,ema_spread_atr_12_48b__low_abs,0.5154042107351268,"expanding abs q30 using observations <= prediction_timestamp, min_periods=300"
2026-08-17 12:00:00+00:00,ema_spread_atr_12_48b__low_abs,0.5158029171002391,"expanding abs q30 using observations <= prediction_timestamp, min_periods=300"
2026-08-17 12:30:00+00:00,ema_spread_atr_12_48b__low_abs,0.5162016234653516,"expanding abs q30 using observations <= prediction_timestamp, min_periods=300"
2026-08-17 13:00:00+00:00,ema_spread_atr_12_48b__low_abs,0.5152713086134227,"expanding abs q30 using observations <= prediction_timestamp, min_periods=300"
2026-08-17 13:30:00+00:00,ema_spread_atr_12_48b__low_abs,0.5152553891676771,"expanding abs q30 using observations <= prediction_timestamp, min_periods=300"
2026-08-17 14:00:00+00:00,ema_spread_atr_12_48b__low_abs,0.5149624621727735,"expanding abs q30 using observations <= prediction_timestamp, min_periods=300"
2026-08-17 14:30:00+00:00,ema_spread_atr_12_48b__low_abs,0.514510474796259,"expanding abs q30 using observations <= prediction_timestamp, min_periods=300"
2026-08-17 15:00:00+00:00,ema_spread_atr_12_48b__low_abs,0.5146763577974754,"expanding abs q30 using observations <= prediction_timestamp, min_periods=300"
2026-08-17 15:30:00+00:00,ema_spread_atr_12_48b__low_abs,0.5148909360789491,"expanding abs q30 using observations <= prediction_timestamp, min_periods=300"
2026-08-17 16:00:00+00:00,ema_spread_atr_12_48b__low_abs,0.5151055143604227,"expanding abs q30 using observations <= prediction_timestamp, min_periods=300"
2026-08-17 16:30:00+00:00,ema_spread_atr_12_48b__low_abs,0.5152508407546069,"expanding abs q30 using observations <= prediction_timestamp, min_periods=300"
2026-08-17 17:00:00+00:00,ema_spread_atr_12_48b__low_abs,0.5148194099851244,"expanding abs q30 using observations <= prediction_timestamp, min_periods=300"
2026-08-17 17:30:00+00:00,ema_spread_atr_12_48b__low_abs,0.5144648131691245,"expanding abs q30 using observations <= prediction_timestamp, min_periods=300"
2026-08-17 18:00:00+00:00,ema_spread_atr_12_48b__low_abs,0.5143049974741534,"expanding abs q30 using observations <= prediction_timestamp, min_periods=300"
2026-08-17 18:30:00+00:00,ema_spread_atr_12_48b__low_abs,0.5143734899148552,"expanding abs q30 using observations <= prediction_timestamp, min_periods=300"
2026-08-17 19:00:00+00:00,ema_spread_atr_12_48b__low_abs,0.5139755132568388,"expanding abs q30 using observations <= prediction_timestamp, min_periods=300"
2026-08-17 19:30:00+00:00,ema_spread_atr_12_48b__low_abs,0.5134759937671631,"expanding abs q30 using observations <= prediction_timestamp, min_periods=300"
2026-08-17 20:00:00+00:00,ema_spread_atr_12_48b__low_abs,0.5134389416212359,"expanding abs q30 using observations <= prediction_timestamp, min_periods=300"
2026-08-17 20:30:00+00:00,ema_spread_atr_12_48b__low_abs,0.5128658717806476,"expanding abs q30 using observations <= prediction_timestamp, min_periods=300"
2026-08-17 21:00:00+00:00,ema_spread_atr_12_48b__low_abs,0.5123019882398201,"expanding abs q30 using observations <= prediction_timestamp, min_periods=300"
2026-08-17 21:30:00+00:00,ema_spread_atr_12_48b__low_abs,0.5122970881430563,"expanding abs q30 using observations <= prediction_timestamp, min_periods=300"
2026-08-17 22:00:00+00:00,ema_spread_atr_12_48b__low_abs,0.512250184169749,"expanding abs q30 using observations <= prediction_timestamp, min_periods=300"
2026-08-17 22:30:00+00:00,ema_spread_atr_12_48b__low_abs,0.512273286149491,"expanding abs q30 using observations <= prediction_timestamp, min_periods=300"
2026-08-17 23:00:00+00:00,ema_spread_atr_12_48b__low_abs,0.512296388129233,"expanding abs q30 using observations <= prediction_timestamp, min_periods=300"
2026-08-17 23:30:00+00:00,ema_spread_atr_12_48b__low_abs,0.5122984881707031,"expanding abs q30 using observations <= prediction_timestamp, min_periods=300"
2026-08-18 00:00:00+00:00,ema_spread_atr_12_48b__low_abs,0.5123005882121733,"expanding abs q30 using observations <= prediction_timestamp, min_periods=300"
2026-08-18 00:30:00+00:00,ema_spread_atr_12_48b__low_abs,0.5123026882536436,"expanding abs q30 using observations <= prediction_timestamp, min_periods=300"
2026-08-18 01:00:00+00:00,ema_spread_atr_12_48b__low_abs,0.5122977881568798,"expanding abs q30 using observations <= prediction_timestamp, min_periods=300"
2026-08-18 01:30:00+00:00,ema_spread_atr_12_48b__low_abs,0.512257884829663,"expanding abs q30 using observations <= prediction_timestamp, min_periods=300"
2026-08-18 02:00:00+00:00,ema_spread_atr_12_48b__low_abs,0.5122809868094049,"expanding abs q30 using observations <= prediction_timestamp, min_periods=300"
2026-08-18 02:30:00+00:00,ema_spread_atr_12_48b__low_abs,0.5122970881430563,"expanding abs q30 using observations <= prediction_timestamp, min_periods=300"
2026-08-18 03:00:00+00:00,ema_spread_atr_12_48b__low_abs,0.5122991881845266,"expanding abs q30 using observations <= prediction_timestamp, min_periods=300"
2026-08-18 03:30:00+00:00,ema_spread_atr_12_48b__low_abs,0.5123012882259967,"expanding abs q30 using observations <= prediction_timestamp, min_periods=300"
2026-08-18 04:00:00+00:00,ema_spread_atr_12_48b__low_abs,0.5123033882674669,"expanding abs q30 using observations <= prediction_timestamp, min_periods=300"
2026-08-18 04:30:00+00:00,ema_spread_atr_12_48b__low_abs,0.5126408783753752,"expanding abs q30 using observations <= prediction_timestamp, min_periods=300"
2026-08-18 05:00:00+00:00,ema_spread_atr_12_48b__low_abs,0.5129783684832835,"expanding abs q30 using observations <= prediction_timestamp, min_periods=300"
2026-08-18 05:30:00+00:00,ema_spread_atr_12_48b__low_abs,0.5133158585911919,"expanding abs q30 using observations <= prediction_timestamp, min_periods=300"
2026-08-18 06:00:00+00:00,ema_spread_atr_12_48b__low_abs,0.5134389416212359,"expanding abs q30 using observations <= prediction_timestamp, min_periods=300"
2026-08-18 06:30:00+00:00,ema_spread_atr_12_48b__low_abs,0.5128658717806476,"expanding abs q30 using observations <= prediction_timestamp, min_periods=300"
2026-08-18 07:00:00+00:00,ema_spread_atr_12_48b__low_abs,0.5132033618885559,"expanding abs q30 using observations <= prediction_timestamp, min_periods=300"
2026-08-18 07:30:00+00:00,ema_spread_atr_12_48b__low_abs,0.513433648457532,"expanding abs q30 using observations <= prediction_timestamp, min_periods=300"
2026-08-18 08:00:00+00:00,ema_spread_atr_12_48b__low_abs,0.5127533750780112,"expanding abs q30 using observations <= prediction_timestamp, min_periods=300"
2026-08-18 08:30:00+00:00,ema_spread_atr_12_48b__low_abs,0.5123012882259967,"expanding abs q30 using observations <= prediction_timestamp, min_periods=300"
2026-08-18 09:00:00+00:00,ema_spread_atr_12_48b__low_abs,0.512296388129233,"expanding abs q30 using observations <= prediction_timestamp, min_periods=300"
2026-08-18 09:30:00+00:00,ema_spread_atr_12_48b__low_abs,0.5122424835098349,"expanding abs q30 using observations <= prediction_timestamp, min_periods=300"
2026-08-18 10:00:00+00:00,ema_spread_atr_12_48b__low_abs,0.512213625363982,"expanding abs q30 using observations <= prediction_timestamp, min_periods=300"
2026-08-18 10:30:00+00:00,ema_spread_atr_12_48b__low_abs,0.5122179424885652,"expanding abs q30 using observations <= prediction_timestamp, min_periods=300"
2026-08-18 11:00:00+00:00,ema_spread_atr_12_48b__low_abs,0.512207869197871,"expanding abs q30 using observations <= prediction_timestamp, min_periods=300"
2026-08-18 11:30:00+00:00,ema_spread_atr_12_48b__low_abs,0.5122121863224542,"expanding abs q30 using observations <= prediction_timestamp, min_periods=300"
2026-08-18 12:00:00+00:00,ema_spread_atr_12_48b__low_abs,0.5122165034470375,"expanding abs q30 using observations <= prediction_timestamp, min_periods=300"
2026-08-18 12:30:00+00:00,ema_spread_atr_12_48b__low_abs,0.5122270821900069,"expanding abs q30 using observations <= prediction_timestamp, min_periods=300"
2026-08-18 13:00:00+00:00,ema_spread_atr_12_48b__low_abs,0.5122107472809265,"expanding abs q30 using observations <= prediction_timestamp, min_periods=300"
2026-08-18 13:30:00+00:00,ema_spread_atr_12_48b__low_abs,0.5122150644055097,"expanding abs q30 using observations <= prediction_timestamp, min_periods=300"
2026-08-18 14:00:00+00:00,ema_spread_atr_12_48b__low_abs,0.5122049911148155,"expanding abs q30 using observations <= prediction_timestamp, min_periods=300"
2026-08-18 14:30:00+00:00,ema_spread_atr_12_48b__low_abs,0.5122093082393988,"expanding abs q30 using observations <= prediction_timestamp, min_periods=300"
2026-08-18 15:00:00+00:00,ema_spread_atr_12_48b__low_abs,0.512213625363982,"expanding abs q30 using observations <= prediction_timestamp, min_periods=300"
2026-08-18 15:30:00+00:00,ema_spread_atr_12_48b__low_abs,0.5122179424885652,"expanding abs q30 using observations <= prediction_timestamp, min_periods=300"
2026-08-18 16:00:00+00:00,ema_spread_atr_12_48b__low_abs,0.512234782849921,"expanding abs q30 using observations <= prediction_timestamp, min_periods=300"
2026-08-18 16:30:00+00:00,ema_spread_atr_12_48b__low_abs,0.512257884829663,"expanding abs q30 using observations <= prediction_timestamp, min_periods=300"
2026-08-18 17:00:00+00:00,ema_spread_atr_12_48b__low_abs,0.5122809868094049,"expanding abs q30 using observations <= prediction_timestamp, min_periods=300"
2026-08-18 17:30:00+00:00,ema_spread_atr_12_48b__low_abs,0.5122970881430563,"expanding abs q30 using observations <= prediction_timestamp, min_periods=300"
2026-08-18 18:00:00+00:00,ema_spread_atr_12_48b__low_abs,0.512250184169749,"expanding abs q30 using observations <= prediction_timestamp, min_periods=300"
2026-08-18 18:30:00+00:00,ema_spread_atr_12_48b__low_abs,0.512273286149491,"expanding abs q30 using observations <= prediction_timestamp, min_periods=300"
2026-08-18 19:00:00+00:00,ema_spread_atr_12_48b__low_abs,0.512296388129233,"expanding abs q30 using observations <= prediction_timestamp, min_periods=300"
2026-08-18 19:30:00+00:00,ema_spread_atr_12_48b__low_abs,0.5122984881707031,"expanding abs q30 using observations <= prediction_timestamp, min_periods=300"
2026-08-18 20:00:00+00:00,ema_spread_atr_12_48b__low_abs,0.5122655854895769,"expanding abs q30 using observations <= prediction_timestamp, min_periods=300"
2026-08-18 20:30:00+00:00,ema_spread_atr_12_48b__low_abs,0.5122179424885652,"expanding abs q30 using observations <= prediction_timestamp, min_periods=300"
2026-08-18 21:00:00+00:00,ema_spread_atr_12_48b__low_abs,0.512207869197871,"expanding abs q30 using observations <= prediction_timestamp, min_periods=300"
2026-08-18 21:30:00+00:00,ema_spread_atr_12_48b__low_abs,0.5118883992968751,"expanding abs q30 using observations <= prediction_timestamp, min_periods=300"
2026-08-18 22:00:00+00:00,ema_spread_atr_12_48b__low_abs,0.5120783543876394,"expanding abs q30 using observations <= prediction_timestamp, min_periods=300"
2026-08-18 22:30:00+00:00,ema_spread_atr_12_48b__low_abs,0.5116351258425227,"expanding abs q30 using observations <= prediction_timestamp, min_periods=300"
2026-08-18 23:00:00+00:00,ema_spread_atr_12_48b__low_abs,0.5111771555433625,"expanding abs q30 using observations <= prediction_timestamp, min_periods=300"
2026-08-18 23:30:00+00:00,ema_spread_atr_12_48b__low_abs,0.5113744815111487,"expanding abs q30 using observations <= prediction_timestamp, min_periods=300"
2026-08-19 00:00:00+00:00,ema_spread_atr_12_48b__low_abs,0.5115718074789347,"expanding abs q30 using observations <= prediction_timestamp, min_periods=300"
2026-08-19 00:30:00+00:00,ema_spread_atr_12_48b__low_abs,0.511761762569699,"expanding abs q30 using observations <= prediction_timestamp, min_periods=300"
2026-08-19 01:00:00+00:00,ema_spread_atr_12_48b__low_abs,0.5113087061885533,"expanding abs q30 using observations <= prediction_timestamp, min_periods=300"
2026-08-19 01:30:00+00:00,ema_spread_atr_12_48b__low_abs,0.5108362991229762,"expanding abs q30 using observations <= prediction_timestamp, min_periods=300"
2026-08-19 02:00:00+00:00,ema_spread_atr_12_48b__low_abs,0.5102920132129422,"expanding abs q30 using observations <= prediction_timestamp, min_periods=300"
2026-08-19 02:30:00+00:00,ema_spread_atr_12_48b__low_abs,0.5105252786029568,"expanding abs q30 using observations <= prediction_timestamp, min_periods=300"
2026-08-19 03:00:00+00:00,ema_spread_atr_12_48b__low_abs,0.5107585439929714,"expanding abs q30 using observations <= prediction_timestamp, min_periods=300"
2026-08-19 03:30:00+00:00,ema_spread_atr_12_48b__low_abs,0.5109798295755765,"expanding abs q30 using observations <= prediction_timestamp, min_periods=300"
2026-08-19 04:00:00+00:00,ema_spread_atr_12_48b__low_abs,0.5104475234729517,"expanding abs q30 using observations <= prediction_timestamp, min_periods=300"
2026-08-19 04:30:00+00:00,ema_spread_atr_12_48b__low_abs,0.5101069000442946,"expanding abs q30 using observations <= prediction_timestamp, min_periods=300"
2026-08-19 05:00:00+00:00,ema_spread_atr_12_48b__low_abs,0.5100378265908064,"expanding abs q30 using observations <= prediction_timestamp, min_periods=300"
2026-08-19 05:30:00+00:00,ema_spread_atr_12_48b__low_abs,0.5095253194137724,"expanding abs q30 using observations <= prediction_timestamp, min_periods=300"
2026-08-19 06:00:00+00:00,ema_spread_atr_12_48b__low_abs,0.5092741326628031,"expanding abs q30 using observations <= prediction_timestamp, min_periods=300"
2026-08-19 06:30:00+00:00,ema_spread_atr_12_48b__low_abs,0.5091755067448159,"expanding abs q30 using observations <= prediction_timestamp, min_periods=300"
2026-08-19 07:00:00+00:00,ema_spread_atr_12_48b__low_abs,0.5092425918448482,"expanding abs q30 using observations <= prediction_timestamp, min_periods=300"
2026-08-19 07:30:00+00:00,ema_spread_atr_12_48b__low_abs,0.5092662474583144,"expanding abs q30 using observations <= prediction_timestamp, min_periods=300"
2026-08-19 08:00:00+00:00,ema_spread_atr_12_48b__low_abs,0.5092899030717806,"expanding abs q30 using observations <= prediction_timestamp, min_periods=300"
2026-08-19 08:30:00+00:00,ema_spread_atr_12_48b__low_abs,0.5093788887917627,"expanding abs q30 using observations <= prediction_timestamp, min_periods=300"
2026-08-19 09:00:00+00:00,ema_spread_atr_12_48b__low_abs,0.5095985347247772,"expanding abs q30 using observations <= prediction_timestamp, min_periods=300"
2026-08-19 09:30:00+00:00,ema_spread_atr_12_48b__low_abs,0.5098181806577919,"expanding abs q30 using observations <= prediction_timestamp, min_periods=300"
2026-08-19 10:00:00+00:00,ema_spread_atr_12_48b__low_abs,0.5100378265908064,"expanding abs q30 using observations <= prediction_timestamp, min_periods=300"
2026-08-19 10:30:00+00:00,ema_spread_atr_12_48b__low_abs,0.5095253194137724,"expanding abs q30 using observations <= prediction_timestamp, min_periods=300"
2026-08-19 11:00:00+00:00,ema_spread_atr_12_48b__low_abs,0.5092741326628031,"expanding abs q30 using observations <= prediction_timestamp, min_periods=300"
2026-08-19 11:30:00+00:00,ema_spread_atr_12_48b__low_abs,0.5092977882762693,"expanding abs q30 using observations <= prediction_timestamp, min_periods=300"
2026-08-19 12:00:00+00:00,ema_spread_atr_12_48b__low_abs,0.5094521041027676,"expanding abs q30 using observations <= prediction_timestamp, min_periods=300"
2026-08-19 12:30:00+00:00,ema_spread_atr_12_48b__low_abs,0.5096717500357821,"expanding abs q30 using observations <= prediction_timestamp, min_periods=300"
2026-08-19 13:00:00+00:00,ema_spread_atr_12_48b__low_abs,0.5098913959687967,"expanding abs q30 using observations <= prediction_timestamp, min_periods=300"
2026-08-19 13:30:00+00:00,ema_spread_atr_12_48b__low_abs,0.510047694227019,"expanding abs q30 using observations <= prediction_timestamp, min_periods=300"
2026-08-19 14:00:00+00:00,ema_spread_atr_12_48b__low_abs,0.5100772971356567,"expanding abs q30 using observations <= prediction_timestamp, min_periods=300"
2026-08-19 14:30:00+00:00,ema_spread_atr_12_48b__low_abs,0.5101069000442946,"expanding abs q30 using observations <= prediction_timestamp, min_periods=300"
2026-08-19 15:00:00+00:00,ema_spread_atr_12_48b__low_abs,0.5101365029529323,"expanding abs q30 using observations <= prediction_timestamp, min_periods=300"
2026-08-19 15:30:00+00:00,ema_spread_atr_12_48b__low_abs,0.510369768342947,"expanding abs q30 using observations <= prediction_timestamp, min_periods=300"
2026-08-19 16:00:00+00:00,ema_spread_atr_12_48b__low_abs,0.5106030337329616,"expanding abs q30 using observations <= prediction_timestamp, min_periods=300"
2026-08-19 16:30:00+00:00,ema_spread_atr_12_48b__low_abs,0.5108362991229762,"expanding abs q30 using observations <= prediction_timestamp, min_periods=300"
2026-08-19 17:00:00+00:00,ema_spread_atr_12_48b__low_abs,0.511045604898172,"expanding abs q30 using observations <= prediction_timestamp, min_periods=300"
2026-08-19 17:30:00+00:00,ema_spread_atr_12_48b__low_abs,0.511242930865958,"expanding abs q30 using observations <= prediction_timestamp, min_periods=300"
2026-05-30 08:30:00+00:00,ema_spread_atr_12_48b__high_abs,1.3763694199080492,"expanding abs q70 using observations <= prediction_timestamp, min_periods=300"
2026-05-30 09:00:00+00:00,ema_spread_atr_12_48b__high_abs,1.3758136494074706,"expanding abs q70 using observations <= prediction_timestamp, min_periods=300"
2026-05-30 09:30:00+00:00,ema_spread_atr_12_48b__high_abs,1.3654072837513596,"expanding abs q70 using observations <= prediction_timestamp, min_periods=300"
2026-05-30 10:00:00+00:00,ema_spread_atr_12_48b__high_abs,1.3550009180952483,"expanding abs q70 using observations <= prediction_timestamp, min_periods=300"
2026-05-30 10:30:00+00:00,ema_spread_atr_12_48b__high_abs,1.3445945524391383,"expanding abs q70 using observations <= prediction_timestamp, min_periods=300"
2026-05-30 11:00:00+00:00,ema_spread_atr_12_48b__high_abs,1.3399829731661113,"expanding abs q70 using observations <= prediction_timestamp, min_periods=300"
2026-05-30 11:30:00+00:00,ema_spread_atr_12_48b__high_abs,1.3382687870846262,"expanding abs q70 using observations <= prediction_timestamp, min_periods=300"
2026-05-30 12:00:00+00:00,ema_spread_atr_12_48b__high_abs,1.336554601003141,"expanding abs q70 using observations <= prediction_timestamp, min_periods=300"
2026-05-30 12:30:00+00:00,ema_spread_atr_12_48b__high_abs,1.3337402216823964,"expanding abs q70 using observations <= prediction_timestamp, min_periods=300"
2026-05-30 13:00:00+00:00,ema_spread_atr_12_48b__high_abs,1.3287254558831336,"expanding abs q70 using observations <= prediction_timestamp, min_periods=300"
2026-05-30 13:30:00+00:00,ema_spread_atr_12_48b__high_abs,1.3237106900838702,"expanding abs q70 using observations <= prediction_timestamp, min_periods=300"
2026-05-30 14:00:00+00:00,ema_spread_atr_12_48b__high_abs,1.3186959242846075,"expanding abs q70 using observations <= prediction_timestamp, min_periods=300"
2026-05-30 14:30:00+00:00,ema_spread_atr_12_48b__high_abs,1.3303970444828879,"expanding abs q70 using observations <= prediction_timestamp, min_periods=300"
2026-05-30 15:00:00+00:00,ema_spread_atr_12_48b__high_abs,1.337697391724131,"expanding abs q70 using observations <= prediction_timestamp, min_periods=300"
2026-05-30 15:30:00+00:00,ema_spread_atr_12_48b__high_abs,1.3445945524391383,"expanding abs q70 using observations <= prediction_timestamp, min_periods=300"
2026-05-30 16:00:00+00:00,ema_spread_atr_12_48b__high_abs,1.3399829731661113,"expanding abs q70 using observations <= prediction_timestamp, min_periods=300"
2026-05-30 16:30:00+00:00,ema_spread_atr_12_48b__high_abs,1.3382687870846262,"expanding abs q70 using observations <= prediction_timestamp, min_periods=300"
2026-05-30 17:00:00+00:00,ema_spread_atr_12_48b__high_abs,1.336554601003141,"expanding abs q70 using observations <= prediction_timestamp, min_periods=300"
2026-05-30 17:30:00+00:00,ema_spread_atr_12_48b__high_abs,1.3337402216823964,"expanding abs q70 using observations <= prediction_timestamp, min_periods=300"
2026-05-30 18:00:00+00:00,ema_spread_atr_12_48b__high_abs,1.3287254558831336,"expanding abs q70 using observations <= prediction_timestamp, min_periods=300"
2026-05-30 18:30:00+00:00,ema_spread_atr_12_48b__high_abs,1.3237106900838702,"expanding abs q70 using observations <= prediction_timestamp, min_periods=300"
2026-05-30 19:00:00+00:00,ema_spread_atr_12_48b__high_abs,1.3186959242846075,"expanding abs q70 using observations <= prediction_timestamp, min_periods=300"
2026-05-30 19:30:00+00:00,ema_spread_atr_12_48b__high_abs,1.311835761686698,"expanding abs q70 using observations <= prediction_timestamp, min_periods=300"
2026-05-30 20:00:00+00:00,ema_spread_atr_12_48b__high_abs,1.3049755990887886,"expanding abs q70 using observations <= prediction_timestamp, min_periods=300"
2026-05-30 20:30:00+00:00,ema_spread_atr_12_48b__high_abs,1.2981154364908798,"expanding abs q70 using observations <= prediction_timestamp, min_periods=300"
2026-05-30 21:00:00+00:00,ema_spread_atr_12_48b__high_abs,1.2933497672683212,"expanding abs q70 using observations <= prediction_timestamp, min_periods=300"
2026-05-30 21:30:00+00:00,ema_spread_atr_12_48b__high_abs,1.2896313447334375,"expanding abs q70 using observations <= prediction_timestamp, min_periods=300"
2026-05-30 22:00:00+00:00,ema_spread_atr_12_48b__high_abs,1.2859129221985546,"expanding abs q70 using observations <= prediction_timestamp, min_periods=300"
2026-05-30 22:30:00+00:00,ema_spread_atr_12_48b__high_abs,1.2823778130262455,"expanding abs q70 using observations <= prediction_timestamp, min_periods=300"
2026-05-30 23:00:00+00:00,ema_spread_atr_12_48b__high_abs,1.2792093305790853,"expanding abs q70 using observations <= prediction_timestamp, min_periods=300"
2026-05-30 23:30:00+00:00,ema_spread_atr_12_48b__high_abs,1.287152396376849,"expanding abs q70 using observations <= prediction_timestamp, min_periods=300"
2026-05-31 00:00:00+00:00,ema_spread_atr_12_48b__high_abs,1.2958287156249098,"expanding abs q70 using observations <= prediction_timestamp, min_periods=300"
2026-05-31 00:30:00+00:00,ema_spread_atr_12_48b__high_abs,1.2921102930900268,"expanding abs q70 using observations <= prediction_timestamp, min_periods=300"
2026-05-31 01:00:00+00:00,ema_spread_atr_12_48b__high_abs,1.2883918705551434,"expanding abs q70 using observations <= prediction_timestamp, min_periods=300"
2026-05-31 01:30:00+00:00,ema_spread_atr_12_48b__high_abs,1.2981154364908798,"expanding abs q70 using observations <= prediction_timestamp, min_periods=300"
2026-05-31 02:00:00+00:00,ema_spread_atr_12_48b__high_abs,1.2975685784035216,"expanding abs q70 using observations <= prediction_timestamp, min_periods=300"
2026-05-31 02:30:00+00:00,ema_spread_atr_12_48b__high_abs,1.2969161298615424,"expanding abs q70 using observations <= prediction_timestamp, min_periods=300"
2026-05-31 03:00:00+00:00,ema_spread_atr_12_48b__high_abs,1.296263681319563,"expanding abs q70 using observations <= prediction_timestamp, min_periods=300"
2026-05-31 03:30:00+00:00,ema_spread_atr_12_48b__high_abs,1.297786061250848,"expanding abs q70 using observations <= prediction_timestamp, min_periods=300"
2026-05-31 04:00:00+00:00,ema_spread_atr_12_48b__high_abs,1.2971336127088688,"expanding abs q70 using observations <= prediction_timestamp, min_periods=300"
2026-05-31 04:30:00+00:00,ema_spread_atr_12_48b__high_abs,1.2964811641668894,"expanding abs q70 using observations <= prediction_timestamp, min_periods=300"
2026-05-31 05:00:00+00:00,ema_spread_atr_12_48b__high_abs,1.2958287156249098,"expanding abs q70 using observations <= prediction_timestamp, min_periods=300"
2026-05-31 05:30:00+00:00,ema_spread_atr_12_48b__high_abs,1.2921102930900268,"expanding abs q70 using observations <= prediction_timestamp, min_periods=300"
2026-05-31 06:00:00+00:00,ema_spread_atr_12_48b__high_abs,1.2883918705551434,"expanding abs q70 using observations <= prediction_timestamp, min_periods=300"
2026-05-31 06:30:00+00:00,ema_spread_atr_12_48b__high_abs,1.2846734480202602,"expanding abs q70 using observations <= prediction_timestamp, min_periods=300"
2026-05-31 07:00:00+00:00,ema_spread_atr_12_48b__high_abs,1.2813216522105253,"expanding abs q70 using observations <= prediction_timestamp, min_periods=300"
2026-05-31 07:30:00+00:00,ema_spread_atr_12_48b__high_abs,1.2896313447334375,"expanding abs q70 using observations <= prediction_timestamp, min_periods=300"
2026-05-31 08:00:00+00:00,ema_spread_atr_12_48b__high_abs,1.296263681319563,"expanding abs q70 using observations <= prediction_timestamp, min_periods=300"
2026-05-31 08:30:00+00:00,ema_spread_atr_12_48b__high_abs,1.2945892414466156,"expanding abs q70 using observations <= prediction_timestamp, min_periods=300"
2026-05-31 09:00:00+00:00,ema_spread_atr_12_48b__high_abs,1.2908708189117324,"expanding abs q70 using observations <= prediction_timestamp, min_periods=300"
2026-05-31 09:30:00+00:00,ema_spread_atr_12_48b__high_abs,1.287152396376849,"expanding abs q70 using observations <= prediction_timestamp, min_periods=300"
2026-05-31 10:00:00+00:00,ema_spread_atr_12_48b__high_abs,1.2834339738419656,"expanding abs q70 using observations <= prediction_timestamp, min_periods=300"
2026-05-31 10:30:00+00:00,ema_spread_atr_12_48b__high_abs,1.2921102930900268,"expanding abs q70 using observations <= prediction_timestamp, min_periods=300"
2026-05-31 11:00:00+00:00,ema_spread_atr_12_48b__high_abs,1.2966986470142159,"expanding abs q70 using observations <= prediction_timestamp, min_periods=300"
2026-05-31 11:30:00+00:00,ema_spread_atr_12_48b__high_abs,1.2960461984722367,"expanding abs q70 using observations <= prediction_timestamp, min_periods=300"
2026-05-31 12:00:00+00:00,ema_spread_atr_12_48b__high_abs,1.2933497672683212,"expanding abs q70 using observations <= prediction_timestamp, min_periods=300"
2026-05-31 12:30:00+00:00,ema_spread_atr_12_48b__high_abs,1.2896313447334375,"expanding abs q70 using observations <= prediction_timestamp, min_periods=300"
2026-05-31 13:00:00+00:00,ema_spread_atr_12_48b__high_abs,1.2859129221985546,"expanding abs q70 using observations <= prediction_timestamp, min_periods=300"
2026-05-31 13:30:00+00:00,ema_spread_atr_12_48b__high_abs,1.2823778130262455,"expanding abs q70 using observations <= prediction_timestamp, min_periods=300"
2026-05-31 14:00:00+00:00,ema_spread_atr_12_48b__high_abs,1.2792093305790853,"expanding abs q70 using observations <= prediction_timestamp, min_periods=300"
2026-05-31 14:30:00+00:00,ema_spread_atr_12_48b__high_abs,1.287152396376849,"expanding abs q70 using observations <= prediction_timestamp, min_periods=300"
2026-05-31 15:00:00+00:00,ema_spread_atr_12_48b__high_abs,1.2958287156249098,"expanding abs q70 using observations <= prediction_timestamp, min_periods=300"
2026-05-31 15:30:00+00:00,ema_spread_atr_12_48b__high_abs,1.297351095556195,"expanding abs q70 using observations <= prediction_timestamp, min_periods=300"
2026-05-31 16:00:00+00:00,ema_spread_atr_12_48b__high_abs,1.3062804961727472,"expanding abs q70 using observations <= prediction_timestamp, min_periods=300"
2026-05-31 16:30:00+00:00,ema_spread_atr_12_48b__high_abs,1.3203675128843617,"expanding abs q70 using observations <= prediction_timestamp, min_periods=300"
2026-05-31 17:00:00+00:00,ema_spread_atr_12_48b__high_abs,1.3320686330826421,"expanding abs q70 using observations <= prediction_timestamp, min_periods=300"
2026-05-31 17:30:00+00:00,ema_spread_atr_12_48b__high_abs,1.3382687870846262,"expanding abs q70 using observations <= prediction_timestamp, min_periods=300"
2026-05-31 18:00:00+00:00,ema_spread_atr_12_48b__high_abs,1.336554601003141,"expanding abs q70 using observations <= prediction_timestamp, min_periods=300"
2026-05-31 18:30:00+00:00,ema_spread_atr_12_48b__high_abs,1.3337402216823964,"expanding abs q70 using observations <= prediction_timestamp, min_periods=300"
2026-05-31 19:00:00+00:00,ema_spread_atr_12_48b__high_abs,1.338840182445121,"expanding abs q70 using observations <= prediction_timestamp, min_periods=300"
2026-05-31 19:30:00+00:00,ema_spread_atr_12_48b__high_abs,1.3515321295432126,"expanding abs q70 using observations <= prediction_timestamp, min_periods=300"
2026-05-31 20:00:00+00:00,ema_spread_atr_12_48b__high_abs,1.3411257638871015,"expanding abs q70 using observations <= prediction_timestamp, min_periods=300"
2026-05-31 20:30:00+00:00,ema_spread_atr_12_48b__high_abs,1.3394115778056164,"expanding abs q70 using observations <= prediction_timestamp, min_periods=300"
2026-05-31 21:00:00+00:00,ema_spread_atr_12_48b__high_abs,1.337697391724131,"expanding abs q70 using observations <= prediction_timestamp, min_periods=300"
2026-05-31 21:30:00+00:00,ema_spread_atr_12_48b__high_abs,1.335983205642646,"expanding abs q70 using observations <= prediction_timestamp, min_periods=300"
2026-05-31 22:00:00+00:00,ema_spread_atr_12_48b__high_abs,1.3320686330826426,"expanding abs q70 using observations <= prediction_timestamp, min_periods=300"
2026-05-31 22:30:00+00:00,ema_spread_atr_12_48b__high_abs,1.3382687870846262,"expanding abs q70 using observations <= prediction_timestamp, min_periods=300"
2026-05-31 23:00:00+00:00,ema_spread_atr_12_48b__high_abs,1.3415645262838147,"expanding abs q70 using observations <= prediction_timestamp, min_periods=300"
2026-05-31 23:30:00+00:00,ema_spread_atr_12_48b__high_abs,1.3405543685266064,"expanding abs q70 using observations <= prediction_timestamp, min_periods=300"
2026-06-01 00:00:00+00:00,ema_spread_atr_12_48b__high_abs,1.338840182445121,"expanding abs q70 using observations <= prediction_timestamp, min_periods=300"
2026-06-01 00:30:00+00:00,ema_spread_atr_12_48b__high_abs,1.3371259963636362,"expanding abs q70 using observations <= prediction_timestamp, min_periods=300"
2026-06-01 01:00:00+00:00,ema_spread_atr_12_48b__high_abs,1.335411810282151,"expanding abs q70 using observations <= prediction_timestamp, min_periods=300"
2026-06-01 01:30:00+00:00,ema_spread_atr_12_48b__high_abs,1.3303970444828879,"expanding abs q70 using observations <= prediction_timestamp, min_periods=300"
2026-06-01 02:00:00+00:00,ema_spread_atr_12_48b__high_abs,1.3253822786836245,"expanding abs q70 using observations <= prediction_timestamp, min_periods=300"
2026-06-01 02:30:00+00:00,ema_spread_atr_12_48b__high_abs,1.3203675128843613,"expanding abs q70 using observations <= prediction_timestamp, min_periods=300"
2026-06-01 03:00:00+00:00,ema_spread_atr_12_48b__high_abs,1.3175080452153607,"expanding abs q70 using observations <= prediction_timestamp, min_periods=300"
2026-06-01 03:30:00+00:00,ema_spread_atr_12_48b__high_abs,1.3157262266114915,"expanding abs q70 using observations <= prediction_timestamp, min_periods=300"
2026-06-01 04:00:00+00:00,ema_spread_atr_12_48b__high_abs,1.3139444080076217,"expanding abs q70 using observations <= prediction_timestamp, min_periods=300"
2026-06-01 04:30:00+00:00,ema_spread_atr_12_48b__high_abs,1.3112812304543549,"expanding abs q70 using observations <= prediction_timestamp, min_periods=300"
2026-06-01 05:00:00+00:00,ema_spread_atr_12_48b__high_abs,1.3068553350022944,"expanding abs q70 using observations <= prediction_timestamp, min_periods=300"
2026-06-01 05:30:00+00:00,ema_spread_atr_12_48b__high_abs,1.3145383475422447,"expanding abs q70 using observations <= prediction_timestamp, min_periods=300"
2026-06-01 06:00:00+00:00,ema_spread_atr_12_48b__high_abs,1.3186959242846075,"expanding abs q70 using observations <= prediction_timestamp, min_periods=300"
2026-06-01 06:30:00+00:00,ema_spread_atr_12_48b__high_abs,1.3303970444828879,"expanding abs q70 using observations <= prediction_timestamp, min_periods=300"
2026-06-01 07:00:00+00:00,ema_spread_atr_12_48b__high_abs,1.337697391724131,"expanding abs q70 using observations <= prediction_timestamp, min_periods=300"
2026-06-01 07:30:00+00:00,ema_spread_atr_12_48b__high_abs,1.341345145085458,"expanding abs q70 using observations <= prediction_timestamp, min_periods=300"
2026-06-01 08:00:00+00:00,ema_spread_atr_12_48b__high_abs,1.3428808134739545,"expanding abs q70 using observations <= prediction_timestamp, min_periods=300"
2026-06-01 08:30:00+00:00,ema_spread_atr_12_48b__high_abs,1.344349831202198,"expanding abs q70 using observations <= prediction_timestamp, min_periods=300"
2026-06-01 09:00:00+00:00,ema_spread_atr_12_48b__high_abs,1.3438768200098974,"expanding abs q70 using observations <= prediction_timestamp, min_periods=300"
2026-06-01 09:30:00+00:00,ema_spread_atr_12_48b__high_abs,1.3434828606281124,"expanding abs q70 using observations <= prediction_timestamp, min_periods=300"
2026-06-01 10:00:00+00:00,ema_spread_atr_12_48b__high_abs,1.343428432375631,"expanding abs q70 using observations <= prediction_timestamp, min_periods=300"
2026-06-01 10:30:00+00:00,ema_spread_atr_12_48b__high_abs,1.3433740041231492,"expanding abs q70 using observations <= prediction_timestamp, min_periods=300"
2026-06-01 11:00:00+00:00,ema_spread_atr_12_48b__high_abs,1.3433195758706677,"expanding abs q70 using observations <= prediction_timestamp, min_periods=300"
2026-06-01 11:30:00+00:00,ema_spread_atr_12_48b__high_abs,1.3426614322755979,"expanding abs q70 using observations <= prediction_timestamp, min_periods=300"
2026-06-01 12:00:00+00:00,ema_spread_atr_12_48b__high_abs,1.342003288680528,"expanding abs q70 using observations <= prediction_timestamp, min_periods=300"
2026-06-01 12:30:00+00:00,ema_spread_atr_12_48b__high_abs,1.341345145085458,"expanding abs q70 using observations <= prediction_timestamp, min_periods=300"
2026-06-01 13:00:00+00:00,ema_spread_atr_12_48b__high_abs,1.339982973166111,"expanding abs q70 using observations <= prediction_timestamp, min_periods=300"
2026-06-01 13:30:00+00:00,ema_spread_atr_12_48b__high_abs,1.3382687870846262,"expanding abs q70 using observations <= prediction_timestamp, min_periods=300"
2026-06-01 14:00:00+00:00,ema_spread_atr_12_48b__high_abs,1.336554601003141,"expanding abs q70 using observations <= prediction_timestamp, min_periods=300"
2026-06-01 14:30:00+00:00,ema_spread_atr_12_48b__high_abs,1.334084504550489,"expanding abs q70 using observations <= prediction_timestamp, min_periods=300"
2026-06-01 15:00:00+00:00,ema_spread_atr_12_48b__high_abs,1.3301025873555037,"expanding abs q70 using observations <= prediction_timestamp, min_periods=300"
2026-06-01 15:30:00+00:00,ema_spread_atr_12_48b__high_abs,1.3261206701605182,"expanding abs q70 using observations <= prediction_timestamp, min_periods=300"
2026-06-01 16:00:00+00:00,ema_spread_atr_12_48b__high_abs,1.3221387529655335,"expanding abs q70 using observations <= prediction_timestamp, min_periods=300"
2026-06-01 16:30:00+00:00,ema_spread_atr_12_48b__high_abs,1.3211059043612556,"expanding abs q70 using observations <= prediction_timestamp, min_periods=300"
2026-06-01 17:00:00+00:00,ema_spread_atr_12_48b__high_abs,1.3200730557569778,"expanding abs q70 using observations <= prediction_timestamp, min_periods=300"
2026-06-01 17:30:00+00:00,ema_spread_atr_12_48b__high_abs,1.3190402071526999,"expanding abs q70 using observations <= prediction_timestamp, min_periods=300"
2026-06-01 18:00:00+00:00,ema_spread_atr_12_48b__high_abs,1.321450187229348,"expanding abs q70 using observations <= prediction_timestamp, min_periods=300"
2026-06-01 18:30:00+00:00,ema_spread_atr_12_48b__high_abs,1.3287752816238423,"expanding abs q70 using observations <= prediction_timestamp, min_periods=300"
2026-06-01 19:00:00+00:00,ema_spread_atr_12_48b__high_abs,1.336554601003141,"expanding abs q70 using observations <= prediction_timestamp, min_periods=300"
2026-06-01 19:30:00+00:00,ema_spread_atr_12_48b__high_abs,1.3405543685266064,"expanding abs q70 using observations <= prediction_timestamp, min_periods=300"
2026-06-01 20:00:00+00:00,ema_spread_atr_12_48b__high_abs,1.3424420510772412,"expanding abs q70 using observations <= prediction_timestamp, min_periods=300"
2026-06-01 20:30:00+00:00,ema_spread_atr_12_48b__high_abs,1.3433740041231492,"expanding abs q70 using observations <= prediction_timestamp, min_periods=300"
2026-06-01 21:00:00+00:00,ema_spread_atr_12_48b__high_abs,1.3435010033789396,"expanding abs q70 using observations <= prediction_timestamp, min_periods=300"
2026-06-01 21:30:00+00:00,ema_spread_atr_12_48b__high_abs,1.3434465751264582,"expanding abs q70 using observations <= prediction_timestamp, min_periods=300"
2026-06-01 22:00:00+00:00,ema_spread_atr_12_48b__high_abs,1.3433921468739765,"expanding abs q70 using observations <= prediction_timestamp, min_periods=300"
2026-06-01 22:30:00+00:00,ema_spread_atr_12_48b__high_abs,1.343337718621495,"expanding abs q70 using observations <= prediction_timestamp, min_periods=300"
2026-06-01 23:00:00+00:00,ema_spread_atr_12_48b__high_abs,1.3428808134739545,"expanding abs q70 using observations <= prediction_timestamp, min_periods=300"
2026-06-01 23:30:00+00:00,ema_spread_atr_12_48b__high_abs,1.3422226698788846,"expanding abs q70 using observations <= prediction_timestamp, min_periods=300"
2026-06-02 00:00:00+00:00,ema_spread_atr_12_48b__high_abs,1.3415645262838147,"expanding abs q70 using observations <= prediction_timestamp, min_periods=300"
2026-06-02 00:30:00+00:00,ema_spread_atr_12_48b__high_abs,1.3405543685266064,"expanding abs q70 using observations <= prediction_timestamp, min_periods=300"
2026-06-02 01:00:00+00:00,ema_spread_atr_12_48b__high_abs,1.338840182445121,"expanding abs q70 using observations <= prediction_timestamp, min_periods=300"
2026-06-02 01:30:00+00:00,ema_spread_atr_12_48b__high_abs,1.337125996363636,"expanding abs q70 using observations <= prediction_timestamp, min_periods=300"
2026-06-02 02:00:00+00:00,ema_spread_atr_12_48b__high_abs,1.3411257638871015,"expanding abs q70 using observations <= prediction_timestamp, min_periods=300"
2026-06-02 02:30:00+00:00,ema_spread_atr_12_48b__high_abs,1.3426614322755979,"expanding abs q70 using observations <= prediction_timestamp, min_periods=300"
2026-06-02 03:00:00+00:00,ema_spread_atr_12_48b__high_abs,1.342003288680528,"expanding abs q70 using observations <= prediction_timestamp, min_periods=300"
2026-06-02 03:30:00+00:00,ema_spread_atr_12_48b__high_abs,1.341345145085458,"expanding abs q70 using observations <= prediction_timestamp, min_periods=300"
2026-06-02 04:00:00+00:00,ema_spread_atr_12_48b__high_abs,1.339982973166111,"expanding abs q70 using observations <= prediction_timestamp, min_periods=300"
2026-06-02 04:30:00+00:00,ema_spread_atr_12_48b__high_abs,1.3382687870846262,"expanding abs q70 using observations <= prediction_timestamp, min_periods=300"
2026-06-02 05:00:00+00:00,ema_spread_atr_12_48b__high_abs,1.336554601003141,"expanding abs q70 using observations <= prediction_timestamp, min_periods=300"
2026-06-02 05:30:00+00:00,ema_spread_atr_12_48b__high_abs,1.334084504550489,"expanding abs q70 using observations <= prediction_timestamp, min_periods=300"
2026-06-02 06:00:00+00:00,ema_spread_atr_12_48b__high_abs,1.3301025873555037,"expanding abs q70 using observations <= prediction_timestamp, min_periods=300"
2026-06-02 06:30:00+00:00,ema_spread_atr_12_48b__high_abs,1.337125996363636,"expanding abs q70 using observations <= prediction_timestamp, min_periods=300"
2026-06-02 07:00:00+00:00,ema_spread_atr_12_48b__high_abs,1.3411257638871015,"expanding abs q70 using observations <= prediction_timestamp, min_periods=300"
2026-06-02 07:30:00+00:00,ema_spread_atr_12_48b__high_abs,1.3394115778056164,"expanding abs q70 using observations <= prediction_timestamp, min_periods=300"
2026-06-02 08:00:00+00:00,ema_spread_atr_12_48b__high_abs,1.337697391724131,"expanding abs q70 using observations <= prediction_timestamp, min_periods=300"
2026-06-02 08:30:00+00:00,ema_spread_atr_12_48b__high_abs,1.335983205642646,"expanding abs q70 using observations <= prediction_timestamp, min_periods=300"
2026-06-02 09:00:00+00:00,ema_spread_atr_12_48b__high_abs,1.332757198818827,"expanding abs q70 using observations <= prediction_timestamp, min_periods=300"
2026-06-02 09:30:00+00:00,ema_spread_atr_12_48b__high_abs,1.3382687870846262,"expanding abs q70 using observations <= prediction_timestamp, min_periods=300"
2026-06-02 10:00:00+00:00,ema_spread_atr_12_48b__high_abs,1.336554601003141,"expanding abs q70 using observations <= prediction_timestamp, min_periods=300"
2026-06-02 10:30:00+00:00,ema_spread_atr_12_48b__high_abs,1.334084504550489,"expanding abs q70 using observations <= prediction_timestamp, min_periods=300"
2026-06-02 11:00:00+00:00,ema_spread_atr_12_48b__high_abs,1.3301025873555037,"expanding abs q70 using observations <= prediction_timestamp, min_periods=300"
2026-06-02 11:30:00+00:00,ema_spread_atr_12_48b__high_abs,1.3261206701605182,"expanding abs q70 using observations <= prediction_timestamp, min_periods=300"
2026-06-02 12:00:00+00:00,ema_spread_atr_12_48b__high_abs,1.3221387529655335,"expanding abs q70 using observations <= prediction_timestamp, min_periods=300"
2026-06-02 12:30:00+00:00,ema_spread_atr_12_48b__high_abs,1.3211059043612556,"expanding abs q70 using observations <= prediction_timestamp, min_periods=300"
2026-06-02 13:00:00+00:00,ema_spread_atr_12_48b__high_abs,1.3200730557569778,"expanding abs q70 using observations <= prediction_timestamp, min_periods=300"
2026-06-02 13:30:00+00:00,ema_spread_atr_12_48b__high_abs,1.3190402071526999,"expanding abs q70 using observations <= prediction_timestamp, min_periods=300"
2026-06-02 14:00:00+00:00,ema_spread_atr_12_48b__high_abs,1.3175080452153607,"expanding abs q70 using observations <= prediction_timestamp, min_periods=300"
2026-06-02 14:30:00+00:00,ema_spread_atr_12_48b__high_abs,1.3204173386250706,"expanding abs q70 using observations <= prediction_timestamp, min_periods=300"
2026-06-02 15:00:00+00:00,ema_spread_atr_12_48b__high_abs,1.324793364428857,"expanding abs q70 using observations <= prediction_timestamp, min_periods=300"
2026-06-02 15:30:00+00:00,ema_spread_atr_12_48b__high_abs,1.334084504550489,"expanding abs q70 using observations <= prediction_timestamp, min_periods=300"
2026-06-02 16:00:00+00:00,ema_spread_atr_12_48b__high_abs,1.338840182445121,"expanding abs q70 using observations <= prediction_timestamp, min_periods=300"
2026-06-02 16:30:00+00:00,ema_spread_atr_12_48b__high_abs,1.3417839074821714,"expanding abs q70 using observations <= prediction_timestamp, min_periods=300"
2026-06-02 17:00:00+00:00,ema_spread_atr_12_48b__high_abs,1.3433195758706677,"expanding abs q70 using observations <= prediction_timestamp, min_periods=300"
2026-06-02 17:30:00+00:00,ema_spread_atr_12_48b__high_abs,1.3426614322755979,"expanding abs q70 using observations <= prediction_timestamp, min_periods=300"
2026-06-02 18:00:00+00:00,ema_spread_atr_12_48b__high_abs,1.342003288680528,"expanding abs q70 using observations <= prediction_timestamp, min_periods=300"
2026-06-02 18:30:00+00:00,ema_spread_atr_12_48b__high_abs,1.341345145085458,"expanding abs q70 using observations <= prediction_timestamp, min_periods=300"
2026-06-02 19:00:00+00:00,ema_spread_atr_12_48b__high_abs,1.3428808134739545,"expanding abs q70 using observations <= prediction_timestamp, min_periods=300"
2026-06-02 19:30:00+00:00,ema_spread_atr_12_48b__high_abs,1.3434102896248037,"expanding abs q70 using observations <= prediction_timestamp, min_periods=300"
2026-06-02 20:00:00+00:00,ema_spread_atr_12_48b__high_abs,1.3438768200098974,"expanding abs q70 using observations <= prediction_timestamp, min_periods=300"
2026-06-02 20:30:00+00:00,ema_spread_atr_12_48b__high_abs,1.3451921782182492,"expanding abs q70 using observations <= prediction_timestamp, min_periods=300"
2026-06-02 21:00:00+00:00,ema_spread_atr_12_48b__high_abs,1.3446284532718127,"expanding abs q70 using observations <= prediction_timestamp, min_periods=300"
2026-06-02 21:30:00+00:00,ema_spread_atr_12_48b__high_abs,1.3440647283253762,"expanding abs q70 using observations <= prediction_timestamp, min_periods=300"
2026-06-02 22:00:00+00:00,ema_spread_atr_12_48b__high_abs,1.3435010033789396,"expanding abs q70 using observations <= prediction_timestamp, min_periods=300"
2026-06-02 22:30:00+00:00,ema_spread_atr_12_48b__high_abs,1.3434465751264582,"expanding abs q70 using observations <= prediction_timestamp, min_periods=300"
2026-06-02 23:00:00+00:00,ema_spread_atr_12_48b__high_abs,1.344252636640855,"expanding abs q70 using observations <= prediction_timestamp, min_periods=300"
2026-06-02 23:30:00+00:00,ema_spread_atr_12_48b__high_abs,1.3460530346550252,"expanding abs q70 using observations <= prediction_timestamp, min_periods=300"
2026-06-03 00:00:00+00:00,ema_spread_atr_12_48b__high_abs,1.3507636715041067,"expanding abs q70 using observations <= prediction_timestamp, min_periods=300"
2026-06-03 00:30:00+00:00,ema_spread_atr_12_48b__high_abs,1.3639616085770863,"expanding abs q70 using observations <= prediction_timestamp, min_periods=300"
2026-06-03 01:00:00+00:00,ema_spread_atr_12_48b__high_abs,1.3568503840788553,"expanding abs q70 using observations <= prediction_timestamp, min_periods=300"
2026-06-03 01:30:00+00:00,ema_spread_atr_12_48b__high_abs,1.3514366196254044,"expanding abs q70 using observations <= prediction_timestamp, min_periods=300"
2026-06-03 02:00:00+00:00,ema_spread_atr_12_48b__high_abs,1.3494177752615122,"expanding abs q70 using observations <= prediction_timestamp, min_periods=300"
2026-06-03 02:30:00+00:00,ema_spread_atr_12_48b__high_abs,1.3473989308976198,"expanding abs q70 using observations <= prediction_timestamp, min_periods=300"
2026-06-03 03:00:00+00:00,ema_spread_atr_12_48b__high_abs,1.345380086533728,"expanding abs q70 using observations <= prediction_timestamp, min_periods=300"
2026-06-03 03:30:00+00:00,ema_spread_atr_12_48b__high_abs,1.3500907233828097,"expanding abs q70 using observations <= prediction_timestamp, min_periods=300"
2026-06-03 04:00:00+00:00,ema_spread_atr_12_48b__high_abs,1.361591200411009,"expanding abs q70 using observations <= prediction_timestamp, min_periods=300"
2026-06-03 04:30:00+00:00,ema_spread_atr_12_48b__high_abs,1.3759989062409967,"expanding abs q70 using observations <= prediction_timestamp, min_periods=300"
2026-06-03 05:00:00+00:00,ema_spread_atr_12_48b__high_abs,1.371072833075316,"expanding abs q70 using observations <= prediction_timestamp, min_periods=300"
2026-06-03 05:30:00+00:00,ema_spread_atr_12_48b__high_abs,1.3639616085770863,"expanding abs q70 using observations <= prediction_timestamp, min_periods=300"
2026-06-03 06:00:00+00:00,ema_spread_atr_12_48b__high_abs,1.3568503840788553,"expanding abs q70 using observations <= prediction_timestamp, min_periods=300"
2026-06-03 06:30:00+00:00,ema_spread_atr_12_48b__high_abs,1.3734432412413933,"expanding abs q70 using observations <= prediction_timestamp, min_periods=300"
2026-06-03 07:00:00+00:00,ema_spread_atr_12_48b__high_abs,1.3663320167431623,"expanding abs q70 using observations <= prediction_timestamp, min_periods=300"
2026-06-03 07:30:00+00:00,ema_spread_atr_12_48b__high_abs,1.3592207922449315,"expanding abs q70 using observations <= prediction_timestamp, min_periods=300"
2026-06-03 08:00:00+00:00,ema_spread_atr_12_48b__high_abs,1.3758136494074706,"expanding abs q70 using observations <= prediction_timestamp, min_periods=300"
2026-06-03 08:30:00+00:00,ema_spread_atr_12_48b__high_abs,1.3687024249092397,"expanding abs q70 using observations <= prediction_timestamp, min_periods=300"
2026-06-03 09:00:00+00:00,ema_spread_atr_12_48b__high_abs,1.361591200411009,"expanding abs q70 using observations <= prediction_timestamp, min_periods=300"
2026-06-03 09:30:00+00:00,ema_spread_atr_12_48b__high_abs,1.354479975912778,"expanding abs q70 using observations <= prediction_timestamp, min_periods=300"
2026-06-03 10:00:00+00:00,ema_spread_atr_12_48b__high_abs,1.350772756440271,"expanding abs q70 using observations <= prediction_timestamp, min_periods=300"
2026-06-03 10:30:00+00:00,ema_spread_atr_12_48b__high_abs,1.3487675394806256,"expanding abs q70 using observations <= prediction_timestamp, min_periods=300"
2026-06-03 11:00:00+00:00,ema_spread_atr_12_48b__high_abs,1.3467623225209795,"expanding abs q70 using observations <= prediction_timestamp, min_periods=300"
2026-06-03 11:30:00+00:00,ema_spread_atr_12_48b__high_abs,1.3454209687464669,"expanding abs q70 using observations <= prediction_timestamp, min_periods=300"
2026-06-03 12:00:00+00:00,ema_spread_atr_12_48b__high_abs,1.3454073413422205,"expanding abs q70 using observations <= prediction_timestamp, min_periods=300"
2026-06-03 12:30:00+00:00,ema_spread_atr_12_48b__high_abs,1.3453937139379744,"expanding abs q70 using observations <= prediction_timestamp, min_periods=300"
2026-06-03 13:00:00+00:00,ema_spread_atr_12_48b__high_abs,1.345380086533728,"expanding abs q70 using observations <= prediction_timestamp, min_periods=300"
2026-06-03 13:30:00+00:00,ema_spread_atr_12_48b__high_abs,1.3448163615872915,"expanding abs q70 using observations <= prediction_timestamp, min_periods=300"
2026-06-03 14:00:00+00:00,ema_spread_atr_12_48b__high_abs,1.344252636640855,"expanding abs q70 using observations <= prediction_timestamp, min_periods=300"
2026-06-03 14:30:00+00:00,ema_spread_atr_12_48b__high_abs,1.34538462900181,"expanding abs q70 using observations <= prediction_timestamp, min_periods=300"
2026-06-03 15:00:00+00:00,ema_spread_atr_12_48b__high_abs,1.3454164262783848,"expanding abs q70 using observations <= prediction_timestamp, min_periods=300"
2026-06-03 15:30:00+00:00,ema_spread_atr_12_48b__high_abs,1.3487675394806256,"expanding abs q70 using observations <= prediction_timestamp, min_periods=300"
2026-06-03 16:00:00+00:00,ema_spread_atr_12_48b__high_abs,1.3568503840788553,"expanding abs q70 using observations <= prediction_timestamp, min_periods=300"
2026-06-03 16:30:00+00:00,ema_spread_atr_12_48b__high_abs,1.3734432412413933,"expanding abs q70 using observations <= prediction_timestamp, min_periods=300"
2026-06-03 17:00:00+00:00,ema_spread_atr_12_48b__high_abs,1.376925190408628,"expanding abs q70 using observations <= prediction_timestamp, min_periods=300"
2026-06-03 17:30:00+00:00,ema_spread_atr_12_48b__high_abs,1.380320833922142,"expanding abs q70 using observations <= prediction_timestamp, min_periods=300"
2026-06-03 18:00:00+00:00,ema_spread_atr_12_48b__high_abs,1.3820255877567198,"expanding abs q70 using observations <= prediction_timestamp, min_periods=300"
2026-06-03 18:30:00+00:00,ema_spread_atr_12_48b__high_abs,1.3807177767525236,"expanding abs q70 using observations <= prediction_timestamp, min_periods=300"
2026-06-03 19:00:00+00:00,ema_spread_atr_12_48b__high_abs,1.3794099657483274,"expanding abs q70 using observations <= prediction_timestamp, min_periods=300"
2026-06-03 19:30:00+00:00,ema_spread_atr_12_48b__high_abs,1.3781021547441314,"expanding abs q70 using observations <= prediction_timestamp, min_periods=300"
2026-06-03 20:00:00+00:00,ema_spread_atr_12_48b__high_abs,1.3811537137539223,"expanding abs q70 using observations <= prediction_timestamp, min_periods=300"
2026-06-03 20:30:00+00:00,ema_spread_atr_12_48b__high_abs,1.3842702630487422,"expanding abs q70 using observations <= prediction_timestamp, min_periods=300"
2026-06-03 21:00:00+00:00,ema_spread_atr_12_48b__high_abs,1.387415401811809,"expanding abs q70 using observations <= prediction_timestamp, min_periods=300"
2026-06-03 21:30:00+00:00,ema_spread_atr_12_48b__high_abs,1.3905670239604644,"expanding abs q70 using observations <= prediction_timestamp, min_periods=300"
2026-06-03 22:00:00+00:00,ema_spread_atr_12_48b__high_abs,1.3892163287538979,"expanding abs q70 using observations <= prediction_timestamp, min_periods=300"
2026-06-03 22:30:00+00:00,ema_spread_atr_12_48b__high_abs,1.3878656335473312,"expanding abs q70 using observations <= prediction_timestamp, min_periods=300"
2026-06-03 23:00:00+00:00,ema_spread_atr_12_48b__high_abs,1.3865149383407647,"expanding abs q70 using observations <= prediction_timestamp, min_periods=300"
2026-06-03 23:30:00+00:00,ema_spread_atr_12_48b__high_abs,1.3851681331655512,"expanding abs q70 using observations <= prediction_timestamp, min_periods=300"
2026-06-04 00:00:00+00:00,ema_spread_atr_12_48b__high_abs,1.3838213279903377,"expanding abs q70 using observations <= prediction_timestamp, min_periods=300"
2026-06-04 00:30:00+00:00,ema_spread_atr_12_48b__high_abs,1.382474522815124,"expanding abs q70 using observations <= prediction_timestamp, min_periods=300"
2026-06-04 01:00:00+00:00,ema_spread_atr_12_48b__high_abs,1.3811537137539223,"expanding abs q70 using observations <= prediction_timestamp, min_periods=300"
2026-06-04 01:30:00+00:00,ema_spread_atr_12_48b__high_abs,1.3842702630487422,"expanding abs q70 using observations <= prediction_timestamp, min_periods=300"
2026-06-04 02:00:00+00:00,ema_spread_atr_12_48b__high_abs,1.387415401811809,"expanding abs q70 using observations <= prediction_timestamp, min_periods=300"
2026-06-04 02:30:00+00:00,ema_spread_atr_12_48b__high_abs,1.3905670239604644,"expanding abs q70 using observations <= prediction_timestamp, min_periods=300"
2026-06-04 03:00:00+00:00,ema_spread_atr_12_48b__high_abs,1.3892163287538979,"expanding abs q70 using observations <= prediction_timestamp, min_periods=300"
2026-06-04 03:30:00+00:00,ema_spread_atr_12_48b__high_abs,1.3878656335473312,"expanding abs q70 using observations <= prediction_timestamp, min_periods=300"
2026-06-04 04:00:00+00:00,ema_spread_atr_12_48b__high_abs,1.3865149383407647,"expanding abs q70 using observations <= prediction_timestamp, min_periods=300"
2026-06-04 04:30:00+00:00,ema_spread_atr_12_48b__high_abs,1.3851681331655512,"expanding abs q70 using observations <= prediction_timestamp, min_periods=300"
2026-06-04 05:00:00+00:00,ema_spread_atr_12_48b__high_abs,1.3838213279903377,"expanding abs q70 using observations <= prediction_timestamp, min_periods=300"
2026-06-04 05:30:00+00:00,ema_spread_atr_12_48b__high_abs,1.382474522815124,"expanding abs q70 using observations <= prediction_timestamp, min_periods=300"
2026-06-04 06:00:00+00:00,ema_spread_atr_12_48b__high_abs,1.3811537137539223,"expanding abs q70 using observations <= prediction_timestamp, min_periods=300"
2026-06-04 06:30:00+00:00,ema_spread_atr_12_48b__high_abs,1.3798459027497263,"expanding abs q70 using observations <= prediction_timestamp, min_periods=300"
2026-06-04 07:00:00+00:00,ema_spread_atr_12_48b__high_abs,1.37853809174553,"expanding abs q70 using observations <= prediction_timestamp, min_periods=300"
2026-06-04 07:30:00+00:00,ema_spread_atr_12_48b__high_abs,1.3774809609092065,"expanding abs q70 using observations <= prediction_timestamp, min_periods=300"
2026-06-04 08:00:00+00:00,ema_spread_atr_12_48b__high_abs,1.376925190408628,"expanding abs q70 using observations <= prediction_timestamp, min_periods=300"
2026-06-04 08:30:00+00:00,ema_spread_atr_12_48b__high_abs,1.3763694199080492,"expanding abs q70 using observations <= prediction_timestamp, min_periods=300"
2026-06-04 09:00:00+00:00,ema_spread_atr_12_48b__high_abs,1.3758136494074706,"expanding abs q70 using observations <= prediction_timestamp, min_periods=300"
2026-06-04 09:30:00+00:00,ema_spread_atr_12_48b__high_abs,1.377110447242154,"expanding abs q70 using observations <= prediction_timestamp, min_periods=300"
2026-06-04 10:00:00+00:00,ema_spread_atr_12_48b__high_abs,1.3794099657483274,"expanding abs q70 using observations <= prediction_timestamp, min_periods=300"
2026-06-04 10:30:00+00:00,ema_spread_atr_12_48b__high_abs,1.382474522815124,"expanding abs q70 using observations <= prediction_timestamp, min_periods=300"
2026-06-04 11:00:00+00:00,ema_spread_atr_12_48b__high_abs,1.3856170682239555,"expanding abs q70 using observations <= prediction_timestamp, min_periods=300"
2026-06-04 11:30:00+00:00,ema_spread_atr_12_48b__high_abs,1.3887660970183757,"expanding abs q70 using observations <= prediction_timestamp, min_periods=300"
2026-06-04 12:00:00+00:00,ema_spread_atr_12_48b__high_abs,1.387415401811809,"expanding abs q70 using observations <= prediction_timestamp, min_periods=300"
2026-06-04 12:30:00+00:00,ema_spread_atr_12_48b__high_abs,1.3860660032823602,"expanding abs q70 using observations <= prediction_timestamp, min_periods=300"
2026-06-04 13:00:00+00:00,ema_spread_atr_12_48b__high_abs,1.3847191981071465,"expanding abs q70 using observations <= prediction_timestamp, min_periods=300"
2026-06-04 13:30:00+00:00,ema_spread_atr_12_48b__high_abs,1.383372392931933,"expanding abs q70 using observations <= prediction_timestamp, min_periods=300"
2026-06-04 14:00:00+00:00,ema_spread_atr_12_48b__high_abs,1.3820255877567198,"expanding abs q70 using observations <= prediction_timestamp, min_periods=300"
2026-06-04 14:30:00+00:00,ema_spread_atr_12_48b__high_abs,1.3807177767525236,"expanding abs q70 using observations <= prediction_timestamp, min_periods=300"
2026-06-04 15:00:00+00:00,ema_spread_atr_12_48b__high_abs,1.3794099657483274,"expanding abs q70 using observations <= prediction_timestamp, min_periods=300"
2026-06-04 15:30:00+00:00,ema_spread_atr_12_48b__high_abs,1.3781021547441314,"expanding abs q70 using observations <= prediction_timestamp, min_periods=300"
2026-06-04 16:00:00+00:00,ema_spread_atr_12_48b__high_abs,1.3772957040756804,"expanding abs q70 using observations <= prediction_timestamp, min_periods=300"
2026-06-04 16:30:00+00:00,ema_spread_atr_12_48b__high_abs,1.3767399335751018,"expanding abs q70 using observations <= prediction_timestamp, min_periods=300"
2026-06-04 17:00:00+00:00,ema_spread_atr_12_48b__high_abs,1.376184163074523,"expanding abs q70 using observations <= prediction_timestamp, min_periods=300"
2026-06-04 17:30:00+00:00,ema_spread_atr_12_48b__high_abs,1.3734432412413933,"expanding abs q70 using observations <= prediction_timestamp, min_periods=300"
2026-06-04 18:00:00+00:00,ema_spread_atr_12_48b__high_abs,1.3663320167431623,"expanding abs q70 using observations <= prediction_timestamp, min_periods=300"
2026-06-04 18:30:00+00:00,ema_spread_atr_12_48b__high_abs,1.3592207922449315,"expanding abs q70 using observations <= prediction_timestamp, min_periods=300"
2026-06-04 19:00:00+00:00,ema_spread_atr_12_48b__high_abs,1.3521095677467019,"expanding abs q70 using observations <= prediction_timestamp, min_periods=300"
2026-06-04 19:30:00+00:00,ema_spread_atr_12_48b__high_abs,1.3514436499000564,"expanding abs q70 using observations <= prediction_timestamp, min_periods=300"
2026-06-04 20:00:00+00:00,ema_spread_atr_12_48b__high_abs,1.350777732053411,"expanding abs q70 using observations <= prediction_timestamp, min_periods=300"
2026-06-04 20:30:00+00:00,ema_spread_atr_12_48b__high_abs,1.3501118142067654,"expanding abs q70 using observations <= prediction_timestamp, min_periods=300"
2026-06-04 21:00:00+00:00,ema_spread_atr_12_48b__high_abs,1.3489969755158833,"expanding abs q70 using observations <= prediction_timestamp, min_periods=300"
2026-06-04 21:30:00+00:00,ema_spread_atr_12_48b__high_abs,1.347657676402883,"expanding abs q70 using observations <= prediction_timestamp, min_periods=300"
2026-06-04 22:00:00+00:00,ema_spread_atr_12_48b__high_abs,1.3463183772898826,"expanding abs q70 using observations <= prediction_timestamp, min_periods=300"
2026-06-04 22:30:00+00:00,ema_spread_atr_12_48b__high_abs,1.3454209687464669,"expanding abs q70 using observations <= prediction_timestamp, min_periods=300"
2026-06-04 23:00:00+00:00,ema_spread_atr_12_48b__high_abs,1.3454073413422205,"expanding abs q70 using observations <= prediction_timestamp, min_periods=300"
2026-06-04 23:30:00+00:00,ema_spread_atr_12_48b__high_abs,1.3453937139379744,"expanding abs q70 using observations <= prediction_timestamp, min_periods=300"
2026-06-05 00:00:00+00:00,ema_spread_atr_12_48b__high_abs,1.345380086533728,"expanding abs q70 using observations <= prediction_timestamp, min_periods=300"
2026-06-05 00:30:00+00:00,ema_spread_atr_12_48b__high_abs,1.3450977435779117,"expanding abs q70 using observations <= prediction_timestamp, min_periods=300"
2026-06-05 01:00:00+00:00,ema_spread_atr_12_48b__high_abs,1.3448154006220956,"expanding abs q70 using observations <= prediction_timestamp, min_periods=300"
2026-06-05 01:30:00+00:00,ema_spread_atr_12_48b__high_abs,1.3445330576662793,"expanding abs q70 using observations <= prediction_timestamp, min_periods=300"
2026-06-05 02:00:00+00:00,ema_spread_atr_12_48b__high_abs,1.344251355353927,"expanding abs q70 using observations <= prediction_timestamp, min_periods=300"
2026-06-05 02:30:00+00:00,ema_spread_atr_12_48b__high_abs,1.344909514940701,"expanding abs q70 using observations <= prediction_timestamp, min_periods=300"
2026-06-05 03:00:00+00:00,ema_spread_atr_12_48b__high_abs,1.3453891714698922,"expanding abs q70 using observations <= prediction_timestamp, min_periods=300"
2026-06-05 03:30:00+00:00,ema_spread_atr_12_48b__high_abs,1.3454209687464669,"expanding abs q70 using observations <= prediction_timestamp, min_periods=300"
2026-06-05 04:00:00+00:00,ema_spread_atr_12_48b__high_abs,1.3481041094405497,"expanding abs q70 using observations <= prediction_timestamp, min_periods=300"
2026-06-05 04:30:00+00:00,ema_spread_atr_12_48b__high_abs,1.3505557594378623,"expanding abs q70 using observations <= prediction_timestamp, min_periods=300"
2026-06-05 05:00:00+00:00,ema_spread_atr_12_48b__high_abs,1.349889841591217,"expanding abs q70 using observations <= prediction_timestamp, min_periods=300"
2026-06-05 05:30:00+00:00,ema_spread_atr_12_48b__high_abs,1.3485505424782165,"expanding abs q70 using observations <= prediction_timestamp, min_periods=300"
2026-06-05 06:00:00+00:00,ema_spread_atr_12_48b__high_abs,1.350777732053411,"expanding abs q70 using observations <= prediction_timestamp, min_periods=300"
2026-06-05 06:30:00+00:00,ema_spread_atr_12_48b__high_abs,1.354479975912778,"expanding abs q70 using observations <= prediction_timestamp, min_periods=300"
2026-06-05 07:00:00+00:00,ema_spread_atr_12_48b__high_abs,1.371072833075316,"expanding abs q70 using observations <= prediction_timestamp, min_periods=300"
2026-06-05 07:30:00+00:00,ema_spread_atr_12_48b__high_abs,1.3767399335751018,"expanding abs q70 using observations <= prediction_timestamp, min_periods=300"
2026-06-05 08:00:00+00:00,ema_spread_atr_12_48b__high_abs,1.37853809174553,"expanding abs q70 using observations <= prediction_timestamp, min_periods=300"
2026-06-05 08:30:00+00:00,ema_spread_atr_12_48b__high_abs,1.3774809609092065,"expanding abs q70 using observations <= prediction_timestamp, min_periods=300"
2026-06-05 09:00:00+00:00,ema_spread_atr_12_48b__high_abs,1.376925190408628,"expanding abs q70 using observations <= prediction_timestamp, min_periods=300"
2026-06-05 09:30:00+00:00,ema_spread_atr_12_48b__high_abs,1.3763694199080492,"expanding abs q70 using observations <= prediction_timestamp, min_periods=300"
2026-06-05 10:00:00+00:00,ema_spread_atr_12_48b__high_abs,1.3758136494074706,"expanding abs q70 using observations <= prediction_timestamp, min_periods=300"
2026-06-05 10:30:00+00:00,ema_spread_atr_12_48b__high_abs,1.3687024249092397,"expanding abs q70 using observations <= prediction_timestamp, min_periods=300"
2026-06-05 11:00:00+00:00,ema_spread_atr_12_48b__high_abs,1.361591200411009,"expanding abs q70 using observations <= prediction_timestamp, min_periods=300"
2026-06-05 11:30:00+00:00,ema_spread_atr_12_48b__high_abs,1.354479975912778,"expanding abs q70 using observations <= prediction_timestamp, min_periods=300"
2026-06-05 12:00:00+00:00,ema_spread_atr_12_48b__high_abs,1.3516656225156047,"expanding abs q70 using observations <= prediction_timestamp, min_periods=300"
2026-06-05 12:30:00+00:00,ema_spread_atr_12_48b__high_abs,1.3509997046689595,"expanding abs q70 using observations <= prediction_timestamp, min_periods=300"
2026-06-05 13:00:00+00:00,ema_spread_atr_12_48b__high_abs,1.350333786822314,"expanding abs q70 using observations <= prediction_timestamp, min_periods=300"
2026-06-05 13:30:00+00:00,ema_spread_atr_12_48b__high_abs,1.34944340855355,"expanding abs q70 using observations <= prediction_timestamp, min_periods=300"
2026-06-05 14:00:00+00:00,ema_spread_atr_12_48b__high_abs,1.3512216772845078,"expanding abs q70 using observations <= prediction_timestamp, min_periods=300"
2026-06-05 14:30:00+00:00,ema_spread_atr_12_48b__high_abs,1.3592207922449315,"expanding abs q70 using observations <= prediction_timestamp, min_periods=300"
2026-06-05 15:00:00+00:00,ema_spread_atr_12_48b__high_abs,1.3758136494074706,"expanding abs q70 using observations <= prediction_timestamp, min_periods=300"
2026-06-05 15:30:00+00:00,ema_spread_atr_12_48b__high_abs,1.377110447242154,"expanding abs q70 using observations <= prediction_timestamp, min_periods=300"
2026-06-05 16:00:00+00:00,ema_spread_atr_12_48b__high_abs,1.3794099657483274,"expanding abs q70 using observations <= prediction_timestamp, min_periods=300"
2026-06-05 16:30:00+00:00,ema_spread_atr_12_48b__high_abs,1.382474522815124,"expanding abs q70 using observations <= prediction_timestamp, min_periods=300"
2026-06-05 17:00:00+00:00,ema_spread_atr_12_48b__high_abs,1.3811537137539223,"expanding abs q70 using observations <= prediction_timestamp, min_periods=300"
2026-06-05 17:30:00+00:00,ema_spread_atr_12_48b__high_abs,1.3798459027497263,"expanding abs q70 using observations <= prediction_timestamp, min_periods=300"
2026-06-05 18:00:00+00:00,ema_spread_atr_12_48b__high_abs,1.37853809174553,"expanding abs q70 using observations <= prediction_timestamp, min_periods=300"
2026-06-05 18:30:00+00:00,ema_spread_atr_12_48b__high_abs,1.3774809609092065,"expanding abs q70 using observations <= prediction_timestamp, min_periods=300"
2026-06-05 19:00:00+00:00,ema_spread_atr_12_48b__high_abs,1.380281839751125,"expanding abs q70 using observations <= prediction_timestamp, min_periods=300"
2026-06-05 19:30:00+00:00,ema_spread_atr_12_48b__high_abs,1.383372392931933,"expanding abs q70 using observations <= prediction_timestamp, min_periods=300"
2026-06-05 20:00:00+00:00,ema_spread_atr_12_48b__high_abs,1.3820255877567198,"expanding abs q70 using observations <= prediction_timestamp, min_periods=300"
2026-06-05 20:30:00+00:00,ema_spread_atr_12_48b__high_abs,1.3807177767525236,"expanding abs q70 using observations <= prediction_timestamp, min_periods=300"
2026-06-05 21:00:00+00:00,ema_spread_atr_12_48b__high_abs,1.3794099657483274,"expanding abs q70 using observations <= prediction_timestamp, min_periods=300"
2026-06-05 21:30:00+00:00,ema_spread_atr_12_48b__high_abs,1.3781021547441314,"expanding abs q70 using observations <= prediction_timestamp, min_periods=300"
2026-06-05 22:00:00+00:00,ema_spread_atr_12_48b__high_abs,1.3772957040756804,"expanding abs q70 using observations <= prediction_timestamp, min_periods=300"
2026-06-05 22:30:00+00:00,ema_spread_atr_12_48b__high_abs,1.3767399335751018,"expanding abs q70 using observations <= prediction_timestamp, min_periods=300"
2026-06-05 23:00:00+00:00,ema_spread_atr_12_48b__high_abs,1.376184163074523,"expanding abs q70 using observations <= prediction_timestamp, min_periods=300"
2026-06-05 23:30:00+00:00,ema_spread_atr_12_48b__high_abs,1.3734432412413933,"expanding abs q70 using observations <= prediction_timestamp, min_periods=300"
2026-06-06 00:00:00+00:00,ema_spread_atr_12_48b__high_abs,1.3663320167431623,"expanding abs q70 using observations <= prediction_timestamp, min_periods=300"
2026-06-06 00:30:00+00:00,ema_spread_atr_12_48b__high_abs,1.3592207922449315,"expanding abs q70 using observations <= prediction_timestamp, min_periods=300"
2026-06-06 01:00:00+00:00,ema_spread_atr_12_48b__high_abs,1.3521095677467019,"expanding abs q70 using observations <= prediction_timestamp, min_periods=300"
2026-06-06 01:30:00+00:00,ema_spread_atr_12_48b__high_abs,1.3514436499000564,"expanding abs q70 using observations <= prediction_timestamp, min_periods=300"
2026-06-06 02:00:00+00:00,ema_spread_atr_12_48b__high_abs,1.350777732053411,"expanding abs q70 using observations <= prediction_timestamp, min_periods=300"
2026-06-06 02:30:00+00:00,ema_spread_atr_12_48b__high_abs,1.3501118142067654,"expanding abs q70 using observations <= prediction_timestamp, min_periods=300"
2026-06-06 03:00:00+00:00,ema_spread_atr_12_48b__high_abs,1.3489969755158833,"expanding abs q70 using observations <= prediction_timestamp, min_periods=300"
2026-06-06 03:30:00+00:00,ema_spread_atr_12_48b__high_abs,1.3509997046689595,"expanding abs q70 using observations <= prediction_timestamp, min_periods=300"
2026-06-06 04:00:00+00:00,ema_spread_atr_12_48b__high_abs,1.3568503840788553,"expanding abs q70 using observations <= prediction_timestamp, min_periods=300"
2026-06-06 04:30:00+00:00,ema_spread_atr_12_48b__high_abs,1.3734432412413933,"expanding abs q70 using observations <= prediction_timestamp, min_periods=300"
2026-06-06 05:00:00+00:00,ema_spread_atr_12_48b__high_abs,1.376925190408628,"expanding abs q70 using observations <= prediction_timestamp, min_periods=300"
2026-06-06 05:30:00+00:00,ema_spread_atr_12_48b__high_abs,1.3789740287469288,"expanding abs q70 using observations <= prediction_timestamp, min_periods=300"
2026-06-06 06:00:00+00:00,ema_spread_atr_12_48b__high_abs,1.3776662177427328,"expanding abs q70 using observations <= prediction_timestamp, min_periods=300"
2026-06-06 06:30:00+00:00,ema_spread_atr_12_48b__high_abs,1.377110447242154,"expanding abs q70 using observations <= prediction_timestamp, min_periods=300"
2026-06-06 07:00:00+00:00,ema_spread_atr_12_48b__high_abs,1.3765546767415755,"expanding abs q70 using observations <= prediction_timestamp, min_periods=300"
2026-06-06 07:30:00+00:00,ema_spread_atr_12_48b__high_abs,1.3759989062409967,"expanding abs q70 using observations <= prediction_timestamp, min_periods=300"
2026-06-06 08:00:00+00:00,ema_spread_atr_12_48b__high_abs,1.371072833075316,"expanding abs q70 using observations <= prediction_timestamp, min_periods=300"
2026-06-06 08:30:00+00:00,ema_spread_atr_12_48b__high_abs,1.3639616085770863,"expanding abs q70 using observations <= prediction_timestamp, min_periods=300"
2026-06-06 09:00:00+00:00,ema_spread_atr_12_48b__high_abs,1.3568503840788553,"expanding abs q70 using observations <= prediction_timestamp, min_periods=300"
2026-06-06 09:30:00+00:00,ema_spread_atr_12_48b__high_abs,1.3518875951311533,"expanding abs q70 using observations <= prediction_timestamp, min_periods=300"
2026-06-06 10:00:00+00:00,ema_spread_atr_12_48b__high_abs,1.3512216772845078,"expanding abs q70 using observations <= prediction_timestamp, min_periods=300"
2026-06-06 10:30:00+00:00,ema_spread_atr_12_48b__high_abs,1.3505557594378623,"expanding abs q70 using observations <= prediction_timestamp, min_periods=300"
2026-06-06 11:00:00+00:00,ema_spread_atr_12_48b__high_abs,1.3521095677467019,"expanding abs q70 using observations <= prediction_timestamp, min_periods=300"
2026-06-06 11:30:00+00:00,ema_spread_atr_12_48b__high_abs,1.3514436499000564,"expanding abs q70 using observations <= prediction_timestamp, min_periods=300"
2026-06-06 12:00:00+00:00,ema_spread_atr_12_48b__high_abs,1.350777732053411,"expanding abs q70 using observations <= prediction_timestamp, min_periods=300"
2026-06-06 12:30:00+00:00,ema_spread_atr_12_48b__high_abs,1.3501118142067654,"expanding abs q70 using observations <= prediction_timestamp, min_periods=300"
2026-06-06 13:00:00+00:00,ema_spread_atr_12_48b__high_abs,1.3489969755158833,"expanding abs q70 using observations <= prediction_timestamp, min_periods=300"
2026-06-06 13:30:00+00:00,ema_spread_atr_12_48b__high_abs,1.3476576764028827,"expanding abs q70 using observations <= prediction_timestamp, min_periods=300"
2026-06-06 14:00:00+00:00,ema_spread_atr_12_48b__high_abs,1.3463183772898826,"expanding abs q70 using observations <= prediction_timestamp, min_periods=300"
2026-06-06 14:30:00+00:00,ema_spread_atr_12_48b__high_abs,1.3454209687464669,"expanding abs q70 using observations <= prediction_timestamp, min_periods=300"
2026-06-06 15:00:00+00:00,ema_spread_atr_12_48b__high_abs,1.3454073413422205,"expanding abs q70 using observations <= prediction_timestamp, min_periods=300"
2026-06-06 15:30:00+00:00,ema_spread_atr_12_48b__high_abs,1.3453937139379744,"expanding abs q70 using observations <= prediction_timestamp, min_periods=300"
2026-06-06 16:00:00+00:00,ema_spread_atr_12_48b__high_abs,1.345380086533728,"expanding abs q70 using observations <= prediction_timestamp, min_periods=300"
2026-06-06 16:30:00+00:00,ema_spread_atr_12_48b__high_abs,1.3450977435779117,"expanding abs q70 using observations <= prediction_timestamp, min_periods=300"
2026-06-06 17:00:00+00:00,ema_spread_atr_12_48b__high_abs,1.3448154006220956,"expanding abs q70 using observations <= prediction_timestamp, min_periods=300"
2026-06-06 17:30:00+00:00,ema_spread_atr_12_48b__high_abs,1.3445330576662793,"expanding abs q70 using observations <= prediction_timestamp, min_periods=300"
2026-06-06 18:00:00+00:00,ema_spread_atr_12_48b__high_abs,1.344251355353927,"expanding abs q70 using observations <= prediction_timestamp, min_periods=300"
2026-06-06 18:30:00+00:00,ema_spread_atr_12_48b__high_abs,1.3439699733633068,"expanding abs q70 using observations <= prediction_timestamp, min_periods=300"
2026-06-06 19:00:00+00:00,ema_spread_atr_12_48b__high_abs,1.3436885913726866,"expanding abs q70 using observations <= prediction_timestamp, min_periods=300"
2026-06-06 19:30:00+00:00,ema_spread_atr_12_48b__high_abs,1.3434828606281124,"expanding abs q70 using observations <= prediction_timestamp, min_periods=300"
2026-06-06 20:00:00+00:00,ema_spread_atr_12_48b__high_abs,1.343428432375631,"expanding abs q70 using observations <= prediction_timestamp, min_periods=300"
2026-06-06 20:30:00+00:00,ema_spread_atr_12_48b__high_abs,1.3433740041231492,"expanding abs q70 using observations <= prediction_timestamp, min_periods=300"
2026-06-06 21:00:00+00:00,ema_spread_atr_12_48b__high_abs,1.3433195758706675,"expanding abs q70 using observations <= prediction_timestamp, min_periods=300"
2026-06-06 21:30:00+00:00,ema_spread_atr_12_48b__high_abs,1.3426614322755979,"expanding abs q70 using observations <= prediction_timestamp, min_periods=300"
2026-06-06 22:00:00+00:00,ema_spread_atr_12_48b__high_abs,1.342003288680528,"expanding abs q70 using observations <= prediction_timestamp, min_periods=300"
2026-06-06 22:30:00+00:00,ema_spread_atr_12_48b__high_abs,1.341345145085458,"expanding abs q70 using observations <= prediction_timestamp, min_periods=300"
2026-06-06 23:00:00+00:00,ema_spread_atr_12_48b__high_abs,1.339982973166111,"expanding abs q70 using observations <= prediction_timestamp, min_periods=300"
2026-06-06 23:30:00+00:00,ema_spread_atr_12_48b__high_abs,1.338268787084626,"expanding abs q70 using observations <= prediction_timestamp, min_periods=300"
2026-06-07 00:00:00+00:00,ema_spread_atr_12_48b__high_abs,1.336554601003141,"expanding abs q70 using observations <= prediction_timestamp, min_periods=300"
2026-06-07 00:30:00+00:00,ema_spread_atr_12_48b__high_abs,1.3345754105122714,"expanding abs q70 using observations <= prediction_timestamp, min_periods=300"
2026-06-07 01:00:00+00:00,ema_spread_atr_12_48b__high_abs,1.3320662112026327,"expanding abs q70 using observations <= prediction_timestamp, min_periods=300"
2026-06-07 01:30:00+00:00,ema_spread_atr_12_48b__high_abs,1.337125996363636,"expanding abs q70 using observations <= prediction_timestamp, min_periods=300"
2026-06-07 02:00:00+00:00,ema_spread_atr_12_48b__high_abs,1.3411257638871013,"expanding abs q70 using observations <= prediction_timestamp, min_periods=300"
2026-06-07 02:30:00+00:00,ema_spread_atr_12_48b__high_abs,1.3426614322755979,"expanding abs q70 using observations <= prediction_timestamp, min_periods=300"
2026-06-07 03:00:00+00:00,ema_spread_atr_12_48b__high_abs,1.3433921468739765,"expanding abs q70 using observations <= prediction_timestamp, min_periods=300"
2026-06-07 03:30:00+00:00,ema_spread_atr_12_48b__high_abs,1.343594797375813,"expanding abs q70 using observations <= prediction_timestamp, min_periods=300"
2026-06-07 04:00:00+00:00,ema_spread_atr_12_48b__high_abs,1.344251355353927,"expanding abs q70 using observations <= prediction_timestamp, min_periods=300"
2026-06-07 04:30:00+00:00,ema_spread_atr_12_48b__high_abs,1.3439699733633068,"expanding abs q70 using observations <= prediction_timestamp, min_periods=300"
2026-06-07 05:00:00+00:00,ema_spread_atr_12_48b__high_abs,1.3436885913726866,"expanding abs q70 using observations <= prediction_timestamp, min_periods=300"
2026-06-07 05:30:00+00:00,ema_spread_atr_12_48b__high_abs,1.3443451493508005,"expanding abs q70 using observations <= prediction_timestamp, min_periods=300"
2026-06-07 06:00:00+00:00,ema_spread_atr_12_48b__high_abs,1.3450036292593064,"expanding abs q70 using observations <= prediction_timestamp, min_periods=300"
2026-06-07 06:30:00+00:00,ema_spread_atr_12_48b__high_abs,1.3453937139379744,"expanding abs q70 using observations <= prediction_timestamp, min_periods=300"
2026-06-07 07:00:00+00:00,ema_spread_atr_12_48b__high_abs,1.345425511214549,"expanding abs q70 using observations <= prediction_timestamp, min_periods=300"
2026-06-07 07:30:00+00:00,ema_spread_atr_12_48b__high_abs,1.3485505424782165,"expanding abs q70 using observations <= prediction_timestamp, min_periods=300"
2026-06-07 08:00:00+00:00,ema_spread_atr_12_48b__high_abs,1.350777732053411,"expanding abs q70 using observations <= prediction_timestamp, min_periods=300"
2026-06-07 08:30:00+00:00,ema_spread_atr_12_48b__high_abs,1.354479975912778,"expanding abs q70 using observations <= prediction_timestamp, min_periods=300"
2026-06-07 09:00:00+00:00,ema_spread_atr_12_48b__high_abs,1.371072833075316,"expanding abs q70 using observations <= prediction_timestamp, min_periods=300"
2026-06-07 09:30:00+00:00,ema_spread_atr_12_48b__high_abs,1.3767399335751016,"expanding abs q70 using observations <= prediction_timestamp, min_periods=300"
2026-06-07 10:00:00+00:00,ema_spread_atr_12_48b__high_abs,1.37853809174553,"expanding abs q70 using observations <= prediction_timestamp, min_periods=300"
2026-06-07 10:30:00+00:00,ema_spread_atr_12_48b__high_abs,1.381589650755321,"expanding abs q70 using observations <= prediction_timestamp, min_periods=300"
2026-06-07 11:00:00+00:00,ema_spread_atr_12_48b__high_abs,1.380281839751125,"expanding abs q70 using observations <= prediction_timestamp, min_periods=300"
2026-06-07 11:30:00+00:00,ema_spread_atr_12_48b__high_abs,1.3789740287469288,"expanding abs q70 using observations <= prediction_timestamp, min_periods=300"
2026-06-07 12:00:00+00:00,ema_spread_atr_12_48b__high_abs,1.3776662177427328,"expanding abs q70 using observations <= prediction_timestamp, min_periods=300"
2026-06-07 12:30:00+00:00,ema_spread_atr_12_48b__high_abs,1.377110447242154,"expanding abs q70 using observations <= prediction_timestamp, min_periods=300"
2026-06-07 13:00:00+00:00,ema_spread_atr_12_48b__high_abs,1.3765546767415755,"expanding abs q70 using observations <= prediction_timestamp, min_periods=300"
2026-06-07 13:30:00+00:00,ema_spread_atr_12_48b__high_abs,1.3759989062409967,"expanding abs q70 using observations <= prediction_timestamp, min_periods=300"
2026-06-07 14:00:00+00:00,ema_spread_atr_12_48b__high_abs,1.371072833075316,"expanding abs q70 using observations <= prediction_timestamp, min_periods=300"
2026-06-07 14:30:00+00:00,ema_spread_atr_12_48b__high_abs,1.363961608577085,"expanding abs q70 using observations <= prediction_timestamp, min_periods=300"
2026-06-07 15:00:00+00:00,ema_spread_atr_12_48b__high_abs,1.3568503840788553,"expanding abs q70 using observations <= prediction_timestamp, min_periods=300"
2026-06-07 15:30:00+00:00,ema_spread_atr_12_48b__high_abs,1.3518875951311533,"expanding abs q70 using observations <= prediction_timestamp, min_periods=300"
2026-06-07 16:00:00+00:00,ema_spread_atr_12_48b__high_abs,1.3512216772845078,"expanding abs q70 using observations <= prediction_timestamp, min_periods=300"
2026-06-07 16:30:00+00:00,ema_spread_atr_12_48b__high_abs,1.3505557594378623,"expanding abs q70 using observations <= prediction_timestamp, min_periods=300"
2026-06-07 17:00:00+00:00,ema_spread_atr_12_48b__high_abs,1.3498898415912168,"expanding abs q70 using observations <= prediction_timestamp, min_periods=300"
2026-06-07 17:30:00+00:00,ema_spread_atr_12_48b__high_abs,1.3485505424782165,"expanding abs q70 using observations <= prediction_timestamp, min_periods=300"
2026-06-07 18:00:00+00:00,ema_spread_atr_12_48b__high_abs,1.3472112433652161,"expanding abs q70 using observations <= prediction_timestamp, min_periods=300"
2026-06-07 18:30:00+00:00,ema_spread_atr_12_48b__high_abs,1.3458719442522156,"expanding abs q70 using observations <= prediction_timestamp, min_periods=300"
2026-06-07 19:00:00+00:00,ema_spread_atr_12_48b__high_abs,1.3454164262783848,"expanding abs q70 using observations <= prediction_timestamp, min_periods=300"
2026-06-07 19:30:00+00:00,ema_spread_atr_12_48b__high_abs,1.3476576764028827,"expanding abs q70 using observations <= prediction_timestamp, min_periods=300"
2026-06-07 20:00:00+00:00,ema_spread_atr_12_48b__high_abs,1.350333786822314,"expanding abs q70 using observations <= prediction_timestamp, min_periods=300"
2026-06-07 20:30:00+00:00,ema_spread_atr_12_48b__high_abs,1.34944340855355,"expanding abs q70 using observations <= prediction_timestamp, min_periods=300"
2026-06-07 21:00:00+00:00,ema_spread_atr_12_48b__high_abs,1.3481041094405497,"expanding abs q70 using observations <= prediction_timestamp, min_periods=300"
2026-06-07 21:30:00+00:00,ema_spread_atr_12_48b__high_abs,1.3467648103275491,"expanding abs q70 using observations <= prediction_timestamp, min_periods=300"
2026-06-07 22:00:00+00:00,ema_spread_atr_12_48b__high_abs,1.345425511214549,"expanding abs q70 using observations <= prediction_timestamp, min_periods=300"
2026-06-07 22:30:00+00:00,ema_spread_atr_12_48b__high_abs,1.3485505424782165,"expanding abs q70 using observations <= prediction_timestamp, min_periods=300"
2026-06-07 23:00:00+00:00,ema_spread_atr_12_48b__high_abs,1.350777732053411,"expanding abs q70 using observations <= prediction_timestamp, min_periods=300"
2026-06-07 23:30:00+00:00,ema_spread_atr_12_48b__high_abs,1.354479975912778,"expanding abs q70 using observations <= prediction_timestamp, min_periods=300"
2026-06-08 00:00:00+00:00,ema_spread_atr_12_48b__high_abs,1.371072833075316,"expanding abs q70 using observations <= prediction_timestamp, min_periods=300"
2026-06-08 00:30:00+00:00,ema_spread_atr_12_48b__high_abs,1.3767399335751016,"expanding abs q70 using observations <= prediction_timestamp, min_periods=300"
2026-06-08 01:00:00+00:00,ema_spread_atr_12_48b__high_abs,1.37853809174553,"expanding abs q70 using observations <= prediction_timestamp, min_periods=300"
2026-06-08 01:30:00+00:00,ema_spread_atr_12_48b__high_abs,1.3774809609092065,"expanding abs q70 using observations <= prediction_timestamp, min_periods=300"
2026-06-08 02:00:00+00:00,ema_spread_atr_12_48b__high_abs,1.376925190408628,"expanding abs q70 using observations <= prediction_timestamp, min_periods=300"
2026-06-08 02:30:00+00:00,ema_spread_atr_12_48b__high_abs,1.3763694199080492,"expanding abs q70 using observations <= prediction_timestamp, min_periods=300"
2026-06-08 03:00:00+00:00,ema_spread_atr_12_48b__high_abs,1.3758136494074693,"expanding abs q70 using observations <= prediction_timestamp, min_periods=300"
2026-06-08 03:30:00+00:00,ema_spread_atr_12_48b__high_abs,1.3687024249092397,"expanding abs q70 using observations <= prediction_timestamp, min_periods=300"
2026-06-08 04:00:00+00:00,ema_spread_atr_12_48b__high_abs,1.361591200411009,"expanding abs q70 using observations <= prediction_timestamp, min_periods=300"
2026-06-08 04:30:00+00:00,ema_spread_atr_12_48b__high_abs,1.354479975912778,"expanding abs q70 using observations <= prediction_timestamp, min_periods=300"
2026-06-08 05:00:00+00:00,ema_spread_atr_12_48b__high_abs,1.371072833075316,"expanding abs q70 using observations <= prediction_timestamp, min_periods=300"
2026-06-08 05:30:00+00:00,ema_spread_atr_12_48b__high_abs,1.3767399335751016,"expanding abs q70 using observations <= prediction_timestamp, min_periods=300"
2026-06-08 06:00:00+00:00,ema_spread_atr_12_48b__high_abs,1.37853809174553,"expanding abs q70 using observations <= prediction_timestamp, min_periods=300"
2026-06-08 06:30:00+00:00,ema_spread_atr_12_48b__high_abs,1.3774809609092065,"expanding abs q70 using observations <= prediction_timestamp, min_periods=300"
2026-06-08 07:00:00+00:00,ema_spread_atr_12_48b__high_abs,1.376925190408628,"expanding abs q70 using observations <= prediction_timestamp, min_periods=300"
2026-06-08 07:30:00+00:00,ema_spread_atr_12_48b__high_abs,1.3763694199080492,"expanding abs q70 using observations <= prediction_timestamp, min_periods=300"
2026-06-08 08:00:00+00:00,ema_spread_atr_12_48b__high_abs,1.3758136494074693,"expanding abs q70 using observations <= prediction_timestamp, min_periods=300"
2026-06-08 08:30:00+00:00,ema_spread_atr_12_48b__high_abs,1.3687024249092397,"expanding abs q70 using observations <= prediction_timestamp, min_periods=300"
2026-06-08 09:00:00+00:00,ema_spread_atr_12_48b__high_abs,1.361591200411009,"expanding abs q70 using observations <= prediction_timestamp, min_periods=300"
2026-06-08 09:30:00+00:00,ema_spread_atr_12_48b__high_abs,1.3544799759127792,"expanding abs q70 using observations <= prediction_timestamp, min_periods=300"
2026-06-08 10:00:00+00:00,ema_spread_atr_12_48b__high_abs,1.3516656225156047,"expanding abs q70 using observations <= prediction_timestamp, min_periods=300"
2026-06-08 10:30:00+00:00,ema_spread_atr_12_48b__high_abs,1.3509997046689595,"expanding abs q70 using observations <= prediction_timestamp, min_periods=300"
2026-06-08 11:00:00+00:00,ema_spread_atr_12_48b__high_abs,1.350333786822314,"expanding abs q70 using observations <= prediction_timestamp, min_periods=300"
2026-06-08 11:30:00+00:00,ema_spread_atr_12_48b__high_abs,1.3518875951311533,"expanding abs q70 using observations <= prediction_timestamp, min_periods=300"
2026-06-08 12:00:00+00:00,ema_spread_atr_12_48b__high_abs,1.351221677284508,"expanding abs q70 using observations <= prediction_timestamp, min_periods=300"
2026-06-08 12:30:00+00:00,ema_spread_atr_12_48b__high_abs,1.3505557594378623,"expanding abs q70 using observations <= prediction_timestamp, min_periods=300"
2026-06-08 13:00:00+00:00,ema_spread_atr_12_48b__high_abs,1.349889841591217,"expanding abs q70 using observations <= prediction_timestamp, min_periods=300"
2026-06-08 13:30:00+00:00,ema_spread_atr_12_48b__high_abs,1.3485505424782163,"expanding abs q70 using observations <= prediction_timestamp, min_periods=300"
2026-06-08 14:00:00+00:00,ema_spread_atr_12_48b__high_abs,1.3472112433652161,"expanding abs q70 using observations <= prediction_timestamp, min_periods=300"
2026-06-08 14:30:00+00:00,ema_spread_atr_12_48b__high_abs,1.345871944252216,"expanding abs q70 using observations <= prediction_timestamp, min_periods=300"
2026-06-08 15:00:00+00:00,ema_spread_atr_12_48b__high_abs,1.3454164262783848,"expanding abs q70 using observations <= prediction_timestamp, min_periods=300"
2026-06-08 15:30:00+00:00,ema_spread_atr_12_48b__high_abs,1.3454027988741384,"expanding abs q70 using observations <= prediction_timestamp, min_periods=300"
2026-06-08 16:00:00+00:00,ema_spread_atr_12_48b__high_abs,1.3453891714698922,"expanding abs q70 using observations <= prediction_timestamp, min_periods=300"
2026-06-08 16:30:00+00:00,ema_spread_atr_12_48b__high_abs,1.3452859722151225,"expanding abs q70 using observations <= prediction_timestamp, min_periods=300"
2026-06-08 17:00:00+00:00,ema_spread_atr_12_48b__high_abs,1.3450036292593064,"expanding abs q70 using observations <= prediction_timestamp, min_periods=300"
2026-06-08 17:30:00+00:00,ema_spread_atr_12_48b__high_abs,1.34472128630349,"expanding abs q70 using observations <= prediction_timestamp, min_periods=300"
2026-06-08 18:00:00+00:00,ema_spread_atr_12_48b__high_abs,1.344438943347674,"expanding abs q70 using observations <= prediction_timestamp, min_periods=300"
2026-06-08 18:30:00+00:00,ema_spread_atr_12_48b__high_abs,1.3441575613570536,"expanding abs q70 using observations <= prediction_timestamp, min_periods=300"
2026-06-08 19:00:00+00:00,ema_spread_atr_12_48b__high_abs,1.3438761793664333,"expanding abs q70 using observations <= prediction_timestamp, min_periods=300"
2026-06-08 19:30:00+00:00,ema_spread_atr_12_48b__high_abs,1.343594797375813,"expanding abs q70 using observations <= prediction_timestamp, min_periods=300"
2026-06-08 20:00:00+00:00,ema_spread_atr_12_48b__high_abs,1.3434647178772852,"expanding abs q70 using observations <= prediction_timestamp, min_periods=300"
2026-06-08 20:30:00+00:00,ema_spread_atr_12_48b__high_abs,1.3434102896248037,"expanding abs q70 using observations <= prediction_timestamp, min_periods=300"
2026-06-08 21:00:00+00:00,ema_spread_atr_12_48b__high_abs,1.3433558613723222,"expanding abs q70 using observations <= prediction_timestamp, min_periods=300"
2026-06-08 21:30:00+00:00,ema_spread_atr_12_48b__high_abs,1.3434828606281124,"expanding abs q70 using observations <= prediction_timestamp, min_periods=300"
2026-06-08 22:00:00+00:00,ema_spread_atr_12_48b__high_abs,1.3440637673601803,"expanding abs q70 using observations <= prediction_timestamp, min_periods=300"
2026-06-08 22:30:00+00:00,ema_spread_atr_12_48b__high_abs,1.3437823853695599,"expanding abs q70 using observations <= prediction_timestamp, min_periods=300"
2026-06-08 23:00:00+00:00,ema_spread_atr_12_48b__high_abs,1.3435010033789396,"expanding abs q70 using observations <= prediction_timestamp, min_periods=300"
2026-06-08 23:30:00+00:00,ema_spread_atr_12_48b__high_abs,1.3434465751264582,"expanding abs q70 using observations <= prediction_timestamp, min_periods=300"
2026-06-09 00:00:00+00:00,ema_spread_atr_12_48b__high_abs,1.3433921468739765,"expanding abs q70 using observations <= prediction_timestamp, min_periods=300"
2026-06-09 00:30:00+00:00,ema_spread_atr_12_48b__high_abs,1.343594797375813,"expanding abs q70 using observations <= prediction_timestamp, min_periods=300"
2026-06-09 01:00:00+00:00,ema_spread_atr_12_48b__high_abs,1.344251355353927,"expanding abs q70 using observations <= prediction_timestamp, min_periods=300"
2026-06-09 01:30:00+00:00,ema_spread_atr_12_48b__high_abs,1.344909514940701,"expanding abs q70 using observations <= prediction_timestamp, min_periods=300"
2026-06-09 02:00:00+00:00,ema_spread_atr_12_48b__high_abs,1.3453891714698922,"expanding abs q70 using observations <= prediction_timestamp, min_periods=300"
2026-06-09 02:30:00+00:00,ema_spread_atr_12_48b__high_abs,1.3454209687464669,"expanding abs q70 using observations <= prediction_timestamp, min_periods=300"
2026-06-09 03:00:00+00:00,ema_spread_atr_12_48b__high_abs,1.3481041094405495,"expanding abs q70 using observations <= prediction_timestamp, min_periods=300"
2026-06-09 03:30:00+00:00,ema_spread_atr_12_48b__high_abs,1.3467648103275491,"expanding abs q70 using observations <= prediction_timestamp, min_periods=300"
2026-06-09 04:00:00+00:00,ema_spread_atr_12_48b__high_abs,1.345425511214549,"expanding abs q70 using observations <= prediction_timestamp, min_periods=300"
2026-06-09 04:30:00+00:00,ema_spread_atr_12_48b__high_abs,1.3454118838103026,"expanding abs q70 using observations <= prediction_timestamp, min_periods=300"
2026-06-09 05:00:00+00:00,ema_spread_atr_12_48b__high_abs,1.3453982564060565,"expanding abs q70 using observations <= prediction_timestamp, min_periods=300"
2026-06-09 05:30:00+00:00,ema_spread_atr_12_48b__high_abs,1.3458719442522153,"expanding abs q70 using observations <= prediction_timestamp, min_periods=300"
2026-06-09 06:00:00+00:00,ema_spread_atr_12_48b__high_abs,1.3489969755158833,"expanding abs q70 using observations <= prediction_timestamp, min_periods=300"
2026-06-09 06:30:00+00:00,ema_spread_atr_12_48b__high_abs,1.3509997046689595,"expanding abs q70 using observations <= prediction_timestamp, min_periods=300"
2026-06-09 07:00:00+00:00,ema_spread_atr_12_48b__high_abs,1.350333786822314,"expanding abs q70 using observations <= prediction_timestamp, min_periods=300"
2026-06-09 07:30:00+00:00,ema_spread_atr_12_48b__high_abs,1.34944340855355,"expanding abs q70 using observations <= prediction_timestamp, min_periods=300"
2026-06-09 08:00:00+00:00,ema_spread_atr_12_48b__high_abs,1.3481041094405495,"expanding abs q70 using observations <= prediction_timestamp, min_periods=300"
2026-06-09 08:30:00+00:00,ema_spread_atr_12_48b__high_abs,1.3467648103275491,"expanding abs q70 using observations <= prediction_timestamp, min_periods=300"
2026-06-09 09:00:00+00:00,ema_spread_atr_12_48b__high_abs,1.345425511214549,"expanding abs q70 using observations <= prediction_timestamp, min_periods=300"
2026-06-09 09:30:00+00:00,ema_spread_atr_12_48b__high_abs,1.3454118838103026,"expanding abs q70 using observations <= prediction_timestamp, min_periods=300"
2026-06-09 10:00:00+00:00,ema_spread_atr_12_48b__high_abs,1.3453982564060565,"expanding abs q70 using observations <= prediction_timestamp, min_periods=300"
2026-06-09 10:30:00+00:00,ema_spread_atr_12_48b__high_abs,1.34538462900181,"expanding abs q70 using observations <= prediction_timestamp, min_periods=300"
2026-06-09 11:00:00+00:00,ema_spread_atr_12_48b__high_abs,1.3451918578965172,"expanding abs q70 using observations <= prediction_timestamp, min_periods=300"
2026-06-09 11:30:00+00:00,ema_spread_atr_12_48b__high_abs,1.344909514940701,"expanding abs q70 using observations <= prediction_timestamp, min_periods=300"
2026-06-09 12:00:00+00:00,ema_spread_atr_12_48b__high_abs,1.3446271719848848,"expanding abs q70 using observations <= prediction_timestamp, min_periods=300"
2026-06-09 12:30:00+00:00,ema_spread_atr_12_48b__high_abs,1.3443451493508005,"expanding abs q70 using observations <= prediction_timestamp, min_periods=300"
2026-06-09 13:00:00+00:00,ema_spread_atr_12_48b__high_abs,1.34406376736018,"expanding abs q70 using observations <= prediction_timestamp, min_periods=300"
2026-06-09 13:30:00+00:00,ema_spread_atr_12_48b__high_abs,1.3437823853695599,"expanding abs q70 using observations <= prediction_timestamp, min_periods=300"
2026-06-09 14:00:00+00:00,ema_spread_atr_12_48b__high_abs,1.3435010033789396,"expanding abs q70 using observations <= prediction_timestamp, min_periods=300"
2026-06-09 14:30:00+00:00,ema_spread_atr_12_48b__high_abs,1.3441575613570536,"expanding abs q70 using observations <= prediction_timestamp, min_periods=300"
2026-06-09 15:00:00+00:00,ema_spread_atr_12_48b__high_abs,1.3448154006220956,"expanding abs q70 using observations <= prediction_timestamp, min_periods=300"
2026-06-09 15:30:00+00:00,ema_spread_atr_12_48b__high_abs,1.34538462900181,"expanding abs q70 using observations <= prediction_timestamp, min_periods=300"
2026-06-09 16:00:00+00:00,ema_spread_atr_12_48b__high_abs,1.3454164262783848,"expanding abs q70 using observations <= prediction_timestamp, min_periods=300"
2026-06-09 16:30:00+00:00,ema_spread_atr_12_48b__high_abs,1.347657676402883,"expanding abs q70 using observations <= prediction_timestamp, min_periods=300"
2026-06-09 17:00:00+00:00,ema_spread_atr_12_48b__high_abs,1.350333786822314,"expanding abs q70 using observations <= prediction_timestamp, min_periods=300"
2026-06-09 17:30:00+00:00,ema_spread_atr_12_48b__high_abs,1.34944340855355,"expanding abs q70 using observations <= prediction_timestamp, min_periods=300"
2026-06-09 18:00:00+00:00,ema_spread_atr_12_48b__high_abs,1.3481041094405495,"expanding abs q70 using observations <= prediction_timestamp, min_periods=300"
2026-06-09 18:30:00+00:00,ema_spread_atr_12_48b__high_abs,1.3467648103275491,"expanding abs q70 using observations <= prediction_timestamp, min_periods=300"
2026-06-09 19:00:00+00:00,ema_spread_atr_12_48b__high_abs,1.345425511214549,"expanding abs q70 using observations <= prediction_timestamp, min_periods=300"
2026-06-09 19:30:00+00:00,ema_spread_atr_12_48b__high_abs,1.3454118838103026,"expanding abs q70 using observations <= prediction_timestamp, min_periods=300"
2026-06-09 20:00:00+00:00,ema_spread_atr_12_48b__high_abs,1.3453982564060565,"expanding abs q70 using observations <= prediction_timestamp, min_periods=300"
2026-06-09 20:30:00+00:00,ema_spread_atr_12_48b__high_abs,1.34538462900181,"expanding abs q70 using observations <= prediction_timestamp, min_periods=300"
2026-06-09 21:00:00+00:00,ema_spread_atr_12_48b__high_abs,1.3451918578965172,"expanding abs q70 using observations <= prediction_timestamp, min_periods=300"
2026-06-09 21:30:00+00:00,ema_spread_atr_12_48b__high_abs,1.344909514940701,"expanding abs q70 using observations <= prediction_timestamp, min_periods=300"
2026-06-09 22:00:00+00:00,ema_spread_atr_12_48b__high_abs,1.3446271719848848,"expanding abs q70 using observations <= prediction_timestamp, min_periods=300"
2026-06-09 22:30:00+00:00,ema_spread_atr_12_48b__high_abs,1.3443451493508005,"expanding abs q70 using observations <= prediction_timestamp, min_periods=300"
2026-06-09 23:00:00+00:00,ema_spread_atr_12_48b__high_abs,1.34406376736018,"expanding abs q70 using observations <= prediction_timestamp, min_periods=300"
2026-06-09 23:30:00+00:00,ema_spread_atr_12_48b__high_abs,1.34472128630349,"expanding abs q70 using observations <= prediction_timestamp, min_periods=300"
2026-06-10 00:00:00+00:00,ema_spread_atr_12_48b__high_abs,1.345380086533728,"expanding abs q70 using observations <= prediction_timestamp, min_periods=300"
2026-06-10 00:30:00+00:00,ema_spread_atr_12_48b__high_abs,1.3450977435779117,"expanding abs q70 using observations <= prediction_timestamp, min_periods=300"
2026-06-10 01:00:00+00:00,ema_spread_atr_12_48b__high_abs,1.3448154006220956,"expanding abs q70 using observations <= prediction_timestamp, min_periods=300"
2026-06-10 01:30:00+00:00,ema_spread_atr_12_48b__high_abs,1.3445330576662793,"expanding abs q70 using observations <= prediction_timestamp, min_periods=300"
2026-06-10 02:00:00+00:00,ema_spread_atr_12_48b__high_abs,1.344251355353927,"expanding abs q70 using observations <= prediction_timestamp, min_periods=300"
2026-06-10 02:30:00+00:00,ema_spread_atr_12_48b__high_abs,1.3439699733633068,"expanding abs q70 using observations <= prediction_timestamp, min_periods=300"
2026-06-10 03:00:00+00:00,ema_spread_atr_12_48b__high_abs,1.3446271719848848,"expanding abs q70 using observations <= prediction_timestamp, min_periods=300"
2026-06-10 03:30:00+00:00,ema_spread_atr_12_48b__high_abs,1.3443451493508005,"expanding abs q70 using observations <= prediction_timestamp, min_periods=300"
2026-06-10 04:00:00+00:00,ema_spread_atr_12_48b__high_abs,1.34406376736018,"expanding abs q70 using observations <= prediction_timestamp, min_periods=300"
2026-06-10 04:30:00+00:00,ema_spread_atr_12_48b__high_abs,1.3437823853695599,"expanding abs q70 using observations <= prediction_timestamp, min_periods=300"
2026-06-10 05:00:00+00:00,ema_spread_atr_12_48b__high_abs,1.3435010033789396,"expanding abs q70 using observations <= prediction_timestamp, min_periods=300"
2026-06-10 05:30:00+00:00,ema_spread_atr_12_48b__high_abs,1.3434465751264582,"expanding abs q70 using observations <= prediction_timestamp, min_periods=300"
2026-06-10 06:00:00+00:00,ema_spread_atr_12_48b__high_abs,1.3433921468739765,"expanding abs q70 using observations <= prediction_timestamp, min_periods=300"
2026-06-10 06:30:00+00:00,ema_spread_atr_12_48b__high_abs,1.343337718621495,"expanding abs q70 using observations <= prediction_timestamp, min_periods=300"
2026-06-10 07:00:00+00:00,ema_spread_atr_12_48b__high_abs,1.3428808134739545,"expanding abs q70 using observations <= prediction_timestamp, min_periods=300"
2026-06-10 07:30:00+00:00,ema_spread_atr_12_48b__high_abs,1.3422226698788846,"expanding abs q70 using observations <= prediction_timestamp, min_periods=300"
2026-06-10 08:00:00+00:00,ema_spread_atr_12_48b__high_abs,1.3415645262838145,"expanding abs q70 using observations <= prediction_timestamp, min_periods=300"
2026-06-10 08:30:00+00:00,ema_spread_atr_12_48b__high_abs,1.3405543685266064,"expanding abs q70 using observations <= prediction_timestamp, min_periods=300"
2026-06-10 09:00:00+00:00,ema_spread_atr_12_48b__high_abs,1.3388401824451208,"expanding abs q70 using observations <= prediction_timestamp, min_periods=300"
2026-06-10 09:30:00+00:00,ema_spread_atr_12_48b__high_abs,1.3417839074821714,"expanding abs q70 using observations <= prediction_timestamp, min_periods=300"
2026-06-10 10:00:00+00:00,ema_spread_atr_12_48b__high_abs,1.3411257638871015,"expanding abs q70 using observations <= prediction_timestamp, min_periods=300"
2026-06-10 10:30:00+00:00,ema_spread_atr_12_48b__high_abs,1.339411577805616,"expanding abs q70 using observations <= prediction_timestamp, min_periods=300"
2026-06-10 11:00:00+00:00,ema_spread_atr_12_48b__high_abs,1.337697391724131,"expanding abs q70 using observations <= prediction_timestamp, min_periods=300"
2026-06-10 11:30:00+00:00,ema_spread_atr_12_48b__high_abs,1.3359832056426455,"expanding abs q70 using observations <= prediction_timestamp, min_periods=300"
2026-06-10 12:00:00+00:00,ema_spread_atr_12_48b__high_abs,1.3337390107423917,"expanding abs q70 using observations <= prediction_timestamp, min_periods=300"
2026-06-10 12:30:00+00:00,ema_spread_atr_12_48b__high_abs,1.3312298114327534,"expanding abs q70 using observations <= prediction_timestamp, min_periods=300"
2026-06-10 13:00:00+00:00,ema_spread_atr_12_48b__high_abs,1.328720612123114,"expanding abs q70 using observations <= prediction_timestamp, min_periods=300"
2026-06-10 13:30:00+00:00,ema_spread_atr_12_48b__high_abs,1.3345754105122714,"expanding abs q70 using observations <= prediction_timestamp, min_periods=300"
2026-06-10 14:00:00+00:00,ema_spread_atr_12_48b__high_abs,1.3388401824451208,"expanding abs q70 using observations <= prediction_timestamp, min_periods=300"
2026-06-10 14:30:00+00:00,ema_spread_atr_12_48b__high_abs,1.3417839074821714,"expanding abs q70 using observations <= prediction_timestamp, min_periods=300"
2026-06-10 15:00:00+00:00,ema_spread_atr_12_48b__high_abs,1.3411257638871015,"expanding abs q70 using observations <= prediction_timestamp, min_periods=300"
2026-06-10 15:30:00+00:00,ema_spread_atr_12_48b__high_abs,1.339411577805616,"expanding abs q70 using observations <= prediction_timestamp, min_periods=300"
2026-06-10 16:00:00+00:00,ema_spread_atr_12_48b__high_abs,1.337697391724131,"expanding abs q70 using observations <= prediction_timestamp, min_periods=300"
2026-06-10 16:30:00+00:00,ema_spread_atr_12_48b__high_abs,1.3359832056426455,"expanding abs q70 using observations <= prediction_timestamp, min_periods=300"
2026-06-10 17:00:00+00:00,ema_spread_atr_12_48b__high_abs,1.3337390107423917,"expanding abs q70 using observations <= prediction_timestamp, min_periods=300"
2026-06-10 17:30:00+00:00,ema_spread_atr_12_48b__high_abs,1.3312298114327534,"expanding abs q70 using observations <= prediction_timestamp, min_periods=300"
2026-06-10 18:00:00+00:00,ema_spread_atr_12_48b__high_abs,1.328720612123114,"expanding abs q70 using observations <= prediction_timestamp, min_periods=300"
2026-06-10 18:30:00+00:00,ema_spread_atr_12_48b__high_abs,1.3265569066215732,"expanding abs q70 using observations <= prediction_timestamp, min_periods=300"
2026-06-10 19:00:00+00:00,ema_spread_atr_12_48b__high_abs,1.3250841887362264,"expanding abs q70 using observations <= prediction_timestamp, min_periods=300"
2026-06-10 19:30:00+00:00,ema_spread_atr_12_48b__high_abs,1.32361147085088,"expanding abs q70 using observations <= prediction_timestamp, min_periods=300"
2026-06-10 20:00:00+00:00,ema_spread_atr_12_48b__high_abs,1.3221387529655335,"expanding abs q70 using observations <= prediction_timestamp, min_periods=300"
2026-06-10 20:30:00+00:00,ema_spread_atr_12_48b__high_abs,1.321908427707804,"expanding abs q70 using observations <= prediction_timestamp, min_periods=300"
2026-06-10 21:00:00+00:00,ema_spread_atr_12_48b__high_abs,1.3216781024500746,"expanding abs q70 using observations <= prediction_timestamp, min_periods=300"
2026-06-10 21:30:00+00:00,ema_spread_atr_12_48b__high_abs,1.321447777192345,"expanding abs q70 using observations <= prediction_timestamp, min_periods=300"
2026-06-10 22:00:00+00:00,ema_spread_atr_12_48b__high_abs,1.3219852027937138,"expanding abs q70 using observations <= prediction_timestamp, min_periods=300"
2026-06-10 22:30:00+00:00,ema_spread_atr_12_48b__high_abs,1.3245932827744444,"expanding abs q70 using observations <= prediction_timestamp, min_periods=300"
2026-06-10 23:00:00+00:00,ema_spread_atr_12_48b__high_abs,1.3231205648890976,"expanding abs q70 using observations <= prediction_timestamp, min_periods=300"
2026-06-10 23:30:00+00:00,ema_spread_atr_12_48b__high_abs,1.3220619778796237,"expanding abs q70 using observations <= prediction_timestamp, min_periods=300"
2026-06-11 00:00:00+00:00,ema_spread_atr_12_48b__high_abs,1.321831652621894,"expanding abs q70 using observations <= prediction_timestamp, min_periods=300"
2026-06-11 00:30:00+00:00,ema_spread_atr_12_48b__high_abs,1.3216013273641647,"expanding abs q70 using observations <= prediction_timestamp, min_periods=300"
2026-06-11 01:00:00+00:00,ema_spread_atr_12_48b__high_abs,1.3213710021064353,"expanding abs q70 using observations <= prediction_timestamp, min_periods=300"
2026-06-11 01:30:00+00:00,ema_spread_atr_12_48b__high_abs,1.321908427707804,"expanding abs q70 using observations <= prediction_timestamp, min_periods=300"
2026-06-11 02:00:00+00:00,ema_spread_atr_12_48b__high_abs,1.3241023768126623,"expanding abs q70 using observations <= prediction_timestamp, min_periods=300"
2026-06-11 02:30:00+00:00,ema_spread_atr_12_48b__high_abs,1.3278842123532344,"expanding abs q70 using observations <= prediction_timestamp, min_periods=300"
2026-06-11 03:00:00+00:00,ema_spread_atr_12_48b__high_abs,1.3260660006597909,"expanding abs q70 using observations <= prediction_timestamp, min_periods=300"
2026-06-11 03:30:00+00:00,ema_spread_atr_12_48b__high_abs,1.3245932827744444,"expanding abs q70 using observations <= prediction_timestamp, min_periods=300"
2026-06-11 04:00:00+00:00,ema_spread_atr_12_48b__high_abs,1.328720612123114,"expanding abs q70 using observations <= prediction_timestamp, min_periods=300"
2026-06-11 04:30:00+00:00,ema_spread_atr_12_48b__high_abs,1.3345754105122714,"expanding abs q70 using observations <= prediction_timestamp, min_periods=300"
2026-06-11 05:00:00+00:00,ema_spread_atr_12_48b__high_abs,1.3388401824451208,"expanding abs q70 using observations <= prediction_timestamp, min_periods=300"
2026-06-11 05:30:00+00:00,ema_spread_atr_12_48b__high_abs,1.3417839074821714,"expanding abs q70 using observations <= prediction_timestamp, min_periods=300"
2026-06-11 06:00:00+00:00,ema_spread_atr_12_48b__high_abs,1.3411257638871015,"expanding abs q70 using observations <= prediction_timestamp, min_periods=300"
2026-06-11 06:30:00+00:00,ema_spread_atr_12_48b__high_abs,1.3426614322755976,"expanding abs q70 using observations <= prediction_timestamp, min_periods=300"
2026-06-11 07:00:00+00:00,ema_spread_atr_12_48b__high_abs,1.3433921468739765,"expanding abs q70 using observations <= prediction_timestamp, min_periods=300"
2026-06-11 07:30:00+00:00,ema_spread_atr_12_48b__high_abs,1.343337718621495,"expanding abs q70 using observations <= prediction_timestamp, min_periods=300"
2026-06-11 08:00:00+00:00,ema_spread_atr_12_48b__high_abs,1.3428808134739545,"expanding abs q70 using observations <= prediction_timestamp, min_periods=300"
2026-06-11 08:30:00+00:00,ema_spread_atr_12_48b__high_abs,1.3434102896248037,"expanding abs q70 using observations <= prediction_timestamp, min_periods=300"
2026-06-11 09:00:00+00:00,ema_spread_atr_12_48b__high_abs,1.3436885913726864,"expanding abs q70 using observations <= prediction_timestamp, min_periods=300"
2026-06-11 09:30:00+00:00,ema_spread_atr_12_48b__high_abs,1.3434828606281124,"expanding abs q70 using observations <= prediction_timestamp, min_periods=300"
2026-06-11 10:00:00+00:00,ema_spread_atr_12_48b__high_abs,1.343428432375631,"expanding abs q70 using observations <= prediction_timestamp, min_periods=300"
2026-06-11 10:30:00+00:00,ema_spread_atr_12_48b__high_abs,1.3433740041231492,"expanding abs q70 using observations <= prediction_timestamp, min_periods=300"
2026-06-11 11:00:00+00:00,ema_spread_atr_12_48b__high_abs,1.3433195758706677,"expanding abs q70 using observations <= prediction_timestamp, min_periods=300"
2026-06-11 11:30:00+00:00,ema_spread_atr_12_48b__high_abs,1.3426614322755976,"expanding abs q70 using observations <= prediction_timestamp, min_periods=300"
2026-06-11 12:00:00+00:00,ema_spread_atr_12_48b__high_abs,1.342003288680528,"expanding abs q70 using observations <= prediction_timestamp, min_periods=300"
2026-06-11 12:30:00+00:00,ema_spread_atr_12_48b__high_abs,1.3413451450854579,"expanding abs q70 using observations <= prediction_timestamp, min_periods=300"
2026-06-11 13:00:00+00:00,ema_spread_atr_12_48b__high_abs,1.339982973166111,"expanding abs q70 using observations <= prediction_timestamp, min_periods=300"
2026-06-11 13:30:00+00:00,ema_spread_atr_12_48b__high_abs,1.3382687870846262,"expanding abs q70 using observations <= prediction_timestamp, min_periods=300"
2026-06-11 14:00:00+00:00,ema_spread_atr_12_48b__high_abs,1.3365546010031408,"expanding abs q70 using observations <= prediction_timestamp, min_periods=300"
2026-06-11 14:30:00+00:00,ema_spread_atr_12_48b__high_abs,1.3345754105122714,"expanding abs q70 using observations <= prediction_timestamp, min_periods=300"
2026-06-11 15:00:00+00:00,ema_spread_atr_12_48b__high_abs,1.332066211202632,"expanding abs q70 using observations <= prediction_timestamp, min_periods=300"
2026-06-11 15:30:00+00:00,ema_spread_atr_12_48b__high_abs,1.3295570118929938,"expanding abs q70 using observations <= prediction_timestamp, min_periods=300"
2026-06-11 16:00:00+00:00,ema_spread_atr_12_48b__high_abs,1.3270478125833556,"expanding abs q70 using observations <= prediction_timestamp, min_periods=300"
2026-06-11 16:30:00+00:00,ema_spread_atr_12_48b__high_abs,1.3255750946980087,"expanding abs q70 using observations <= prediction_timestamp, min_periods=300"
2026-06-11 17:00:00+00:00,ema_spread_atr_12_48b__high_abs,1.3241023768126623,"expanding abs q70 using observations <= prediction_timestamp, min_periods=300"
2026-06-11 17:30:00+00:00,ema_spread_atr_12_48b__high_abs,1.3226296589273152,"expanding abs q70 using observations <= prediction_timestamp, min_periods=300"
2026-06-11 18:00:00+00:00,ema_spread_atr_12_48b__high_abs,1.3260660006597909,"expanding abs q70 using observations <= prediction_timestamp, min_periods=300"
2026-06-11 18:30:00+00:00,ema_spread_atr_12_48b__high_abs,1.3312298114327534,"expanding abs q70 using observations <= prediction_timestamp, min_periods=300"
2026-06-11 19:00:00+00:00,ema_spread_atr_12_48b__high_abs,1.3365546010031408,"expanding abs q70 using observations <= prediction_timestamp, min_periods=300"
2026-06-11 19:30:00+00:00,ema_spread_atr_12_48b__high_abs,1.3405543685266064,"expanding abs q70 using observations <= prediction_timestamp, min_periods=300"
2026-06-11 20:00:00+00:00,ema_spread_atr_12_48b__high_abs,1.342442051077241,"expanding abs q70 using observations <= prediction_timestamp, min_periods=300"
2026-06-11 20:30:00+00:00,ema_spread_atr_12_48b__high_abs,1.3417839074821714,"expanding abs q70 using observations <= prediction_timestamp, min_periods=300"
2026-06-11 21:00:00+00:00,ema_spread_atr_12_48b__high_abs,1.3411257638871015,"expanding abs q70 using observations <= prediction_timestamp, min_periods=300"
2026-06-11 21:30:00+00:00,ema_spread_atr_12_48b__high_abs,1.339411577805616,"expanding abs q70 using observations <= prediction_timestamp, min_periods=300"
2026-06-11 22:00:00+00:00,ema_spread_atr_12_48b__high_abs,1.337697391724131,"expanding abs q70 using observations <= prediction_timestamp, min_periods=300"
2026-06-11 22:30:00+00:00,ema_spread_atr_12_48b__high_abs,1.3359832056426455,"expanding abs q70 using observations <= prediction_timestamp, min_periods=300"
2026-06-11 23:00:00+00:00,ema_spread_atr_12_48b__high_abs,1.3337390107423917,"expanding abs q70 using observations <= prediction_timestamp, min_periods=300"
2026-06-11 23:30:00+00:00,ema_spread_atr_12_48b__high_abs,1.3312298114327534,"expanding abs q70 using observations <= prediction_timestamp, min_periods=300"
2026-06-12 00:00:00+00:00,ema_spread_atr_12_48b__high_abs,1.328720612123114,"expanding abs q70 using observations <= prediction_timestamp, min_periods=300"
2026-06-12 00:30:00+00:00,ema_spread_atr_12_48b__high_abs,1.3265569066215732,"expanding abs q70 using observations <= prediction_timestamp, min_periods=300"
2026-06-12 01:00:00+00:00,ema_spread_atr_12_48b__high_abs,1.3250841887362264,"expanding abs q70 using observations <= prediction_timestamp, min_periods=300"
2026-06-12 01:30:00+00:00,ema_spread_atr_12_48b__high_abs,1.32361147085088,"expanding abs q70 using observations <= prediction_timestamp, min_periods=300"
2026-06-12 02:00:00+00:00,ema_spread_atr_12_48b__high_abs,1.3221387529655335,"expanding abs q70 using observations <= prediction_timestamp, min_periods=300"
2026-06-12 02:30:00+00:00,ema_spread_atr_12_48b__high_abs,1.321908427707804,"expanding abs q70 using observations <= prediction_timestamp, min_periods=300"
2026-06-12 03:00:00+00:00,ema_spread_atr_12_48b__high_abs,1.3216781024500746,"expanding abs q70 using observations <= prediction_timestamp, min_periods=300"
2026-06-12 03:30:00+00:00,ema_spread_atr_12_48b__high_abs,1.321447777192345,"expanding abs q70 using observations <= prediction_timestamp, min_periods=300"
2026-06-12 04:00:00+00:00,ema_spread_atr_12_48b__high_abs,1.3213283791185302,"expanding abs q70 using observations <= prediction_timestamp, min_periods=300"
2026-06-12 04:30:00+00:00,ema_spread_atr_12_48b__high_abs,1.3212644446366726,"expanding abs q70 using observations <= prediction_timestamp, min_periods=300"
2026-06-12 05:00:00+00:00,ema_spread_atr_12_48b__high_abs,1.321200510154815,"expanding abs q70 using observations <= prediction_timestamp, min_periods=300"
2026-06-12 05:30:00+00:00,ema_spread_atr_12_48b__high_abs,1.3210679259088949,"expanding abs q70 using observations <= prediction_timestamp, min_periods=300"
2026-06-12 06:00:00+00:00,ema_spread_atr_12_48b__high_abs,1.321285756130625,"expanding abs q70 using observations <= prediction_timestamp, min_periods=300"
2026-06-12 06:30:00+00:00,ema_spread_atr_12_48b__high_abs,1.3216013273641647,"expanding abs q70 using observations <= prediction_timestamp, min_periods=300"
2026-06-12 07:00:00+00:00,ema_spread_atr_12_48b__high_abs,1.3221387529655335,"expanding abs q70 using observations <= prediction_timestamp, min_periods=300"
2026-06-12 07:30:00+00:00,ema_spread_atr_12_48b__high_abs,1.3255750946980087,"expanding abs q70 using observations <= prediction_timestamp, min_periods=300"
2026-06-12 08:00:00+00:00,ema_spread_atr_12_48b__high_abs,1.3241023768126623,"expanding abs q70 using observations <= prediction_timestamp, min_periods=300"
2026-06-12 08:30:00+00:00,ema_spread_atr_12_48b__high_abs,1.3226296589273152,"expanding abs q70 using observations <= prediction_timestamp, min_periods=300"
2026-06-12 09:00:00+00:00,ema_spread_atr_12_48b__high_abs,1.3219852027937138,"expanding abs q70 using observations <= prediction_timestamp, min_periods=300"
2026-06-12 09:30:00+00:00,ema_spread_atr_12_48b__high_abs,1.3245932827744444,"expanding abs q70 using observations <= prediction_timestamp, min_periods=300"
2026-06-12 10:00:00+00:00,ema_spread_atr_12_48b__high_abs,1.328720612123114,"expanding abs q70 using observations <= prediction_timestamp, min_periods=300"
2026-06-12 10:30:00+00:00,ema_spread_atr_12_48b__high_abs,1.3345754105122714,"expanding abs q70 using observations <= prediction_timestamp, min_periods=300"
2026-06-12 11:00:00+00:00,ema_spread_atr_12_48b__high_abs,1.332066211202632,"expanding abs q70 using observations <= prediction_timestamp, min_periods=300"
2026-06-12 11:30:00+00:00,ema_spread_atr_12_48b__high_abs,1.3295570118929938,"expanding abs q70 using observations <= prediction_timestamp, min_periods=300"
2026-06-12 12:00:00+00:00,ema_spread_atr_12_48b__high_abs,1.3270478125833556,"expanding abs q70 using observations <= prediction_timestamp, min_periods=300"
2026-06-12 12:30:00+00:00,ema_spread_atr_12_48b__high_abs,1.3255750946980087,"expanding abs q70 using observations <= prediction_timestamp, min_periods=300"
2026-06-12 13:00:00+00:00,ema_spread_atr_12_48b__high_abs,1.3241023768126623,"expanding abs q70 using observations <= prediction_timestamp, min_periods=300"
2026-06-12 13:30:00+00:00,ema_spread_atr_12_48b__high_abs,1.3226296589273152,"expanding abs q70 using observations <= prediction_timestamp, min_periods=300"
2026-06-12 14:00:00+00:00,ema_spread_atr_12_48b__high_abs,1.3260660006597909,"expanding abs q70 using observations <= prediction_timestamp, min_periods=300"
2026-06-12 14:30:00+00:00,ema_spread_atr_12_48b__high_abs,1.3245932827744444,"expanding abs q70 using observations <= prediction_timestamp, min_periods=300"
2026-06-12 15:00:00+00:00,ema_spread_atr_12_48b__high_abs,1.3231205648890976,"expanding abs q70 using observations <= prediction_timestamp, min_periods=300"
2026-06-12 15:30:00+00:00,ema_spread_atr_12_48b__high_abs,1.3220619778796237,"expanding abs q70 using observations <= prediction_timestamp, min_periods=300"
2026-06-12 16:00:00+00:00,ema_spread_atr_12_48b__high_abs,1.321831652621894,"expanding abs q70 using observations <= prediction_timestamp, min_periods=300"
2026-06-12 16:30:00+00:00,ema_spread_atr_12_48b__high_abs,1.3216013273641647,"expanding abs q70 using observations <= prediction_timestamp, min_periods=300"
2026-06-12 17:00:00+00:00,ema_spread_atr_12_48b__high_abs,1.3213710021064353,"expanding abs q70 using observations <= prediction_timestamp, min_periods=300"
2026-06-12 17:30:00+00:00,ema_spread_atr_12_48b__high_abs,1.3213070676245777,"expanding abs q70 using observations <= prediction_timestamp, min_periods=300"
2026-06-12 18:00:00+00:00,ema_spread_atr_12_48b__high_abs,1.3212431331427201,"expanding abs q70 using observations <= prediction_timestamp, min_periods=300"
2026-06-12 18:30:00+00:00,ema_spread_atr_12_48b__high_abs,1.3211791986608623,"expanding abs q70 using observations <= prediction_timestamp, min_periods=300"
2026-06-12 19:00:00+00:00,ema_spread_atr_12_48b__high_abs,1.32097796465088,"expanding abs q70 using observations <= prediction_timestamp, min_periods=300"
2026-06-12 19:30:00+00:00,ema_spread_atr_12_48b__high_abs,1.3207080808768352,"expanding abs q70 using observations <= prediction_timestamp, min_periods=300"
2026-06-12 20:00:00+00:00,ema_spread_atr_12_48b__high_abs,1.3204381971027903,"expanding abs q70 using observations <= prediction_timestamp, min_periods=300"
2026-06-12 20:30:00+00:00,ema_spread_atr_12_48b__high_abs,1.320102039556545,"expanding abs q70 using observations <= prediction_timestamp, min_periods=300"
2026-06-12 21:00:00+00:00,ema_spread_atr_12_48b__high_abs,1.319633334465899,"expanding abs q70 using observations <= prediction_timestamp, min_periods=300"
2026-06-12 21:30:00+00:00,ema_spread_atr_12_48b__high_abs,1.3191646293752533,"expanding abs q70 using observations <= prediction_timestamp, min_periods=300"
2026-06-12 22:00:00+00:00,ema_spread_atr_12_48b__high_abs,1.3186959242846075,"expanding abs q70 using observations <= prediction_timestamp, min_periods=300"
2026-06-12 22:30:00+00:00,ema_spread_atr_12_48b__high_abs,1.3169141056807374,"expanding abs q70 using observations <= prediction_timestamp, min_periods=300"
2026-06-12 23:00:00+00:00,ema_spread_atr_12_48b__high_abs,1.315132287076868,"expanding abs q70 using observations <= prediction_timestamp, min_periods=300"
2026-06-12 23:30:00+00:00,ema_spread_atr_12_48b__high_abs,1.313350468472998,"expanding abs q70 using observations <= prediction_timestamp, min_periods=300"
2026-06-13 00:00:00+00:00,ema_spread_atr_12_48b__high_abs,1.3126403744842468,"expanding abs q70 using observations <= prediction_timestamp, min_periods=300"
2026-06-13 00:30:00+00:00,ema_spread_atr_12_48b__high_abs,1.312466142803054,"expanding abs q70 using observations <= prediction_timestamp, min_periods=300"
2026-06-13 01:00:00+00:00,ema_spread_atr_12_48b__high_abs,1.3122919111218612,"expanding abs q70 using observations <= prediction_timestamp, min_periods=300"
2026-06-13 01:30:00+00:00,ema_spread_atr_12_48b__high_abs,1.3119540926750066,"expanding abs q70 using observations <= prediction_timestamp, min_periods=300"
2026-06-13 02:00:00+00:00,ema_spread_atr_12_48b__high_abs,1.3125242200301184,"expanding abs q70 using observations <= prediction_timestamp, min_periods=300"
2026-06-13 02:30:00+00:00,ema_spread_atr_12_48b__high_abs,1.3145383475422447,"expanding abs q70 using observations <= prediction_timestamp, min_periods=300"
2026-06-13 03:00:00+00:00,ema_spread_atr_12_48b__high_abs,1.3127565289383754,"expanding abs q70 using observations <= prediction_timestamp, min_periods=300"
2026-06-13 03:30:00+00:00,ema_spread_atr_12_48b__high_abs,1.3125822972571826,"expanding abs q70 using observations <= prediction_timestamp, min_periods=300"
2026-06-13 04:00:00+00:00,ema_spread_atr_12_48b__high_abs,1.3124080655759898,"expanding abs q70 using observations <= prediction_timestamp, min_periods=300"
2026-06-13 04:30:00+00:00,ema_spread_atr_12_48b__high_abs,1.312233833894797,"expanding abs q70 using observations <= prediction_timestamp, min_periods=300"
2026-06-13 05:00:00+00:00,ema_spread_atr_12_48b__high_abs,1.3117324286822807,"expanding abs q70 using observations <= prediction_timestamp, min_periods=300"
2026-06-13 05:30:00+00:00,ema_spread_atr_12_48b__high_abs,1.3110674367041026,"expanding abs q70 using observations <= prediction_timestamp, min_periods=300"
2026-06-13 06:00:00+00:00,ema_spread_atr_12_48b__high_abs,1.3104024447259246,"expanding abs q70 using observations <= prediction_timestamp, min_periods=300"
2026-06-13 06:30:00+00:00,ema_spread_atr_12_48b__high_abs,1.309943304229445,"expanding abs q70 using observations <= prediction_timestamp, min_periods=300"
2026-06-13 07:00:00+00:00,ema_spread_atr_12_48b__high_abs,1.309895866696362,"expanding abs q70 using observations <= prediction_timestamp, min_periods=300"
2026-06-13 07:30:00+00:00,ema_spread_atr_12_48b__high_abs,1.3106241087186505,"expanding abs q70 using observations <= prediction_timestamp, min_periods=300"
2026-06-13 08:00:00+00:00,ema_spread_atr_12_48b__high_abs,1.3121757566677328,"expanding abs q70 using observations <= prediction_timestamp, min_periods=300"
2026-06-13 08:30:00+00:00,ema_spread_atr_12_48b__high_abs,1.3125822972571826,"expanding abs q70 using observations <= prediction_timestamp, min_periods=300"
2026-06-13 09:00:00+00:00,ema_spread_atr_12_48b__high_abs,1.315132287076868,"expanding abs q70 using observations <= prediction_timestamp, min_periods=300"
2026-06-13 09:30:00+00:00,ema_spread_atr_12_48b__high_abs,1.313350468472998,"expanding abs q70 using observations <= prediction_timestamp, min_periods=300"
2026-06-13 10:00:00+00:00,ema_spread_atr_12_48b__high_abs,1.3126403744842468,"expanding abs q70 using observations <= prediction_timestamp, min_periods=300"
2026-06-13 10:30:00+00:00,ema_spread_atr_12_48b__high_abs,1.312466142803054,"expanding abs q70 using observations <= prediction_timestamp, min_periods=300"
2026-06-13 11:00:00+00:00,ema_spread_atr_12_48b__high_abs,1.3122919111218612,"expanding abs q70 using observations <= prediction_timestamp, min_periods=300"
2026-06-13 11:30:00+00:00,ema_spread_atr_12_48b__high_abs,1.3119540926750066,"expanding abs q70 using observations <= prediction_timestamp, min_periods=300"
2026-06-13 12:00:00+00:00,ema_spread_atr_12_48b__high_abs,1.3125242200301184,"expanding abs q70 using observations <= prediction_timestamp, min_periods=300"
2026-06-13 12:30:00+00:00,ema_spread_atr_12_48b__high_abs,1.3145383475422447,"expanding abs q70 using observations <= prediction_timestamp, min_periods=300"
2026-06-13 13:00:00+00:00,ema_spread_atr_12_48b__high_abs,1.3186959242846075,"expanding abs q70 using observations <= prediction_timestamp, min_periods=300"
2026-06-13 13:30:00+00:00,ema_spread_atr_12_48b__high_abs,1.3197895694961144,"expanding abs q70 using observations <= prediction_timestamp, min_periods=300"
2026-06-13 14:00:00+00:00,ema_spread_atr_12_48b__high_abs,1.3193208644054686,"expanding abs q70 using observations <= prediction_timestamp, min_periods=300"
2026-06-13 14:30:00+00:00,ema_spread_atr_12_48b__high_abs,1.3188521593148226,"expanding abs q70 using observations <= prediction_timestamp, min_periods=300"
2026-06-13 15:00:00+00:00,ema_spread_atr_12_48b__high_abs,1.3175080452153607,"expanding abs q70 using observations <= prediction_timestamp, min_periods=300"
2026-06-13 15:30:00+00:00,ema_spread_atr_12_48b__high_abs,1.3157262266114915,"expanding abs q70 using observations <= prediction_timestamp, min_periods=300"
2026-06-13 16:00:00+00:00,ema_spread_atr_12_48b__high_abs,1.3139444080076215,"expanding abs q70 using observations <= prediction_timestamp, min_periods=300"
2026-06-13 16:30:00+00:00,ema_spread_atr_12_48b__high_abs,1.3126984517113112,"expanding abs q70 using observations <= prediction_timestamp, min_periods=300"
2026-06-13 17:00:00+00:00,ema_spread_atr_12_48b__high_abs,1.3125242200301184,"expanding abs q70 using observations <= prediction_timestamp, min_periods=300"
2026-06-13 17:30:00+00:00,ema_spread_atr_12_48b__high_abs,1.3123499883489256,"expanding abs q70 using observations <= prediction_timestamp, min_periods=300"
2026-06-13 18:00:00+00:00,ema_spread_atr_12_48b__high_abs,1.3121757566677328,"expanding abs q70 using observations <= prediction_timestamp, min_periods=300"
2026-06-13 18:30:00+00:00,ema_spread_atr_12_48b__high_abs,1.3115107646895545,"expanding abs q70 using observations <= prediction_timestamp, min_periods=300"
2026-06-13 19:00:00+00:00,ema_spread_atr_12_48b__high_abs,1.3108457727113767,"expanding abs q70 using observations <= prediction_timestamp, min_periods=300"
2026-06-13 19:30:00+00:00,ema_spread_atr_12_48b__high_abs,1.3101807807331984,"expanding abs q70 using observations <= prediction_timestamp, min_periods=300"
2026-06-13 20:00:00+00:00,ema_spread_atr_12_48b__high_abs,1.3099274917184174,"expanding abs q70 using observations <= prediction_timestamp, min_periods=300"
2026-06-13 20:30:00+00:00,ema_spread_atr_12_48b__high_abs,1.3098800541853346,"expanding abs q70 using observations <= prediction_timestamp, min_periods=300"
2026-06-13 21:00:00+00:00,ema_spread_atr_12_48b__high_abs,1.3098326166522516,"expanding abs q70 using observations <= prediction_timestamp, min_periods=300"
2026-06-13 21:30:00+00:00,ema_spread_atr_12_48b__high_abs,1.3096529528535292,"expanding abs q70 using observations <= prediction_timestamp, min_periods=300"
2026-06-13 22:00:00+00:00,ema_spread_atr_12_48b__high_abs,1.309895866696362,"expanding abs q70 using observations <= prediction_timestamp, min_periods=300"
2026-06-13 22:30:00+00:00,ema_spread_atr_12_48b__high_abs,1.3106241087186505,"expanding abs q70 using observations <= prediction_timestamp, min_periods=300"
2026-06-13 23:00:00+00:00,ema_spread_atr_12_48b__high_abs,1.3099591167404727,"expanding abs q70 using observations <= prediction_timestamp, min_periods=300"
2026-06-13 23:30:00+00:00,ema_spread_atr_12_48b__high_abs,1.3099116792073897,"expanding abs q70 using observations <= prediction_timestamp, min_periods=300"
2026-06-14 00:00:00+00:00,ema_spread_atr_12_48b__high_abs,1.309864241674307,"expanding abs q70 using observations <= prediction_timestamp, min_periods=300"
2026-06-14 00:30:00+00:00,ema_spread_atr_12_48b__high_abs,1.309816804141224,"expanding abs q70 using observations <= prediction_timestamp, min_periods=300"
2026-06-14 01:00:00+00:00,ema_spread_atr_12_48b__high_abs,1.3095049140768622,"expanding abs q70 using observations <= prediction_timestamp, min_periods=300"
2026-06-14 01:30:00+00:00,ema_spread_atr_12_48b__high_abs,1.3090607977468613,"expanding abs q70 using observations <= prediction_timestamp, min_periods=300"
2026-06-14 02:00:00+00:00,ema_spread_atr_12_48b__high_abs,1.3086166814168603,"expanding abs q70 using observations <= prediction_timestamp, min_periods=300"
2026-06-14 02:30:00+00:00,ema_spread_atr_12_48b__high_abs,1.3080766196610054,"expanding abs q70 using observations <= prediction_timestamp, min_periods=300"
2026-06-14 03:00:00+00:00,ema_spread_atr_12_48b__high_abs,1.3073446670534428,"expanding abs q70 using observations <= prediction_timestamp, min_periods=300"
2026-06-14 03:30:00+00:00,ema_spread_atr_12_48b__high_abs,1.3066127144458801,"expanding abs q70 using observations <= prediction_timestamp, min_periods=300"
2026-06-14 04:00:00+00:00,ema_spread_atr_12_48b__high_abs,1.3058807618383177,"expanding abs q70 using observations <= prediction_timestamp, min_periods=300"
2026-06-14 04:30:00+00:00,ema_spread_atr_12_48b__high_abs,1.3058284049856614,"expanding abs q70 using observations <= prediction_timestamp, min_periods=300"
2026-06-14 05:00:00+00:00,ema_spread_atr_12_48b__high_abs,1.3068566986484011,"expanding abs q70 using observations <= prediction_timestamp, min_periods=300"
2026-06-14 05:30:00+00:00,ema_spread_atr_12_48b__high_abs,1.3084686426401932,"expanding abs q70 using observations <= prediction_timestamp, min_periods=300"
2026-06-14 06:00:00+00:00,ema_spread_atr_12_48b__high_abs,1.3078326354584846,"expanding abs q70 using observations <= prediction_timestamp, min_periods=300"
2026-06-14 06:30:00+00:00,ema_spread_atr_12_48b__high_abs,1.3071006828509222,"expanding abs q70 using observations <= prediction_timestamp, min_periods=300"
2026-06-14 07:00:00+00:00,ema_spread_atr_12_48b__high_abs,1.3063687302433593,"expanding abs q70 using observations <= prediction_timestamp, min_periods=300"
2026-06-14 07:30:00+00:00,ema_spread_atr_12_48b__high_abs,1.305863309554099,"expanding abs q70 using observations <= prediction_timestamp, min_periods=300"
2026-06-14 08:00:00+00:00,ema_spread_atr_12_48b__high_abs,1.3058109527014425,"expanding abs q70 using observations <= prediction_timestamp, min_periods=300"
2026-06-14 08:30:00+00:00,ema_spread_atr_12_48b__high_abs,1.3057585958487863,"expanding abs q70 using observations <= prediction_timestamp, min_periods=300"
2026-06-14 09:00:00+00:00,ema_spread_atr_12_48b__high_abs,1.30570623899613,"expanding abs q70 using observations <= prediction_timestamp, min_periods=300"
2026-06-14 09:30:00+00:00,ema_spread_atr_12_48b__high_abs,1.3058284049856614,"expanding abs q70 using observations <= prediction_timestamp, min_periods=300"
2026-06-14 10:00:00+00:00,ema_spread_atr_12_48b__high_abs,1.3057760481330052,"expanding abs q70 using observations <= prediction_timestamp, min_periods=300"
2026-06-14 10:30:00+00:00,ema_spread_atr_12_48b__high_abs,1.3057236912803487,"expanding abs q70 using observations <= prediction_timestamp, min_periods=300"
2026-06-14 11:00:00+00:00,ema_spread_atr_12_48b__high_abs,1.3055666698260486,"expanding abs q70 using observations <= prediction_timestamp, min_periods=300"
2026-06-14 11:30:00+00:00,ema_spread_atr_12_48b__high_abs,1.3053573160709266,"expanding abs q70 using observations <= prediction_timestamp, min_periods=300"
2026-06-14 12:00:00+00:00,ema_spread_atr_12_48b__high_abs,1.3051479623158047,"expanding abs q70 using observations <= prediction_timestamp, min_periods=300"
2026-06-14 12:30:00+00:00,ema_spread_atr_12_48b__high_abs,1.3047937012607638,"expanding abs q70 using observations <= prediction_timestamp, min_periods=300"
2026-06-14 13:00:00+00:00,ema_spread_atr_12_48b__high_abs,1.3054271006559672,"expanding abs q70 using observations <= prediction_timestamp, min_periods=300"
2026-06-14 13:30:00+00:00,ema_spread_atr_12_48b__high_abs,1.3057585958487863,"expanding abs q70 using observations <= prediction_timestamp, min_periods=300"
2026-06-14 14:00:00+00:00,ema_spread_atr_12_48b__high_abs,1.3058807618383177,"expanding abs q70 using observations <= prediction_timestamp, min_periods=300"
2026-06-14 14:30:00+00:00,ema_spread_atr_12_48b__high_abs,1.3075886512559636,"expanding abs q70 using observations <= prediction_timestamp, min_periods=300"
2026-06-14 15:00:00+00:00,ema_spread_atr_12_48b__high_abs,1.3089127589701943,"expanding abs q70 using observations <= prediction_timestamp, min_periods=300"
2026-06-14 15:30:00+00:00,ema_spread_atr_12_48b__high_abs,1.309816804141224,"expanding abs q70 using observations <= prediction_timestamp, min_periods=300"
2026-06-14 16:00:00+00:00,ema_spread_atr_12_48b__high_abs,1.3095049140768622,"expanding abs q70 using observations <= prediction_timestamp, min_periods=300"
2026-06-14 16:30:00+00:00,ema_spread_atr_12_48b__high_abs,1.3090607977468613,"expanding abs q70 using observations <= prediction_timestamp, min_periods=300"
2026-06-14 17:00:00+00:00,ema_spread_atr_12_48b__high_abs,1.3086166814168603,"expanding abs q70 using observations <= prediction_timestamp, min_periods=300"
2026-06-14 17:30:00+00:00,ema_spread_atr_12_48b__high_abs,1.3080766196610054,"expanding abs q70 using observations <= prediction_timestamp, min_periods=300"
2026-06-14 18:00:00+00:00,ema_spread_atr_12_48b__high_abs,1.3073446670534428,"expanding abs q70 using observations <= prediction_timestamp, min_periods=300"
2026-06-14 18:30:00+00:00,ema_spread_atr_12_48b__high_abs,1.3066127144458801,"expanding abs q70 using observations <= prediction_timestamp, min_periods=300"
2026-06-14 19:00:00+00:00,ema_spread_atr_12_48b__high_abs,1.3058807618383177,"expanding abs q70 using observations <= prediction_timestamp, min_periods=300"
2026-06-14 19:30:00+00:00,ema_spread_atr_12_48b__high_abs,1.3058284049856614,"expanding abs q70 using observations <= prediction_timestamp, min_periods=300"
2026-06-14 20:00:00+00:00,ema_spread_atr_12_48b__high_abs,1.3057760481330052,"expanding abs q70 using observations <= prediction_timestamp, min_periods=300"
2026-06-14 20:30:00+00:00,ema_spread_atr_12_48b__high_abs,1.3057236912803487,"expanding abs q70 using observations <= prediction_timestamp, min_periods=300"
2026-06-14 21:00:00+00:00,ema_spread_atr_12_48b__high_abs,1.3058458572698801,"expanding abs q70 using observations <= prediction_timestamp, min_periods=300"
2026-06-14 21:30:00+00:00,ema_spread_atr_12_48b__high_abs,1.3071006828509222,"expanding abs q70 using observations <= prediction_timestamp, min_periods=300"
2026-06-14 22:00:00+00:00,ema_spread_atr_12_48b__high_abs,1.3086166814168603,"expanding abs q70 using observations <= prediction_timestamp, min_periods=300"
2026-06-14 22:30:00+00:00,ema_spread_atr_12_48b__high_abs,1.3096529528535292,"expanding abs q70 using observations <= prediction_timestamp, min_periods=300"
2026-06-14 23:00:00+00:00,ema_spread_atr_12_48b__high_abs,1.309895866696362,"expanding abs q70 using observations <= prediction_timestamp, min_periods=300"
2026-06-14 23:30:00+00:00,ema_spread_atr_12_48b__high_abs,1.3106241087186505,"expanding abs q70 using observations <= prediction_timestamp, min_periods=300"
2026-06-15 00:00:00+00:00,ema_spread_atr_12_48b__high_abs,1.3121757566677328,"expanding abs q70 using observations <= prediction_timestamp, min_periods=300"
2026-06-15 00:30:00+00:00,ema_spread_atr_12_48b__high_abs,1.3125822972571826,"expanding abs q70 using observations <= prediction_timestamp, min_periods=300"
2026-06-15 01:00:00+00:00,ema_spread_atr_12_48b__high_abs,1.3124080655759898,"expanding abs q70 using observations <= prediction_timestamp, min_periods=300"
2026-06-15 01:30:00+00:00,ema_spread_atr_12_48b__high_abs,1.312233833894797,"expanding abs q70 using observations <= prediction_timestamp, min_periods=300"
2026-06-15 02:00:00+00:00,ema_spread_atr_12_48b__high_abs,1.3117324286822807,"expanding abs q70 using observations <= prediction_timestamp, min_periods=300"
2026-06-15 02:30:00+00:00,ema_spread_atr_12_48b__high_abs,1.3110674367041026,"expanding abs q70 using observations <= prediction_timestamp, min_periods=300"
2026-06-15 03:00:00+00:00,ema_spread_atr_12_48b__high_abs,1.3104024447259246,"expanding abs q70 using observations <= prediction_timestamp, min_periods=300"
2026-06-15 03:30:00+00:00,ema_spread_atr_12_48b__high_abs,1.309943304229445,"expanding abs q70 using observations <= prediction_timestamp, min_periods=300"
2026-06-15 04:00:00+00:00,ema_spread_atr_12_48b__high_abs,1.309895866696362,"expanding abs q70 using observations <= prediction_timestamp, min_periods=300"
2026-06-15 04:30:00+00:00,ema_spread_atr_12_48b__high_abs,1.3098484291632793,"expanding abs q70 using observations <= prediction_timestamp, min_periods=300"
2026-06-15 05:00:00+00:00,ema_spread_atr_12_48b__high_abs,1.3098009916301963,"expanding abs q70 using observations <= prediction_timestamp, min_periods=300"
2026-06-15 05:30:00+00:00,ema_spread_atr_12_48b__high_abs,1.3093568753001952,"expanding abs q70 using observations <= prediction_timestamp, min_periods=300"
2026-06-15 06:00:00+00:00,ema_spread_atr_12_48b__high_abs,1.3089127589701943,"expanding abs q70 using observations <= prediction_timestamp, min_periods=300"
2026-06-15 06:30:00+00:00,ema_spread_atr_12_48b__high_abs,1.3084686426401932,"expanding abs q70 using observations <= prediction_timestamp, min_periods=300"
2026-06-15 07:00:00+00:00,ema_spread_atr_12_48b__high_abs,1.3078326354584846,"expanding abs q70 using observations <= prediction_timestamp, min_periods=300"
2026-06-15 07:30:00+00:00,ema_spread_atr_12_48b__high_abs,1.3071006828509222,"expanding abs q70 using observations <= prediction_timestamp, min_periods=300"
2026-06-15 08:00:00+00:00,ema_spread_atr_12_48b__high_abs,1.3063687302433593,"expanding abs q70 using observations <= prediction_timestamp, min_periods=300"
2026-06-15 08:30:00+00:00,ema_spread_atr_12_48b__high_abs,1.305863309554099,"expanding abs q70 using observations <= prediction_timestamp, min_periods=300"
2026-06-15 09:00:00+00:00,ema_spread_atr_12_48b__high_abs,1.3058109527014425,"expanding abs q70 using observations <= prediction_timestamp, min_periods=300"
2026-06-15 09:30:00+00:00,ema_spread_atr_12_48b__high_abs,1.3057585958487863,"expanding abs q70 using observations <= prediction_timestamp, min_periods=300"
2026-06-15 10:00:00+00:00,ema_spread_atr_12_48b__high_abs,1.30570623899613,"expanding abs q70 using observations <= prediction_timestamp, min_periods=300"
2026-06-15 10:30:00+00:00,ema_spread_atr_12_48b__high_abs,1.305496885241008,"expanding abs q70 using observations <= prediction_timestamp, min_periods=300"
2026-06-15 11:00:00+00:00,ema_spread_atr_12_48b__high_abs,1.3057760481330052,"expanding abs q70 using observations <= prediction_timestamp, min_periods=300"
2026-06-15 11:30:00+00:00,ema_spread_atr_12_48b__high_abs,1.3061247460408383,"expanding abs q70 using observations <= prediction_timestamp, min_periods=300"
2026-06-15 12:00:00+00:00,ema_spread_atr_12_48b__high_abs,1.3078326354584846,"expanding abs q70 using observations <= prediction_timestamp, min_periods=300"
2026-06-15 12:30:00+00:00,ema_spread_atr_12_48b__high_abs,1.3090607977468613,"expanding abs q70 using observations <= prediction_timestamp, min_periods=300"
2026-06-15 13:00:00+00:00,ema_spread_atr_12_48b__high_abs,1.3098326166522516,"expanding abs q70 using observations <= prediction_timestamp, min_periods=300"
2026-06-15 13:30:00+00:00,ema_spread_atr_12_48b__high_abs,1.309943304229445,"expanding abs q70 using observations <= prediction_timestamp, min_periods=300"
2026-06-15 14:00:00+00:00,ema_spread_atr_12_48b__high_abs,1.3112891006968286,"expanding abs q70 using observations <= prediction_timestamp, min_periods=300"
2026-06-15 14:30:00+00:00,ema_spread_atr_12_48b__high_abs,1.3123499883489256,"expanding abs q70 using observations <= prediction_timestamp, min_periods=300"
2026-06-15 15:00:00+00:00,ema_spread_atr_12_48b__high_abs,1.3127565289383754,"expanding abs q70 using observations <= prediction_timestamp, min_periods=300"
2026-06-15 15:30:00+00:00,ema_spread_atr_12_48b__high_abs,1.3130112546469872,"expanding abs q70 using observations <= prediction_timestamp, min_periods=300"
2026-06-15 16:00:00+00:00,ema_spread_atr_12_48b__high_abs,1.3153506233985353,"expanding abs q70 using observations <= prediction_timestamp, min_periods=300"
2026-06-15 16:30:00+00:00,ema_spread_atr_12_48b__high_abs,1.3188521593148226,"expanding abs q70 using observations <= prediction_timestamp, min_periods=300"
2026-06-15 17:00:00+00:00,ema_spread_atr_12_48b__high_abs,1.3199458045263297,"expanding abs q70 using observations <= prediction_timestamp, min_periods=300"
2026-06-15 17:30:00+00:00,ema_spread_atr_12_48b__high_abs,1.3207080808768352,"expanding abs q70 using observations <= prediction_timestamp, min_periods=300"
2026-06-15 18:00:00+00:00,ema_spread_atr_12_48b__high_abs,1.321200510154815,"expanding abs q70 using observations <= prediction_timestamp, min_periods=300"
2026-06-15 18:30:00+00:00,ema_spread_atr_12_48b__high_abs,1.3210679259088949,"expanding abs q70 using observations <= prediction_timestamp, min_periods=300"
2026-06-15 19:00:00+00:00,ema_spread_atr_12_48b__high_abs,1.32079804213485,"expanding abs q70 using observations <= prediction_timestamp, min_periods=300"
2026-06-15 19:30:00+00:00,ema_spread_atr_12_48b__high_abs,1.3205281583608053,"expanding abs q70 using observations <= prediction_timestamp, min_periods=300"
2026-06-15 20:00:00+00:00,ema_spread_atr_12_48b__high_abs,1.3202582745867604,"expanding abs q70 using observations <= prediction_timestamp, min_periods=300"
2026-06-15 20:30:00+00:00,ema_spread_atr_12_48b__high_abs,1.3197895694961144,"expanding abs q70 using observations <= prediction_timestamp, min_periods=300"
2026-06-15 21:00:00+00:00,ema_spread_atr_12_48b__high_abs,1.3193208644054686,"expanding abs q70 using observations <= prediction_timestamp, min_periods=300"
2026-06-15 21:30:00+00:00,ema_spread_atr_12_48b__high_abs,1.3188521593148226,"expanding abs q70 using observations <= prediction_timestamp, min_periods=300"
2026-06-15 22:00:00+00:00,ema_spread_atr_12_48b__high_abs,1.31758082398925,"expanding abs q70 using observations <= prediction_timestamp, min_periods=300"
2026-06-15 22:30:00+00:00,ema_spread_atr_12_48b__high_abs,1.319477099435684,"expanding abs q70 using observations <= prediction_timestamp, min_periods=300"
2026-06-15 23:00:00+00:00,ema_spread_atr_12_48b__high_abs,1.3204381971027903,"expanding abs q70 using observations <= prediction_timestamp, min_periods=300"
2026-06-15 23:30:00+00:00,ema_spread_atr_12_48b__high_abs,1.3210679259088949,"expanding abs q70 using observations <= prediction_timestamp, min_periods=300"
2026-06-16 00:00:00+00:00,ema_spread_atr_12_48b__high_abs,1.321285756130625,"expanding abs q70 using observations <= prediction_timestamp, min_periods=300"
2026-06-16 00:30:00+00:00,ema_spread_atr_12_48b__high_abs,1.3216013273641647,"expanding abs q70 using observations <= prediction_timestamp, min_periods=300"
2026-06-16 01:00:00+00:00,ema_spread_atr_12_48b__high_abs,1.3221387529655335,"expanding abs q70 using observations <= prediction_timestamp, min_periods=300"
2026-06-16 01:30:00+00:00,ema_spread_atr_12_48b__high_abs,1.321908427707804,"expanding abs q70 using observations <= prediction_timestamp, min_periods=300"
2026-06-16 02:00:00+00:00,ema_spread_atr_12_48b__high_abs,1.3216781024500746,"expanding abs q70 using observations <= prediction_timestamp, min_periods=300"
2026-06-16 02:30:00+00:00,ema_spread_atr_12_48b__high_abs,1.3226296589273152,"expanding abs q70 using observations <= prediction_timestamp, min_periods=300"
2026-06-16 03:00:00+00:00,ema_spread_atr_12_48b__high_abs,1.3260660006597909,"expanding abs q70 using observations <= prediction_timestamp, min_periods=300"
2026-06-16 03:30:00+00:00,ema_spread_atr_12_48b__high_abs,1.3312298114327534,"expanding abs q70 using observations <= prediction_timestamp, min_periods=300"
2026-06-16 04:00:00+00:00,ema_spread_atr_12_48b__high_abs,1.336089068920955,"expanding abs q70 using observations <= prediction_timestamp, min_periods=300"
2026-06-16 04:30:00+00:00,ema_spread_atr_12_48b__high_abs,1.3384594741567701,"expanding abs q70 using observations <= prediction_timestamp, min_periods=300"
2026-06-16 05:00:00+00:00,ema_spread_atr_12_48b__high_abs,1.338824256577922,"expanding abs q70 using observations <= prediction_timestamp, min_periods=300"
2026-06-16 05:30:00+00:00,ema_spread_atr_12_48b__high_abs,1.3395269135514922,"expanding abs q70 using observations <= prediction_timestamp, min_periods=300"
2026-06-16 06:00:00+00:00,ema_spread_atr_12_48b__high_abs,1.3411257638871015,"expanding abs q70 using observations <= prediction_timestamp, min_periods=300"
2026-06-16 06:30:00+00:00,ema_spread_atr_12_48b__high_abs,1.3426614322755976,"expanding abs q70 using observations <= prediction_timestamp, min_periods=300"
2026-06-16 07:00:00+00:00,ema_spread_atr_12_48b__high_abs,1.342003288680528,"expanding abs q70 using observations <= prediction_timestamp, min_periods=300"
2026-06-16 07:30:00+00:00,ema_spread_atr_12_48b__high_abs,1.3413451450854579,"expanding abs q70 using observations <= prediction_timestamp, min_periods=300"
2026-06-16 08:00:00+00:00,ema_spread_atr_12_48b__high_abs,1.3406689495054989,"expanding abs q70 using observations <= prediction_timestamp, min_periods=300"
2026-06-16 08:30:00+00:00,ema_spread_atr_12_48b__high_abs,1.3399837279330948,"expanding abs q70 using observations <= prediction_timestamp, min_periods=300"
2026-06-16 09:00:00+00:00,ema_spread_atr_12_48b__high_abs,1.3415645262838145,"expanding abs q70 using observations <= prediction_timestamp, min_periods=300"
2026-06-16 09:30:00+00:00,ema_spread_atr_12_48b__high_abs,1.3431001946723111,"expanding abs q70 using observations <= prediction_timestamp, min_periods=300"
2026-06-16 10:00:00+00:00,ema_spread_atr_12_48b__high_abs,1.343428432375631,"expanding abs q70 using observations <= prediction_timestamp, min_periods=300"
2026-06-16 10:30:00+00:00,ema_spread_atr_12_48b__high_abs,1.3437823853695599,"expanding abs q70 using observations <= prediction_timestamp, min_periods=300"
2026-06-16 11:00:00+00:00,ema_spread_atr_12_48b__high_abs,1.344438943347674,"expanding abs q70 using observations <= prediction_timestamp, min_periods=300"
2026-06-16 11:30:00+00:00,ema_spread_atr_12_48b__high_abs,1.3441575613570536,"expanding abs q70 using observations <= prediction_timestamp, min_periods=300"
2026-06-16 12:00:00+00:00,ema_spread_atr_12_48b__high_abs,1.3438761793664333,"expanding abs q70 using observations <= prediction_timestamp, min_periods=300"
2026-06-16 12:30:00+00:00,ema_spread_atr_12_48b__high_abs,1.3445330576662793,"expanding abs q70 using observations <= prediction_timestamp, min_periods=300"
2026-06-16 13:00:00+00:00,ema_spread_atr_12_48b__high_abs,1.3451918578965172,"expanding abs q70 using observations <= prediction_timestamp, min_periods=300"
2026-06-16 13:30:00+00:00,ema_spread_atr_12_48b__high_abs,1.344909514940701,"expanding abs q70 using observations <= prediction_timestamp, min_periods=300"
2026-06-16 14:00:00+00:00,ema_spread_atr_12_48b__high_abs,1.3446271719848848,"expanding abs q70 using observations <= prediction_timestamp, min_periods=300"
2026-06-16 14:30:00+00:00,ema_spread_atr_12_48b__high_abs,1.3443451493508005,"expanding abs q70 using observations <= prediction_timestamp, min_periods=300"
2026-06-16 15:00:00+00:00,ema_spread_atr_12_48b__high_abs,1.3450036292593064,"expanding abs q70 using observations <= prediction_timestamp, min_periods=300"
2026-06-16 15:30:00+00:00,ema_spread_atr_12_48b__high_abs,1.34472128630349,"expanding abs q70 using observations <= prediction_timestamp, min_periods=300"
2026-06-16 16:00:00+00:00,ema_spread_atr_12_48b__high_abs,1.344438943347674,"expanding abs q70 using observations <= prediction_timestamp, min_periods=300"
2026-06-16 16:30:00+00:00,ema_spread_atr_12_48b__high_abs,1.3441575613570536,"expanding abs q70 using observations <= prediction_timestamp, min_periods=300"
2026-06-16 17:00:00+00:00,ema_spread_atr_12_48b__high_abs,1.3438761793664333,"expanding abs q70 using observations <= prediction_timestamp, min_periods=300"
2026-06-16 17:30:00+00:00,ema_spread_atr_12_48b__high_abs,1.3435947973758129,"expanding abs q70 using observations <= prediction_timestamp, min_periods=300"
2026-06-16 18:00:00+00:00,ema_spread_atr_12_48b__high_abs,1.3434647178772852,"expanding abs q70 using observations <= prediction_timestamp, min_periods=300"
2026-06-16 18:30:00+00:00,ema_spread_atr_12_48b__high_abs,1.3434102896248037,"expanding abs q70 using observations <= prediction_timestamp, min_periods=300"
2026-06-16 19:00:00+00:00,ema_spread_atr_12_48b__high_abs,1.3433558613723222,"expanding abs q70 using observations <= prediction_timestamp, min_periods=300"
2026-06-16 19:30:00+00:00,ema_spread_atr_12_48b__high_abs,1.3431001946723111,"expanding abs q70 using observations <= prediction_timestamp, min_periods=300"
2026-06-16 20:00:00+00:00,ema_spread_atr_12_48b__high_abs,1.342442051077241,"expanding abs q70 using observations <= prediction_timestamp, min_periods=300"
2026-06-16 20:30:00+00:00,ema_spread_atr_12_48b__high_abs,1.3417839074821714,"expanding abs q70 using observations <= prediction_timestamp, min_periods=300"
2026-06-16 21:00:00+00:00,ema_spread_atr_12_48b__high_abs,1.3411257638871015,"expanding abs q70 using observations <= prediction_timestamp, min_periods=300"
2026-06-16 21:30:00+00:00,ema_spread_atr_12_48b__high_abs,1.3404405423146974,"expanding abs q70 using observations <= prediction_timestamp, min_periods=300"
2026-06-16 22:00:00+00:00,ema_spread_atr_12_48b__high_abs,1.3397553207422936,"expanding abs q70 using observations <= prediction_timestamp, min_periods=300"
2026-06-16 22:30:00+00:00,ema_spread_atr_12_48b__high_abs,1.3390700991698896,"expanding abs q70 using observations <= prediction_timestamp, min_periods=300"
2026-06-16 23:00:00+00:00,ema_spread_atr_12_48b__high_abs,1.3388329742785052,"expanding abs q70 using observations <= prediction_timestamp, min_periods=300"
2026-06-16 23:30:00+00:00,ema_spread_atr_12_48b__high_abs,1.3388198977276304,"expanding abs q70 using observations <= prediction_timestamp, min_periods=300"
2026-06-17 00:00:00+00:00,ema_spread_atr_12_48b__high_abs,1.3388068211767556,"expanding abs q70 using observations <= prediction_timestamp, min_periods=300"
2026-06-17 00:30:00+00:00,ema_spread_atr_12_48b__high_abs,1.3384594741567701,"expanding abs q70 using observations <= prediction_timestamp, min_periods=300"
2026-06-17 01:00:00+00:00,ema_spread_atr_12_48b__high_abs,1.3374435861985636,"expanding abs q70 using observations <= prediction_timestamp, min_periods=300"
2026-06-17 01:30:00+00:00,ema_spread_atr_12_48b__high_abs,1.3364276982403573,"expanding abs q70 using observations <= prediction_timestamp, min_periods=300"
2026-06-17 02:00:00+00:00,ema_spread_atr_12_48b__high_abs,1.335411810282151,"expanding abs q70 using observations <= prediction_timestamp, min_periods=300"
2026-06-17 02:30:00+00:00,ema_spread_atr_12_48b__high_abs,1.332902610972512,"expanding abs q70 using observations <= prediction_timestamp, min_periods=300"
2026-06-17 03:00:00+00:00,ema_spread_atr_12_48b__high_abs,1.3303934116628735,"expanding abs q70 using observations <= prediction_timestamp, min_periods=300"
2026-06-17 03:30:00+00:00,ema_spread_atr_12_48b__high_abs,1.3278842123532344,"expanding abs q70 using observations <= prediction_timestamp, min_periods=300"
2026-06-17 04:00:00+00:00,ema_spread_atr_12_48b__high_abs,1.3260660006597909,"expanding abs q70 using observations <= prediction_timestamp, min_periods=300"
2026-06-17 04:30:00+00:00,ema_spread_atr_12_48b__high_abs,1.3245932827744444,"expanding abs q70 using observations <= prediction_timestamp, min_periods=300"
2026-06-17 05:00:00+00:00,ema_spread_atr_12_48b__high_abs,1.3231205648890976,"expanding abs q70 using observations <= prediction_timestamp, min_periods=300"
2026-06-17 05:30:00+00:00,ema_spread_atr_12_48b__high_abs,1.3220619778796237,"expanding abs q70 using observations <= prediction_timestamp, min_periods=300"
2026-06-17 06:00:00+00:00,ema_spread_atr_12_48b__high_abs,1.321831652621894,"expanding abs q70 using observations <= prediction_timestamp, min_periods=300"
2026-06-17 06:30:00+00:00,ema_spread_atr_12_48b__high_abs,1.3216013273641647,"expanding abs q70 using observations <= prediction_timestamp, min_periods=300"
2026-06-17 07:00:00+00:00,ema_spread_atr_12_48b__high_abs,1.3213710021064353,"expanding abs q70 using observations <= prediction_timestamp, min_periods=300"
2026-06-17 07:30:00+00:00,ema_spread_atr_12_48b__high_abs,1.3213070676245777,"expanding abs q70 using observations <= prediction_timestamp, min_periods=300"
2026-06-17 08:00:00+00:00,ema_spread_atr_12_48b__high_abs,1.3212431331427201,"expanding abs q70 using observations <= prediction_timestamp, min_periods=300"
2026-06-17 08:30:00+00:00,ema_spread_atr_12_48b__high_abs,1.321447777192345,"expanding abs q70 using observations <= prediction_timestamp, min_periods=300"
2026-06-17 09:00:00+00:00,ema_spread_atr_12_48b__high_abs,1.3219852027937138,"expanding abs q70 using observations <= prediction_timestamp, min_periods=300"
2026-06-17 09:30:00+00:00,ema_spread_atr_12_48b__high_abs,1.3245932827744444,"expanding abs q70 using observations <= prediction_timestamp, min_periods=300"
2026-06-17 10:00:00+00:00,ema_spread_atr_12_48b__high_abs,1.328720612123114,"expanding abs q70 using observations <= prediction_timestamp, min_periods=300"
2026-06-17 10:30:00+00:00,ema_spread_atr_12_48b__high_abs,1.3265569066215732,"expanding abs q70 using observations <= prediction_timestamp, min_periods=300"
2026-06-17 11:00:00+00:00,ema_spread_atr_12_48b__high_abs,1.3250841887362264,"expanding abs q70 using observations <= prediction_timestamp, min_periods=300"
2026-06-17 11:30:00+00:00,ema_spread_atr_12_48b__high_abs,1.3295570118929938,"expanding abs q70 using observations <= prediction_timestamp, min_periods=300"
2026-06-17 12:00:00+00:00,ema_spread_atr_12_48b__high_abs,1.335411810282151,"expanding abs q70 using observations <= prediction_timestamp, min_periods=300"
2026-06-17 12:30:00+00:00,ema_spread_atr_12_48b__high_abs,1.3377822155179657,"expanding abs q70 using observations <= prediction_timestamp, min_periods=300"
2026-06-17 13:00:00+00:00,ema_spread_atr_12_48b__high_abs,1.3388155388773388,"expanding abs q70 using observations <= prediction_timestamp, min_periods=300"
2026-06-17 13:30:00+00:00,ema_spread_atr_12_48b__high_abs,1.338802462326464,"expanding abs q70 using observations <= prediction_timestamp, min_periods=300"
2026-06-17 14:00:00+00:00,ema_spread_atr_12_48b__high_abs,1.338120844837368,"expanding abs q70 using observations <= prediction_timestamp, min_periods=300"
2026-06-17 14:30:00+00:00,ema_spread_atr_12_48b__high_abs,1.3371049568791618,"expanding abs q70 using observations <= prediction_timestamp, min_periods=300"
2026-06-17 15:00:00+00:00,ema_spread_atr_12_48b__high_abs,1.336089068920955,"expanding abs q70 using observations <= prediction_timestamp, min_periods=300"
2026-06-17 15:30:00+00:00,ema_spread_atr_12_48b__high_abs,1.3349049175028465,"expanding abs q70 using observations <= prediction_timestamp, min_periods=300"
2026-06-17 16:00:00+00:00,ema_spread_atr_12_48b__high_abs,1.3333842391649324,"expanding abs q70 using observations <= prediction_timestamp, min_periods=300"
2026-06-17 16:30:00+00:00,ema_spread_atr_12_48b__high_abs,1.3318635608270188,"expanding abs q70 using observations <= prediction_timestamp, min_periods=300"
2026-06-17 17:00:00+00:00,ema_spread_atr_12_48b__high_abs,1.3303428824891055,"expanding abs q70 using observations <= prediction_timestamp, min_periods=300"
2026-06-17 17:30:00+00:00,ema_spread_atr_12_48b__high_abs,1.3293543615173802,"expanding abs q70 using observations <= prediction_timestamp, min_periods=300"
2026-06-17 18:00:00+00:00,ema_spread_atr_12_48b__high_abs,1.3283658405456555,"expanding abs q70 using observations <= prediction_timestamp, min_periods=300"
2026-06-17 18:30:00+00:00,ema_spread_atr_12_48b__high_abs,1.3273773195739302,"expanding abs q70 using observations <= prediction_timestamp, min_periods=300"
2026-06-17 19:00:00+00:00,ema_spread_atr_12_48b__high_abs,1.3260660006597909,"expanding abs q70 using observations <= prediction_timestamp, min_periods=300"
2026-06-17 19:30:00+00:00,ema_spread_atr_12_48b__high_abs,1.3245932827744444,"expanding abs q70 using observations <= prediction_timestamp, min_periods=300"
2026-06-17 20:00:00+00:00,ema_spread_atr_12_48b__high_abs,1.3277068265645053,"expanding abs q70 using observations <= prediction_timestamp, min_periods=300"
2026-06-17 20:30:00+00:00,ema_spread_atr_12_48b__high_abs,1.3300133754985304,"expanding abs q70 using observations <= prediction_timestamp, min_periods=300"
2026-06-17 21:00:00+00:00,ema_spread_atr_12_48b__high_abs,1.3290248545268053,"expanding abs q70 using observations <= prediction_timestamp, min_periods=300"
2026-06-17 21:30:00+00:00,ema_spread_atr_12_48b__high_abs,1.3280363335550804,"expanding abs q70 using observations <= prediction_timestamp, min_periods=300"
2026-06-17 22:00:00+00:00,ema_spread_atr_12_48b__high_abs,1.3270478125833556,"expanding abs q70 using observations <= prediction_timestamp, min_periods=300"
2026-06-17 22:30:00+00:00,ema_spread_atr_12_48b__high_abs,1.3255750946980087,"expanding abs q70 using observations <= prediction_timestamp, min_periods=300"
2026-06-17 23:00:00+00:00,ema_spread_atr_12_48b__high_abs,1.3241023768126623,"expanding abs q70 using observations <= prediction_timestamp, min_periods=300"
2026-06-17 23:30:00+00:00,ema_spread_atr_12_48b__high_abs,1.3226296589273152,"expanding abs q70 using observations <= prediction_timestamp, min_periods=300"
2026-06-18 00:00:00+00:00,ema_spread_atr_12_48b__high_abs,1.3219852027937138,"expanding abs q70 using observations <= prediction_timestamp, min_periods=300"
2026-06-18 00:30:00+00:00,ema_spread_atr_12_48b__high_abs,1.3217548775359844,"expanding abs q70 using observations <= prediction_timestamp, min_periods=300"
2026-06-18 01:00:00+00:00,ema_spread_atr_12_48b__high_abs,1.3215245522782548,"expanding abs q70 using observations <= prediction_timestamp, min_periods=300"
2026-06-18 01:30:00+00:00,ema_spread_atr_12_48b__high_abs,1.3213496906124829,"expanding abs q70 using observations <= prediction_timestamp, min_periods=300"
2026-06-18 02:00:00+00:00,ema_spread_atr_12_48b__high_abs,1.321285756130625,"expanding abs q70 using observations <= prediction_timestamp, min_periods=300"
2026-06-18 02:30:00+00:00,ema_spread_atr_12_48b__high_abs,1.3212218216487674,"expanding abs q70 using observations <= prediction_timestamp, min_periods=300"
2026-06-18 03:00:00+00:00,ema_spread_atr_12_48b__high_abs,1.3211578871669099,"expanding abs q70 using observations <= prediction_timestamp, min_periods=300"
2026-06-18 03:30:00+00:00,ema_spread_atr_12_48b__high_abs,1.320888003392865,"expanding abs q70 using observations <= prediction_timestamp, min_periods=300"
2026-06-18 04:00:00+00:00,ema_spread_atr_12_48b__high_abs,1.3212431331427201,"expanding abs q70 using observations <= prediction_timestamp, min_periods=300"
2026-06-18 04:30:00+00:00,ema_spread_atr_12_48b__high_abs,1.321447777192345,"expanding abs q70 using observations <= prediction_timestamp, min_periods=300"
2026-06-18 05:00:00+00:00,ema_spread_atr_12_48b__high_abs,1.3219852027937138,"expanding abs q70 using observations <= prediction_timestamp, min_periods=300"
2026-06-18 05:30:00+00:00,ema_spread_atr_12_48b__high_abs,1.3245932827744444,"expanding abs q70 using observations <= prediction_timestamp, min_periods=300"
2026-06-18 06:00:00+00:00,ema_spread_atr_12_48b__high_abs,1.3277068265645053,"expanding abs q70 using observations <= prediction_timestamp, min_periods=300"
2026-06-18 06:30:00+00:00,ema_spread_atr_12_48b__high_abs,1.3300133754985304,"expanding abs q70 using observations <= prediction_timestamp, min_periods=300"
2026-06-18 07:00:00+00:00,ema_spread_atr_12_48b__high_abs,1.3290248545268053,"expanding abs q70 using observations <= prediction_timestamp, min_periods=300"
2026-06-18 07:30:00+00:00,ema_spread_atr_12_48b__high_abs,1.3280363335550804,"expanding abs q70 using observations <= prediction_timestamp, min_periods=300"
2026-06-18 08:00:00+00:00,ema_spread_atr_12_48b__high_abs,1.3303428824891055,"expanding abs q70 using observations <= prediction_timestamp, min_periods=300"
2026-06-18 08:30:00+00:00,ema_spread_atr_12_48b__high_abs,1.333891131944237,"expanding abs q70 using observations <= prediction_timestamp, min_periods=300"
2026-06-18 09:00:00+00:00,ema_spread_atr_12_48b__high_abs,1.3367663275597594,"expanding abs q70 using observations <= prediction_timestamp, min_periods=300"
2026-06-18 09:30:00+00:00,ema_spread_atr_12_48b__high_abs,1.335750439601553,"expanding abs q70 using observations <= prediction_timestamp, min_periods=300"
2026-06-18 10:00:00+00:00,ema_spread_atr_12_48b__high_abs,1.3343980247235416,"expanding abs q70 using observations <= prediction_timestamp, min_periods=300"
2026-06-18 10:30:00+00:00,ema_spread_atr_12_48b__high_abs,1.3328773463856283,"expanding abs q70 using observations <= prediction_timestamp, min_periods=300"
2026-06-18 11:00:00+00:00,ema_spread_atr_12_48b__high_abs,1.3313566680477142,"expanding abs q70 using observations <= prediction_timestamp, min_periods=300"
2026-06-18 11:30:00+00:00,ema_spread_atr_12_48b__high_abs,1.3300133754985304,"expanding abs q70 using observations <= prediction_timestamp, min_periods=300"
2026-06-18 12:00:00+00:00,ema_spread_atr_12_48b__high_abs,1.3290248545268053,"expanding abs q70 using observations <= prediction_timestamp, min_periods=300"
2026-06-18 12:30:00+00:00,ema_spread_atr_12_48b__high_abs,1.3280363335550804,"expanding abs q70 using observations <= prediction_timestamp, min_periods=300"
2026-06-18 13:00:00+00:00,ema_spread_atr_12_48b__high_abs,1.3270478125833556,"expanding abs q70 using observations <= prediction_timestamp, min_periods=300"
2026-06-18 13:30:00+00:00,ema_spread_atr_12_48b__high_abs,1.3255750946980087,"expanding abs q70 using observations <= prediction_timestamp, min_periods=300"
2026-06-18 14:00:00+00:00,ema_spread_atr_12_48b__high_abs,1.3241023768126623,"expanding abs q70 using observations <= prediction_timestamp, min_periods=300"
2026-06-18 14:30:00+00:00,ema_spread_atr_12_48b__high_abs,1.3226296589273152,"expanding abs q70 using observations <= prediction_timestamp, min_periods=300"
2026-06-18 15:00:00+00:00,ema_spread_atr_12_48b__high_abs,1.3219852027937138,"expanding abs q70 using observations <= prediction_timestamp, min_periods=300"
2026-06-18 15:30:00+00:00,ema_spread_atr_12_48b__high_abs,1.3245932827744444,"expanding abs q70 using observations <= prediction_timestamp, min_periods=300"
2026-06-18 16:00:00+00:00,ema_spread_atr_12_48b__high_abs,1.3277068265645053,"expanding abs q70 using observations <= prediction_timestamp, min_periods=300"
2026-06-18 16:30:00+00:00,ema_spread_atr_12_48b__high_abs,1.3300133754985304,"expanding abs q70 using observations <= prediction_timestamp, min_periods=300"
2026-06-18 17:00:00+00:00,ema_spread_atr_12_48b__high_abs,1.3333842391649324,"expanding abs q70 using observations <= prediction_timestamp, min_periods=300"
2026-06-18 17:30:00+00:00,ema_spread_atr_12_48b__high_abs,1.3364276982403573,"expanding abs q70 using observations <= prediction_timestamp, min_periods=300"
2026-06-18 18:00:00+00:00,ema_spread_atr_12_48b__high_abs,1.3387981034761725,"expanding abs q70 using observations <= prediction_timestamp, min_periods=300"
2026-06-18 18:30:00+00:00,ema_spread_atr_12_48b__high_abs,1.3388286154282136,"expanding abs q70 using observations <= prediction_timestamp, min_periods=300"
2026-06-18 19:00:00+00:00,ema_spread_atr_12_48b__high_abs,1.3397553207422936,"expanding abs q70 using observations <= prediction_timestamp, min_periods=300"
2026-06-18 19:30:00+00:00,ema_spread_atr_12_48b__high_abs,1.3390700991698896,"expanding abs q70 using observations <= prediction_timestamp, min_periods=300"
2026-06-18 20:00:00+00:00,ema_spread_atr_12_48b__high_abs,1.3388329742785052,"expanding abs q70 using observations <= prediction_timestamp, min_periods=300"
2026-06-18 20:30:00+00:00,ema_spread_atr_12_48b__high_abs,1.3399837279330948,"expanding abs q70 using observations <= prediction_timestamp, min_periods=300"
2026-06-18 21:00:00+00:00,ema_spread_atr_12_48b__high_abs,1.3415645262838145,"expanding abs q70 using observations <= prediction_timestamp, min_periods=300"
2026-06-18 21:30:00+00:00,ema_spread_atr_12_48b__high_abs,1.3408973566963,"expanding abs q70 using observations <= prediction_timestamp, min_periods=300"
2026-06-18 22:00:00+00:00,ema_spread_atr_12_48b__high_abs,1.340212135123896,"expanding abs q70 using observations <= prediction_timestamp, min_periods=300"
2026-06-18 22:30:00+00:00,ema_spread_atr_12_48b__high_abs,1.3395269135514922,"expanding abs q70 using observations <= prediction_timestamp, min_periods=300"
2026-06-18 23:00:00+00:00,ema_spread_atr_12_48b__high_abs,1.3388416919790884,"expanding abs q70 using observations <= prediction_timestamp, min_periods=300"
2026-06-18 23:30:00+00:00,ema_spread_atr_12_48b__high_abs,1.3388286154282136,"expanding abs q70 using observations <= prediction_timestamp, min_periods=300"
2026-06-19 00:00:00+00:00,ema_spread_atr_12_48b__high_abs,1.3388155388773388,"expanding abs q70 using observations <= prediction_timestamp, min_periods=300"
2026-06-19 00:30:00+00:00,ema_spread_atr_12_48b__high_abs,1.3390700991698896,"expanding abs q70 using observations <= prediction_timestamp, min_periods=300"
2026-06-19 01:00:00+00:00,ema_spread_atr_12_48b__high_abs,1.3406689495054989,"expanding abs q70 using observations <= prediction_timestamp, min_periods=300"
2026-06-19 01:30:00+00:00,ema_spread_atr_12_48b__high_abs,1.3399837279330948,"expanding abs q70 using observations <= prediction_timestamp, min_periods=300"
2026-06-19 02:00:00+00:00,ema_spread_atr_12_48b__high_abs,1.3392985063606908,"expanding abs q70 using observations <= prediction_timestamp, min_periods=300"
2026-06-19 02:30:00+00:00,ema_spread_atr_12_48b__high_abs,1.3388373331287968,"expanding abs q70 using observations <= prediction_timestamp, min_periods=300"
2026-06-19 03:00:00+00:00,ema_spread_atr_12_48b__high_abs,1.338824256577922,"expanding abs q70 using observations <= prediction_timestamp, min_periods=300"
2026-06-19 03:30:00+00:00,ema_spread_atr_12_48b__high_abs,1.3395269135514922,"expanding abs q70 using observations <= prediction_timestamp, min_periods=300"
2026-06-19 04:00:00+00:00,ema_spread_atr_12_48b__high_abs,1.3411257638871015,"expanding abs q70 using observations <= prediction_timestamp, min_periods=300"
2026-06-19 04:30:00+00:00,ema_spread_atr_12_48b__high_abs,1.3426614322755976,"expanding abs q70 using observations <= prediction_timestamp, min_periods=300"
2026-06-19 05:00:00+00:00,ema_spread_atr_12_48b__high_abs,1.3433921468739765,"expanding abs q70 using observations <= prediction_timestamp, min_periods=300"
2026-06-19 05:30:00+00:00,ema_spread_atr_12_48b__high_abs,1.343337718621495,"expanding abs q70 using observations <= prediction_timestamp, min_periods=300"
2026-06-19 06:00:00+00:00,ema_spread_atr_12_48b__high_abs,1.3428808134739545,"expanding abs q70 using observations <= prediction_timestamp, min_periods=300"
2026-06-19 06:30:00+00:00,ema_spread_atr_12_48b__high_abs,1.3422226698788846,"expanding abs q70 using observations <= prediction_timestamp, min_periods=300"
2026-06-19 07:00:00+00:00,ema_spread_atr_12_48b__high_abs,1.3415645262838145,"expanding abs q70 using observations <= prediction_timestamp, min_periods=300"
2026-06-19 07:30:00+00:00,ema_spread_atr_12_48b__high_abs,1.3408973566963,"expanding abs q70 using observations <= prediction_timestamp, min_periods=300"
2026-06-19 08:00:00+00:00,ema_spread_atr_12_48b__high_abs,1.340212135123896,"expanding abs q70 using observations <= prediction_timestamp, min_periods=300"
2026-06-19 08:30:00+00:00,ema_spread_atr_12_48b__high_abs,1.3395269135514922,"expanding abs q70 using observations <= prediction_timestamp, min_periods=300"
2026-06-19 09:00:00+00:00,ema_spread_atr_12_48b__high_abs,1.3388416919790884,"expanding abs q70 using observations <= prediction_timestamp, min_periods=300"
2026-06-19 09:30:00+00:00,ema_spread_atr_12_48b__high_abs,1.3388286154282136,"expanding abs q70 using observations <= prediction_timestamp, min_periods=300"
2026-06-19 10:00:00+00:00,ema_spread_atr_12_48b__high_abs,1.3388155388773388,"expanding abs q70 using observations <= prediction_timestamp, min_periods=300"
2026-06-19 10:30:00+00:00,ema_spread_atr_12_48b__high_abs,1.338802462326464,"expanding abs q70 using observations <= prediction_timestamp, min_periods=300"
2026-06-19 11:00:00+00:00,ema_spread_atr_12_48b__high_abs,1.338120844837368,"expanding abs q70 using observations <= prediction_timestamp, min_periods=300"
2026-06-19 11:30:00+00:00,ema_spread_atr_12_48b__high_abs,1.3371049568791618,"expanding abs q70 using observations <= prediction_timestamp, min_periods=300"
2026-06-19 12:00:00+00:00,ema_spread_atr_12_48b__high_abs,1.336089068920955,"expanding abs q70 using observations <= prediction_timestamp, min_periods=300"
2026-06-19 12:30:00+00:00,ema_spread_atr_12_48b__high_abs,1.3349049175028465,"expanding abs q70 using observations <= prediction_timestamp, min_periods=300"
2026-06-19 13:00:00+00:00,ema_spread_atr_12_48b__high_abs,1.3333842391649324,"expanding abs q70 using observations <= prediction_timestamp, min_periods=300"
2026-06-19 13:30:00+00:00,ema_spread_atr_12_48b__high_abs,1.3318635608270188,"expanding abs q70 using observations <= prediction_timestamp, min_periods=300"
2026-06-19 14:00:00+00:00,ema_spread_atr_12_48b__high_abs,1.3303428824891055,"expanding abs q70 using observations <= prediction_timestamp, min_periods=300"
2026-06-19 14:30:00+00:00,ema_spread_atr_12_48b__high_abs,1.3293543615173802,"expanding abs q70 using observations <= prediction_timestamp, min_periods=300"
2026-06-19 15:00:00+00:00,ema_spread_atr_12_48b__high_abs,1.3323704536063237,"expanding abs q70 using observations <= prediction_timestamp, min_periods=300"
2026-06-19 15:30:00+00:00,ema_spread_atr_12_48b__high_abs,1.3308497752684096,"expanding abs q70 using observations <= prediction_timestamp, min_periods=300"
2026-06-19 16:00:00+00:00,ema_spread_atr_12_48b__high_abs,1.3296838685079553,"expanding abs q70 using observations <= prediction_timestamp, min_periods=300"
2026-06-19 16:30:00+00:00,ema_spread_atr_12_48b__high_abs,1.3286953475362306,"expanding abs q70 using observations <= prediction_timestamp, min_periods=300"
2026-06-19 17:00:00+00:00,ema_spread_atr_12_48b__high_abs,1.3277068265645053,"expanding abs q70 using observations <= prediction_timestamp, min_periods=300"
2026-06-19 17:30:00+00:00,ema_spread_atr_12_48b__high_abs,1.3265569066215732,"expanding abs q70 using observations <= prediction_timestamp, min_periods=300"
2026-06-19 18:00:00+00:00,ema_spread_atr_12_48b__high_abs,1.3250841887362264,"expanding abs q70 using observations <= prediction_timestamp, min_periods=300"
2026-06-19 18:30:00+00:00,ema_spread_atr_12_48b__high_abs,1.32361147085088,"expanding abs q70 using observations <= prediction_timestamp, min_periods=300"
2026-06-19 19:00:00+00:00,ema_spread_atr_12_48b__high_abs,1.3221387529655335,"expanding abs q70 using observations <= prediction_timestamp, min_periods=300"
2026-06-19 19:30:00+00:00,ema_spread_atr_12_48b__high_abs,1.321908427707804,"expanding abs q70 using observations <= prediction_timestamp, min_periods=300"
2026-06-19 20:00:00+00:00,ema_spread_atr_12_48b__high_abs,1.3216781024500746,"expanding abs q70 using observations <= prediction_timestamp, min_periods=300"
2026-06-19 20:30:00+00:00,ema_spread_atr_12_48b__high_abs,1.321447777192345,"expanding abs q70 using observations <= prediction_timestamp, min_periods=300"
2026-06-19 21:00:00+00:00,ema_spread_atr_12_48b__high_abs,1.3213283791185302,"expanding abs q70 using observations <= prediction_timestamp, min_periods=300"
2026-06-19 21:30:00+00:00,ema_spread_atr_12_48b__high_abs,1.3212644446366726,"expanding abs q70 using observations <= prediction_timestamp, min_periods=300"
2026-06-19 22:00:00+00:00,ema_spread_atr_12_48b__high_abs,1.321200510154815,"expanding abs q70 using observations <= prediction_timestamp, min_periods=300"
2026-06-19 22:30:00+00:00,ema_spread_atr_12_48b__high_abs,1.3210679259088949,"expanding abs q70 using observations <= prediction_timestamp, min_periods=300"
2026-06-19 23:00:00+00:00,ema_spread_atr_12_48b__high_abs,1.32079804213485,"expanding abs q70 using observations <= prediction_timestamp, min_periods=300"
2026-06-19 23:30:00+00:00,ema_spread_atr_12_48b__high_abs,1.3205281583608053,"expanding abs q70 using observations <= prediction_timestamp, min_periods=300"
2026-06-20 00:00:00+00:00,ema_spread_atr_12_48b__high_abs,1.3202582745867604,"expanding abs q70 using observations <= prediction_timestamp, min_periods=300"
2026-06-20 00:30:00+00:00,ema_spread_atr_12_48b__high_abs,1.320888003392865,"expanding abs q70 using observations <= prediction_timestamp, min_periods=300"
2026-06-20 01:00:00+00:00,ema_spread_atr_12_48b__high_abs,1.3206181196188203,"expanding abs q70 using observations <= prediction_timestamp, min_periods=300"
2026-06-20 01:30:00+00:00,ema_spread_atr_12_48b__high_abs,1.3203482358447753,"expanding abs q70 using observations <= prediction_timestamp, min_periods=300"
2026-06-20 02:00:00+00:00,ema_spread_atr_12_48b__high_abs,1.3201279638568415,"expanding abs q70 using observations <= prediction_timestamp, min_periods=300"
2026-06-20 02:30:00+00:00,ema_spread_atr_12_48b__high_abs,1.319932497761963,"expanding abs q70 using observations <= prediction_timestamp, min_periods=300"
2026-06-20 03:00:00+00:00,ema_spread_atr_12_48b__high_abs,1.3197370316670847,"expanding abs q70 using observations <= prediction_timestamp, min_periods=300"
2026-06-20 03:30:00+00:00,ema_spread_atr_12_48b__high_abs,1.31951564127191,"expanding abs q70 using observations <= prediction_timestamp, min_periods=300"
2026-06-20 04:00:00+00:00,ema_spread_atr_12_48b__high_abs,1.3192424022761424,"expanding abs q70 using observations <= prediction_timestamp, min_periods=300"
2026-06-20 04:30:00+00:00,ema_spread_atr_12_48b__high_abs,1.3189691632803748,"expanding abs q70 using observations <= prediction_timestamp, min_periods=300"
2026-06-20 05:00:00+00:00,ema_spread_atr_12_48b__high_abs,1.3196067209371658,"expanding abs q70 using observations <= prediction_timestamp, min_periods=300"
2026-06-20 05:30:00+00:00,ema_spread_atr_12_48b__high_abs,1.320062808491882,"expanding abs q70 using observations <= prediction_timestamp, min_periods=300"
2026-06-20 06:00:00+00:00,ema_spread_atr_12_48b__high_abs,1.3206181196188203,"expanding abs q70 using observations <= prediction_timestamp, min_periods=300"
2026-06-20 06:30:00+00:00,ema_spread_atr_12_48b__high_abs,1.3211791986608623,"expanding abs q70 using observations <= prediction_timestamp, min_periods=300"
2026-06-20 07:00:00+00:00,ema_spread_atr_12_48b__high_abs,1.3213283791185302,"expanding abs q70 using observations <= prediction_timestamp, min_periods=300"
2026-06-20 07:30:00+00:00,ema_spread_atr_12_48b__high_abs,1.3217548775359844,"expanding abs q70 using observations <= prediction_timestamp, min_periods=300"
2026-06-20 08:00:00+00:00,ema_spread_atr_12_48b__high_abs,1.3231205648890976,"expanding abs q70 using observations <= prediction_timestamp, min_periods=300"
2026-06-20 08:30:00+00:00,ema_spread_atr_12_48b__high_abs,1.3220619778796237,"expanding abs q70 using observations <= prediction_timestamp, min_periods=300"
2026-06-20 09:00:00+00:00,ema_spread_atr_12_48b__high_abs,1.321831652621894,"expanding abs q70 using observations <= prediction_timestamp, min_periods=300"
2026-06-20 09:30:00+00:00,ema_spread_atr_12_48b__high_abs,1.3216013273641647,"expanding abs q70 using observations <= prediction_timestamp, min_periods=300"
2026-06-20 10:00:00+00:00,ema_spread_atr_12_48b__high_abs,1.3213710021064353,"expanding abs q70 using observations <= prediction_timestamp, min_periods=300"
2026-06-20 10:30:00+00:00,ema_spread_atr_12_48b__high_abs,1.3213070676245777,"expanding abs q70 using observations <= prediction_timestamp, min_periods=300"
2026-06-20 11:00:00+00:00,ema_spread_atr_12_48b__high_abs,1.3212431331427201,"expanding abs q70 using observations <= prediction_timestamp, min_periods=300"
2026-06-20 11:30:00+00:00,ema_spread_atr_12_48b__high_abs,1.3211791986608623,"expanding abs q70 using observations <= prediction_timestamp, min_periods=300"
2026-06-20 12:00:00+00:00,ema_spread_atr_12_48b__high_abs,1.32097796465088,"expanding abs q70 using observations <= prediction_timestamp, min_periods=300"
2026-06-20 12:30:00+00:00,ema_spread_atr_12_48b__high_abs,1.320708080876835,"expanding abs q70 using observations <= prediction_timestamp, min_periods=300"
2026-06-20 13:00:00+00:00,ema_spread_atr_12_48b__high_abs,1.3204381971027903,"expanding abs q70 using observations <= prediction_timestamp, min_periods=300"
2026-06-20 13:30:00+00:00,ema_spread_atr_12_48b__high_abs,1.3210679259088949,"expanding abs q70 using observations <= prediction_timestamp, min_periods=300"
2026-06-20 14:00:00+00:00,ema_spread_atr_12_48b__high_abs,1.321285756130625,"expanding abs q70 using observations <= prediction_timestamp, min_periods=300"
2026-06-20 14:30:00+00:00,ema_spread_atr_12_48b__high_abs,1.3216013273641647,"expanding abs q70 using observations <= prediction_timestamp, min_periods=300"
2026-06-20 15:00:00+00:00,ema_spread_atr_12_48b__high_abs,1.3213710021064353,"expanding abs q70 using observations <= prediction_timestamp, min_periods=300"
2026-06-20 15:30:00+00:00,ema_spread_atr_12_48b__high_abs,1.321908427707804,"expanding abs q70 using observations <= prediction_timestamp, min_periods=300"
2026-06-20 16:00:00+00:00,ema_spread_atr_12_48b__high_abs,1.3241023768126623,"expanding abs q70 using observations <= prediction_timestamp, min_periods=300"
2026-06-20 16:30:00+00:00,ema_spread_atr_12_48b__high_abs,1.3226296589273152,"expanding abs q70 using observations <= prediction_timestamp, min_periods=300"
2026-06-20 17:00:00+00:00,ema_spread_atr_12_48b__high_abs,1.3219852027937138,"expanding abs q70 using observations <= prediction_timestamp, min_periods=300"
2026-06-20 17:30:00+00:00,ema_spread_atr_12_48b__high_abs,1.3217548775359844,"expanding abs q70 using observations <= prediction_timestamp, min_periods=300"
2026-06-20 18:00:00+00:00,ema_spread_atr_12_48b__high_abs,1.3215245522782548,"expanding abs q70 using observations <= prediction_timestamp, min_periods=300"
2026-06-20 18:30:00+00:00,ema_spread_atr_12_48b__high_abs,1.3213496906124829,"expanding abs q70 using observations <= prediction_timestamp, min_periods=300"
2026-06-20 19:00:00+00:00,ema_spread_atr_12_48b__high_abs,1.321285756130625,"expanding abs q70 using observations <= prediction_timestamp, min_periods=300"
2026-06-20 19:30:00+00:00,ema_spread_atr_12_48b__high_abs,1.3212218216487674,"expanding abs q70 using observations <= prediction_timestamp, min_periods=300"
2026-06-20 20:00:00+00:00,ema_spread_atr_12_48b__high_abs,1.3211578871669099,"expanding abs q70 using observations <= prediction_timestamp, min_periods=300"
2026-06-20 20:30:00+00:00,ema_spread_atr_12_48b__high_abs,1.320888003392865,"expanding abs q70 using observations <= prediction_timestamp, min_periods=300"
2026-06-20 21:00:00+00:00,ema_spread_atr_12_48b__high_abs,1.3206181196188203,"expanding abs q70 using observations <= prediction_timestamp, min_periods=300"
2026-06-20 21:30:00+00:00,ema_spread_atr_12_48b__high_abs,1.3203482358447753,"expanding abs q70 using observations <= prediction_timestamp, min_periods=300"
2026-06-20 22:00:00+00:00,ema_spread_atr_12_48b__high_abs,1.32097796465088,"expanding abs q70 using observations <= prediction_timestamp, min_periods=300"
2026-06-20 22:30:00+00:00,ema_spread_atr_12_48b__high_abs,1.3212644446366726,"expanding abs q70 using observations <= prediction_timestamp, min_periods=300"
2026-06-20 23:00:00+00:00,ema_spread_atr_12_48b__high_abs,1.3215245522782548,"expanding abs q70 using observations <= prediction_timestamp, min_periods=300"
2026-06-20 23:30:00+00:00,ema_spread_atr_12_48b__high_abs,1.3220619778796237,"expanding abs q70 using observations <= prediction_timestamp, min_periods=300"
2026-06-21 00:00:00+00:00,ema_spread_atr_12_48b__high_abs,1.3250841887362264,"expanding abs q70 using observations <= prediction_timestamp, min_periods=300"
2026-06-21 00:30:00+00:00,ema_spread_atr_12_48b__high_abs,1.32361147085088,"expanding abs q70 using observations <= prediction_timestamp, min_periods=300"
2026-06-21 01:00:00+00:00,ema_spread_atr_12_48b__high_abs,1.3221387529655335,"expanding abs q70 using observations <= prediction_timestamp, min_periods=300"
2026-06-21 01:30:00+00:00,ema_spread_atr_12_48b__high_abs,1.321908427707804,"expanding abs q70 using observations <= prediction_timestamp, min_periods=300"
2026-06-21 02:00:00+00:00,ema_spread_atr_12_48b__high_abs,1.3216781024500746,"expanding abs q70 using observations <= prediction_timestamp, min_periods=300"
2026-06-21 02:30:00+00:00,ema_spread_atr_12_48b__high_abs,1.321447777192345,"expanding abs q70 using observations <= prediction_timestamp, min_periods=300"
2026-06-21 03:00:00+00:00,ema_spread_atr_12_48b__high_abs,1.3213283791185302,"expanding abs q70 using observations <= prediction_timestamp, min_periods=300"
2026-06-21 03:30:00+00:00,ema_spread_atr_12_48b__high_abs,1.3212644446366726,"expanding abs q70 using observations <= prediction_timestamp, min_periods=300"
2026-06-21 04:00:00+00:00,ema_spread_atr_12_48b__high_abs,1.321200510154815,"expanding abs q70 using observations <= prediction_timestamp, min_periods=300"
2026-06-21 04:30:00+00:00,ema_spread_atr_12_48b__high_abs,1.3210679259088949,"expanding abs q70 using observations <= prediction_timestamp, min_periods=300"
2026-06-21 05:00:00+00:00,ema_spread_atr_12_48b__high_abs,1.32079804213485,"expanding abs q70 using observations <= prediction_timestamp, min_periods=300"
2026-06-21 05:30:00+00:00,ema_spread_atr_12_48b__high_abs,1.3205281583608053,"expanding abs q70 using observations <= prediction_timestamp, min_periods=300"
2026-06-21 06:00:00+00:00,ema_spread_atr_12_48b__high_abs,1.3202582745867604,"expanding abs q70 using observations <= prediction_timestamp, min_periods=300"
2026-06-21 06:30:00+00:00,ema_spread_atr_12_48b__high_abs,1.320062808491882,"expanding abs q70 using observations <= prediction_timestamp, min_periods=300"
2026-06-21 07:00:00+00:00,ema_spread_atr_12_48b__high_abs,1.3198673423970035,"expanding abs q70 using observations <= prediction_timestamp, min_periods=300"
2026-06-21 07:30:00+00:00,ema_spread_atr_12_48b__high_abs,1.3196718763021251,"expanding abs q70 using observations <= prediction_timestamp, min_periods=300"
2026-06-21 08:00:00+00:00,ema_spread_atr_12_48b__high_abs,1.319424561606654,"expanding abs q70 using observations <= prediction_timestamp, min_periods=300"
2026-06-21 08:30:00+00:00,ema_spread_atr_12_48b__high_abs,1.319932497761963,"expanding abs q70 using observations <= prediction_timestamp, min_periods=300"
2026-06-21 09:00:00+00:00,ema_spread_atr_12_48b__high_abs,1.3204381971027903,"expanding abs q70 using observations <= prediction_timestamp, min_periods=300"
2026-06-21 09:30:00+00:00,ema_spread_atr_12_48b__high_abs,1.3210679259088949,"expanding abs q70 using observations <= prediction_timestamp, min_periods=300"
2026-06-21 10:00:00+00:00,ema_spread_atr_12_48b__high_abs,1.32079804213485,"expanding abs q70 using observations <= prediction_timestamp, min_periods=300"
2026-06-21 10:30:00+00:00,ema_spread_atr_12_48b__high_abs,1.3205281583608053,"expanding abs q70 using observations <= prediction_timestamp, min_periods=300"
2026-06-21 11:00:00+00:00,ema_spread_atr_12_48b__high_abs,1.3202582745867604,"expanding abs q70 using observations <= prediction_timestamp, min_periods=300"
2026-06-21 11:30:00+00:00,ema_spread_atr_12_48b__high_abs,1.320062808491882,"expanding abs q70 using observations <= prediction_timestamp, min_periods=300"
2026-06-21 12:00:00+00:00,ema_spread_atr_12_48b__high_abs,1.3198673423970035,"expanding abs q70 using observations <= prediction_timestamp, min_periods=300"
2026-06-21 12:30:00+00:00,ema_spread_atr_12_48b__high_abs,1.3203482358447753,"expanding abs q70 using observations <= prediction_timestamp, min_periods=300"
2026-06-21 13:00:00+00:00,ema_spread_atr_12_48b__high_abs,1.32097796465088,"expanding abs q70 using observations <= prediction_timestamp, min_periods=300"
2026-06-21 13:30:00+00:00,ema_spread_atr_12_48b__high_abs,1.320708080876835,"expanding abs q70 using observations <= prediction_timestamp, min_periods=300"
2026-06-21 14:00:00+00:00,ema_spread_atr_12_48b__high_abs,1.3204381971027903,"expanding abs q70 using observations <= prediction_timestamp, min_periods=300"
2026-06-21 14:30:00+00:00,ema_spread_atr_12_48b__high_abs,1.3201931192218008,"expanding abs q70 using observations <= prediction_timestamp, min_periods=300"
2026-06-21 15:00:00+00:00,ema_spread_atr_12_48b__high_abs,1.3199976531269224,"expanding abs q70 using observations <= prediction_timestamp, min_periods=300"
2026-06-21 15:30:00+00:00,ema_spread_atr_12_48b__high_abs,1.3198021870320442,"expanding abs q70 using observations <= prediction_timestamp, min_periods=300"
2026-06-21 16:00:00+00:00,ema_spread_atr_12_48b__high_abs,1.3196067209371658,"expanding abs q70 using observations <= prediction_timestamp, min_periods=300"
2026-06-21 16:30:00+00:00,ema_spread_atr_12_48b__high_abs,1.3193334819413982,"expanding abs q70 using observations <= prediction_timestamp, min_periods=300"
2026-06-21 17:00:00+00:00,ema_spread_atr_12_48b__high_abs,1.3190602429456308,"expanding abs q70 using observations <= prediction_timestamp, min_periods=300"
2026-06-21 17:30:00+00:00,ema_spread_atr_12_48b__high_abs,1.3187870039498633,"expanding abs q70 using observations <= prediction_timestamp, min_periods=300"
2026-06-21 18:00:00+00:00,ema_spread_atr_12_48b__high_abs,1.31758082398925,"expanding abs q70 using observations <= prediction_timestamp, min_periods=300"
2026-06-21 18:30:00+00:00,ema_spread_atr_12_48b__high_abs,1.3159081735462135,"expanding abs q70 using observations <= prediction_timestamp, min_periods=300"
2026-06-21 19:00:00+00:00,ema_spread_atr_12_48b__high_abs,1.3171451567648238,"expanding abs q70 using observations <= prediction_timestamp, min_periods=300"
2026-06-21 19:30:00+00:00,ema_spread_atr_12_48b__high_abs,1.3185020783446344,"expanding abs q70 using observations <= prediction_timestamp, min_periods=300"
2026-06-21 20:00:00+00:00,ema_spread_atr_12_48b__high_abs,1.3192424022761424,"expanding abs q70 using observations <= prediction_timestamp, min_periods=300"
2026-06-21 20:30:00+00:00,ema_spread_atr_12_48b__high_abs,1.3189691632803748,"expanding abs q70 using observations <= prediction_timestamp, min_periods=300"
2026-06-21 21:00:00+00:00,ema_spread_atr_12_48b__high_abs,1.3196067209371658,"expanding abs q70 using observations <= prediction_timestamp, min_periods=300"
2026-06-21 21:30:00+00:00,ema_spread_atr_12_48b__high_abs,1.320062808491882,"expanding abs q70 using observations <= prediction_timestamp, min_periods=300"
2026-06-21 22:00:00+00:00,ema_spread_atr_12_48b__high_abs,1.3206181196188203,"expanding abs q70 using observations <= prediction_timestamp, min_periods=300"
2026-06-21 22:30:00+00:00,ema_spread_atr_12_48b__high_abs,1.3211696201842345,"expanding abs q70 using observations <= prediction_timestamp, min_periods=300"
2026-06-21 23:00:00+00:00,ema_spread_atr_12_48b__high_abs,1.32097796465088,"expanding abs q70 using observations <= prediction_timestamp, min_periods=300"
2026-06-21 23:30:00+00:00,ema_spread_atr_12_48b__high_abs,1.320708080876835,"expanding abs q70 using observations <= prediction_timestamp, min_periods=300"
2026-06-22 00:00:00+00:00,ema_spread_atr_12_48b__high_abs,1.3211813532015593,"expanding abs q70 using observations <= prediction_timestamp, min_periods=300"
2026-06-22 00:30:00+00:00,ema_spread_atr_12_48b__high_abs,1.3210679259088949,"expanding abs q70 using observations <= prediction_timestamp, min_periods=300"
2026-06-22 01:00:00+00:00,ema_spread_atr_12_48b__high_abs,1.32079804213485,"expanding abs q70 using observations <= prediction_timestamp, min_periods=300"
2026-06-22 01:30:00+00:00,ema_spread_atr_12_48b__high_abs,1.3211930862188839,"expanding abs q70 using observations <= prediction_timestamp, min_periods=300"
2026-06-22 02:00:00+00:00,ema_spread_atr_12_48b__high_abs,1.3212752173401567,"expanding abs q70 using observations <= prediction_timestamp, min_periods=300"
2026-06-22 02:30:00+00:00,ema_spread_atr_12_48b__high_abs,1.3213422666765517,"expanding abs q70 using observations <= prediction_timestamp, min_periods=300"
2026-06-22 03:00:00+00:00,ema_spread_atr_12_48b__high_abs,1.3216781024500746,"expanding abs q70 using observations <= prediction_timestamp, min_periods=300"
2026-06-22 03:30:00+00:00,ema_spread_atr_12_48b__high_abs,1.321447777192345,"expanding abs q70 using observations <= prediction_timestamp, min_periods=300"
2026-06-22 04:00:00+00:00,ema_spread_atr_12_48b__high_abs,1.3213518451531796,"expanding abs q70 using observations <= prediction_timestamp, min_periods=300"
2026-06-22 04:30:00+00:00,ema_spread_atr_12_48b__high_abs,1.321323109723296,"expanding abs q70 using observations <= prediction_timestamp, min_periods=300"
2026-06-22 05:00:00+00:00,ema_spread_atr_12_48b__high_abs,1.3212943742934125,"expanding abs q70 using observations <= prediction_timestamp, min_periods=300"
2026-06-22 05:30:00+00:00,ema_spread_atr_12_48b__high_abs,1.3212634843228321,"expanding abs q70 using observations <= prediction_timestamp, min_periods=300"
2026-06-22 06:00:00+00:00,ema_spread_atr_12_48b__high_abs,1.321228285270858,"expanding abs q70 using observations <= prediction_timestamp, min_periods=300"
2026-06-22 06:30:00+00:00,ema_spread_atr_12_48b__high_abs,1.3211930862188839,"expanding abs q70 using observations <= prediction_timestamp, min_periods=300"
2026-06-22 07:00:00+00:00,ema_spread_atr_12_48b__high_abs,1.3211578871669099,"expanding abs q70 using observations <= prediction_timestamp, min_periods=300"
2026-06-22 07:30:00+00:00,ema_spread_atr_12_48b__high_abs,1.3212400182881827,"expanding abs q70 using observations <= prediction_timestamp, min_periods=300"
2026-06-22 08:00:00+00:00,ema_spread_atr_12_48b__high_abs,1.3213135312466682,"expanding abs q70 using observations <= prediction_timestamp, min_periods=300"
2026-06-22 08:30:00+00:00,ema_spread_atr_12_48b__high_abs,1.321447777192345,"expanding abs q70 using observations <= prediction_timestamp, min_periods=300"
2026-06-22 09:00:00+00:00,ema_spread_atr_12_48b__high_abs,1.3219852027937138,"expanding abs q70 using observations <= prediction_timestamp, min_periods=300"
2026-06-22 09:30:00+00:00,ema_spread_atr_12_48b__high_abs,1.3217548775359844,"expanding abs q70 using observations <= prediction_timestamp, min_periods=300"
2026-06-22 10:00:00+00:00,ema_spread_atr_12_48b__high_abs,1.3215245522782548,"expanding abs q70 using observations <= prediction_timestamp, min_periods=300"
2026-06-22 10:30:00+00:00,ema_spread_atr_12_48b__high_abs,1.3213614236298075,"expanding abs q70 using observations <= prediction_timestamp, min_periods=300"
2026-06-22 11:00:00+00:00,ema_spread_atr_12_48b__high_abs,1.3213326881999239,"expanding abs q70 using observations <= prediction_timestamp, min_periods=300"
2026-06-22 11:30:00+00:00,ema_spread_atr_12_48b__high_abs,1.3213039527700403,"expanding abs q70 using observations <= prediction_timestamp, min_periods=300"
2026-06-22 12:00:00+00:00,ema_spread_atr_12_48b__high_abs,1.3213710021064353,"expanding abs q70 using observations <= prediction_timestamp, min_periods=300"
2026-06-22 12:30:00+00:00,ema_spread_atr_12_48b__high_abs,1.321908427707804,"expanding abs q70 using observations <= prediction_timestamp, min_periods=300"
2026-06-22 13:00:00+00:00,ema_spread_atr_12_48b__high_abs,1.323666622337252,"expanding abs q70 using observations <= prediction_timestamp, min_periods=300"
2026-06-22 13:30:00+00:00,ema_spread_atr_12_48b__high_abs,1.3260673650136823,"expanding abs q70 using observations <= prediction_timestamp, min_periods=300"
2026-06-22 14:00:00+00:00,ema_spread_atr_12_48b__high_abs,1.3268299353456503,"expanding abs q70 using observations <= prediction_timestamp, min_periods=300"
2026-06-22 14:30:00+00:00,ema_spread_atr_12_48b__high_abs,1.3265031194890926,"expanding abs q70 using observations <= prediction_timestamp, min_periods=300"
2026-06-22 15:00:00+00:00,ema_spread_atr_12_48b__high_abs,1.326176303632535,"expanding abs q70 using observations <= prediction_timestamp, min_periods=300"
2026-06-22 15:30:00+00:00,ema_spread_atr_12_48b__high_abs,1.3255764590519001,"expanding abs q70 using observations <= prediction_timestamp, min_periods=300"
2026-06-22 16:00:00+00:00,ema_spread_atr_12_48b__high_abs,1.3266120581079452,"expanding abs q70 using observations <= prediction_timestamp, min_periods=300"
2026-06-22 16:30:00+00:00,ema_spread_atr_12_48b__high_abs,1.3280363335550804,"expanding abs q70 using observations <= prediction_timestamp, min_periods=300"
2026-06-22 17:00:00+00:00,ema_spread_atr_12_48b__high_abs,1.330342882489105,"expanding abs q70 using observations <= prediction_timestamp, min_periods=300"
2026-06-22 17:30:00+00:00,ema_spread_atr_12_48b__high_abs,1.333891131944237,"expanding abs q70 using observations <= prediction_timestamp, min_periods=300"
2026-06-22 18:00:00+00:00,ema_spread_atr_12_48b__high_abs,1.3323704536063237,"expanding abs q70 using observations <= prediction_timestamp, min_periods=300"
2026-06-22 18:30:00+00:00,ema_spread_atr_12_48b__high_abs,1.3308497752684096,"expanding abs q70 using observations <= prediction_timestamp, min_periods=300"
2026-06-22 19:00:00+00:00,ema_spread_atr_12_48b__high_abs,1.3296838685079553,"expanding abs q70 using observations <= prediction_timestamp, min_periods=300"
2026-06-22 19:30:00+00:00,ema_spread_atr_12_48b__high_abs,1.3328773463856276,"expanding abs q70 using observations <= prediction_timestamp, min_periods=300"
2026-06-22 20:00:00+00:00,ema_spread_atr_12_48b__high_abs,1.3313566680477142,"expanding abs q70 using observations <= prediction_timestamp, min_periods=300"
2026-06-22 20:30:00+00:00,ema_spread_atr_12_48b__high_abs,1.3300133754985304,"expanding abs q70 using observations <= prediction_timestamp, min_periods=300"
2026-06-22 21:00:00+00:00,ema_spread_atr_12_48b__high_abs,1.3290248545268053,"expanding abs q70 using observations <= prediction_timestamp, min_periods=300"
2026-06-22 21:30:00+00:00,ema_spread_atr_12_48b__high_abs,1.3280363335550804,"expanding abs q70 using observations <= prediction_timestamp, min_periods=300"
2026-06-22 22:00:00+00:00,ema_spread_atr_12_48b__high_abs,1.3270478125833554,"expanding abs q70 using observations <= prediction_timestamp, min_periods=300"
2026-06-22 22:30:00+00:00,ema_spread_atr_12_48b__high_abs,1.3267209967267979,"expanding abs q70 using observations <= prediction_timestamp, min_periods=300"
2026-06-22 23:00:00+00:00,ema_spread_atr_12_48b__high_abs,1.3283658405456555,"expanding abs q70 using observations <= prediction_timestamp, min_periods=300"
2026-06-22 23:30:00+00:00,ema_spread_atr_12_48b__high_abs,1.3308497752684096,"expanding abs q70 using observations <= prediction_timestamp, min_periods=300"
2026-06-23 00:00:00+00:00,ema_spread_atr_12_48b__high_abs,1.3296838685079553,"expanding abs q70 using observations <= prediction_timestamp, min_periods=300"
2026-06-23 00:30:00+00:00,ema_spread_atr_12_48b__high_abs,1.3286953475362302,"expanding abs q70 using observations <= prediction_timestamp, min_periods=300"
2026-06-23 01:00:00+00:00,ema_spread_atr_12_48b__high_abs,1.3277068265645053,"expanding abs q70 using observations <= prediction_timestamp, min_periods=300"
2026-06-23 01:30:00+00:00,ema_spread_atr_12_48b__high_abs,1.326938873964503,"expanding abs q70 using observations <= prediction_timestamp, min_periods=300"
2026-06-23 02:00:00+00:00,ema_spread_atr_12_48b__high_abs,1.3266120581079452,"expanding abs q70 using observations <= prediction_timestamp, min_periods=300"
2026-06-23 02:30:00+00:00,ema_spread_atr_12_48b__high_abs,1.3262852422513876,"expanding abs q70 using observations <= prediction_timestamp, min_periods=300"
2026-06-23 03:00:00+00:00,ema_spread_atr_12_48b__high_abs,1.3259584263948294,"expanding abs q70 using observations <= prediction_timestamp, min_periods=300"
2026-06-23 03:30:00+00:00,ema_spread_atr_12_48b__high_abs,1.3248125243660407,"expanding abs q70 using observations <= prediction_timestamp, min_periods=300"
2026-06-23 04:00:00+00:00,ema_spread_atr_12_48b__high_abs,1.323666622337252,"expanding abs q70 using observations <= prediction_timestamp, min_periods=300"
2026-06-23 04:30:00+00:00,ema_spread_atr_12_48b__high_abs,1.3225207203084628,"expanding abs q70 using observations <= prediction_timestamp, min_periods=300"
2026-06-23 05:00:00+00:00,ema_spread_atr_12_48b__high_abs,1.3219852027937138,"expanding abs q70 using observations <= prediction_timestamp, min_periods=300"
2026-06-23 05:30:00+00:00,ema_spread_atr_12_48b__high_abs,1.3240485896801812,"expanding abs q70 using observations <= prediction_timestamp, min_periods=300"
2026-06-23 06:00:00+00:00,ema_spread_atr_12_48b__high_abs,1.326176303632535,"expanding abs q70 using observations <= prediction_timestamp, min_periods=300"
2026-06-23 06:30:00+00:00,ema_spread_atr_12_48b__high_abs,1.326938873964503,"expanding abs q70 using observations <= prediction_timestamp, min_periods=300"
2026-06-23 07:00:00+00:00,ema_spread_atr_12_48b__high_abs,1.3290248545268053,"expanding abs q70 using observations <= prediction_timestamp, min_periods=300"
2026-06-23 07:30:00+00:00,ema_spread_atr_12_48b__high_abs,1.3318635608270188,"expanding abs q70 using observations <= prediction_timestamp, min_periods=300"
2026-06-23 08:00:00+00:00,ema_spread_atr_12_48b__high_abs,1.3354118102821504,"expanding abs q70 using observations <= prediction_timestamp, min_periods=300"
2026-06-23 08:30:00+00:00,ema_spread_atr_12_48b__high_abs,1.3377822155179657,"expanding abs q70 using observations <= prediction_timestamp, min_periods=300"
2026-06-23 09:00:00+00:00,ema_spread_atr_12_48b__high_abs,1.3388155388773388,"expanding abs q70 using observations <= prediction_timestamp, min_periods=300"
2026-06-23 09:30:00+00:00,ema_spread_atr_12_48b__high_abs,1.3390700991698896,"expanding abs q70 using observations <= prediction_timestamp, min_periods=300"
2026-06-23 10:00:00+00:00,ema_spread_atr_12_48b__high_abs,1.3406689495054989,"expanding abs q70 using observations <= prediction_timestamp, min_periods=300"
2026-06-23 10:30:00+00:00,ema_spread_atr_12_48b__high_abs,1.3422226698788844,"expanding abs q70 using observations <= prediction_timestamp, min_periods=300"
2026-06-23 11:00:00+00:00,ema_spread_atr_12_48b__high_abs,1.3433558613723222,"expanding abs q70 using observations <= prediction_timestamp, min_periods=300"
2026-06-23 11:30:00+00:00,ema_spread_atr_12_48b__high_abs,1.3431001946723111,"expanding abs q70 using observations <= prediction_timestamp, min_periods=300"
2026-06-23 12:00:00+00:00,ema_spread_atr_12_48b__high_abs,1.342442051077241,"expanding abs q70 using observations <= prediction_timestamp, min_periods=300"
2026-06-23 12:30:00+00:00,ema_spread_atr_12_48b__high_abs,1.3417839074821714,"expanding abs q70 using observations <= prediction_timestamp, min_periods=300"
2026-06-23 13:00:00+00:00,ema_spread_atr_12_48b__high_abs,1.3411257638871013,"expanding abs q70 using observations <= prediction_timestamp, min_periods=300"
2026-06-23 13:30:00+00:00,ema_spread_atr_12_48b__high_abs,1.3404405423146974,"expanding abs q70 using observations <= prediction_timestamp, min_periods=300"
2026-06-23 14:00:00+00:00,ema_spread_atr_12_48b__high_abs,1.3397553207422936,"expanding abs q70 using observations <= prediction_timestamp, min_periods=300"
2026-06-23 14:30:00+00:00,ema_spread_atr_12_48b__high_abs,1.3390700991698896,"expanding abs q70 using observations <= prediction_timestamp, min_periods=300"
2026-06-23 15:00:00+00:00,ema_spread_atr_12_48b__high_abs,1.3388329742785052,"expanding abs q70 using observations <= prediction_timestamp, min_periods=300"
2026-06-23 15:30:00+00:00,ema_spread_atr_12_48b__high_abs,1.3388198977276304,"expanding abs q70 using observations <= prediction_timestamp, min_periods=300"
2026-06-23 16:00:00+00:00,ema_spread_atr_12_48b__high_abs,1.3388068211767556,"expanding abs q70 using observations <= prediction_timestamp, min_periods=300"
2026-06-23 16:30:00+00:00,ema_spread_atr_12_48b__high_abs,1.33845947415677,"expanding abs q70 using observations <= prediction_timestamp, min_periods=300"
2026-06-23 17:00:00+00:00,ema_spread_atr_12_48b__high_abs,1.3374435861985636,"expanding abs q70 using observations <= prediction_timestamp, min_periods=300"
2026-06-23 17:30:00+00:00,ema_spread_atr_12_48b__high_abs,1.3364276982403573,"expanding abs q70 using observations <= prediction_timestamp, min_periods=300"
2026-06-23 18:00:00+00:00,ema_spread_atr_12_48b__high_abs,1.335411810282151,"expanding abs q70 using observations <= prediction_timestamp, min_periods=300"
2026-06-23 18:30:00+00:00,ema_spread_atr_12_48b__high_abs,1.3338911319442377,"expanding abs q70 using observations <= prediction_timestamp, min_periods=300"
2026-06-23 19:00:00+00:00,ema_spread_atr_12_48b__high_abs,1.332370453606323,"expanding abs q70 using observations <= prediction_timestamp, min_periods=300"
2026-06-23 19:30:00+00:00,ema_spread_atr_12_48b__high_abs,1.3308497752684096,"expanding abs q70 using observations <= prediction_timestamp, min_periods=300"
2026-06-23 20:00:00+00:00,ema_spread_atr_12_48b__high_abs,1.3296838685079553,"expanding abs q70 using observations <= prediction_timestamp, min_periods=300"
2026-06-23 20:30:00+00:00,ema_spread_atr_12_48b__high_abs,1.3286953475362306,"expanding abs q70 using observations <= prediction_timestamp, min_periods=300"
2026-06-23 21:00:00+00:00,ema_spread_atr_12_48b__high_abs,1.3277068265645058,"expanding abs q70 using observations <= prediction_timestamp, min_periods=300"
2026-06-23 21:30:00+00:00,ema_spread_atr_12_48b__high_abs,1.326938873964503,"expanding abs q70 using observations <= prediction_timestamp, min_periods=300"
2026-06-23 22:00:00+00:00,ema_spread_atr_12_48b__high_abs,1.3266120581079452,"expanding abs q70 using observations <= prediction_timestamp, min_periods=300"
2026-06-23 22:30:00+00:00,ema_spread_atr_12_48b__high_abs,1.3262852422513876,"expanding abs q70 using observations <= prediction_timestamp, min_periods=300"
2026-06-23 23:00:00+00:00,ema_spread_atr_12_48b__high_abs,1.3259584263948299,"expanding abs q70 using observations <= prediction_timestamp, min_periods=300"
2026-06-23 23:30:00+00:00,ema_spread_atr_12_48b__high_abs,1.3248125243660411,"expanding abs q70 using observations <= prediction_timestamp, min_periods=300"
2026-06-24 00:00:00+00:00,ema_spread_atr_12_48b__high_abs,1.3236666223372515,"expanding abs q70 using observations <= prediction_timestamp, min_periods=300"
2026-06-24 00:30:00+00:00,ema_spread_atr_12_48b__high_abs,1.3225207203084628,"expanding abs q70 using observations <= prediction_timestamp, min_periods=300"
2026-06-24 01:00:00+00:00,ema_spread_atr_12_48b__high_abs,1.3219852027937138,"expanding abs q70 using observations <= prediction_timestamp, min_periods=300"
2026-06-24 01:30:00+00:00,ema_spread_atr_12_48b__high_abs,1.3217548775359844,"expanding abs q70 using observations <= prediction_timestamp, min_periods=300"
2026-06-24 02:00:00+00:00,ema_spread_atr_12_48b__high_abs,1.321524552278255,"expanding abs q70 using observations <= prediction_timestamp, min_periods=300"
2026-06-24 02:30:00+00:00,ema_spread_atr_12_48b__high_abs,1.3213614236298075,"expanding abs q70 using observations <= prediction_timestamp, min_periods=300"
2026-06-24 03:00:00+00:00,ema_spread_atr_12_48b__high_abs,1.3213326881999239,"expanding abs q70 using observations <= prediction_timestamp, min_periods=300"
2026-06-24 03:30:00+00:00,ema_spread_atr_12_48b__high_abs,1.3213039527700403,"expanding abs q70 using observations <= prediction_timestamp, min_periods=300"
2026-06-24 04:00:00+00:00,ema_spread_atr_12_48b__high_abs,1.3212752173401567,"expanding abs q70 using observations <= prediction_timestamp, min_periods=300"
2026-06-24 04:30:00+00:00,ema_spread_atr_12_48b__high_abs,1.3212400182881827,"expanding abs q70 using observations <= prediction_timestamp, min_periods=300"
2026-06-24 05:00:00+00:00,ema_spread_atr_12_48b__high_abs,1.3212048192362087,"expanding abs q70 using observations <= prediction_timestamp, min_periods=300"
2026-06-24 05:30:00+00:00,ema_spread_atr_12_48b__high_abs,1.3211696201842345,"expanding abs q70 using observations <= prediction_timestamp, min_periods=300"
2026-06-24 06:00:00+00:00,ema_spread_atr_12_48b__high_abs,1.32097796465088,"expanding abs q70 using observations <= prediction_timestamp, min_periods=300"
2026-06-24 06:30:00+00:00,ema_spread_atr_12_48b__high_abs,1.3207080808768352,"expanding abs q70 using observations <= prediction_timestamp, min_periods=300"
2026-06-24 07:00:00+00:00,ema_spread_atr_12_48b__high_abs,1.3204381971027903,"expanding abs q70 using observations <= prediction_timestamp, min_periods=300"
2026-06-24 07:30:00+00:00,ema_spread_atr_12_48b__high_abs,1.3201931192218008,"expanding abs q70 using observations <= prediction_timestamp, min_periods=300"
2026-06-24 08:00:00+00:00,ema_spread_atr_12_48b__high_abs,1.3199976531269224,"expanding abs q70 using observations <= prediction_timestamp, min_periods=300"
2026-06-24 08:30:00+00:00,ema_spread_atr_12_48b__high_abs,1.3198021870320442,"expanding abs q70 using observations <= prediction_timestamp, min_periods=300"
2026-06-24 09:00:00+00:00,ema_spread_atr_12_48b__high_abs,1.3196067209371658,"expanding abs q70 using observations <= prediction_timestamp, min_periods=300"
2026-06-24 09:30:00+00:00,ema_spread_atr_12_48b__high_abs,1.3193334819413984,"expanding abs q70 using observations <= prediction_timestamp, min_periods=300"
2026-06-24 10:00:00+00:00,ema_spread_atr_12_48b__high_abs,1.3190602429456306,"expanding abs q70 using observations <= prediction_timestamp, min_periods=300"
2026-06-24 10:30:00+00:00,ema_spread_atr_12_48b__high_abs,1.3187870039498633,"expanding abs q70 using observations <= prediction_timestamp, min_periods=300"
2026-06-24 11:00:00+00:00,ema_spread_atr_12_48b__high_abs,1.3183082324046616,"expanding abs q70 using observations <= prediction_timestamp, min_periods=300"
2026-06-24 11:30:00+00:00,ema_spread_atr_12_48b__high_abs,1.3191513226108866,"expanding abs q70 using observations <= prediction_timestamp, min_periods=300"
2026-06-24 12:00:00+00:00,ema_spread_atr_12_48b__high_abs,1.3188780836151193,"expanding abs q70 using observations <= prediction_timestamp, min_periods=300"
2026-06-24 12:30:00+00:00,ema_spread_atr_12_48b__high_abs,1.3195156412719098,"expanding abs q70 using observations <= prediction_timestamp, min_periods=300"
2026-06-24 13:00:00+00:00,ema_spread_atr_12_48b__high_abs,1.3192424022761424,"expanding abs q70 using observations <= prediction_timestamp, min_periods=300"
2026-06-24 13:30:00+00:00,ema_spread_atr_12_48b__high_abs,1.3189691632803748,"expanding abs q70 using observations <= prediction_timestamp, min_periods=300"
2026-06-24 14:00:00+00:00,ema_spread_atr_12_48b__high_abs,1.3196067209371658,"expanding abs q70 using observations <= prediction_timestamp, min_periods=300"
2026-06-24 14:30:00+00:00,ema_spread_atr_12_48b__high_abs,1.320062808491882,"expanding abs q70 using observations <= prediction_timestamp, min_periods=300"
2026-06-24 15:00:00+00:00,ema_spread_atr_12_48b__high_abs,1.32061811961882,"expanding abs q70 using observations <= prediction_timestamp, min_periods=300"
2026-06-24 15:30:00+00:00,ema_spread_atr_12_48b__high_abs,1.3211696201842345,"expanding abs q70 using observations <= prediction_timestamp, min_periods=300"
2026-06-24 16:00:00+00:00,ema_spread_atr_12_48b__high_abs,1.3212517513055073,"expanding abs q70 using observations <= prediction_timestamp, min_periods=300"
2026-06-24 16:30:00+00:00,ema_spread_atr_12_48b__high_abs,1.321323109723296,"expanding abs q70 using observations <= prediction_timestamp, min_periods=300"
2026-06-24 17:00:00+00:00,ema_spread_atr_12_48b__high_abs,1.321524552278255,"expanding abs q70 using observations <= prediction_timestamp, min_periods=300"
2026-06-24 17:30:00+00:00,ema_spread_atr_12_48b__high_abs,1.3220619778796237,"expanding abs q70 using observations <= prediction_timestamp, min_periods=300"
2026-06-24 18:00:00+00:00,ema_spread_atr_12_48b__high_abs,1.3242998595124662,"expanding abs q70 using observations <= prediction_timestamp, min_periods=300"
2026-06-24 18:30:00+00:00,ema_spread_atr_12_48b__high_abs,1.3258059459657443,"expanding abs q70 using observations <= prediction_timestamp, min_periods=300"
2026-06-24 19:00:00+00:00,ema_spread_atr_12_48b__high_abs,1.3259584263948299,"expanding abs q70 using observations <= prediction_timestamp, min_periods=300"
2026-06-24 19:30:00+00:00,ema_spread_atr_12_48b__high_abs,1.3267209967267979,"expanding abs q70 using observations <= prediction_timestamp, min_periods=300"
2026-06-24 20:00:00+00:00,ema_spread_atr_12_48b__high_abs,1.32639418087024,"expanding abs q70 using observations <= prediction_timestamp, min_periods=300"
2026-06-24 20:30:00+00:00,ema_spread_atr_12_48b__high_abs,1.3260673650136823,"expanding abs q70 using observations <= prediction_timestamp, min_periods=300"
2026-06-24 21:00:00+00:00,ema_spread_atr_12_48b__high_abs,1.3268299353456503,"expanding abs q70 using observations <= prediction_timestamp, min_periods=300"
2026-06-24 21:30:00+00:00,ema_spread_atr_12_48b__high_abs,1.3286953475362306,"expanding abs q70 using observations <= prediction_timestamp, min_periods=300"
2026-06-24 22:00:00+00:00,ema_spread_atr_12_48b__high_abs,1.331356668047715,"expanding abs q70 using observations <= prediction_timestamp, min_periods=300"
2026-06-24 22:30:00+00:00,ema_spread_atr_12_48b__high_abs,1.3349049175028458,"expanding abs q70 using observations <= prediction_timestamp, min_periods=300"
2026-06-24 23:00:00+00:00,ema_spread_atr_12_48b__high_abs,1.3333842391649324,"expanding abs q70 using observations <= prediction_timestamp, min_periods=300"
2026-06-24 23:30:00+00:00,ema_spread_atr_12_48b__high_abs,1.3318635608270188,"expanding abs q70 using observations <= prediction_timestamp, min_periods=300"
2026-06-25 00:00:00+00:00,ema_spread_atr_12_48b__high_abs,1.335411810282151,"expanding abs q70 using observations <= prediction_timestamp, min_periods=300"
2026-06-25 00:30:00+00:00,ema_spread_atr_12_48b__high_abs,1.3377822155179662,"expanding abs q70 using observations <= prediction_timestamp, min_periods=300"
2026-06-25 01:00:00+00:00,ema_spread_atr_12_48b__high_abs,1.3367663275597592,"expanding abs q70 using observations <= prediction_timestamp, min_periods=300"
2026-06-25 01:30:00+00:00,ema_spread_atr_12_48b__high_abs,1.335750439601553,"expanding abs q70 using observations <= prediction_timestamp, min_periods=300"
2026-06-25 02:00:00+00:00,ema_spread_atr_12_48b__high_abs,1.3343980247235416,"expanding abs q70 using observations <= prediction_timestamp, min_periods=300"
2026-06-25 02:30:00+00:00,ema_spread_atr_12_48b__high_abs,1.3328773463856283,"expanding abs q70 using observations <= prediction_timestamp, min_periods=300"
2026-06-25 03:00:00+00:00,ema_spread_atr_12_48b__high_abs,1.3313566680477136,"expanding abs q70 using observations <= prediction_timestamp, min_periods=300"
2026-06-25 03:30:00+00:00,ema_spread_atr_12_48b__high_abs,1.33001337549853,"expanding abs q70 using observations <= prediction_timestamp, min_periods=300"
2026-06-25 04:00:00+00:00,ema_spread_atr_12_48b__high_abs,1.3290248545268053,"expanding abs q70 using observations <= prediction_timestamp, min_periods=300"
2026-06-25 04:30:00+00:00,ema_spread_atr_12_48b__high_abs,1.3280363335550804,"expanding abs q70 using observations <= prediction_timestamp, min_periods=300"
2026-06-25 05:00:00+00:00,ema_spread_atr_12_48b__high_abs,1.3303428824891055,"expanding abs q70 using observations <= prediction_timestamp, min_periods=300"
2026-06-25 05:30:00+00:00,ema_spread_atr_12_48b__high_abs,1.3338911319442364,"expanding abs q70 using observations <= prediction_timestamp, min_periods=300"
2026-06-25 06:00:00+00:00,ema_spread_atr_12_48b__high_abs,1.3367663275597592,"expanding abs q70 using observations <= prediction_timestamp, min_periods=300"
2026-06-25 06:30:00+00:00,ema_spread_atr_12_48b__high_abs,1.338802462326464,"expanding abs q70 using observations <= prediction_timestamp, min_periods=300"
2026-06-25 07:00:00+00:00,ema_spread_atr_12_48b__high_abs,1.3388329742785052,"expanding abs q70 using observations <= prediction_timestamp, min_periods=300"
2026-06-25 07:30:00+00:00,ema_spread_atr_12_48b__high_abs,1.3399837279330948,"expanding abs q70 using observations <= prediction_timestamp, min_periods=300"
2026-06-25 08:00:00+00:00,ema_spread_atr_12_48b__high_abs,1.3415645262838143,"expanding abs q70 using observations <= prediction_timestamp, min_periods=300"
2026-06-25 08:30:00+00:00,ema_spread_atr_12_48b__high_abs,1.343100194672311,"expanding abs q70 using observations <= prediction_timestamp, min_periods=300"
2026-06-25 09:00:00+00:00,ema_spread_atr_12_48b__high_abs,1.343428432375631,"expanding abs q70 using observations <= prediction_timestamp, min_periods=300"
2026-06-25 09:30:00+00:00,ema_spread_atr_12_48b__high_abs,1.3433740041231492,"expanding abs q70 using observations <= prediction_timestamp, min_periods=300"
2026-06-25 10:00:00+00:00,ema_spread_atr_12_48b__high_abs,1.3433195758706677,"expanding abs q70 using observations <= prediction_timestamp, min_periods=300"
2026-06-25 10:30:00+00:00,ema_spread_atr_12_48b__high_abs,1.3426614322755974,"expanding abs q70 using observations <= prediction_timestamp, min_periods=300"
2026-06-25 11:00:00+00:00,ema_spread_atr_12_48b__high_abs,1.3433921468739765,"expanding abs q70 using observations <= prediction_timestamp, min_periods=300"
2026-06-25 11:30:00+00:00,ema_spread_atr_12_48b__high_abs,1.3435947973758129,"expanding abs q70 using observations <= prediction_timestamp, min_periods=300"
2026-06-25 12:00:00+00:00,ema_spread_atr_12_48b__high_abs,1.344251355353927,"expanding abs q70 using observations <= prediction_timestamp, min_periods=300"
2026-06-25 12:30:00+00:00,ema_spread_atr_12_48b__high_abs,1.344909514940701,"expanding abs q70 using observations <= prediction_timestamp, min_periods=300"
2026-06-25 13:00:00+00:00,ema_spread_atr_12_48b__high_abs,1.3446271719848846,"expanding abs q70 using observations <= prediction_timestamp, min_periods=300"
2026-06-25 13:30:00+00:00,ema_spread_atr_12_48b__high_abs,1.3443451493508005,"expanding abs q70 using observations <= prediction_timestamp, min_periods=300"
2026-06-25 14:00:00+00:00,ema_spread_atr_12_48b__high_abs,1.3450036292593064,"expanding abs q70 using observations <= prediction_timestamp, min_periods=300"
2026-06-25 14:30:00+00:00,ema_spread_atr_12_48b__high_abs,1.3453937139379744,"expanding abs q70 using observations <= prediction_timestamp, min_periods=300"
2026-06-25 15:00:00+00:00,ema_spread_atr_12_48b__high_abs,1.345425511214549,"expanding abs q70 using observations <= prediction_timestamp, min_periods=300"
2026-06-25 15:30:00+00:00,ema_spread_atr_12_48b__high_abs,1.3485505424782158,"expanding abs q70 using observations <= prediction_timestamp, min_periods=300"
2026-06-25 16:00:00+00:00,ema_spread_atr_12_48b__high_abs,1.3507777320534107,"expanding abs q70 using observations <= prediction_timestamp, min_periods=300"
2026-06-25 16:30:00+00:00,ema_spread_atr_12_48b__high_abs,1.3501118142067654,"expanding abs q70 using observations <= prediction_timestamp, min_periods=300"
2026-06-25 17:00:00+00:00,ema_spread_atr_12_48b__high_abs,1.3489969755158833,"expanding abs q70 using observations <= prediction_timestamp, min_periods=300"
2026-06-25 17:30:00+00:00,ema_spread_atr_12_48b__high_abs,1.347657676402883,"expanding abs q70 using observations <= prediction_timestamp, min_periods=300"
2026-06-25 18:00:00+00:00,ema_spread_atr_12_48b__high_abs,1.346318377289882,"expanding abs q70 using observations <= prediction_timestamp, min_periods=300"
2026-06-25 18:30:00+00:00,ema_spread_atr_12_48b__high_abs,1.3454209687464669,"expanding abs q70 using observations <= prediction_timestamp, min_periods=300"
2026-06-25 19:00:00+00:00,ema_spread_atr_12_48b__high_abs,1.3454073413422205,"expanding abs q70 using observations <= prediction_timestamp, min_periods=300"
2026-06-25 19:30:00+00:00,ema_spread_atr_12_48b__high_abs,1.3453937139379744,"expanding abs q70 using observations <= prediction_timestamp, min_periods=300"
2026-06-25 20:00:00+00:00,ema_spread_atr_12_48b__high_abs,1.345380086533728,"expanding abs q70 using observations <= prediction_timestamp, min_periods=300"
2026-06-25 20:30:00+00:00,ema_spread_atr_12_48b__high_abs,1.3450977435779117,"expanding abs q70 using observations <= prediction_timestamp, min_periods=300"
2026-06-25 21:00:00+00:00,ema_spread_atr_12_48b__high_abs,1.3448154006220954,"expanding abs q70 using observations <= prediction_timestamp, min_periods=300"
2026-06-25 21:30:00+00:00,ema_spread_atr_12_48b__high_abs,1.3445330576662793,"expanding abs q70 using observations <= prediction_timestamp, min_periods=300"
2026-06-25 22:00:00+00:00,ema_spread_atr_12_48b__high_abs,1.344251355353927,"expanding abs q70 using observations <= prediction_timestamp, min_periods=300"
2026-06-25 22:30:00+00:00,ema_spread_atr_12_48b__high_abs,1.3439699733633068,"expanding abs q70 using observations <= prediction_timestamp, min_periods=300"
2026-06-25 23:00:00+00:00,ema_spread_atr_12_48b__high_abs,1.3436885913726864,"expanding abs q70 using observations <= prediction_timestamp, min_periods=300"
2026-06-25 23:30:00+00:00,ema_spread_atr_12_48b__high_abs,1.3434828606281124,"expanding abs q70 using observations <= prediction_timestamp, min_periods=300"
2026-06-26 00:00:00+00:00,ema_spread_atr_12_48b__high_abs,1.343428432375631,"expanding abs q70 using observations <= prediction_timestamp, min_periods=300"
2026-06-26 00:30:00+00:00,ema_spread_atr_12_48b__high_abs,1.3433740041231492,"expanding abs q70 using observations <= prediction_timestamp, min_periods=300"
2026-06-26 01:00:00+00:00,ema_spread_atr_12_48b__high_abs,1.3433195758706677,"expanding abs q70 using observations <= prediction_timestamp, min_periods=300"
2026-06-26 01:30:00+00:00,ema_spread_atr_12_48b__high_abs,1.3426614322755974,"expanding abs q70 using observations <= prediction_timestamp, min_periods=300"
2026-06-26 02:00:00+00:00,ema_spread_atr_12_48b__high_abs,1.3433921468739765,"expanding abs q70 using observations <= prediction_timestamp, min_periods=300"
2026-06-26 02:30:00+00:00,ema_spread_atr_12_48b__high_abs,1.3435947973758129,"expanding abs q70 using observations <= prediction_timestamp, min_periods=300"
2026-06-26 03:00:00+00:00,ema_spread_atr_12_48b__high_abs,1.344251355353927,"expanding abs q70 using observations <= prediction_timestamp, min_periods=300"
2026-06-26 03:30:00+00:00,ema_spread_atr_12_48b__high_abs,1.344909514940701,"expanding abs q70 using observations <= prediction_timestamp, min_periods=300"
2026-06-26 04:00:00+00:00,ema_spread_atr_12_48b__high_abs,1.3446271719848846,"expanding abs q70 using observations <= prediction_timestamp, min_periods=300"
2026-06-26 04:30:00+00:00,ema_spread_atr_12_48b__high_abs,1.3443451493508005,"expanding abs q70 using observations <= prediction_timestamp, min_periods=300"
2026-06-26 05:00:00+00:00,ema_spread_atr_12_48b__high_abs,1.34406376736018,"expanding abs q70 using observations <= prediction_timestamp, min_periods=300"
2026-06-26 05:30:00+00:00,ema_spread_atr_12_48b__high_abs,1.3437823853695599,"expanding abs q70 using observations <= prediction_timestamp, min_periods=300"
2026-06-26 06:00:00+00:00,ema_spread_atr_12_48b__high_abs,1.3435010033789396,"expanding abs q70 using observations <= prediction_timestamp, min_periods=300"
2026-06-26 06:30:00+00:00,ema_spread_atr_12_48b__high_abs,1.343446575126458,"expanding abs q70 using observations <= prediction_timestamp, min_periods=300"
2026-06-26 07:00:00+00:00,ema_spread_atr_12_48b__high_abs,1.3438761793664333,"expanding abs q70 using observations <= prediction_timestamp, min_periods=300"
2026-06-26 07:30:00+00:00,ema_spread_atr_12_48b__high_abs,1.3445330576662793,"expanding abs q70 using observations <= prediction_timestamp, min_periods=300"
2026-06-26 08:00:00+00:00,ema_spread_atr_12_48b__high_abs,1.3451918578965172,"expanding abs q70 using observations <= prediction_timestamp, min_periods=300"
2026-06-26 08:30:00+00:00,ema_spread_atr_12_48b__high_abs,1.3454027988741384,"expanding abs q70 using observations <= prediction_timestamp, min_periods=300"
2026-06-26 09:00:00+00:00,ema_spread_atr_12_48b__high_abs,1.3453891714698922,"expanding abs q70 using observations <= prediction_timestamp, min_periods=300"
2026-06-26 09:30:00+00:00,ema_spread_atr_12_48b__high_abs,1.3452859722151225,"expanding abs q70 using observations <= prediction_timestamp, min_periods=300"
2026-06-26 10:00:00+00:00,ema_spread_atr_12_48b__high_abs,1.3450036292593064,"expanding abs q70 using observations <= prediction_timestamp, min_periods=300"
2026-06-26 10:30:00+00:00,ema_spread_atr_12_48b__high_abs,1.34472128630349,"expanding abs q70 using observations <= prediction_timestamp, min_periods=300"
2026-06-26 11:00:00+00:00,ema_spread_atr_12_48b__high_abs,1.345380086533728,"expanding abs q70 using observations <= prediction_timestamp, min_periods=300"
2026-06-26 11:30:00+00:00,ema_spread_atr_12_48b__high_abs,1.3454118838103026,"expanding abs q70 using observations <= prediction_timestamp, min_periods=300"
2026-06-26 12:00:00+00:00,ema_spread_atr_12_48b__high_abs,1.3472112433652157,"expanding abs q70 using observations <= prediction_timestamp, min_periods=300"
2026-06-26 12:30:00+00:00,ema_spread_atr_12_48b__high_abs,1.3458719442522153,"expanding abs q70 using observations <= prediction_timestamp, min_periods=300"
2026-06-26 13:00:00+00:00,ema_spread_atr_12_48b__high_abs,1.3489969755158833,"expanding abs q70 using observations <= prediction_timestamp, min_periods=300"
2026-06-26 13:30:00+00:00,ema_spread_atr_12_48b__high_abs,1.3509997046689595,"expanding abs q70 using observations <= prediction_timestamp, min_periods=300"
2026-06-26 14:00:00+00:00,ema_spread_atr_12_48b__high_abs,1.3503337868223135,"expanding abs q70 using observations <= prediction_timestamp, min_periods=300"
2026-06-26 14:30:00+00:00,ema_spread_atr_12_48b__high_abs,1.3494434085535496,"expanding abs q70 using observations <= prediction_timestamp, min_periods=300"
2026-06-26 15:00:00+00:00,ema_spread_atr_12_48b__high_abs,1.3481041094405495,"expanding abs q70 using observations <= prediction_timestamp, min_periods=300"
2026-06-26 15:30:00+00:00,ema_spread_atr_12_48b__high_abs,1.3505557594378623,"expanding abs q70 using observations <= prediction_timestamp, min_periods=300"
2026-06-26 16:00:00+00:00,ema_spread_atr_12_48b__high_abs,1.3521095677467019,"expanding abs q70 using observations <= prediction_timestamp, min_periods=300"
2026-06-26 16:30:00+00:00,ema_spread_atr_12_48b__high_abs,1.351443649900056,"expanding abs q70 using observations <= prediction_timestamp, min_periods=300"
2026-06-26 17:00:00+00:00,ema_spread_atr_12_48b__high_abs,1.3507777320534107,"expanding abs q70 using observations <= prediction_timestamp, min_periods=300"
2026-06-26 17:30:00+00:00,ema_spread_atr_12_48b__high_abs,1.3501118142067654,"expanding abs q70 using observations <= prediction_timestamp, min_periods=300"
2026-06-26 18:00:00+00:00,ema_spread_atr_12_48b__high_abs,1.3489969755158833,"expanding abs q70 using observations <= prediction_timestamp, min_periods=300"
2026-06-26 18:30:00+00:00,ema_spread_atr_12_48b__high_abs,1.347657676402883,"expanding abs q70 using observations <= prediction_timestamp, min_periods=300"
2026-06-26 19:00:00+00:00,ema_spread_atr_12_48b__high_abs,1.346318377289882,"expanding abs q70 using observations <= prediction_timestamp, min_periods=300"
2026-06-26 19:30:00+00:00,ema_spread_atr_12_48b__high_abs,1.3454209687464669,"expanding abs q70 using observations <= prediction_timestamp, min_periods=300"
2026-06-26 20:00:00+00:00,ema_spread_atr_12_48b__high_abs,1.3454073413422205,"expanding abs q70 using observations <= prediction_timestamp, min_periods=300"
2026-06-26 20:30:00+00:00,ema_spread_atr_12_48b__high_abs,1.3453937139379744,"expanding abs q70 using observations <= prediction_timestamp, min_periods=300"
2026-06-26 21:00:00+00:00,ema_spread_atr_12_48b__high_abs,1.345380086533728,"expanding abs q70 using observations <= prediction_timestamp, min_periods=300"
2026-06-26 21:30:00+00:00,ema_spread_atr_12_48b__high_abs,1.3450977435779117,"expanding abs q70 using observations <= prediction_timestamp, min_periods=300"
2026-06-26 22:00:00+00:00,ema_spread_atr_12_48b__high_abs,1.3448154006220954,"expanding abs q70 using observations <= prediction_timestamp, min_periods=300"
2026-06-26 22:30:00+00:00,ema_spread_atr_12_48b__high_abs,1.3445330576662793,"expanding abs q70 using observations <= prediction_timestamp, min_periods=300"
2026-06-26 23:00:00+00:00,ema_spread_atr_12_48b__high_abs,1.344251355353927,"expanding abs q70 using observations <= prediction_timestamp, min_periods=300"
2026-06-26 23:30:00+00:00,ema_spread_atr_12_48b__high_abs,1.3439699733633068,"expanding abs q70 using observations <= prediction_timestamp, min_periods=300"
2026-06-27 00:00:00+00:00,ema_spread_atr_12_48b__high_abs,1.3436885913726864,"expanding abs q70 using observations <= prediction_timestamp, min_periods=300"
2026-06-27 00:30:00+00:00,ema_spread_atr_12_48b__high_abs,1.3434828606281124,"expanding abs q70 using observations <= prediction_timestamp, min_periods=300"
2026-06-27 01:00:00+00:00,ema_spread_atr_12_48b__high_abs,1.343428432375631,"expanding abs q70 using observations <= prediction_timestamp, min_periods=300"
2026-06-27 01:30:00+00:00,ema_spread_atr_12_48b__high_abs,1.3433740041231492,"expanding abs q70 using observations <= prediction_timestamp, min_periods=300"
2026-06-27 02:00:00+00:00,ema_spread_atr_12_48b__high_abs,1.3433195758706677,"expanding abs q70 using observations <= prediction_timestamp, min_periods=300"
2026-06-27 02:30:00+00:00,ema_spread_atr_12_48b__high_abs,1.343446575126458,"expanding abs q70 using observations <= prediction_timestamp, min_periods=300"
2026-06-27 03:00:00+00:00,ema_spread_atr_12_48b__high_abs,1.3438761793664333,"expanding abs q70 using observations <= prediction_timestamp, min_periods=300"
2026-06-27 03:30:00+00:00,ema_spread_atr_12_48b__high_abs,1.3435947973758129,"expanding abs q70 using observations <= prediction_timestamp, min_periods=300"
2026-06-27 04:00:00+00:00,ema_spread_atr_12_48b__high_abs,1.3434647178772852,"expanding abs q70 using observations <= prediction_timestamp, min_periods=300"
2026-06-27 04:30:00+00:00,ema_spread_atr_12_48b__high_abs,1.3434102896248037,"expanding abs q70 using observations <= prediction_timestamp, min_periods=300"
2026-06-27 05:00:00+00:00,ema_spread_atr_12_48b__high_abs,1.343355861372322,"expanding abs q70 using observations <= prediction_timestamp, min_periods=300"
2026-06-27 05:30:00+00:00,ema_spread_atr_12_48b__high_abs,1.343100194672311,"expanding abs q70 using observations <= prediction_timestamp, min_periods=300"
2026-06-27 06:00:00+00:00,ema_spread_atr_12_48b__high_abs,1.342442051077241,"expanding abs q70 using observations <= prediction_timestamp, min_periods=300"
2026-06-27 06:30:00+00:00,ema_spread_atr_12_48b__high_abs,1.3417839074821714,"expanding abs q70 using observations <= prediction_timestamp, min_periods=300"
2026-06-27 07:00:00+00:00,ema_spread_atr_12_48b__high_abs,1.3411257638871015,"expanding abs q70 using observations <= prediction_timestamp, min_periods=300"
2026-06-27 07:30:00+00:00,ema_spread_atr_12_48b__high_abs,1.3404405423146972,"expanding abs q70 using observations <= prediction_timestamp, min_periods=300"
2026-06-27 08:00:00+00:00,ema_spread_atr_12_48b__high_abs,1.3397553207422934,"expanding abs q70 using observations <= prediction_timestamp, min_periods=300"
2026-06-27 08:30:00+00:00,ema_spread_atr_12_48b__high_abs,1.3390700991698896,"expanding abs q70 using observations <= prediction_timestamp, min_periods=300"
2026-06-27 09:00:00+00:00,ema_spread_atr_12_48b__high_abs,1.3388329742785052,"expanding abs q70 using observations <= prediction_timestamp, min_periods=300"
2026-06-27 09:30:00+00:00,ema_spread_atr_12_48b__high_abs,1.3388198977276304,"expanding abs q70 using observations <= prediction_timestamp, min_periods=300"
2026-06-27 10:00:00+00:00,ema_spread_atr_12_48b__high_abs,1.3388068211767556,"expanding abs q70 using observations <= prediction_timestamp, min_periods=300"
2026-06-27 10:30:00+00:00,ema_spread_atr_12_48b__high_abs,1.33845947415677,"expanding abs q70 using observations <= prediction_timestamp, min_periods=300"
2026-06-27 11:00:00+00:00,ema_spread_atr_12_48b__high_abs,1.3374435861985636,"expanding abs q70 using observations <= prediction_timestamp, min_periods=300"
2026-06-27 11:30:00+00:00,ema_spread_atr_12_48b__high_abs,1.3364276982403573,"expanding abs q70 using observations <= prediction_timestamp, min_periods=300"
2026-06-27 12:00:00+00:00,ema_spread_atr_12_48b__high_abs,1.335411810282151,"expanding abs q70 using observations <= prediction_timestamp, min_periods=300"
2026-06-27 12:30:00+00:00,ema_spread_atr_12_48b__high_abs,1.3338911319442364,"expanding abs q70 using observations <= prediction_timestamp, min_periods=300"
2026-06-27 13:00:00+00:00,ema_spread_atr_12_48b__high_abs,1.332370453606323,"expanding abs q70 using observations <= prediction_timestamp, min_periods=300"
2026-06-27 13:30:00+00:00,ema_spread_atr_12_48b__high_abs,1.3308497752684096,"expanding abs q70 using observations <= prediction_timestamp, min_periods=300"
2026-06-27 14:00:00+00:00,ema_spread_atr_12_48b__high_abs,1.3343980247235416,"expanding abs q70 using observations <= prediction_timestamp, min_periods=300"
2026-06-27 14:30:00+00:00,ema_spread_atr_12_48b__high_abs,1.3371049568791618,"expanding abs q70 using observations <= prediction_timestamp, min_periods=300"
2026-06-27 15:00:00+00:00,ema_spread_atr_12_48b__high_abs,1.3388068211767556,"expanding abs q70 using observations <= prediction_timestamp, min_periods=300"
2026-06-27 15:30:00+00:00,ema_spread_atr_12_48b__high_abs,1.3388373331287968,"expanding abs q70 using observations <= prediction_timestamp, min_periods=300"
2026-06-27 16:00:00+00:00,ema_spread_atr_12_48b__high_abs,1.340212135123896,"expanding abs q70 using observations <= prediction_timestamp, min_periods=300"
2026-06-27 16:30:00+00:00,ema_spread_atr_12_48b__high_abs,1.3417839074821714,"expanding abs q70 using observations <= prediction_timestamp, min_periods=300"
2026-06-27 17:00:00+00:00,ema_spread_atr_12_48b__high_abs,1.3433195758706677,"expanding abs q70 using observations <= prediction_timestamp, min_periods=300"
2026-06-27 17:30:00+00:00,ema_spread_atr_12_48b__high_abs,1.3426614322755974,"expanding abs q70 using observations <= prediction_timestamp, min_periods=300"
2026-06-27 18:00:00+00:00,ema_spread_atr_12_48b__high_abs,1.3420032886805278,"expanding abs q70 using observations <= prediction_timestamp, min_periods=300"
2026-06-27 18:30:00+00:00,ema_spread_atr_12_48b__high_abs,1.3413451450854579,"expanding abs q70 using observations <= prediction_timestamp, min_periods=300"
2026-06-27 19:00:00+00:00,ema_spread_atr_12_48b__high_abs,1.3406689495054989,"expanding abs q70 using observations <= prediction_timestamp, min_periods=300"
2026-06-27 19:30:00+00:00,ema_spread_atr_12_48b__high_abs,1.3422226698788846,"expanding abs q70 using observations <= prediction_timestamp, min_periods=300"
2026-06-27 20:00:00+00:00,ema_spread_atr_12_48b__high_abs,1.343355861372322,"expanding abs q70 using observations <= prediction_timestamp, min_periods=300"
2026-06-27 20:30:00+00:00,ema_spread_atr_12_48b__high_abs,1.3434828606281124,"expanding abs q70 using observations <= prediction_timestamp, min_periods=300"
2026-06-27 21:00:00+00:00,ema_spread_atr_12_48b__high_abs,1.34406376736018,"expanding abs q70 using observations <= prediction_timestamp, min_periods=300"
2026-06-27 21:30:00+00:00,ema_spread_atr_12_48b__high_abs,1.34472128630349,"expanding abs q70 using observations <= prediction_timestamp, min_periods=300"
2026-06-27 22:00:00+00:00,ema_spread_atr_12_48b__high_abs,1.345380086533728,"expanding abs q70 using observations <= prediction_timestamp, min_periods=300"
2026-06-27 22:30:00+00:00,ema_spread_atr_12_48b__high_abs,1.3454118838103026,"expanding abs q70 using observations <= prediction_timestamp, min_periods=300"
2026-06-27 23:00:00+00:00,ema_spread_atr_12_48b__high_abs,1.3453982564060565,"expanding abs q70 using observations <= prediction_timestamp, min_periods=300"
2026-06-27 23:30:00+00:00,ema_spread_atr_12_48b__high_abs,1.3458719442522153,"expanding abs q70 using observations <= prediction_timestamp, min_periods=300"
2026-06-28 00:00:00+00:00,ema_spread_atr_12_48b__high_abs,1.3489969755158833,"expanding abs q70 using observations <= prediction_timestamp, min_periods=300"
2026-06-28 00:30:00+00:00,ema_spread_atr_12_48b__high_abs,1.347657676402883,"expanding abs q70 using observations <= prediction_timestamp, min_periods=300"
2026-06-28 01:00:00+00:00,ema_spread_atr_12_48b__high_abs,1.346318377289882,"expanding abs q70 using observations <= prediction_timestamp, min_periods=300"
2026-06-28 01:30:00+00:00,ema_spread_atr_12_48b__high_abs,1.3454209687464669,"expanding abs q70 using observations <= prediction_timestamp, min_periods=300"
2026-06-28 02:00:00+00:00,ema_spread_atr_12_48b__high_abs,1.3454073413422205,"expanding abs q70 using observations <= prediction_timestamp, min_periods=300"
2026-06-28 02:30:00+00:00,ema_spread_atr_12_48b__high_abs,1.3453937139379744,"expanding abs q70 using observations <= prediction_timestamp, min_periods=300"
2026-06-28 03:00:00+00:00,ema_spread_atr_12_48b__high_abs,1.345380086533728,"expanding abs q70 using observations <= prediction_timestamp, min_periods=300"
2026-06-28 03:30:00+00:00,ema_spread_atr_12_48b__high_abs,1.3450977435779117,"expanding abs q70 using observations <= prediction_timestamp, min_periods=300"
2026-06-28 04:00:00+00:00,ema_spread_atr_12_48b__high_abs,1.3448154006220954,"expanding abs q70 using observations <= prediction_timestamp, min_periods=300"
2026-06-28 04:30:00+00:00,ema_spread_atr_12_48b__high_abs,1.3445330576662793,"expanding abs q70 using observations <= prediction_timestamp, min_periods=300"
2026-06-28 05:00:00+00:00,ema_spread_atr_12_48b__high_abs,1.344251355353927,"expanding abs q70 using observations <= prediction_timestamp, min_periods=300"
2026-06-28 05:30:00+00:00,ema_spread_atr_12_48b__high_abs,1.3439699733633068,"expanding abs q70 using observations <= prediction_timestamp, min_periods=300"
2026-06-28 06:00:00+00:00,ema_spread_atr_12_48b__high_abs,1.3436885913726864,"expanding abs q70 using observations <= prediction_timestamp, min_periods=300"
2026-06-28 06:30:00+00:00,ema_spread_atr_12_48b__high_abs,1.3443451493508005,"expanding abs q70 using observations <= prediction_timestamp, min_periods=300"
2026-06-28 07:00:00+00:00,ema_spread_atr_12_48b__high_abs,1.34406376736018,"expanding abs q70 using observations <= prediction_timestamp, min_periods=300"
2026-06-28 07:30:00+00:00,ema_spread_atr_12_48b__high_abs,1.3437823853695599,"expanding abs q70 using observations <= prediction_timestamp, min_periods=300"
2026-06-28 08:00:00+00:00,ema_spread_atr_12_48b__high_abs,1.3435010033789396,"expanding abs q70 using observations <= prediction_timestamp, min_periods=300"
2026-06-28 08:30:00+00:00,ema_spread_atr_12_48b__high_abs,1.343446575126458,"expanding abs q70 using observations <= prediction_timestamp, min_periods=300"
2026-06-28 09:00:00+00:00,ema_spread_atr_12_48b__high_abs,1.3438761793664333,"expanding abs q70 using observations <= prediction_timestamp, min_periods=300"
2026-06-28 09:30:00+00:00,ema_spread_atr_12_48b__high_abs,1.3445330576662793,"expanding abs q70 using observations <= prediction_timestamp, min_periods=300"
2026-06-28 10:00:00+00:00,ema_spread_atr_12_48b__high_abs,1.3451918578965172,"expanding abs q70 using observations <= prediction_timestamp, min_periods=300"
2026-06-28 10:30:00+00:00,ema_spread_atr_12_48b__high_abs,1.344909514940701,"expanding abs q70 using observations <= prediction_timestamp, min_periods=300"
2026-06-28 11:00:00+00:00,ema_spread_atr_12_48b__high_abs,1.3446271719848846,"expanding abs q70 using observations <= prediction_timestamp, min_periods=300"
2026-06-28 11:30:00+00:00,ema_spread_atr_12_48b__high_abs,1.3443451493508005,"expanding abs q70 using observations <= prediction_timestamp, min_periods=300"
2026-06-28 12:00:00+00:00,ema_spread_atr_12_48b__high_abs,1.34406376736018,"expanding abs q70 using observations <= prediction_timestamp, min_periods=300"
2026-06-28 12:30:00+00:00,ema_spread_atr_12_48b__high_abs,1.3437823853695599,"expanding abs q70 using observations <= prediction_timestamp, min_periods=300"
2026-06-28 13:00:00+00:00,ema_spread_atr_12_48b__high_abs,1.3435010033789396,"expanding abs q70 using observations <= prediction_timestamp, min_periods=300"
2026-06-28 13:30:00+00:00,ema_spread_atr_12_48b__high_abs,1.343446575126458,"expanding abs q70 using observations <= prediction_timestamp, min_periods=300"
2026-06-28 14:00:00+00:00,ema_spread_atr_12_48b__high_abs,1.3433921468739765,"expanding abs q70 using observations <= prediction_timestamp, min_periods=300"
2026-06-28 14:30:00+00:00,ema_spread_atr_12_48b__high_abs,1.343337718621495,"expanding abs q70 using observations <= prediction_timestamp, min_periods=300"
2026-06-28 15:00:00+00:00,ema_spread_atr_12_48b__high_abs,1.3428808134739545,"expanding abs q70 using observations <= prediction_timestamp, min_periods=300"
2026-06-28 15:30:00+00:00,ema_spread_atr_12_48b__high_abs,1.3422226698788846,"expanding abs q70 using observations <= prediction_timestamp, min_periods=300"
2026-06-28 16:00:00+00:00,ema_spread_atr_12_48b__high_abs,1.3415645262838143,"expanding abs q70 using observations <= prediction_timestamp, min_periods=300"
2026-06-28 16:30:00+00:00,ema_spread_atr_12_48b__high_abs,1.3408973566962998,"expanding abs q70 using observations <= prediction_timestamp, min_periods=300"
2026-06-28 17:00:00+00:00,ema_spread_atr_12_48b__high_abs,1.340212135123896,"expanding abs q70 using observations <= prediction_timestamp, min_periods=300"
2026-06-28 17:30:00+00:00,ema_spread_atr_12_48b__high_abs,1.3417839074821714,"expanding abs q70 using observations <= prediction_timestamp, min_periods=300"
2026-06-28 18:00:00+00:00,ema_spread_atr_12_48b__high_abs,1.3411257638871015,"expanding abs q70 using observations <= prediction_timestamp, min_periods=300"
2026-06-28 18:30:00+00:00,ema_spread_atr_12_48b__high_abs,1.3404405423146972,"expanding abs q70 using observations <= prediction_timestamp, min_periods=300"
2026-06-28 19:00:00+00:00,ema_spread_atr_12_48b__high_abs,1.3397553207422934,"expanding abs q70 using observations <= prediction_timestamp, min_periods=300"
2026-06-28 19:30:00+00:00,ema_spread_atr_12_48b__high_abs,1.3390700991698896,"expanding abs q70 using observations <= prediction_timestamp, min_periods=300"
2026-06-28 20:00:00+00:00,ema_spread_atr_12_48b__high_abs,1.3404845727124364,"expanding abs q70 using observations <= prediction_timestamp, min_periods=300"
2026-06-28 20:30:00+00:00,ema_spread_atr_12_48b__high_abs,1.339868492437431,"expanding abs q70 using observations <= prediction_timestamp, min_periods=300"
2026-06-28 21:00:00+00:00,ema_spread_atr_12_48b__high_abs,1.3392524121624252,"expanding abs q70 using observations <= prediction_timestamp, min_periods=300"
2026-06-28 21:30:00+00:00,ema_spread_atr_12_48b__high_abs,1.3388373331287968,"expanding abs q70 using observations <= prediction_timestamp, min_periods=300"
2026-06-28 22:00:00+00:00,ema_spread_atr_12_48b__high_abs,1.338824256577922,"expanding abs q70 using observations <= prediction_timestamp, min_periods=300"
2026-06-28 22:30:00+00:00,ema_spread_atr_12_48b__high_abs,1.3388111800270472,"expanding abs q70 using observations <= prediction_timestamp, min_periods=300"
2026-06-28 23:00:00+00:00,ema_spread_atr_12_48b__high_abs,1.3387981034761725,"expanding abs q70 using observations <= prediction_timestamp, min_periods=300"
2026-06-28 23:30:00+00:00,ema_spread_atr_12_48b__high_abs,1.3381373317147176,"expanding abs q70 using observations <= prediction_timestamp, min_periods=300"
2026-06-29 00:00:00+00:00,ema_spread_atr_12_48b__high_abs,1.3374765599532634,"expanding abs q70 using observations <= prediction_timestamp, min_periods=300"
2026-06-29 00:30:00+00:00,ema_spread_atr_12_48b__high_abs,1.336815788191809,"expanding abs q70 using observations <= prediction_timestamp, min_periods=300"
2026-06-29 01:00:00+00:00,ema_spread_atr_12_48b__high_abs,1.336358786806823,"expanding abs q70 using observations <= prediction_timestamp, min_periods=300"
2026-06-29 01:30:00+00:00,ema_spread_atr_12_48b__high_abs,1.336003670610071,"expanding abs q70 using observations <= prediction_timestamp, min_periods=300"
2026-06-29 02:00:00+00:00,ema_spread_atr_12_48b__high_abs,1.3356485544133188,"expanding abs q70 using observations <= prediction_timestamp, min_periods=300"
2026-06-29 02:30:00+00:00,ema_spread_atr_12_48b__high_abs,1.3349049175028458,"expanding abs q70 using observations <= prediction_timestamp, min_periods=300"
2026-06-29 03:00:00+00:00,ema_spread_atr_12_48b__high_abs,1.3333842391649324,"expanding abs q70 using observations <= prediction_timestamp, min_periods=300"
2026-06-29 03:30:00+00:00,ema_spread_atr_12_48b__high_abs,1.335766926478903,"expanding abs q70 using observations <= prediction_timestamp, min_periods=300"
2026-06-29 04:00:00+00:00,ema_spread_atr_12_48b__high_abs,1.335411810282151,"expanding abs q70 using observations <= prediction_timestamp, min_periods=300"
2026-06-29 04:30:00+00:00,ema_spread_atr_12_48b__high_abs,1.3338911319442364,"expanding abs q70 using observations <= prediction_timestamp, min_periods=300"
2026-06-29 05:00:00+00:00,ema_spread_atr_12_48b__high_abs,1.332370453606323,"expanding abs q70 using observations <= prediction_timestamp, min_periods=300"
2026-06-29 05:30:00+00:00,ema_spread_atr_12_48b__high_abs,1.3308497752684096,"expanding abs q70 using observations <= prediction_timestamp, min_periods=300"
2026-06-29 06:00:00+00:00,ema_spread_atr_12_48b__high_abs,1.3296838685079553,"expanding abs q70 using observations <= prediction_timestamp, min_periods=300"
2026-06-29 06:30:00+00:00,ema_spread_atr_12_48b__high_abs,1.3286953475362306,"expanding abs q70 using observations <= prediction_timestamp, min_periods=300"
2026-06-29 07:00:00+00:00,ema_spread_atr_12_48b__high_abs,1.327706826564505,"expanding abs q70 using observations <= prediction_timestamp, min_periods=300"
2026-06-29 07:30:00+00:00,ema_spread_atr_12_48b__high_abs,1.326938873964503,"expanding abs q70 using observations <= prediction_timestamp, min_periods=300"
2026-06-29 08:00:00+00:00,ema_spread_atr_12_48b__high_abs,1.3266120581079452,"expanding abs q70 using observations <= prediction_timestamp, min_periods=300"
2026-06-29 08:30:00+00:00,ema_spread_atr_12_48b__high_abs,1.3262852422513876,"expanding abs q70 using observations <= prediction_timestamp, min_periods=300"
2026-06-29 09:00:00+00:00,ema_spread_atr_12_48b__high_abs,1.3259584263948299,"expanding abs q70 using observations <= prediction_timestamp, min_periods=300"
2026-06-29 09:30:00+00:00,ema_spread_atr_12_48b__high_abs,1.3258930776395075,"expanding abs q70 using observations <= prediction_timestamp, min_periods=300"
2026-06-29 10:00:00+00:00,ema_spread_atr_12_48b__high_abs,1.325827728884185,"expanding abs q70 using observations <= prediction_timestamp, min_periods=300"
2026-06-29 10:30:00+00:00,ema_spread_atr_12_48b__high_abs,1.3257623801288627,"expanding abs q70 using observations <= prediction_timestamp, min_periods=300"
2026-06-29 11:00:00+00:00,ema_spread_atr_12_48b__high_abs,1.3250697597596834,"expanding abs q70 using observations <= prediction_timestamp, min_periods=300"
2026-06-29 11:30:00+00:00,ema_spread_atr_12_48b__high_abs,1.3240635035835762,"expanding abs q70 using observations <= prediction_timestamp, min_periods=300"
2026-06-29 12:00:00+00:00,ema_spread_atr_12_48b__high_abs,1.323057247407468,"expanding abs q70 using observations <= prediction_timestamp, min_periods=300"
2026-06-29 12:30:00+00:00,ema_spread_atr_12_48b__high_abs,1.3223616442576107,"expanding abs q70 using observations <= prediction_timestamp, min_periods=300"
2026-06-29 13:00:00+00:00,ema_spread_atr_12_48b__high_abs,1.3222873471602516,"expanding abs q70 using observations <= prediction_timestamp, min_periods=300"
2026-06-29 13:30:00+00:00,ema_spread_atr_12_48b__high_abs,1.3222130500628926,"expanding abs q70 using observations <= prediction_timestamp, min_periods=300"
2026-06-29 14:00:00+00:00,ema_spread_atr_12_48b__high_abs,1.3221387529655335,"expanding abs q70 using observations <= prediction_timestamp, min_periods=300"
2026-06-29 14:30:00+00:00,ema_spread_atr_12_48b__high_abs,1.321908427707804,"expanding abs q70 using observations <= prediction_timestamp, min_periods=300"
2026-06-29 15:00:00+00:00,ema_spread_atr_12_48b__high_abs,1.3216781024500746,"expanding abs q70 using observations <= prediction_timestamp, min_periods=300"
2026-06-29 15:30:00+00:00,ema_spread_atr_12_48b__high_abs,1.321447777192345,"expanding abs q70 using observations <= prediction_timestamp, min_periods=300"
2026-06-29 16:00:00+00:00,ema_spread_atr_12_48b__high_abs,1.3213518451531796,"expanding abs q70 using observations <= prediction_timestamp, min_periods=300"
2026-06-29 16:30:00+00:00,ema_spread_atr_12_48b__high_abs,1.321323109723296,"expanding abs q70 using observations <= prediction_timestamp, min_periods=300"
2026-06-29 17:00:00+00:00,ema_spread_atr_12_48b__high_abs,1.3212943742934125,"expanding abs q70 using observations <= prediction_timestamp, min_periods=300"
2026-06-29 17:30:00+00:00,ema_spread_atr_12_48b__high_abs,1.3213614236298075,"expanding abs q70 using observations <= prediction_timestamp, min_periods=300"
2026-06-29 18:00:00+00:00,ema_spread_atr_12_48b__high_abs,1.321831652621894,"expanding abs q70 using observations <= prediction_timestamp, min_periods=300"
2026-06-29 18:30:00+00:00,ema_spread_atr_12_48b__high_abs,1.3222130500628926,"expanding abs q70 using observations <= prediction_timestamp, min_periods=300"
2026-06-29 19:00:00+00:00,ema_spread_atr_12_48b__high_abs,1.3223864099567304,"expanding abs q70 using observations <= prediction_timestamp, min_periods=300"
2026-06-29 19:30:00+00:00,ema_spread_atr_12_48b__high_abs,1.3247343410343138,"expanding abs q70 using observations <= prediction_timestamp, min_periods=300"
2026-06-29 20:00:00+00:00,ema_spread_atr_12_48b__high_abs,1.325827728884185,"expanding abs q70 using observations <= prediction_timestamp, min_periods=300"
2026-06-29 20:30:00+00:00,ema_spread_atr_12_48b__high_abs,1.3260673650136823,"expanding abs q70 using observations <= prediction_timestamp, min_periods=300"
2026-06-29 21:00:00+00:00,ema_spread_atr_12_48b__high_abs,1.3259148605579483,"expanding abs q70 using observations <= prediction_timestamp, min_periods=300"
2026-06-29 21:30:00+00:00,ema_spread_atr_12_48b__high_abs,1.325849511802626,"expanding abs q70 using observations <= prediction_timestamp, min_periods=300"
2026-06-29 22:00:00+00:00,ema_spread_atr_12_48b__high_abs,1.3257841630473035,"expanding abs q70 using observations <= prediction_timestamp, min_periods=300"
2026-06-29 22:30:00+00:00,ema_spread_atr_12_48b__high_abs,1.3254051784850522,"expanding abs q70 using observations <= prediction_timestamp, min_periods=300"
2026-06-29 23:00:00+00:00,ema_spread_atr_12_48b__high_abs,1.324398922308945,"expanding abs q70 using observations <= prediction_timestamp, min_periods=300"
2026-06-29 23:30:00+00:00,ema_spread_atr_12_48b__high_abs,1.3233926661328377,"expanding abs q70 using observations <= prediction_timestamp, min_periods=300"
2026-06-30 00:00:00+00:00,ema_spread_atr_12_48b__high_abs,1.3223864099567304,"expanding abs q70 using observations <= prediction_timestamp, min_periods=300"
2026-06-30 00:30:00+00:00,ema_spread_atr_12_48b__high_abs,1.3247343410343138,"expanding abs q70 using observations <= prediction_timestamp, min_periods=300"
2026-06-30 01:00:00+00:00,ema_spread_atr_12_48b__high_abs,1.325827728884185,"expanding abs q70 using observations <= prediction_timestamp, min_periods=300"
2026-06-30 01:30:00+00:00,ema_spread_atr_12_48b__high_abs,1.3260673650136823,"expanding abs q70 using observations <= prediction_timestamp, min_periods=300"
2026-06-30 02:00:00+00:00,ema_spread_atr_12_48b__high_abs,1.3268299353456503,"expanding abs q70 using observations <= prediction_timestamp, min_periods=300"
2026-06-30 02:30:00+00:00,ema_spread_atr_12_48b__high_abs,1.3286953475362306,"expanding abs q70 using observations <= prediction_timestamp, min_periods=300"
2026-06-30 03:00:00+00:00,ema_spread_atr_12_48b__high_abs,1.3313566680477136,"expanding abs q70 using observations <= prediction_timestamp, min_periods=300"
2026-06-30 03:30:00+00:00,ema_spread_atr_12_48b__high_abs,1.3349049175028458,"expanding abs q70 using observations <= prediction_timestamp, min_periods=300"
2026-06-30 04:00:00+00:00,ema_spread_atr_12_48b__high_abs,1.336122042675655,"expanding abs q70 using observations <= prediction_timestamp, min_periods=300"
2026-06-30 04:30:00+00:00,ema_spread_atr_12_48b__high_abs,1.3372563026994455,"expanding abs q70 using observations <= prediction_timestamp, min_periods=300"
2026-06-30 05:00:00+00:00,ema_spread_atr_12_48b__high_abs,1.336595530937991,"expanding abs q70 using observations <= prediction_timestamp, min_periods=300"
2026-06-30 05:30:00+00:00,ema_spread_atr_12_48b__high_abs,1.3362404147412388,"expanding abs q70 using observations <= prediction_timestamp, min_periods=300"
2026-06-30 06:00:00+00:00,ema_spread_atr_12_48b__high_abs,1.335885298544487,"expanding abs q70 using observations <= prediction_timestamp, min_periods=300"
2026-06-30 06:30:00+00:00,ema_spread_atr_12_48b__high_abs,1.335530182347735,"expanding abs q70 using observations <= prediction_timestamp, min_periods=300"
2026-06-30 07:00:00+00:00,ema_spread_atr_12_48b__high_abs,1.3343980247235416,"expanding abs q70 using observations <= prediction_timestamp, min_periods=300"
2026-06-30 07:30:00+00:00,ema_spread_atr_12_48b__high_abs,1.3328773463856283,"expanding abs q70 using observations <= prediction_timestamp, min_periods=300"
2026-06-30 08:00:00+00:00,ema_spread_atr_12_48b__high_abs,1.3313566680477136,"expanding abs q70 using observations <= prediction_timestamp, min_periods=300"
2026-06-30 08:30:00+00:00,ema_spread_atr_12_48b__high_abs,1.33001337549853,"expanding abs q70 using observations <= prediction_timestamp, min_periods=300"
2026-06-30 09:00:00+00:00,ema_spread_atr_12_48b__high_abs,1.3290248545268053,"expanding abs q70 using observations <= prediction_timestamp, min_periods=300"
2026-06-30 09:30:00+00:00,ema_spread_atr_12_48b__high_abs,1.3318635608270188,"expanding abs q70 using observations <= prediction_timestamp, min_periods=300"
2026-06-30 10:00:00+00:00,ema_spread_atr_12_48b__high_abs,1.3303428824891055,"expanding abs q70 using observations <= prediction_timestamp, min_periods=300"
2026-06-30 10:30:00+00:00,ema_spread_atr_12_48b__high_abs,1.32935436151738,"expanding abs q70 using observations <= prediction_timestamp, min_periods=300"
2026-06-30 11:00:00+00:00,ema_spread_atr_12_48b__high_abs,1.328365840545655,"expanding abs q70 using observations <= prediction_timestamp, min_periods=300"
2026-06-30 11:30:00+00:00,ema_spread_atr_12_48b__high_abs,1.3273773195739302,"expanding abs q70 using observations <= prediction_timestamp, min_periods=300"
2026-06-30 12:00:00+00:00,ema_spread_atr_12_48b__high_abs,1.3296838685079553,"expanding abs q70 using observations <= prediction_timestamp, min_periods=300"
2026-06-30 12:30:00+00:00,ema_spread_atr_12_48b__high_abs,1.3328773463856283,"expanding abs q70 using observations <= prediction_timestamp, min_periods=300"
2026-06-30 13:00:00+00:00,ema_spread_atr_12_48b__high_abs,1.3356485544133188,"expanding abs q70 using observations <= prediction_timestamp, min_periods=300"
2026-06-30 13:30:00+00:00,ema_spread_atr_12_48b__high_abs,1.336477158872407,"expanding abs q70 using observations <= prediction_timestamp, min_periods=300"
2026-06-30 14:00:00+00:00,ema_spread_atr_12_48b__high_abs,1.3379170744608997,"expanding abs q70 using observations <= prediction_timestamp, min_periods=300"
2026-06-30 14:30:00+00:00,ema_spread_atr_12_48b__high_abs,1.3372563026994455,"expanding abs q70 using observations <= prediction_timestamp, min_periods=300"
2026-06-30 15:00:00+00:00,ema_spread_atr_12_48b__high_abs,1.336595530937991,"expanding abs q70 using observations <= prediction_timestamp, min_periods=300"
2026-06-30 15:30:00+00:00,ema_spread_atr_12_48b__high_abs,1.3362404147412388,"expanding abs q70 using observations <= prediction_timestamp, min_periods=300"
2026-06-30 16:00:00+00:00,ema_spread_atr_12_48b__high_abs,1.335885298544487,"expanding abs q70 using observations <= prediction_timestamp, min_periods=300"
2026-06-30 16:30:00+00:00,ema_spread_atr_12_48b__high_abs,1.335530182347735,"expanding abs q70 using observations <= prediction_timestamp, min_periods=300"
2026-06-30 17:00:00+00:00,ema_spread_atr_12_48b__high_abs,1.3343980247235416,"expanding abs q70 using observations <= prediction_timestamp, min_periods=300"
2026-06-30 17:30:00+00:00,ema_spread_atr_12_48b__high_abs,1.3328773463856283,"expanding abs q70 using observations <= prediction_timestamp, min_periods=300"
2026-06-30 18:00:00+00:00,ema_spread_atr_12_48b__high_abs,1.3313566680477136,"expanding abs q70 using observations <= prediction_timestamp, min_periods=300"
2026-06-30 18:30:00+00:00,ema_spread_atr_12_48b__high_abs,1.33001337549853,"expanding abs q70 using observations <= prediction_timestamp, min_periods=300"
2026-06-30 19:00:00+00:00,ema_spread_atr_12_48b__high_abs,1.3290248545268053,"expanding abs q70 using observations <= prediction_timestamp, min_periods=300"
2026-06-30 19:30:00+00:00,ema_spread_atr_12_48b__high_abs,1.3280363335550804,"expanding abs q70 using observations <= prediction_timestamp, min_periods=300"
2026-06-30 20:00:00+00:00,ema_spread_atr_12_48b__high_abs,1.3270478125833556,"expanding abs q70 using observations <= prediction_timestamp, min_periods=300"
2026-06-30 20:30:00+00:00,ema_spread_atr_12_48b__high_abs,1.3267209967267977,"expanding abs q70 using observations <= prediction_timestamp, min_periods=300"
2026-06-30 21:00:00+00:00,ema_spread_atr_12_48b__high_abs,1.32639418087024,"expanding abs q70 using observations <= prediction_timestamp, min_periods=300"
2026-06-30 21:30:00+00:00,ema_spread_atr_12_48b__high_abs,1.3260673650136823,"expanding abs q70 using observations <= prediction_timestamp, min_periods=300"
2026-06-30 22:00:00+00:00,ema_spread_atr_12_48b__high_abs,1.3259148605579483,"expanding abs q70 using observations <= prediction_timestamp, min_periods=300"
2026-06-30 22:30:00+00:00,ema_spread_atr_12_48b__high_abs,1.325849511802626,"expanding abs q70 using observations <= prediction_timestamp, min_periods=300"
2026-06-30 23:00:00+00:00,ema_spread_atr_12_48b__high_abs,1.326176303632535,"expanding abs q70 using observations <= prediction_timestamp, min_periods=300"
2026-06-30 23:30:00+00:00,ema_spread_atr_12_48b__high_abs,1.325936643476389,"expanding abs q70 using observations <= prediction_timestamp, min_periods=300"
2026-07-01 00:00:00+00:00,ema_spread_atr_12_48b__high_abs,1.3258712947210667,"expanding abs q70 using observations <= prediction_timestamp, min_periods=300"
2026-07-01 00:30:00+00:00,ema_spread_atr_12_48b__high_abs,1.3258059459657443,"expanding abs q70 using observations <= prediction_timestamp, min_periods=300"
2026-07-01 01:00:00+00:00,ema_spread_atr_12_48b__high_abs,1.325740597210422,"expanding abs q70 using observations <= prediction_timestamp, min_periods=300"
2026-07-01 01:30:00+00:00,ema_spread_atr_12_48b__high_abs,1.3247343410343138,"expanding abs q70 using observations <= prediction_timestamp, min_periods=300"
2026-07-01 02:00:00+00:00,ema_spread_atr_12_48b__high_abs,1.3237280848582065,"expanding abs q70 using observations <= prediction_timestamp, min_periods=300"
2026-07-01 02:30:00+00:00,ema_spread_atr_12_48b__high_abs,1.3227218286820992,"expanding abs q70 using observations <= prediction_timestamp, min_periods=300"
2026-07-01 03:00:00+00:00,ema_spread_atr_12_48b__high_abs,1.3250697597596834,"expanding abs q70 using observations <= prediction_timestamp, min_periods=300"
2026-07-01 03:30:00+00:00,ema_spread_atr_12_48b__high_abs,1.3240635035835762,"expanding abs q70 using observations <= prediction_timestamp, min_periods=300"
2026-07-01 04:00:00+00:00,ema_spread_atr_12_48b__high_abs,1.3257841630473035,"expanding abs q70 using observations <= prediction_timestamp, min_periods=300"
2026-07-01 04:30:00+00:00,ema_spread_atr_12_48b__high_abs,1.325936643476389,"expanding abs q70 using observations <= prediction_timestamp, min_periods=300"
2026-07-01 05:00:00+00:00,ema_spread_atr_12_48b__high_abs,1.3266120581079452,"expanding abs q70 using observations <= prediction_timestamp, min_periods=300"
2026-07-01 05:30:00+00:00,ema_spread_atr_12_48b__high_abs,1.3280363335550804,"expanding abs q70 using observations <= prediction_timestamp, min_periods=300"
2026-07-01 06:00:00+00:00,ema_spread_atr_12_48b__high_abs,1.3270478125833556,"expanding abs q70 using observations <= prediction_timestamp, min_periods=300"
2026-07-01 06:30:00+00:00,ema_spread_atr_12_48b__high_abs,1.3267209967267977,"expanding abs q70 using observations <= prediction_timestamp, min_periods=300"
2026-07-01 07:00:00+00:00,ema_spread_atr_12_48b__high_abs,1.328365840545655,"expanding abs q70 using observations <= prediction_timestamp, min_periods=300"
2026-07-01 07:30:00+00:00,ema_spread_atr_12_48b__high_abs,1.3306134630585522,"expanding abs q70 using observations <= prediction_timestamp, min_periods=300"
2026-07-01 08:00:00+00:00,ema_spread_atr_12_48b__high_abs,1.3325075270446805,"expanding abs q70 using observations <= prediction_timestamp, min_periods=300"
2026-07-01 08:30:00+00:00,ema_spread_atr_12_48b__high_abs,1.3342302492328626,"expanding abs q70 using observations <= prediction_timestamp, min_periods=300"
2026-07-01 09:00:00+00:00,ema_spread_atr_12_48b__high_abs,1.3335213126032892,"expanding abs q70 using observations <= prediction_timestamp, min_periods=300"
2026-07-01 09:30:00+00:00,ema_spread_atr_12_48b__high_abs,1.3327781076141272,"expanding abs q70 using observations <= prediction_timestamp, min_periods=300"
2026-07-01 10:00:00+00:00,ema_spread_atr_12_48b__high_abs,1.3319663659057865,"expanding abs q70 using observations <= prediction_timestamp, min_periods=300"
2026-07-01 10:30:00+00:00,ema_spread_atr_12_48b__high_abs,1.3311546241974461,"expanding abs q70 using observations <= prediction_timestamp, min_periods=300"
2026-07-01 11:00:00+00:00,ema_spread_atr_12_48b__high_abs,1.3303428824891055,"expanding abs q70 using observations <= prediction_timestamp, min_periods=300"
2026-07-01 11:30:00+00:00,ema_spread_atr_12_48b__high_abs,1.32935436151738,"expanding abs q70 using observations <= prediction_timestamp, min_periods=300"
2026-07-01 12:00:00+00:00,ema_spread_atr_12_48b__high_abs,1.3314252047668926,"expanding abs q70 using observations <= prediction_timestamp, min_periods=300"
2026-07-01 12:30:00+00:00,ema_spread_atr_12_48b__high_abs,1.3332850003934318,"expanding abs q70 using observations <= prediction_timestamp, min_periods=300"
2026-07-01 13:00:00+00:00,ema_spread_atr_12_48b__high_abs,1.3325075270446805,"expanding abs q70 using observations <= prediction_timestamp, min_periods=300"
2026-07-01 13:30:00+00:00,ema_spread_atr_12_48b__high_abs,1.3316957853363398,"expanding abs q70 using observations <= prediction_timestamp, min_periods=300"
2026-07-01 14:00:00+00:00,ema_spread_atr_12_48b__high_abs,1.3335213126032892,"expanding abs q70 using observations <= prediction_timestamp, min_periods=300"
2026-07-01 14:30:00+00:00,ema_spread_atr_12_48b__high_abs,1.335175498072293,"expanding abs q70 using observations <= prediction_timestamp, min_periods=300"
2026-07-01 15:00:00+00:00,ema_spread_atr_12_48b__high_abs,1.336122042675655,"expanding abs q70 using observations <= prediction_timestamp, min_periods=300"
2026-07-01 15:30:00+00:00,ema_spread_atr_12_48b__high_abs,1.3372563026994455,"expanding abs q70 using observations <= prediction_timestamp, min_periods=300"
2026-07-01 16:00:00+00:00,ema_spread_atr_12_48b__high_abs,1.3387981034761725,"expanding abs q70 using observations <= prediction_timestamp, min_periods=300"
2026-07-01 16:30:00+00:00,ema_spread_atr_12_48b__high_abs,1.3388286154282136,"expanding abs q70 using observations <= prediction_timestamp, min_periods=300"
2026-07-01 17:00:00+00:00,ema_spread_atr_12_48b__high_abs,1.3396631323457622,"expanding abs q70 using observations <= prediction_timestamp, min_periods=300"
2026-07-01 17:30:00+00:00,ema_spread_atr_12_48b__high_abs,1.3409183399949063,"expanding abs q70 using observations <= prediction_timestamp, min_periods=300"
2026-07-01 18:00:00+00:00,ema_spread_atr_12_48b__high_abs,1.3410796696888359,"expanding abs q70 using observations <= prediction_timestamp, min_periods=300"
2026-07-01 18:30:00+00:00,ema_spread_atr_12_48b__high_abs,1.3410105283914375,"expanding abs q70 using observations <= prediction_timestamp, min_periods=300"
2026-07-01 19:00:00+00:00,ema_spread_atr_12_48b__high_abs,1.3409413870940392,"expanding abs q70 using observations <= prediction_timestamp, min_periods=300"
2026-07-01 19:30:00+00:00,ema_spread_atr_12_48b__high_abs,1.3406899328041049,"expanding abs q70 using observations <= prediction_timestamp, min_periods=300"
2026-07-01 20:00:00+00:00,ema_spread_atr_12_48b__high_abs,1.3400738525290994,"expanding abs q70 using observations <= prediction_timestamp, min_periods=300"
2026-07-01 20:30:00+00:00,ema_spread_atr_12_48b__high_abs,1.339457772254094,"expanding abs q70 using observations <= prediction_timestamp, min_periods=300"
2026-07-01 21:00:00+00:00,ema_spread_atr_12_48b__high_abs,1.3388416919790884,"expanding abs q70 using observations <= prediction_timestamp, min_periods=300"
2026-07-01 21:30:00+00:00,ema_spread_atr_12_48b__high_abs,1.3388286154282136,"expanding abs q70 using observations <= prediction_timestamp, min_periods=300"
2026-07-01 22:00:00+00:00,ema_spread_atr_12_48b__high_abs,1.3396631323457622,"expanding abs q70 using observations <= prediction_timestamp, min_periods=300"
2026-07-01 22:30:00+00:00,ema_spread_atr_12_48b__high_abs,1.3409183399949063,"expanding abs q70 using observations <= prediction_timestamp, min_periods=300"
2026-07-01 23:00:00+00:00,ema_spread_atr_12_48b__high_abs,1.3404845727124364,"expanding abs q70 using observations <= prediction_timestamp, min_periods=300"
2026-07-01 23:30:00+00:00,ema_spread_atr_12_48b__high_abs,1.339868492437431,"expanding abs q70 using observations <= prediction_timestamp, min_periods=300"
2026-07-02 00:00:00+00:00,ema_spread_atr_12_48b__high_abs,1.3409413870940392,"expanding abs q70 using observations <= prediction_timestamp, min_periods=300"
2026-07-02 00:30:00+00:00,ema_spread_atr_12_48b__high_abs,1.3411027167879686,"expanding abs q70 using observations <= prediction_timestamp, min_periods=300"
2026-07-02 01:00:00+00:00,ema_spread_atr_12_48b__high_abs,1.342442051077241,"expanding abs q70 using observations <= prediction_timestamp, min_periods=300"
2026-07-02 01:30:00+00:00,ema_spread_atr_12_48b__high_abs,1.3417839074821714,"expanding abs q70 using observations <= prediction_timestamp, min_periods=300"
2026-07-02 02:00:00+00:00,ema_spread_atr_12_48b__high_abs,1.3411257638871015,"expanding abs q70 using observations <= prediction_timestamp, min_periods=300"
2026-07-02 02:30:00+00:00,ema_spread_atr_12_48b__high_abs,1.3410566225897032,"expanding abs q70 using observations <= prediction_timestamp, min_periods=300"
2026-07-02 03:00:00+00:00,ema_spread_atr_12_48b__high_abs,1.3409874812923046,"expanding abs q70 using observations <= prediction_timestamp, min_periods=300"
2026-07-02 03:30:00+00:00,ema_spread_atr_12_48b__high_abs,1.3409183399949063,"expanding abs q70 using observations <= prediction_timestamp, min_periods=300"
2026-07-02 04:00:00+00:00,ema_spread_atr_12_48b__high_abs,1.3410796696888359,"expanding abs q70 using observations <= prediction_timestamp, min_periods=300"
2026-07-02 04:30:00+00:00,ema_spread_atr_12_48b__high_abs,1.3422226698788846,"expanding abs q70 using observations <= prediction_timestamp, min_periods=300"
2026-07-02 05:00:00+00:00,ema_spread_atr_12_48b__high_abs,1.343355861372322,"expanding abs q70 using observations <= prediction_timestamp, min_periods=300"
2026-07-02 05:30:00+00:00,ema_spread_atr_12_48b__high_abs,1.343100194672311,"expanding abs q70 using observations <= prediction_timestamp, min_periods=300"
2026-07-02 06:00:00+00:00,ema_spread_atr_12_48b__high_abs,1.342442051077241,"expanding abs q70 using observations <= prediction_timestamp, min_periods=300"
2026-07-02 06:30:00+00:00,ema_spread_atr_12_48b__high_abs,1.3417839074821714,"expanding abs q70 using observations <= prediction_timestamp, min_periods=300"
2026-07-02 07:00:00+00:00,ema_spread_atr_12_48b__high_abs,1.3411257638871015,"expanding abs q70 using observations <= prediction_timestamp, min_periods=300"
2026-07-02 07:30:00+00:00,ema_spread_atr_12_48b__high_abs,1.3426614322755974,"expanding abs q70 using observations <= prediction_timestamp, min_periods=300"
2026-07-02 08:00:00+00:00,ema_spread_atr_12_48b__high_abs,1.3433921468739765,"expanding abs q70 using observations <= prediction_timestamp, min_periods=300"
2026-07-02 08:30:00+00:00,ema_spread_atr_12_48b__high_abs,1.343337718621495,"expanding abs q70 using observations <= prediction_timestamp, min_periods=300"
2026-07-02 09:00:00+00:00,ema_spread_atr_12_48b__high_abs,1.3428808134739545,"expanding abs q70 using observations <= prediction_timestamp, min_periods=300"
2026-07-02 09:30:00+00:00,ema_spread_atr_12_48b__high_abs,1.3422226698788846,"expanding abs q70 using observations <= prediction_timestamp, min_periods=300"
2026-07-02 10:00:00+00:00,ema_spread_atr_12_48b__high_abs,1.343355861372322,"expanding abs q70 using observations <= prediction_timestamp, min_periods=300"
2026-07-02 10:30:00+00:00,ema_spread_atr_12_48b__high_abs,1.3434828606281124,"expanding abs q70 using observations <= prediction_timestamp, min_periods=300"
2026-07-02 11:00:00+00:00,ema_spread_atr_12_48b__high_abs,1.343512679420682,"expanding abs q70 using observations <= prediction_timestamp, min_periods=300"
2026-07-02 11:30:00+00:00,ema_spread_atr_12_48b__high_abs,1.3437960074182593,"expanding abs q70 using observations <= prediction_timestamp, min_periods=300"
2026-07-02 12:00:00+00:00,ema_spread_atr_12_48b__high_abs,1.344438943347674,"expanding abs q70 using observations <= prediction_timestamp, min_periods=300"
2026-07-02 12:30:00+00:00,ema_spread_atr_12_48b__high_abs,1.3450977435779117,"expanding abs q70 using observations <= prediction_timestamp, min_periods=300"
2026-07-02 13:00:00+00:00,ema_spread_atr_12_48b__high_abs,1.3453982564060565,"expanding abs q70 using observations <= prediction_timestamp, min_periods=300"
2026-07-02 13:30:00+00:00,ema_spread_atr_12_48b__high_abs,1.3458719442522153,"expanding abs q70 using observations <= prediction_timestamp, min_periods=300"
2026-07-02 14:00:00+00:00,ema_spread_atr_12_48b__high_abs,1.3489969755158833,"expanding abs q70 using observations <= prediction_timestamp, min_periods=300"
2026-07-02 14:30:00+00:00,ema_spread_atr_12_48b__high_abs,1.3509997046689595,"expanding abs q70 using observations <= prediction_timestamp, min_periods=300"
2026-07-02 15:00:00+00:00,ema_spread_atr_12_48b__high_abs,1.3524348442112324,"expanding abs q70 using observations <= prediction_timestamp, min_periods=300"
2026-07-02 15:30:00+00:00,ema_spread_atr_12_48b__high_abs,1.35357331183709,"expanding abs q70 using observations <= prediction_timestamp, min_periods=300"
2026-07-02 16:00:00+00:00,ema_spread_atr_12_48b__high_abs,1.3530853971402939,"expanding abs q70 using observations <= prediction_timestamp, min_periods=300"
2026-07-02 16:30:00+00:00,ema_spread_atr_12_48b__high_abs,1.3525974824434979,"expanding abs q70 using observations <= prediction_timestamp, min_periods=300"
2026-07-02 17:00:00+00:00,ema_spread_atr_12_48b__high_abs,1.3521095677467019,"expanding abs q70 using observations <= prediction_timestamp, min_periods=300"
2026-07-02 17:30:00+00:00,ema_spread_atr_12_48b__high_abs,1.351443649900056,"expanding abs q70 using observations <= prediction_timestamp, min_periods=300"
2026-07-02 18:00:00+00:00,ema_spread_atr_12_48b__high_abs,1.3507777320534107,"expanding abs q70 using observations <= prediction_timestamp, min_periods=300"
2026-07-02 18:30:00+00:00,ema_spread_atr_12_48b__high_abs,1.3501118142067654,"expanding abs q70 using observations <= prediction_timestamp, min_periods=300"
2026-07-02 19:00:00+00:00,ema_spread_atr_12_48b__high_abs,1.3489969755158833,"expanding abs q70 using observations <= prediction_timestamp, min_periods=300"
2026-07-02 19:30:00+00:00,ema_spread_atr_12_48b__high_abs,1.347657676402883,"expanding abs q70 using observations <= prediction_timestamp, min_periods=300"
2026-07-02 20:00:00+00:00,ema_spread_atr_12_48b__high_abs,1.346318377289882,"expanding abs q70 using observations <= prediction_timestamp, min_periods=300"
2026-07-02 20:30:00+00:00,ema_spread_atr_12_48b__high_abs,1.3454209687464669,"expanding abs q70 using observations <= prediction_timestamp, min_periods=300"
2026-07-02 21:00:00+00:00,ema_spread_atr_12_48b__high_abs,1.3454073413422205,"expanding abs q70 using observations <= prediction_timestamp, min_periods=300"
2026-07-02 21:30:00+00:00,ema_spread_atr_12_48b__high_abs,1.3453937139379744,"expanding abs q70 using observations <= prediction_timestamp, min_periods=300"
2026-07-02 22:00:00+00:00,ema_spread_atr_12_48b__high_abs,1.345380086533728,"expanding abs q70 using observations <= prediction_timestamp, min_periods=300"
2026-07-02 22:30:00+00:00,ema_spread_atr_12_48b__high_abs,1.3450977435779117,"expanding abs q70 using observations <= prediction_timestamp, min_periods=300"
2026-07-02 23:00:00+00:00,ema_spread_atr_12_48b__high_abs,1.3448154006220954,"expanding abs q70 using observations <= prediction_timestamp, min_periods=300"
2026-07-02 23:30:00+00:00,ema_spread_atr_12_48b__high_abs,1.3445330576662793,"expanding abs q70 using observations <= prediction_timestamp, min_periods=300"
2026-07-03 00:00:00+00:00,ema_spread_atr_12_48b__high_abs,1.3442552473678413,"expanding abs q70 using observations <= prediction_timestamp, min_periods=300"
2026-07-03 00:30:00+00:00,ema_spread_atr_12_48b__high_abs,1.3439797033980923,"expanding abs q70 using observations <= prediction_timestamp, min_periods=300"
2026-07-03 01:00:00+00:00,ema_spread_atr_12_48b__high_abs,1.3437041594283428,"expanding abs q70 using observations <= prediction_timestamp, min_periods=300"
2026-07-03 01:30:00+00:00,ema_spread_atr_12_48b__high_abs,1.3443470953577574,"expanding abs q70 using observations <= prediction_timestamp, min_periods=300"
2026-07-03 02:00:00+00:00,ema_spread_atr_12_48b__high_abs,1.3450036292593064,"expanding abs q70 using observations <= prediction_timestamp, min_periods=300"
2026-07-03 02:30:00+00:00,ema_spread_atr_12_48b__high_abs,1.34472128630349,"expanding abs q70 using observations <= prediction_timestamp, min_periods=300"
2026-07-03 03:00:00+00:00,ema_spread_atr_12_48b__high_abs,1.344438943347674,"expanding abs q70 using observations <= prediction_timestamp, min_periods=300"
2026-07-03 03:30:00+00:00,ema_spread_atr_12_48b__high_abs,1.3441633993779247,"expanding abs q70 using observations <= prediction_timestamp, min_periods=300"
2026-07-03 04:00:00+00:00,ema_spread_atr_12_48b__high_abs,1.3438878554081757,"expanding abs q70 using observations <= prediction_timestamp, min_periods=300"
2026-07-03 04:30:00+00:00,ema_spread_atr_12_48b__high_abs,1.3436123114384266,"expanding abs q70 using observations <= prediction_timestamp, min_periods=300"
2026-07-03 05:00:00+00:00,ema_spread_atr_12_48b__high_abs,1.3435165714345962,"expanding abs q70 using observations <= prediction_timestamp, min_periods=300"
2026-07-03 05:30:00+00:00,ema_spread_atr_12_48b__high_abs,1.343510733413725,"expanding abs q70 using observations <= prediction_timestamp, min_periods=300"
2026-07-03 06:00:00+00:00,ema_spread_atr_12_48b__high_abs,1.3437041594283428,"expanding abs q70 using observations <= prediction_timestamp, min_periods=300"
2026-07-03 06:30:00+00:00,ema_spread_atr_12_48b__high_abs,1.3443470953577574,"expanding abs q70 using observations <= prediction_timestamp, min_periods=300"
2026-07-03 07:00:00+00:00,ema_spread_atr_12_48b__high_abs,1.3440715513880084,"expanding abs q70 using observations <= prediction_timestamp, min_periods=300"
2026-07-03 07:30:00+00:00,ema_spread_atr_12_48b__high_abs,1.3437960074182593,"expanding abs q70 using observations <= prediction_timestamp, min_periods=300"
2026-07-03 08:00:00+00:00,ema_spread_atr_12_48b__high_abs,1.3435204634485103,"expanding abs q70 using observations <= prediction_timestamp, min_periods=300"
2026-07-03 08:30:00+00:00,ema_spread_atr_12_48b__high_abs,1.343514625427639,"expanding abs q70 using observations <= prediction_timestamp, min_periods=300"
2026-07-03 09:00:00+00:00,ema_spread_atr_12_48b__high_abs,1.343508787406768,"expanding abs q70 using observations <= prediction_timestamp, min_periods=300"
2026-07-03 09:30:00+00:00,ema_spread_atr_12_48b__high_abs,1.3436123114384266,"expanding abs q70 using observations <= prediction_timestamp, min_periods=300"
2026-07-03 10:00:00+00:00,ema_spread_atr_12_48b__high_abs,1.3442552473678413,"expanding abs q70 using observations <= prediction_timestamp, min_periods=300"
2026-07-03 10:30:00+00:00,ema_spread_atr_12_48b__high_abs,1.344909514940701,"expanding abs q70 using observations <= prediction_timestamp, min_periods=300"
2026-07-03 11:00:00+00:00,ema_spread_atr_12_48b__high_abs,1.3453891714698922,"expanding abs q70 using observations <= prediction_timestamp, min_periods=300"
2026-07-03 11:30:00+00:00,ema_spread_atr_12_48b__high_abs,1.3454209687464669,"expanding abs q70 using observations <= prediction_timestamp, min_periods=300"
2026-07-03 12:00:00+00:00,ema_spread_atr_12_48b__high_abs,1.3481041094405495,"expanding abs q70 using observations <= prediction_timestamp, min_periods=300"
2026-07-03 12:30:00+00:00,ema_spread_atr_12_48b__high_abs,1.3467648103275491,"expanding abs q70 using observations <= prediction_timestamp, min_periods=300"
2026-07-03 13:00:00+00:00,ema_spread_atr_12_48b__high_abs,1.345425511214549,"expanding abs q70 using observations <= prediction_timestamp, min_periods=300"
2026-07-03 13:30:00+00:00,ema_spread_atr_12_48b__high_abs,1.3454118838103026,"expanding abs q70 using observations <= prediction_timestamp, min_periods=300"
2026-07-03 14:00:00+00:00,ema_spread_atr_12_48b__high_abs,1.3453982564060565,"expanding abs q70 using observations <= prediction_timestamp, min_periods=300"
2026-07-03 14:30:00+00:00,ema_spread_atr_12_48b__high_abs,1.34538462900181,"expanding abs q70 using observations <= prediction_timestamp, min_periods=300"
2026-07-03 15:00:00+00:00,ema_spread_atr_12_48b__high_abs,1.3451918578965172,"expanding abs q70 using observations <= prediction_timestamp, min_periods=300"
2026-07-03 15:30:00+00:00,ema_spread_atr_12_48b__high_abs,1.344909514940701,"expanding abs q70 using observations <= prediction_timestamp, min_periods=300"
2026-07-03 16:00:00+00:00,ema_spread_atr_12_48b__high_abs,1.3446271719848846,"expanding abs q70 using observations <= prediction_timestamp, min_periods=300"
2026-07-03 16:30:00+00:00,ema_spread_atr_12_48b__high_abs,1.3443470953577574,"expanding abs q70 using observations <= prediction_timestamp, min_periods=300"
2026-07-03 17:00:00+00:00,ema_spread_atr_12_48b__high_abs,1.3440715513880084,"expanding abs q70 using observations <= prediction_timestamp, min_periods=300"
2026-07-03 17:30:00+00:00,ema_spread_atr_12_48b__high_abs,1.3437960074182593,"expanding abs q70 using observations <= prediction_timestamp, min_periods=300"
2026-07-03 18:00:00+00:00,ema_spread_atr_12_48b__high_abs,1.3435204634485103,"expanding abs q70 using observations <= prediction_timestamp, min_periods=300"
2026-07-03 18:30:00+00:00,ema_spread_atr_12_48b__high_abs,1.343514625427639,"expanding abs q70 using observations <= prediction_timestamp, min_periods=300"
2026-07-03 19:00:00+00:00,ema_spread_atr_12_48b__high_abs,1.343508787406768,"expanding abs q70 using observations <= prediction_timestamp, min_periods=300"
2026-07-03 19:30:00+00:00,ema_spread_atr_12_48b__high_abs,1.3436123114384266,"expanding abs q70 using observations <= prediction_timestamp, min_periods=300"
2026-07-03 20:00:00+00:00,ema_spread_atr_12_48b__high_abs,1.3442552473678413,"expanding abs q70 using observations <= prediction_timestamp, min_periods=300"
2026-07-03 20:30:00+00:00,ema_spread_atr_12_48b__high_abs,1.344909514940701,"expanding abs q70 using observations <= prediction_timestamp, min_periods=300"
2026-07-03 21:00:00+00:00,ema_spread_atr_12_48b__high_abs,1.3453891714698922,"expanding abs q70 using observations <= prediction_timestamp, min_periods=300"
2026-07-03 21:30:00+00:00,ema_spread_atr_12_48b__high_abs,1.3454209687464669,"expanding abs q70 using observations <= prediction_timestamp, min_periods=300"
2026-07-03 22:00:00+00:00,ema_spread_atr_12_48b__high_abs,1.3481041094405495,"expanding abs q70 using observations <= prediction_timestamp, min_periods=300"
2026-07-03 22:30:00+00:00,ema_spread_atr_12_48b__high_abs,1.3467648103275491,"expanding abs q70 using observations <= prediction_timestamp, min_periods=300"
2026-07-03 23:00:00+00:00,ema_spread_atr_12_48b__high_abs,1.345425511214549,"expanding abs q70 using observations <= prediction_timestamp, min_periods=300"
2026-07-03 23:30:00+00:00,ema_spread_atr_12_48b__high_abs,1.3454118838103026,"expanding abs q70 using observations <= prediction_timestamp, min_periods=300"
2026-07-04 00:00:00+00:00,ema_spread_atr_12_48b__high_abs,1.3453982564060565,"expanding abs q70 using observations <= prediction_timestamp, min_periods=300"
2026-07-04 00:30:00+00:00,ema_spread_atr_12_48b__high_abs,1.34538462900181,"expanding abs q70 using observations <= prediction_timestamp, min_periods=300"
2026-07-04 01:00:00+00:00,ema_spread_atr_12_48b__high_abs,1.3451918578965172,"expanding abs q70 using observations <= prediction_timestamp, min_periods=300"
2026-07-04 01:30:00+00:00,ema_spread_atr_12_48b__high_abs,1.344909514940701,"expanding abs q70 using observations <= prediction_timestamp, min_periods=300"
2026-07-04 02:00:00+00:00,ema_spread_atr_12_48b__high_abs,1.3453891714698922,"expanding abs q70 using observations <= prediction_timestamp, min_periods=300"
2026-07-04 02:30:00+00:00,ema_spread_atr_12_48b__high_abs,1.3454209687464669,"expanding abs q70 using observations <= prediction_timestamp, min_periods=300"
2026-07-04 03:00:00+00:00,ema_spread_atr_12_48b__high_abs,1.3454073413422205,"expanding abs q70 using observations <= prediction_timestamp, min_periods=300"
2026-07-04 03:30:00+00:00,ema_spread_atr_12_48b__high_abs,1.3453937139379744,"expanding abs q70 using observations <= prediction_timestamp, min_periods=300"
2026-07-04 04:00:00+00:00,ema_spread_atr_12_48b__high_abs,1.345380086533728,"expanding abs q70 using observations <= prediction_timestamp, min_periods=300"
2026-07-04 04:30:00+00:00,ema_spread_atr_12_48b__high_abs,1.3450977435779117,"expanding abs q70 using observations <= prediction_timestamp, min_periods=300"
2026-07-04 05:00:00+00:00,ema_spread_atr_12_48b__high_abs,1.3448154006220954,"expanding abs q70 using observations <= prediction_timestamp, min_periods=300"
2026-07-04 05:30:00+00:00,ema_spread_atr_12_48b__high_abs,1.3445330576662793,"expanding abs q70 using observations <= prediction_timestamp, min_periods=300"
2026-07-04 06:00:00+00:00,ema_spread_atr_12_48b__high_abs,1.3442552473678413,"expanding abs q70 using observations <= prediction_timestamp, min_periods=300"
2026-07-04 06:30:00+00:00,ema_spread_atr_12_48b__high_abs,1.3439797033980923,"expanding abs q70 using observations <= prediction_timestamp, min_periods=300"
2026-07-04 07:00:00+00:00,ema_spread_atr_12_48b__high_abs,1.3437041594283428,"expanding abs q70 using observations <= prediction_timestamp, min_periods=300"
2026-07-04 07:30:00+00:00,ema_spread_atr_12_48b__high_abs,1.3435185174415532,"expanding abs q70 using observations <= prediction_timestamp, min_periods=300"
2026-07-04 08:00:00+00:00,ema_spread_atr_12_48b__high_abs,1.343512679420682,"expanding abs q70 using observations <= prediction_timestamp, min_periods=300"
2026-07-04 08:30:00+00:00,ema_spread_atr_12_48b__high_abs,1.3435068413998108,"expanding abs q70 using observations <= prediction_timestamp, min_periods=300"
2026-07-04 09:00:00+00:00,ema_spread_atr_12_48b__high_abs,1.3435010033789396,"expanding abs q70 using observations <= prediction_timestamp, min_periods=300"
2026-07-04 09:30:00+00:00,ema_spread_atr_12_48b__high_abs,1.343446575126458,"expanding abs q70 using observations <= prediction_timestamp, min_periods=300"
2026-07-04 10:00:00+00:00,ema_spread_atr_12_48b__high_abs,1.3433921468739765,"expanding abs q70 using observations <= prediction_timestamp, min_periods=300"
2026-07-04 10:30:00+00:00,ema_spread_atr_12_48b__high_abs,1.343337718621495,"expanding abs q70 using observations <= prediction_timestamp, min_periods=300"
2026-07-04 11:00:00+00:00,ema_spread_atr_12_48b__high_abs,1.3428808134739545,"expanding abs q70 using observations <= prediction_timestamp, min_periods=300"
2026-07-04 11:30:00+00:00,ema_spread_atr_12_48b__high_abs,1.3422226698788846,"expanding abs q70 using observations <= prediction_timestamp, min_periods=300"
2026-07-04 12:00:00+00:00,ema_spread_atr_12_48b__high_abs,1.3415645262838143,"expanding abs q70 using observations <= prediction_timestamp, min_periods=300"
2026-07-04 12:30:00+00:00,ema_spread_atr_12_48b__high_abs,1.3411027167879686,"expanding abs q70 using observations <= prediction_timestamp, min_periods=300"
2026-07-04 13:00:00+00:00,ema_spread_atr_12_48b__high_abs,1.3410335754905702,"expanding abs q70 using observations <= prediction_timestamp, min_periods=300"
2026-07-04 13:30:00+00:00,ema_spread_atr_12_48b__high_abs,1.3417839074821714,"expanding abs q70 using observations <= prediction_timestamp, min_periods=300"
2026-07-04 14:00:00+00:00,ema_spread_atr_12_48b__high_abs,1.3411257638871015,"expanding abs q70 using observations <= prediction_timestamp, min_periods=300"
2026-07-04 14:30:00+00:00,ema_spread_atr_12_48b__high_abs,1.3426614322755974,"expanding abs q70 using observations <= prediction_timestamp, min_periods=300"
2026-07-04 15:00:00+00:00,ema_spread_atr_12_48b__high_abs,1.3433921468739765,"expanding abs q70 using observations <= prediction_timestamp, min_periods=300"
2026-07-04 15:30:00+00:00,ema_spread_atr_12_48b__high_abs,1.3435029493858968,"expanding abs q70 using observations <= prediction_timestamp, min_periods=300"
2026-07-04 16:00:00+00:00,ema_spread_atr_12_48b__high_abs,1.3435165714345962,"expanding abs q70 using observations <= prediction_timestamp, min_periods=300"
2026-07-04 16:30:00+00:00,ema_spread_atr_12_48b__high_abs,1.3439797033980923,"expanding abs q70 using observations <= prediction_timestamp, min_periods=300"
2026-07-04 17:00:00+00:00,ema_spread_atr_12_48b__high_abs,1.3446271719848846,"expanding abs q70 using observations <= prediction_timestamp, min_periods=300"
2026-07-04 17:30:00+00:00,ema_spread_atr_12_48b__high_abs,1.3443470953577574,"expanding abs q70 using observations <= prediction_timestamp, min_periods=300"
2026-07-04 18:00:00+00:00,ema_spread_atr_12_48b__high_abs,1.3450036292593064,"expanding abs q70 using observations <= prediction_timestamp, min_periods=300"
2026-07-04 18:30:00+00:00,ema_spread_atr_12_48b__high_abs,1.3453937139379744,"expanding abs q70 using observations <= prediction_timestamp, min_periods=300"
2026-07-04 19:00:00+00:00,ema_spread_atr_12_48b__high_abs,1.345380086533728,"expanding abs q70 using observations <= prediction_timestamp, min_periods=300"
2026-07-04 19:30:00+00:00,ema_spread_atr_12_48b__high_abs,1.3450977435779117,"expanding abs q70 using observations <= prediction_timestamp, min_periods=300"
2026-07-04 20:00:00+00:00,ema_spread_atr_12_48b__high_abs,1.3448154006220954,"expanding abs q70 using observations <= prediction_timestamp, min_periods=300"
2026-07-04 20:30:00+00:00,ema_spread_atr_12_48b__high_abs,1.3445330576662793,"expanding abs q70 using observations <= prediction_timestamp, min_periods=300"
2026-07-04 21:00:00+00:00,ema_spread_atr_12_48b__high_abs,1.3442552473678413,"expanding abs q70 using observations <= prediction_timestamp, min_periods=300"
2026-07-04 21:30:00+00:00,ema_spread_atr_12_48b__high_abs,1.3439797033980923,"expanding abs q70 using observations <= prediction_timestamp, min_periods=300"
2026-07-04 22:00:00+00:00,ema_spread_atr_12_48b__high_abs,1.3437041594283428,"expanding abs q70 using observations <= prediction_timestamp, min_periods=300"
2026-07-04 22:30:00+00:00,ema_spread_atr_12_48b__high_abs,1.3435185174415532,"expanding abs q70 using observations <= prediction_timestamp, min_periods=300"
2026-07-04 23:00:00+00:00,ema_spread_atr_12_48b__high_abs,1.343512679420682,"expanding abs q70 using observations <= prediction_timestamp, min_periods=300"
2026-07-04 23:30:00+00:00,ema_spread_atr_12_48b__high_abs,1.3437960074182593,"expanding abs q70 using observations <= prediction_timestamp, min_periods=300"
2026-07-05 00:00:00+00:00,ema_spread_atr_12_48b__high_abs,1.344438943347674,"expanding abs q70 using observations <= prediction_timestamp, min_periods=300"
2026-07-05 00:30:00+00:00,ema_spread_atr_12_48b__high_abs,1.3450977435779117,"expanding abs q70 using observations <= prediction_timestamp, min_periods=300"
2026-07-05 01:00:00+00:00,ema_spread_atr_12_48b__high_abs,1.3453982564060565,"expanding abs q70 using observations <= prediction_timestamp, min_periods=300"
2026-07-05 01:30:00+00:00,ema_spread_atr_12_48b__high_abs,1.3458719442522153,"expanding abs q70 using observations <= prediction_timestamp, min_periods=300"
2026-07-05 02:00:00+00:00,ema_spread_atr_12_48b__high_abs,1.3489969755158833,"expanding abs q70 using observations <= prediction_timestamp, min_periods=300"
2026-07-05 02:30:00+00:00,ema_spread_atr_12_48b__high_abs,1.3509997046689595,"expanding abs q70 using observations <= prediction_timestamp, min_periods=300"
2026-07-05 03:00:00+00:00,ema_spread_atr_12_48b__high_abs,1.3524348442112324,"expanding abs q70 using observations <= prediction_timestamp, min_periods=300"
2026-07-05 03:30:00+00:00,ema_spread_atr_12_48b__high_abs,1.35357331183709,"expanding abs q70 using observations <= prediction_timestamp, min_periods=300"
2026-07-05 04:00:00+00:00,ema_spread_atr_12_48b__high_abs,1.3538608299909334,"expanding abs q70 using observations <= prediction_timestamp, min_periods=300"
2026-07-05 04:30:00+00:00,ema_spread_atr_12_48b__high_abs,1.3537983900301445,"expanding abs q70 using observations <= prediction_timestamp, min_periods=300"
2026-07-05 05:00:00+00:00,ema_spread_atr_12_48b__high_abs,1.3537359500693555,"expanding abs q70 using observations <= prediction_timestamp, min_periods=300"
2026-07-05 05:30:00+00:00,ema_spread_atr_12_48b__high_abs,1.353248035372559,"expanding abs q70 using observations <= prediction_timestamp, min_periods=300"
2026-07-05 06:00:00+00:00,ema_spread_atr_12_48b__high_abs,1.3527601206757631,"expanding abs q70 using observations <= prediction_timestamp, min_periods=300"
2026-07-05 06:30:00+00:00,ema_spread_atr_12_48b__high_abs,1.3522722059789671,"expanding abs q70 using observations <= prediction_timestamp, min_periods=300"
2026-07-05 07:00:00+00:00,ema_spread_atr_12_48b__high_abs,1.3516656225156047,"expanding abs q70 using observations <= prediction_timestamp, min_periods=300"
2026-07-05 07:30:00+00:00,ema_spread_atr_12_48b__high_abs,1.3509997046689595,"expanding abs q70 using observations <= prediction_timestamp, min_periods=300"
2026-07-05 08:00:00+00:00,ema_spread_atr_12_48b__high_abs,1.3503337868223135,"expanding abs q70 using observations <= prediction_timestamp, min_periods=300"
2026-07-05 08:30:00+00:00,ema_spread_atr_12_48b__high_abs,1.3494434085535496,"expanding abs q70 using observations <= prediction_timestamp, min_periods=300"
2026-07-05 09:00:00+00:00,ema_spread_atr_12_48b__high_abs,1.3481041094405495,"expanding abs q70 using observations <= prediction_timestamp, min_periods=300"
2026-07-05 09:30:00+00:00,ema_spread_atr_12_48b__high_abs,1.3467648103275491,"expanding abs q70 using observations <= prediction_timestamp, min_periods=300"
2026-07-05 10:00:00+00:00,ema_spread_atr_12_48b__high_abs,1.349889841591217,"expanding abs q70 using observations <= prediction_timestamp, min_periods=300"
2026-07-05 10:30:00+00:00,ema_spread_atr_12_48b__high_abs,1.351372501982624,"expanding abs q70 using observations <= prediction_timestamp, min_periods=300"
2026-07-05 11:00:00+00:00,ema_spread_atr_12_48b__high_abs,1.3507370761005923,"expanding abs q70 using observations <= prediction_timestamp, min_periods=300"
2026-07-05 11:30:00+00:00,ema_spread_atr_12_48b__high_abs,1.3501016502185608,"expanding abs q70 using observations <= prediction_timestamp, min_periods=300"
2026-07-05 12:00:00+00:00,ema_spread_atr_12_48b__high_abs,1.3489969755158833,"expanding abs q70 using observations <= prediction_timestamp, min_periods=300"
2026-07-05 12:30:00+00:00,ema_spread_atr_12_48b__high_abs,1.347657676402883,"expanding abs q70 using observations <= prediction_timestamp, min_periods=300"
2026-07-05 13:00:00+00:00,ema_spread_atr_12_48b__high_abs,1.346318377289882,"expanding abs q70 using observations <= prediction_timestamp, min_periods=300"
2026-07-05 13:30:00+00:00,ema_spread_atr_12_48b__high_abs,1.3454209687464669,"expanding abs q70 using observations <= prediction_timestamp, min_periods=300"
2026-07-05 14:00:00+00:00,ema_spread_atr_12_48b__high_abs,1.3454073413422205,"expanding abs q70 using observations <= prediction_timestamp, min_periods=300"
2026-07-05 14:30:00+00:00,ema_spread_atr_12_48b__high_abs,1.3453937139379744,"expanding abs q70 using observations <= prediction_timestamp, min_periods=300"
2026-07-05 15:00:00+00:00,ema_spread_atr_12_48b__high_abs,1.345425511214549,"expanding abs q70 using observations <= prediction_timestamp, min_periods=300"
2026-07-05 15:30:00+00:00,ema_spread_atr_12_48b__high_abs,1.3485505424782158,"expanding abs q70 using observations <= prediction_timestamp, min_periods=300"
2026-07-05 16:00:00+00:00,ema_spread_atr_12_48b__high_abs,1.3507370761005923,"expanding abs q70 using observations <= prediction_timestamp, min_periods=300"
2026-07-05 16:30:00+00:00,ema_spread_atr_12_48b__high_abs,1.3501016502185608,"expanding abs q70 using observations <= prediction_timestamp, min_periods=300"
2026-07-05 17:00:00+00:00,ema_spread_atr_12_48b__high_abs,1.3489969755158833,"expanding abs q70 using observations <= prediction_timestamp, min_periods=300"
2026-07-05 17:30:00+00:00,ema_spread_atr_12_48b__high_abs,1.3509488847279365,"expanding abs q70 using observations <= prediction_timestamp, min_periods=300"
2026-07-05 18:00:00+00:00,ema_spread_atr_12_48b__high_abs,1.3520282558410652,"expanding abs q70 using observations <= prediction_timestamp, min_periods=300"
2026-07-05 18:30:00+00:00,ema_spread_atr_12_48b__high_abs,1.3517961192373118,"expanding abs q70 using observations <= prediction_timestamp, min_periods=300"
2026-07-05 19:00:00+00:00,ema_spread_atr_12_48b__high_abs,1.3520689117938836,"expanding abs q70 using observations <= prediction_timestamp, min_periods=300"
2026-07-05 19:30:00+00:00,ema_spread_atr_12_48b__high_abs,1.3520384198292696,"expanding abs q70 using observations <= prediction_timestamp, min_periods=300"
2026-07-05 20:00:00+00:00,ema_spread_atr_12_48b__high_abs,1.352007927864656,"expanding abs q70 using observations <= prediction_timestamp, min_periods=300"
2026-07-05 20:30:00+00:00,ema_spread_atr_12_48b__high_abs,1.351372501982624,"expanding abs q70 using observations <= prediction_timestamp, min_periods=300"
2026-07-05 21:00:00+00:00,ema_spread_atr_12_48b__high_abs,1.3507370761005923,"expanding abs q70 using observations <= prediction_timestamp, min_periods=300"
2026-07-05 21:30:00+00:00,ema_spread_atr_12_48b__high_abs,1.3501016502185608,"expanding abs q70 using observations <= prediction_timestamp, min_periods=300"
2026-07-05 22:00:00+00:00,ema_spread_atr_12_48b__high_abs,1.3489969755158833,"expanding abs q70 using observations <= prediction_timestamp, min_periods=300"
2026-07-05 22:30:00+00:00,ema_spread_atr_12_48b__high_abs,1.3509488847279365,"expanding abs q70 using observations <= prediction_timestamp, min_periods=300"
2026-07-05 23:00:00+00:00,ema_spread_atr_12_48b__high_abs,1.3520282558410652,"expanding abs q70 using observations <= prediction_timestamp, min_periods=300"
2026-07-05 23:30:00+00:00,ema_spread_atr_12_48b__high_abs,1.3520994037584972,"expanding abs q70 using observations <= prediction_timestamp, min_periods=300"
2026-07-06 00:00:00+00:00,ema_spread_atr_12_48b__high_abs,1.3520689117938836,"expanding abs q70 using observations <= prediction_timestamp, min_periods=300"
2026-07-06 00:30:00+00:00,ema_spread_atr_12_48b__high_abs,1.3520384198292696,"expanding abs q70 using observations <= prediction_timestamp, min_periods=300"
2026-07-06 01:00:00+00:00,ema_spread_atr_12_48b__high_abs,1.352007927864656,"expanding abs q70 using observations <= prediction_timestamp, min_periods=300"
2026-07-06 01:30:00+00:00,ema_spread_atr_12_48b__high_abs,1.351372501982624,"expanding abs q70 using observations <= prediction_timestamp, min_periods=300"
2026-07-06 02:00:00+00:00,ema_spread_atr_12_48b__high_abs,1.3507370761005923,"expanding abs q70 using observations <= prediction_timestamp, min_periods=300"
2026-07-06 02:30:00+00:00,ema_spread_atr_12_48b__high_abs,1.3501016502185608,"expanding abs q70 using observations <= prediction_timestamp, min_periods=300"
2026-07-06 03:00:00+00:00,ema_spread_atr_12_48b__high_abs,1.3489969755158833,"expanding abs q70 using observations <= prediction_timestamp, min_periods=300"
2026-07-06 03:30:00+00:00,ema_spread_atr_12_48b__high_abs,1.347657676402883,"expanding abs q70 using observations <= prediction_timestamp, min_periods=300"
2026-07-06 04:00:00+00:00,ema_spread_atr_12_48b__high_abs,1.346318377289882,"expanding abs q70 using observations <= prediction_timestamp, min_periods=300"
2026-07-06 04:30:00+00:00,ema_spread_atr_12_48b__high_abs,1.3454209687464669,"expanding abs q70 using observations <= prediction_timestamp, min_periods=300"
2026-07-06 05:00:00+00:00,ema_spread_atr_12_48b__high_abs,1.3454073413422205,"expanding abs q70 using observations <= prediction_timestamp, min_periods=300"
2026-07-06 05:30:00+00:00,ema_spread_atr_12_48b__high_abs,1.3467648103275491,"expanding abs q70 using observations <= prediction_timestamp, min_periods=300"
2026-07-06 06:00:00+00:00,ema_spread_atr_12_48b__high_abs,1.345425511214549,"expanding abs q70 using observations <= prediction_timestamp, min_periods=300"
2026-07-06 06:30:00+00:00,ema_spread_atr_12_48b__high_abs,1.3454118838103026,"expanding abs q70 using observations <= prediction_timestamp, min_periods=300"
2026-07-06 07:00:00+00:00,ema_spread_atr_12_48b__high_abs,1.3453982564060565,"expanding abs q70 using observations <= prediction_timestamp, min_periods=300"
2026-07-06 07:30:00+00:00,ema_spread_atr_12_48b__high_abs,1.34538462900181,"expanding abs q70 using observations <= prediction_timestamp, min_periods=300"
2026-07-06 08:00:00+00:00,ema_spread_atr_12_48b__high_abs,1.3451918578965172,"expanding abs q70 using observations <= prediction_timestamp, min_periods=300"
2026-07-06 08:30:00+00:00,ema_spread_atr_12_48b__high_abs,1.344909514940701,"expanding abs q70 using observations <= prediction_timestamp, min_periods=300"
2026-07-06 09:00:00+00:00,ema_spread_atr_12_48b__high_abs,1.3453891714698922,"expanding abs q70 using observations <= prediction_timestamp, min_periods=300"
2026-07-06 09:30:00+00:00,ema_spread_atr_12_48b__high_abs,1.3454209687464669,"expanding abs q70 using observations <= prediction_timestamp, min_periods=300"
2026-07-06 10:00:00+00:00,ema_spread_atr_12_48b__high_abs,1.3481041094405495,"expanding abs q70 using observations <= prediction_timestamp, min_periods=300"
2026-07-06 10:30:00+00:00,ema_spread_atr_12_48b__high_abs,1.3467648103275491,"expanding abs q70 using observations <= prediction_timestamp, min_periods=300"
2026-07-06 11:00:00+00:00,ema_spread_atr_12_48b__high_abs,1.345425511214549,"expanding abs q70 using observations <= prediction_timestamp, min_periods=300"
2026-07-06 11:30:00+00:00,ema_spread_atr_12_48b__high_abs,1.3454118838103026,"expanding abs q70 using observations <= prediction_timestamp, min_periods=300"
2026-07-06 12:00:00+00:00,ema_spread_atr_12_48b__high_abs,1.3453982564060565,"expanding abs q70 using observations <= prediction_timestamp, min_periods=300"
2026-07-06 12:30:00+00:00,ema_spread_atr_12_48b__high_abs,1.3458719442522153,"expanding abs q70 using observations <= prediction_timestamp, min_periods=300"
2026-07-06 13:00:00+00:00,ema_spread_atr_12_48b__high_abs,1.3489969755158833,"expanding abs q70 using observations <= prediction_timestamp, min_periods=300"
2026-07-06 13:30:00+00:00,ema_spread_atr_12_48b__high_abs,1.3509488847279365,"expanding abs q70 using observations <= prediction_timestamp, min_periods=300"
2026-07-06 14:00:00+00:00,ema_spread_atr_12_48b__high_abs,1.3520282558410652,"expanding abs q70 using observations <= prediction_timestamp, min_periods=300"
2026-07-06 14:30:00+00:00,ema_spread_atr_12_48b__high_abs,1.3517961192373118,"expanding abs q70 using observations <= prediction_timestamp, min_periods=300"
2026-07-06 15:00:00+00:00,ema_spread_atr_12_48b__high_abs,1.3511606933552802,"expanding abs q70 using observations <= prediction_timestamp, min_periods=300"
2026-07-06 15:30:00+00:00,ema_spread_atr_12_48b__high_abs,1.3505252674732486,"expanding abs q70 using observations <= prediction_timestamp, min_periods=300"
2026-07-06 16:00:00+00:00,ema_spread_atr_12_48b__high_abs,1.352007927864656,"expanding abs q70 using observations <= prediction_timestamp, min_periods=300"
2026-07-06 16:30:00+00:00,ema_spread_atr_12_48b__high_abs,1.3520790757820882,"expanding abs q70 using observations <= prediction_timestamp, min_periods=300"
2026-07-06 17:00:00+00:00,ema_spread_atr_12_48b__high_abs,1.3527601206757631,"expanding abs q70 using observations <= prediction_timestamp, min_periods=300"
2026-07-06 17:30:00+00:00,ema_spread_atr_12_48b__high_abs,1.3537567633896186,"expanding abs q70 using observations <= prediction_timestamp, min_periods=300"
2026-07-06 18:00:00+00:00,ema_spread_atr_12_48b__high_abs,1.3539024566314593,"expanding abs q70 using observations <= prediction_timestamp, min_periods=300"
2026-07-06 18:30:00+00:00,ema_spread_atr_12_48b__high_abs,1.3539971673396778,"expanding abs q70 using observations <= prediction_timestamp, min_periods=300"
2026-07-06 19:00:00+00:00,ema_spread_atr_12_48b__high_abs,1.3539653168990622,"expanding abs q70 using observations <= prediction_timestamp, min_periods=300"
2026-07-06 19:30:00+00:00,ema_spread_atr_12_48b__high_abs,1.354039634593832,"expanding abs q70 using observations <= prediction_timestamp, min_periods=300"
2026-07-06 20:00:00+00:00,ema_spread_atr_12_48b__high_abs,1.3540077841532163,"expanding abs q70 using observations <= prediction_timestamp, min_periods=300"
2026-07-06 20:30:00+00:00,ema_spread_atr_12_48b__high_abs,1.3539759337126007,"expanding abs q70 using observations <= prediction_timestamp, min_periods=300"
2026-07-06 21:00:00+00:00,ema_spread_atr_12_48b__high_abs,1.3539440832719851,"expanding abs q70 using observations <= prediction_timestamp, min_periods=300"
2026-07-06 21:30:00+00:00,ema_spread_atr_12_48b__high_abs,1.3540184009667549,"expanding abs q70 using observations <= prediction_timestamp, min_periods=300"
2026-07-06 22:00:00+00:00,ema_spread_atr_12_48b__high_abs,1.3541818501484548,"expanding abs q70 using observations <= prediction_timestamp, min_periods=300"
2026-07-06 22:30:00+00:00,ema_spread_atr_12_48b__high_abs,1.354394852480471,"expanding abs q70 using observations <= prediction_timestamp, min_periods=300"
2026-07-06 23:00:00+00:00,ema_spread_atr_12_48b__high_abs,1.3543134488895394,"expanding abs q70 using observations <= prediction_timestamp, min_periods=300"
2026-07-06 23:30:00+00:00,ema_spread_atr_12_48b__high_abs,1.354214749833726,"expanding abs q70 using observations <= prediction_timestamp, min_periods=300"
2026-07-07 00:00:00+00:00,ema_spread_atr_12_48b__high_abs,1.3541160507779126,"expanding abs q70 using observations <= prediction_timestamp, min_periods=300"
2026-07-07 00:30:00+00:00,ema_spread_atr_12_48b__high_abs,1.354039634593832,"expanding abs q70 using observations <= prediction_timestamp, min_periods=300"
2026-07-07 01:00:00+00:00,ema_spread_atr_12_48b__high_abs,1.3540077841532163,"expanding abs q70 using observations <= prediction_timestamp, min_periods=300"
2026-07-07 01:30:00+00:00,ema_spread_atr_12_48b__high_abs,1.3539759337126007,"expanding abs q70 using observations <= prediction_timestamp, min_periods=300"
2026-07-07 02:00:00+00:00,ema_spread_atr_12_48b__high_abs,1.3539440832719851,"expanding abs q70 using observations <= prediction_timestamp, min_periods=300"
2026-07-07 02:30:00+00:00,ema_spread_atr_12_48b__high_abs,1.3540184009667549,"expanding abs q70 using observations <= prediction_timestamp, min_periods=300"
2026-07-07 03:00:00+00:00,ema_spread_atr_12_48b__high_abs,1.3541818501484548,"expanding abs q70 using observations <= prediction_timestamp, min_periods=300"
2026-07-07 03:30:00+00:00,ema_spread_atr_12_48b__high_abs,1.354394852480471,"expanding abs q70 using observations <= prediction_timestamp, min_periods=300"
2026-07-07 04:00:00+00:00,ema_spread_atr_12_48b__high_abs,1.3545040820231975,"expanding abs q70 using observations <= prediction_timestamp, min_periods=300"
2026-07-07 04:30:00+00:00,ema_spread_atr_12_48b__high_abs,1.359042018209993,"expanding abs q70 using observations <= prediction_timestamp, min_periods=300"
2026-07-07 05:00:00+00:00,ema_spread_atr_12_48b__high_abs,1.3636953857672374,"expanding abs q70 using observations <= prediction_timestamp, min_periods=300"
2026-07-07 05:30:00+00:00,ema_spread_atr_12_48b__high_abs,1.3642086251065362,"expanding abs q70 using observations <= prediction_timestamp, min_periods=300"
2026-07-07 06:00:00+00:00,ema_spread_atr_12_48b__high_abs,1.364505375207794,"expanding abs q70 using observations <= prediction_timestamp, min_periods=300"
2026-07-07 06:30:00+00:00,ema_spread_atr_12_48b__high_abs,1.3643936601099722,"expanding abs q70 using observations <= prediction_timestamp, min_periods=300"
2026-07-07 07:00:00+00:00,ema_spread_atr_12_48b__high_abs,1.3642819450121504,"expanding abs q70 using observations <= prediction_timestamp, min_periods=300"
2026-07-07 07:30:00+00:00,ema_spread_atr_12_48b__high_abs,1.364061985295308,"expanding abs q70 using observations <= prediction_timestamp, min_periods=300"
2026-07-07 08:00:00+00:00,ema_spread_atr_12_48b__high_abs,1.3638420255784658,"expanding abs q70 using observations <= prediction_timestamp, min_periods=300"
2026-07-07 08:30:00+00:00,ema_spread_atr_12_48b__high_abs,1.3636220658616234,"expanding abs q70 using observations <= prediction_timestamp, min_periods=300"
2026-07-07 09:00:00+00:00,ema_spread_atr_12_48b__high_abs,1.3617460548576024,"expanding abs q70 using observations <= prediction_timestamp, min_periods=300"
2026-07-07 09:30:00+00:00,ema_spread_atr_12_48b__high_abs,1.359042018209993,"expanding abs q70 using observations <= prediction_timestamp, min_periods=300"
2026-07-07 10:00:00+00:00,ema_spread_atr_12_48b__high_abs,1.3563379815623815,"expanding abs q70 using observations <= prediction_timestamp, min_periods=300"
2026-07-07 10:30:00+00:00,ema_spread_atr_12_48b__high_abs,1.3545196862435869,"expanding abs q70 using observations <= prediction_timestamp, min_periods=300"
2026-07-07 11:00:00+00:00,ema_spread_atr_12_48b__high_abs,1.3544728735824185,"expanding abs q70 using observations <= prediction_timestamp, min_periods=300"
2026-07-07 11:30:00+00:00,ema_spread_atr_12_48b__high_abs,1.35442606092125,"expanding abs q70 using observations <= prediction_timestamp, min_periods=300"
2026-07-07 12:00:00+00:00,ema_spread_atr_12_48b__high_abs,1.3543792482600816,"expanding abs q70 using observations <= prediction_timestamp, min_periods=300"
2026-07-07 12:30:00+00:00,ema_spread_atr_12_48b__high_abs,1.354488477802808,"expanding abs q70 using observations <= prediction_timestamp, min_periods=300"
2026-07-07 13:00:00+00:00,ema_spread_atr_12_48b__high_abs,1.3544416651416396,"expanding abs q70 using observations <= prediction_timestamp, min_periods=300"
2026-07-07 13:30:00+00:00,ema_spread_atr_12_48b__high_abs,1.354394852480471,"expanding abs q70 using observations <= prediction_timestamp, min_periods=300"
2026-07-07 14:00:00+00:00,ema_spread_atr_12_48b__high_abs,1.3543134488895394,"expanding abs q70 using observations <= prediction_timestamp, min_periods=300"
2026-07-07 14:30:00+00:00,ema_spread_atr_12_48b__high_abs,1.354214749833726,"expanding abs q70 using observations <= prediction_timestamp, min_periods=300"
2026-07-07 15:00:00+00:00,ema_spread_atr_12_48b__high_abs,1.3541160507779126,"expanding abs q70 using observations <= prediction_timestamp, min_periods=300"
2026-07-07 15:30:00+00:00,ema_spread_atr_12_48b__high_abs,1.354039634593832,"expanding abs q70 using observations <= prediction_timestamp, min_periods=300"
2026-07-07 16:00:00+00:00,ema_spread_atr_12_48b__high_abs,1.354247649518997,"expanding abs q70 using observations <= prediction_timestamp, min_periods=300"
2026-07-07 16:30:00+00:00,ema_spread_atr_12_48b__high_abs,1.35442606092125,"expanding abs q70 using observations <= prediction_timestamp, min_periods=300"
2026-07-07 17:00:00+00:00,ema_spread_atr_12_48b__high_abs,1.3545352904639765,"expanding abs q70 using observations <= prediction_timestamp, min_periods=300"
2026-07-07 17:30:00+00:00,ema_spread_atr_12_48b__high_abs,1.360844709308398,"expanding abs q70 using observations <= prediction_timestamp, min_periods=300"
2026-07-07 18:00:00+00:00,ema_spread_atr_12_48b__high_abs,1.3638420255784658,"expanding abs q70 using observations <= prediction_timestamp, min_periods=300"
2026-07-07 18:30:00+00:00,ema_spread_atr_12_48b__high_abs,1.3636220658616234,"expanding abs q70 using observations <= prediction_timestamp, min_periods=300"
2026-07-07 19:00:00+00:00,ema_spread_atr_12_48b__high_abs,1.3617460548576024,"expanding abs q70 using observations <= prediction_timestamp, min_periods=300"
2026-07-07 19:30:00+00:00,ema_spread_atr_12_48b__high_abs,1.359042018209993,"expanding abs q70 using observations <= prediction_timestamp, min_periods=300"
2026-07-07 20:00:00+00:00,ema_spread_atr_12_48b__high_abs,1.3563379815623815,"expanding abs q70 using observations <= prediction_timestamp, min_periods=300"
2026-07-07 20:30:00+00:00,ema_spread_atr_12_48b__high_abs,1.3545196862435869,"expanding abs q70 using observations <= prediction_timestamp, min_periods=300"
2026-07-07 21:00:00+00:00,ema_spread_atr_12_48b__high_abs,1.3544728735824185,"expanding abs q70 using observations <= prediction_timestamp, min_periods=300"
2026-07-07 21:30:00+00:00,ema_spread_atr_12_48b__high_abs,1.357239327111586,"expanding abs q70 using observations <= prediction_timestamp, min_periods=300"
2026-07-07 22:00:00+00:00,ema_spread_atr_12_48b__high_abs,1.3635487459560094,"expanding abs q70 using observations <= prediction_timestamp, min_periods=300"
2026-07-07 22:30:00+00:00,ema_spread_atr_12_48b__high_abs,1.364061985295308,"expanding abs q70 using observations <= prediction_timestamp, min_periods=300"
2026-07-07 23:00:00+00:00,ema_spread_atr_12_48b__high_abs,1.3638420255784658,"expanding abs q70 using observations <= prediction_timestamp, min_periods=300"
2026-07-07 23:30:00+00:00,ema_spread_atr_12_48b__high_abs,1.3636220658616234,"expanding abs q70 using observations <= prediction_timestamp, min_periods=300"
2026-07-08 00:00:00+00:00,ema_spread_atr_12_48b__high_abs,1.3617460548576024,"expanding abs q70 using observations <= prediction_timestamp, min_periods=300"
2026-07-08 00:30:00+00:00,ema_spread_atr_12_48b__high_abs,1.359042018209993,"expanding abs q70 using observations <= prediction_timestamp, min_periods=300"
2026-07-08 01:00:00+00:00,ema_spread_atr_12_48b__high_abs,1.3563379815623815,"expanding abs q70 using observations <= prediction_timestamp, min_periods=300"
2026-07-08 01:30:00+00:00,ema_spread_atr_12_48b__high_abs,1.3545196862435869,"expanding abs q70 using observations <= prediction_timestamp, min_periods=300"
2026-07-08 02:00:00+00:00,ema_spread_atr_12_48b__high_abs,1.3599433637591953,"expanding abs q70 using observations <= prediction_timestamp, min_periods=300"
2026-07-08 02:30:00+00:00,ema_spread_atr_12_48b__high_abs,1.3637687056728516,"expanding abs q70 using observations <= prediction_timestamp, min_periods=300"
2026-07-08 03:00:00+00:00,ema_spread_atr_12_48b__high_abs,1.3642819450121504,"expanding abs q70 using observations <= prediction_timestamp, min_periods=300"
2026-07-08 03:30:00+00:00,ema_spread_atr_12_48b__high_abs,1.364061985295308,"expanding abs q70 using observations <= prediction_timestamp, min_periods=300"
2026-07-08 04:00:00+00:00,ema_spread_atr_12_48b__high_abs,1.3644308984759128,"expanding abs q70 using observations <= prediction_timestamp, min_periods=300"
2026-07-08 04:30:00+00:00,ema_spread_atr_12_48b__high_abs,1.364319183378091,"expanding abs q70 using observations <= prediction_timestamp, min_periods=300"
2026-07-08 05:00:00+00:00,ema_spread_atr_12_48b__high_abs,1.3641353052009222,"expanding abs q70 using observations <= prediction_timestamp, min_periods=300"
2026-07-08 05:30:00+00:00,ema_spread_atr_12_48b__high_abs,1.36391534548408,"expanding abs q70 using observations <= prediction_timestamp, min_periods=300"
2026-07-08 06:00:00+00:00,ema_spread_atr_12_48b__high_abs,1.3636953857672374,"expanding abs q70 using observations <= prediction_timestamp, min_periods=300"
2026-07-08 06:30:00+00:00,ema_spread_atr_12_48b__high_abs,1.3626474004068048,"expanding abs q70 using observations <= prediction_timestamp, min_periods=300"
2026-07-08 07:00:00+00:00,ema_spread_atr_12_48b__high_abs,1.3599433637591953,"expanding abs q70 using observations <= prediction_timestamp, min_periods=300"
2026-07-08 07:30:00+00:00,ema_spread_atr_12_48b__high_abs,1.357239327111586,"expanding abs q70 using observations <= prediction_timestamp, min_periods=300"
2026-07-08 08:00:00+00:00,ema_spread_atr_12_48b__high_abs,1.3545352904639765,"expanding abs q70 using observations <= prediction_timestamp, min_periods=300"
2026-07-08 08:30:00+00:00,ema_spread_atr_12_48b__high_abs,1.360844709308398,"expanding abs q70 using observations <= prediction_timestamp, min_periods=300"
2026-07-08 09:00:00+00:00,ema_spread_atr_12_48b__high_abs,1.3638420255784658,"expanding abs q70 using observations <= prediction_timestamp, min_periods=300"
2026-07-08 09:30:00+00:00,ema_spread_atr_12_48b__high_abs,1.364319183378091,"expanding abs q70 using observations <= prediction_timestamp, min_periods=300"
2026-07-08 10:00:00+00:00,ema_spread_atr_12_48b__high_abs,1.3645798519396752,"expanding abs q70 using observations <= prediction_timestamp, min_periods=300"
2026-07-08 10:30:00+00:00,ema_spread_atr_12_48b__high_abs,1.3644681368418534,"expanding abs q70 using observations <= prediction_timestamp, min_periods=300"
2026-07-08 11:00:00+00:00,ema_spread_atr_12_48b__high_abs,1.3643564217440316,"expanding abs q70 using observations <= prediction_timestamp, min_periods=300"
2026-07-08 11:30:00+00:00,ema_spread_atr_12_48b__high_abs,1.3642086251065362,"expanding abs q70 using observations <= prediction_timestamp, min_periods=300"
2026-07-08 12:00:00+00:00,ema_spread_atr_12_48b__high_abs,1.363988665389694,"expanding abs q70 using observations <= prediction_timestamp, min_periods=300"
2026-07-08 12:30:00+00:00,ema_spread_atr_12_48b__high_abs,1.3637687056728516,"expanding abs q70 using observations <= prediction_timestamp, min_periods=300"
2026-07-08 13:00:00+00:00,ema_spread_atr_12_48b__high_abs,1.3635487459560094,"expanding abs q70 using observations <= prediction_timestamp, min_periods=300"
2026-07-08 13:30:00+00:00,ema_spread_atr_12_48b__high_abs,1.360844709308398,"expanding abs q70 using observations <= prediction_timestamp, min_periods=300"
2026-07-08 14:00:00+00:00,ema_spread_atr_12_48b__high_abs,1.3581406726607883,"expanding abs q70 using observations <= prediction_timestamp, min_periods=300"
2026-07-08 14:30:00+00:00,ema_spread_atr_12_48b__high_abs,1.3554366360131789,"expanding abs q70 using observations <= prediction_timestamp, min_periods=300"
2026-07-08 15:00:00+00:00,ema_spread_atr_12_48b__high_abs,1.3545040820231975,"expanding abs q70 using observations <= prediction_timestamp, min_periods=300"
2026-07-08 15:30:00+00:00,ema_spread_atr_12_48b__high_abs,1.359042018209993,"expanding abs q70 using observations <= prediction_timestamp, min_periods=300"
2026-07-08 16:00:00+00:00,ema_spread_atr_12_48b__high_abs,1.3636953857672374,"expanding abs q70 using observations <= prediction_timestamp, min_periods=300"
2026-07-08 16:30:00+00:00,ema_spread_atr_12_48b__high_abs,1.3626474004068048,"expanding abs q70 using observations <= prediction_timestamp, min_periods=300"
2026-07-08 17:00:00+00:00,ema_spread_atr_12_48b__high_abs,1.3599433637591953,"expanding abs q70 using observations <= prediction_timestamp, min_periods=300"
2026-07-08 17:30:00+00:00,ema_spread_atr_12_48b__high_abs,1.357239327111586,"expanding abs q70 using observations <= prediction_timestamp, min_periods=300"
2026-07-08 18:00:00+00:00,ema_spread_atr_12_48b__high_abs,1.3545352904639765,"expanding abs q70 using observations <= prediction_timestamp, min_periods=300"
2026-07-08 18:30:00+00:00,ema_spread_atr_12_48b__high_abs,1.354488477802808,"expanding abs q70 using observations <= prediction_timestamp, min_periods=300"
2026-07-08 19:00:00+00:00,ema_spread_atr_12_48b__high_abs,1.3544416651416396,"expanding abs q70 using observations <= prediction_timestamp, min_periods=300"
2026-07-08 19:30:00+00:00,ema_spread_atr_12_48b__high_abs,1.354394852480471,"expanding abs q70 using observations <= prediction_timestamp, min_periods=300"
2026-07-08 20:00:00+00:00,ema_spread_atr_12_48b__high_abs,1.3543134488895394,"expanding abs q70 using observations <= prediction_timestamp, min_periods=300"
2026-07-08 20:30:00+00:00,ema_spread_atr_12_48b__high_abs,1.354214749833726,"expanding abs q70 using observations <= prediction_timestamp, min_periods=300"
2026-07-08 21:00:00+00:00,ema_spread_atr_12_48b__high_abs,1.3541160507779126,"expanding abs q70 using observations <= prediction_timestamp, min_periods=300"
2026-07-08 21:30:00+00:00,ema_spread_atr_12_48b__high_abs,1.354039634593832,"expanding abs q70 using observations <= prediction_timestamp, min_periods=300"
2026-07-08 22:00:00+00:00,ema_spread_atr_12_48b__high_abs,1.3540077841532163,"expanding abs q70 using observations <= prediction_timestamp, min_periods=300"
2026-07-08 22:30:00+00:00,ema_spread_atr_12_48b__high_abs,1.3539759337126007,"expanding abs q70 using observations <= prediction_timestamp, min_periods=300"
2026-07-08 23:00:00+00:00,ema_spread_atr_12_48b__high_abs,1.3539440832719851,"expanding abs q70 using observations <= prediction_timestamp, min_periods=300"
2026-07-08 23:30:00+00:00,ema_spread_atr_12_48b__high_abs,1.3538816433111962,"expanding abs q70 using observations <= prediction_timestamp, min_periods=300"
2026-07-09 00:00:00+00:00,ema_spread_atr_12_48b__high_abs,1.3538192033504073,"expanding abs q70 using observations <= prediction_timestamp, min_periods=300"
2026-07-09 00:30:00+00:00,ema_spread_atr_12_48b__high_abs,1.3537567633896186,"expanding abs q70 using observations <= prediction_timestamp, min_periods=300"
2026-07-09 01:00:00+00:00,ema_spread_atr_12_48b__high_abs,1.3535963977395546,"expanding abs q70 using observations <= prediction_timestamp, min_periods=300"
2026-07-09 01:30:00+00:00,ema_spread_atr_12_48b__high_abs,1.3533870692448535,"expanding abs q70 using observations <= prediction_timestamp, min_periods=300"
2026-07-09 02:00:00+00:00,ema_spread_atr_12_48b__high_abs,1.353177740750152,"expanding abs q70 using observations <= prediction_timestamp, min_periods=300"
2026-07-09 02:30:00+00:00,ema_spread_atr_12_48b__high_abs,1.3529453263529863,"expanding abs q70 using observations <= prediction_timestamp, min_periods=300"
2026-07-09 03:00:00+00:00,ema_spread_atr_12_48b__high_abs,1.3534568454097538,"expanding abs q70 using observations <= prediction_timestamp, min_periods=300"
2026-07-09 03:30:00+00:00,ema_spread_atr_12_48b__high_abs,1.3532475169150526,"expanding abs q70 using observations <= prediction_timestamp, min_periods=300"
2026-07-09 04:00:00+00:00,ema_spread_atr_12_48b__high_abs,1.3530381884203513,"expanding abs q70 using observations <= prediction_timestamp, min_periods=300"
2026-07-09 04:30:00+00:00,ema_spread_atr_12_48b__high_abs,1.3527596022182562,"expanding abs q70 using observations <= prediction_timestamp, min_periods=300"
2026-07-09 05:00:00+00:00,ema_spread_atr_12_48b__high_abs,1.3524810160161616,"expanding abs q70 using observations <= prediction_timestamp, min_periods=300"
2026-07-09 05:30:00+00:00,ema_spread_atr_12_48b__high_abs,1.3522024298140667,"expanding abs q70 using observations <= prediction_timestamp, min_periods=300"
2026-07-09 06:00:00+00:00,ema_spread_atr_12_48b__high_abs,1.3528524642856214,"expanding abs q70 using observations <= prediction_timestamp, min_periods=300"
2026-07-09 06:30:00+00:00,ema_spread_atr_12_48b__high_abs,1.3533870692448535,"expanding abs q70 using observations <= prediction_timestamp, min_periods=300"
2026-07-09 07:00:00+00:00,ema_spread_atr_12_48b__high_abs,1.3537775767098814,"expanding abs q70 using observations <= prediction_timestamp, min_periods=300"
2026-07-09 07:30:00+00:00,ema_spread_atr_12_48b__high_abs,1.353923269951722,"expanding abs q70 using observations <= prediction_timestamp, min_periods=300"
2026-07-09 08:00:00+00:00,ema_spread_atr_12_48b__high_abs,1.3540077841532163,"expanding abs q70 using observations <= prediction_timestamp, min_periods=300"
2026-07-09 08:30:00+00:00,ema_spread_atr_12_48b__high_abs,1.3541489504631838,"expanding abs q70 using observations <= prediction_timestamp, min_periods=300"
2026-07-09 09:00:00+00:00,ema_spread_atr_12_48b__high_abs,1.3540502514073705,"expanding abs q70 using observations <= prediction_timestamp, min_periods=300"
2026-07-09 09:30:00+00:00,ema_spread_atr_12_48b__high_abs,1.3540184009667549,"expanding abs q70 using observations <= prediction_timestamp, min_periods=300"
2026-07-09 10:00:00+00:00,ema_spread_atr_12_48b__high_abs,1.3539865505261393,"expanding abs q70 using observations <= prediction_timestamp, min_periods=300"
2026-07-09 10:30:00+00:00,ema_spread_atr_12_48b__high_abs,1.3539547000855237,"expanding abs q70 using observations <= prediction_timestamp, min_periods=300"
2026-07-09 11:00:00+00:00,ema_spread_atr_12_48b__high_abs,1.3539024566314593,"expanding abs q70 using observations <= prediction_timestamp, min_periods=300"
2026-07-09 11:30:00+00:00,ema_spread_atr_12_48b__high_abs,1.3539971673396778,"expanding abs q70 using observations <= prediction_timestamp, min_periods=300"
2026-07-09 12:00:00+00:00,ema_spread_atr_12_48b__high_abs,1.3541160507779126,"expanding abs q70 using observations <= prediction_timestamp, min_periods=300"
2026-07-09 12:30:00+00:00,ema_spread_atr_12_48b__high_abs,1.3543463485748104,"expanding abs q70 using observations <= prediction_timestamp, min_periods=300"
2026-07-09 13:00:00+00:00,ema_spread_atr_12_48b__high_abs,1.354247649518997,"expanding abs q70 using observations <= prediction_timestamp, min_periods=300"
2026-07-09 13:30:00+00:00,ema_spread_atr_12_48b__high_abs,1.3541489504631838,"expanding abs q70 using observations <= prediction_timestamp, min_periods=300"
2026-07-09 14:00:00+00:00,ema_spread_atr_12_48b__high_abs,1.3540502514073705,"expanding abs q70 using observations <= prediction_timestamp, min_periods=300"
2026-07-09 14:30:00+00:00,ema_spread_atr_12_48b__high_abs,1.3540184009667549,"expanding abs q70 using observations <= prediction_timestamp, min_periods=300"
2026-07-09 15:00:00+00:00,ema_spread_atr_12_48b__high_abs,1.3539865505261393,"expanding abs q70 using observations <= prediction_timestamp, min_periods=300"
2026-07-09 15:30:00+00:00,ema_spread_atr_12_48b__high_abs,1.3539547000855237,"expanding abs q70 using observations <= prediction_timestamp, min_periods=300"
2026-07-09 16:00:00+00:00,ema_spread_atr_12_48b__high_abs,1.3539024566314593,"expanding abs q70 using observations <= prediction_timestamp, min_periods=300"
2026-07-09 16:30:00+00:00,ema_spread_atr_12_48b__high_abs,1.3538400166706703,"expanding abs q70 using observations <= prediction_timestamp, min_periods=300"
2026-07-09 17:00:00+00:00,ema_spread_atr_12_48b__high_abs,1.3537775767098814,"expanding abs q70 using observations <= prediction_timestamp, min_periods=300"
2026-07-09 17:30:00+00:00,ema_spread_atr_12_48b__high_abs,1.353666173904455,"expanding abs q70 using observations <= prediction_timestamp, min_periods=300"
2026-07-09 18:00:00+00:00,ema_spread_atr_12_48b__high_abs,1.3534568454097538,"expanding abs q70 using observations <= prediction_timestamp, min_periods=300"
2026-07-09 18:30:00+00:00,ema_spread_atr_12_48b__high_abs,1.3537983900301445,"expanding abs q70 using observations <= prediction_timestamp, min_periods=300"
2026-07-09 19:00:00+00:00,ema_spread_atr_12_48b__high_abs,1.3537359500693555,"expanding abs q70 using observations <= prediction_timestamp, min_periods=300"
2026-07-09 19:30:00+00:00,ema_spread_atr_12_48b__high_abs,1.3535266215746542,"expanding abs q70 using observations <= prediction_timestamp, min_periods=300"
2026-07-09 20:00:00+00:00,ema_spread_atr_12_48b__high_abs,1.3533172930799529,"expanding abs q70 using observations <= prediction_timestamp, min_periods=300"
2026-07-09 20:30:00+00:00,ema_spread_atr_12_48b__high_abs,1.3531079645852517,"expanding abs q70 using observations <= prediction_timestamp, min_periods=300"
2026-07-09 21:00:00+00:00,ema_spread_atr_12_48b__high_abs,1.3528524642856214,"expanding abs q70 using observations <= prediction_timestamp, min_periods=300"
2026-07-09 21:30:00+00:00,ema_spread_atr_12_48b__high_abs,1.3525738780835266,"expanding abs q70 using observations <= prediction_timestamp, min_periods=300"
2026-07-09 22:00:00+00:00,ema_spread_atr_12_48b__high_abs,1.3522952918814315,"expanding abs q70 using observations <= prediction_timestamp, min_periods=300"
2026-07-09 22:30:00+00:00,ema_spread_atr_12_48b__high_abs,1.3520994037584972,"expanding abs q70 using observations <= prediction_timestamp, min_periods=300"
2026-07-09 23:00:00+00:00,ema_spread_atr_12_48b__high_abs,1.3520689117938836,"expanding abs q70 using observations <= prediction_timestamp, min_periods=300"
2026-07-09 23:30:00+00:00,ema_spread_atr_12_48b__high_abs,1.3520384198292696,"expanding abs q70 using observations <= prediction_timestamp, min_periods=300"
2026-07-10 00:00:00+00:00,ema_spread_atr_12_48b__high_abs,1.352007927864656,"expanding abs q70 using observations <= prediction_timestamp, min_periods=300"
2026-07-10 00:30:00+00:00,ema_spread_atr_12_48b__high_abs,1.351372501982624,"expanding abs q70 using observations <= prediction_timestamp, min_periods=300"
2026-07-10 01:00:00+00:00,ema_spread_atr_12_48b__high_abs,1.3507370761005923,"expanding abs q70 using observations <= prediction_timestamp, min_periods=300"
2026-07-10 01:30:00+00:00,ema_spread_atr_12_48b__high_abs,1.3501016502185608,"expanding abs q70 using observations <= prediction_timestamp, min_periods=300"
2026-07-10 02:00:00+00:00,ema_spread_atr_12_48b__high_abs,1.351584310609968,"expanding abs q70 using observations <= prediction_timestamp, min_periods=300"
2026-07-10 02:30:00+00:00,ema_spread_atr_12_48b__high_abs,1.352058747805679,"expanding abs q70 using observations <= prediction_timestamp, min_periods=300"
2026-07-10 03:00:00+00:00,ema_spread_atr_12_48b__high_abs,1.3522952918814315,"expanding abs q70 using observations <= prediction_timestamp, min_periods=300"
2026-07-10 03:30:00+00:00,ema_spread_atr_12_48b__high_abs,1.3529453263529863,"expanding abs q70 using observations <= prediction_timestamp, min_periods=300"
2026-07-10 04:00:00+00:00,ema_spread_atr_12_48b__high_abs,1.3534568454097538,"expanding abs q70 using observations <= prediction_timestamp, min_periods=300"
2026-07-10 04:30:00+00:00,ema_spread_atr_12_48b__high_abs,1.3537983900301445,"expanding abs q70 using observations <= prediction_timestamp, min_periods=300"
2026-07-10 05:00:00+00:00,ema_spread_atr_12_48b__high_abs,1.3539440832719851,"expanding abs q70 using observations <= prediction_timestamp, min_periods=300"
2026-07-10 05:30:00+00:00,ema_spread_atr_12_48b__high_abs,1.3540184009667549,"expanding abs q70 using observations <= prediction_timestamp, min_periods=300"
2026-07-10 06:00:00+00:00,ema_spread_atr_12_48b__high_abs,1.3541818501484548,"expanding abs q70 using observations <= prediction_timestamp, min_periods=300"
2026-07-10 06:30:00+00:00,ema_spread_atr_12_48b__high_abs,1.3540831510926414,"expanding abs q70 using observations <= prediction_timestamp, min_periods=300"
2026-07-10 07:00:00+00:00,ema_spread_atr_12_48b__high_abs,1.3540290177802934,"expanding abs q70 using observations <= prediction_timestamp, min_periods=300"
2026-07-10 07:30:00+00:00,ema_spread_atr_12_48b__high_abs,1.3539971673396778,"expanding abs q70 using observations <= prediction_timestamp, min_periods=300"
2026-07-10 08:00:00+00:00,ema_spread_atr_12_48b__high_abs,1.3539653168990622,"expanding abs q70 using observations <= prediction_timestamp, min_periods=300"
2026-07-10 08:30:00+00:00,ema_spread_atr_12_48b__high_abs,1.354039634593832,"expanding abs q70 using observations <= prediction_timestamp, min_periods=300"
2026-07-10 09:00:00+00:00,ema_spread_atr_12_48b__high_abs,1.354247649518997,"expanding abs q70 using observations <= prediction_timestamp, min_periods=300"
2026-07-10 09:30:00+00:00,ema_spread_atr_12_48b__high_abs,1.35442606092125,"expanding abs q70 using observations <= prediction_timestamp, min_periods=300"
2026-07-10 10:00:00+00:00,ema_spread_atr_12_48b__high_abs,1.3545352904639765,"expanding abs q70 using observations <= prediction_timestamp, min_periods=300"
2026-07-10 10:30:00+00:00,ema_spread_atr_12_48b__high_abs,1.360844709308398,"expanding abs q70 using observations <= prediction_timestamp, min_periods=300"
2026-07-10 11:00:00+00:00,ema_spread_atr_12_48b__high_abs,1.3638420255784658,"expanding abs q70 using observations <= prediction_timestamp, min_periods=300"
2026-07-10 11:30:00+00:00,ema_spread_atr_12_48b__high_abs,1.364319183378091,"expanding abs q70 using observations <= prediction_timestamp, min_periods=300"
2026-07-10 12:00:00+00:00,ema_spread_atr_12_48b__high_abs,1.3645798519396752,"expanding abs q70 using observations <= prediction_timestamp, min_periods=300"
2026-07-10 12:30:00+00:00,ema_spread_atr_12_48b__high_abs,1.365463616599178,"expanding abs q70 using observations <= prediction_timestamp, min_periods=300"
2026-07-10 13:00:00+00:00,ema_spread_atr_12_48b__high_abs,1.3649780438426047,"expanding abs q70 using observations <= prediction_timestamp, min_periods=300"
2026-07-10 13:30:00+00:00,ema_spread_atr_12_48b__high_abs,1.3646170903056158,"expanding abs q70 using observations <= prediction_timestamp, min_periods=300"
2026-07-10 14:00:00+00:00,ema_spread_atr_12_48b__high_abs,1.364505375207794,"expanding abs q70 using observations <= prediction_timestamp, min_periods=300"
2026-07-10 14:30:00+00:00,ema_spread_atr_12_48b__high_abs,1.3643936601099722,"expanding abs q70 using observations <= prediction_timestamp, min_periods=300"
2026-07-10 15:00:00+00:00,ema_spread_atr_12_48b__high_abs,1.3642819450121504,"expanding abs q70 using observations <= prediction_timestamp, min_periods=300"
2026-07-10 15:30:00+00:00,ema_spread_atr_12_48b__high_abs,1.364061985295308,"expanding abs q70 using observations <= prediction_timestamp, min_periods=300"
2026-07-10 16:00:00+00:00,ema_spread_atr_12_48b__high_abs,1.3638420255784658,"expanding abs q70 using observations <= prediction_timestamp, min_periods=300"
2026-07-10 16:30:00+00:00,ema_spread_atr_12_48b__high_abs,1.3636220658616234,"expanding abs q70 using observations <= prediction_timestamp, min_periods=300"
2026-07-10 17:00:00+00:00,ema_spread_atr_12_48b__high_abs,1.3617460548576024,"expanding abs q70 using observations <= prediction_timestamp, min_periods=300"
2026-07-10 17:30:00+00:00,ema_spread_atr_12_48b__high_abs,1.359042018209993,"expanding abs q70 using observations <= prediction_timestamp, min_periods=300"
2026-07-10 18:00:00+00:00,ema_spread_atr_12_48b__high_abs,1.3563379815623815,"expanding abs q70 using observations <= prediction_timestamp, min_periods=300"
2026-07-10 18:30:00+00:00,ema_spread_atr_12_48b__high_abs,1.3545196862435869,"expanding abs q70 using observations <= prediction_timestamp, min_periods=300"
2026-07-10 19:00:00+00:00,ema_spread_atr_12_48b__high_abs,1.3544728735824185,"expanding abs q70 using observations <= prediction_timestamp, min_periods=300"
2026-07-10 19:30:00+00:00,ema_spread_atr_12_48b__high_abs,1.35442606092125,"expanding abs q70 using observations <= prediction_timestamp, min_periods=300"
2026-07-10 20:00:00+00:00,ema_spread_atr_12_48b__high_abs,1.3543792482600816,"expanding abs q70 using observations <= prediction_timestamp, min_periods=300"
2026-07-10 20:30:00+00:00,ema_spread_atr_12_48b__high_abs,1.3542805492042682,"expanding abs q70 using observations <= prediction_timestamp, min_periods=300"
2026-07-10 21:00:00+00:00,ema_spread_atr_12_48b__high_abs,1.3541818501484548,"expanding abs q70 using observations <= prediction_timestamp, min_periods=300"
2026-07-10 21:30:00+00:00,ema_spread_atr_12_48b__high_abs,1.3540831510926414,"expanding abs q70 using observations <= prediction_timestamp, min_periods=300"
2026-07-10 22:00:00+00:00,ema_spread_atr_12_48b__high_abs,1.3540290177802934,"expanding abs q70 using observations <= prediction_timestamp, min_periods=300"
2026-07-10 22:30:00+00:00,ema_spread_atr_12_48b__high_abs,1.3539971673396778,"expanding abs q70 using observations <= prediction_timestamp, min_periods=300"
2026-07-10 23:00:00+00:00,ema_spread_atr_12_48b__high_abs,1.3539653168990622,"expanding abs q70 using observations <= prediction_timestamp, min_periods=300"
2026-07-10 23:30:00+00:00,ema_spread_atr_12_48b__high_abs,1.353923269951722,"expanding abs q70 using observations <= prediction_timestamp, min_periods=300"
2026-07-11 00:00:00+00:00,ema_spread_atr_12_48b__high_abs,1.3538608299909334,"expanding abs q70 using observations <= prediction_timestamp, min_periods=300"
2026-07-11 00:30:00+00:00,ema_spread_atr_12_48b__high_abs,1.3537983900301445,"expanding abs q70 using observations <= prediction_timestamp, min_periods=300"
2026-07-11 01:00:00+00:00,ema_spread_atr_12_48b__high_abs,1.3537359500693555,"expanding abs q70 using observations <= prediction_timestamp, min_periods=300"
2026-07-11 01:30:00+00:00,ema_spread_atr_12_48b__high_abs,1.3535266215746542,"expanding abs q70 using observations <= prediction_timestamp, min_periods=300"
2026-07-11 02:00:00+00:00,ema_spread_atr_12_48b__high_abs,1.3533172930799529,"expanding abs q70 using observations <= prediction_timestamp, min_periods=300"
2026-07-11 02:30:00+00:00,ema_spread_atr_12_48b__high_abs,1.3531079645852517,"expanding abs q70 using observations <= prediction_timestamp, min_periods=300"
2026-07-11 03:00:00+00:00,ema_spread_atr_12_48b__high_abs,1.3528524642856214,"expanding abs q70 using observations <= prediction_timestamp, min_periods=300"
2026-07-11 03:30:00+00:00,ema_spread_atr_12_48b__high_abs,1.3525738780835266,"expanding abs q70 using observations <= prediction_timestamp, min_periods=300"
2026-07-11 04:00:00+00:00,ema_spread_atr_12_48b__high_abs,1.3522952918814315,"expanding abs q70 using observations <= prediction_timestamp, min_periods=300"
2026-07-11 04:30:00+00:00,ema_spread_atr_12_48b__high_abs,1.3520994037584972,"expanding abs q70 using observations <= prediction_timestamp, min_periods=300"
2026-07-11 05:00:00+00:00,ema_spread_atr_12_48b__high_abs,1.3520689117938836,"expanding abs q70 using observations <= prediction_timestamp, min_periods=300"
2026-07-11 05:30:00+00:00,ema_spread_atr_12_48b__high_abs,1.3520384198292696,"expanding abs q70 using observations <= prediction_timestamp, min_periods=300"
2026-07-11 06:00:00+00:00,ema_spread_atr_12_48b__high_abs,1.352007927864656,"expanding abs q70 using observations <= prediction_timestamp, min_periods=300"
2026-07-11 06:30:00+00:00,ema_spread_atr_12_48b__high_abs,1.351372501982624,"expanding abs q70 using observations <= prediction_timestamp, min_periods=300"
2026-07-11 07:00:00+00:00,ema_spread_atr_12_48b__high_abs,1.3507370761005923,"expanding abs q70 using observations <= prediction_timestamp, min_periods=300"
2026-07-11 07:30:00+00:00,ema_spread_atr_12_48b__high_abs,1.3501016502185608,"expanding abs q70 using observations <= prediction_timestamp, min_periods=300"
2026-07-11 08:00:00+00:00,ema_spread_atr_12_48b__high_abs,1.3489969755158833,"expanding abs q70 using observations <= prediction_timestamp, min_periods=300"
2026-07-11 08:30:00+00:00,ema_spread_atr_12_48b__high_abs,1.347657676402883,"expanding abs q70 using observations <= prediction_timestamp, min_periods=300"
2026-07-11 09:00:00+00:00,ema_spread_atr_12_48b__high_abs,1.346318377289882,"expanding abs q70 using observations <= prediction_timestamp, min_periods=300"
2026-07-11 09:30:00+00:00,ema_spread_atr_12_48b__high_abs,1.3454209687464669,"expanding abs q70 using observations <= prediction_timestamp, min_periods=300"
2026-07-11 10:00:00+00:00,ema_spread_atr_12_48b__high_abs,1.3454073413422205,"expanding abs q70 using observations <= prediction_timestamp, min_periods=300"
2026-07-11 10:30:00+00:00,ema_spread_atr_12_48b__high_abs,1.3453937139379744,"expanding abs q70 using observations <= prediction_timestamp, min_periods=300"
2026-07-11 11:00:00+00:00,ema_spread_atr_12_48b__high_abs,1.345380086533728,"expanding abs q70 using observations <= prediction_timestamp, min_periods=300"
2026-07-11 11:30:00+00:00,ema_spread_atr_12_48b__high_abs,1.3450977435779117,"expanding abs q70 using observations <= prediction_timestamp, min_periods=300"
2026-07-11 12:00:00+00:00,ema_spread_atr_12_48b__high_abs,1.3448154006220954,"expanding abs q70 using observations <= prediction_timestamp, min_periods=300"
2026-07-11 12:30:00+00:00,ema_spread_atr_12_48b__high_abs,1.3445330576662793,"expanding abs q70 using observations <= prediction_timestamp, min_periods=300"
2026-07-11 13:00:00+00:00,ema_spread_atr_12_48b__high_abs,1.3442552473678413,"expanding abs q70 using observations <= prediction_timestamp, min_periods=300"
2026-07-11 13:30:00+00:00,ema_spread_atr_12_48b__high_abs,1.3439797033980923,"expanding abs q70 using observations <= prediction_timestamp, min_periods=300"
2026-07-11 14:00:00+00:00,ema_spread_atr_12_48b__high_abs,1.3437041594283428,"expanding abs q70 using observations <= prediction_timestamp, min_periods=300"
2026-07-11 14:30:00+00:00,ema_spread_atr_12_48b__high_abs,1.3443470953577574,"expanding abs q70 using observations <= prediction_timestamp, min_periods=300"
2026-07-11 15:00:00+00:00,ema_spread_atr_12_48b__high_abs,1.3450036292593064,"expanding abs q70 using observations <= prediction_timestamp, min_periods=300"
2026-07-11 15:30:00+00:00,ema_spread_atr_12_48b__high_abs,1.3453937139379744,"expanding abs q70 using observations <= prediction_timestamp, min_periods=300"
2026-07-11 16:00:00+00:00,ema_spread_atr_12_48b__high_abs,1.345425511214549,"expanding abs q70 using observations <= prediction_timestamp, min_periods=300"
2026-07-11 16:30:00+00:00,ema_spread_atr_12_48b__high_abs,1.3485505424782158,"expanding abs q70 using observations <= prediction_timestamp, min_periods=300"
2026-07-11 17:00:00+00:00,ema_spread_atr_12_48b__high_abs,1.3507370761005923,"expanding abs q70 using observations <= prediction_timestamp, min_periods=300"
2026-07-11 17:30:00+00:00,ema_spread_atr_12_48b__high_abs,1.3520180918528606,"expanding abs q70 using observations <= prediction_timestamp, min_periods=300"
2026-07-11 18:00:00+00:00,ema_spread_atr_12_48b__high_abs,1.3520892397702926,"expanding abs q70 using observations <= prediction_timestamp, min_periods=300"
2026-07-11 18:30:00+00:00,ema_spread_atr_12_48b__high_abs,1.3525738780835266,"expanding abs q70 using observations <= prediction_timestamp, min_periods=300"
2026-07-11 19:00:00+00:00,ema_spread_atr_12_48b__high_abs,1.353177740750152,"expanding abs q70 using observations <= prediction_timestamp, min_periods=300"
2026-07-11 19:30:00+00:00,ema_spread_atr_12_48b__high_abs,1.3529453263529863,"expanding abs q70 using observations <= prediction_timestamp, min_periods=300"
2026-07-11 20:00:00+00:00,ema_spread_atr_12_48b__high_abs,1.3526667401508914,"expanding abs q70 using observations <= prediction_timestamp, min_periods=300"
2026-07-11 20:30:00+00:00,ema_spread_atr_12_48b__high_abs,1.3523881539487967,"expanding abs q70 using observations <= prediction_timestamp, min_periods=300"
2026-07-11 21:00:00+00:00,ema_spread_atr_12_48b__high_abs,1.3521095677467019,"expanding abs q70 using observations <= prediction_timestamp, min_periods=300"
2026-07-11 21:30:00+00:00,ema_spread_atr_12_48b__high_abs,1.3520790757820882,"expanding abs q70 using observations <= prediction_timestamp, min_periods=300"
2026-07-11 22:00:00+00:00,ema_spread_atr_12_48b__high_abs,1.3520485838174743,"expanding abs q70 using observations <= prediction_timestamp, min_periods=300"
2026-07-11 22:30:00+00:00,ema_spread_atr_12_48b__high_abs,1.3522024298140667,"expanding abs q70 using observations <= prediction_timestamp, min_periods=300"
2026-07-11 23:00:00+00:00,ema_spread_atr_12_48b__high_abs,1.3528524642856214,"expanding abs q70 using observations <= prediction_timestamp, min_periods=300"
2026-07-11 23:30:00+00:00,ema_spread_atr_12_48b__high_abs,1.3533870692448535,"expanding abs q70 using observations <= prediction_timestamp, min_periods=300"
2026-07-12 00:00:00+00:00,ema_spread_atr_12_48b__high_abs,1.3537775767098814,"expanding abs q70 using observations <= prediction_timestamp, min_periods=300"
2026-07-12 00:30:00+00:00,ema_spread_atr_12_48b__high_abs,1.353923269951722,"expanding abs q70 using observations <= prediction_timestamp, min_periods=300"
2026-07-12 01:00:00+00:00,ema_spread_atr_12_48b__high_abs,1.3540077841532163,"expanding abs q70 using observations <= prediction_timestamp, min_periods=300"
2026-07-12 01:30:00+00:00,ema_spread_atr_12_48b__high_abs,1.3539759337126007,"expanding abs q70 using observations <= prediction_timestamp, min_periods=300"
2026-07-12 02:00:00+00:00,ema_spread_atr_12_48b__high_abs,1.3539440832719851,"expanding abs q70 using observations <= prediction_timestamp, min_periods=300"
2026-07-12 02:30:00+00:00,ema_spread_atr_12_48b__high_abs,1.3538816433111962,"expanding abs q70 using observations <= prediction_timestamp, min_periods=300"
2026-07-12 03:00:00+00:00,ema_spread_atr_12_48b__high_abs,1.3538192033504073,"expanding abs q70 using observations <= prediction_timestamp, min_periods=300"
2026-07-12 03:30:00+00:00,ema_spread_atr_12_48b__high_abs,1.3537567633896186,"expanding abs q70 using observations <= prediction_timestamp, min_periods=300"
2026-07-12 04:00:00+00:00,ema_spread_atr_12_48b__high_abs,1.3535963977395546,"expanding abs q70 using observations <= prediction_timestamp, min_periods=300"
2026-07-12 04:30:00+00:00,ema_spread_atr_12_48b__high_abs,1.3533870692448535,"expanding abs q70 using observations <= prediction_timestamp, min_periods=300"
2026-07-12 05:00:00+00:00,ema_spread_atr_12_48b__high_abs,1.353177740750152,"expanding abs q70 using observations <= prediction_timestamp, min_periods=300"
2026-07-12 05:30:00+00:00,ema_spread_atr_12_48b__high_abs,1.3529453263529863,"expanding abs q70 using observations <= prediction_timestamp, min_periods=300"
2026-07-12 06:00:00+00:00,ema_spread_atr_12_48b__high_abs,1.3526667401508914,"expanding abs q70 using observations <= prediction_timestamp, min_periods=300"
2026-07-12 06:30:00+00:00,ema_spread_atr_12_48b__high_abs,1.3532475169150526,"expanding abs q70 using observations <= prediction_timestamp, min_periods=300"
2026-07-12 07:00:00+00:00,ema_spread_atr_12_48b__high_abs,1.3537359500693555,"expanding abs q70 using observations <= prediction_timestamp, min_periods=300"
2026-07-12 07:30:00+00:00,ema_spread_atr_12_48b__high_abs,1.3538816433111962,"expanding abs q70 using observations <= prediction_timestamp, min_periods=300"
2026-07-12 08:00:00+00:00,ema_spread_atr_12_48b__high_abs,1.3538192033504073,"expanding abs q70 using observations <= prediction_timestamp, min_periods=300"
2026-07-12 08:30:00+00:00,ema_spread_atr_12_48b__high_abs,1.3537567633896186,"expanding abs q70 using observations <= prediction_timestamp, min_periods=300"
2026-07-12 09:00:00+00:00,ema_spread_atr_12_48b__high_abs,1.3535963977395546,"expanding abs q70 using observations <= prediction_timestamp, min_periods=300"
2026-07-12 09:30:00+00:00,ema_spread_atr_12_48b__high_abs,1.3533870692448535,"expanding abs q70 using observations <= prediction_timestamp, min_periods=300"
2026-07-12 10:00:00+00:00,ema_spread_atr_12_48b__high_abs,1.353177740750152,"expanding abs q70 using observations <= prediction_timestamp, min_periods=300"
2026-07-12 10:30:00+00:00,ema_spread_atr_12_48b__high_abs,1.3529453263529863,"expanding abs q70 using observations <= prediction_timestamp, min_periods=300"
2026-07-12 11:00:00+00:00,ema_spread_atr_12_48b__high_abs,1.3526667401508914,"expanding abs q70 using observations <= prediction_timestamp, min_periods=300"
2026-07-12 11:30:00+00:00,ema_spread_atr_12_48b__high_abs,1.3523881539487967,"expanding abs q70 using observations <= prediction_timestamp, min_periods=300"
2026-07-12 12:00:00+00:00,ema_spread_atr_12_48b__high_abs,1.3521095677467019,"expanding abs q70 using observations <= prediction_timestamp, min_periods=300"
2026-07-12 12:30:00+00:00,ema_spread_atr_12_48b__high_abs,1.3520790757820882,"expanding abs q70 using observations <= prediction_timestamp, min_periods=300"
2026-07-12 13:00:00+00:00,ema_spread_atr_12_48b__high_abs,1.3520485838174743,"expanding abs q70 using observations <= prediction_timestamp, min_periods=300"
2026-07-12 13:30:00+00:00,ema_spread_atr_12_48b__high_abs,1.3522024298140667,"expanding abs q70 using observations <= prediction_timestamp, min_periods=300"
2026-07-12 14:00:00+00:00,ema_spread_atr_12_48b__high_abs,1.3520892397702926,"expanding abs q70 using observations <= prediction_timestamp, min_periods=300"
2026-07-12 14:30:00+00:00,ema_spread_atr_12_48b__high_abs,1.352058747805679,"expanding abs q70 using observations <= prediction_timestamp, min_periods=300"
2026-07-12 15:00:00+00:00,ema_spread_atr_12_48b__high_abs,1.3522952918814315,"expanding abs q70 using observations <= prediction_timestamp, min_periods=300"
2026-07-12 15:30:00+00:00,ema_spread_atr_12_48b__high_abs,1.3529453263529863,"expanding abs q70 using observations <= prediction_timestamp, min_periods=300"
2026-07-12 16:00:00+00:00,ema_spread_atr_12_48b__high_abs,1.3534568454097538,"expanding abs q70 using observations <= prediction_timestamp, min_periods=300"
2026-07-12 16:30:00+00:00,ema_spread_atr_12_48b__high_abs,1.3537983900301445,"expanding abs q70 using observations <= prediction_timestamp, min_periods=300"
2026-07-12 17:00:00+00:00,ema_spread_atr_12_48b__high_abs,1.3539440832719851,"expanding abs q70 using observations <= prediction_timestamp, min_periods=300"
2026-07-12 17:30:00+00:00,ema_spread_atr_12_48b__high_abs,1.3538816433111962,"expanding abs q70 using observations <= prediction_timestamp, min_periods=300"
2026-07-12 18:00:00+00:00,ema_spread_atr_12_48b__high_abs,1.3538192033504073,"expanding abs q70 using observations <= prediction_timestamp, min_periods=300"
2026-07-12 18:30:00+00:00,ema_spread_atr_12_48b__high_abs,1.3537567633896186,"expanding abs q70 using observations <= prediction_timestamp, min_periods=300"
2026-07-12 19:00:00+00:00,ema_spread_atr_12_48b__high_abs,1.3535963977395546,"expanding abs q70 using observations <= prediction_timestamp, min_periods=300"
2026-07-12 19:30:00+00:00,ema_spread_atr_12_48b__high_abs,1.3533870692448535,"expanding abs q70 using observations <= prediction_timestamp, min_periods=300"
2026-07-12 20:00:00+00:00,ema_spread_atr_12_48b__high_abs,1.353177740750152,"expanding abs q70 using observations <= prediction_timestamp, min_periods=300"
2026-07-12 20:30:00+00:00,ema_spread_atr_12_48b__high_abs,1.3529453263529863,"expanding abs q70 using observations <= prediction_timestamp, min_periods=300"
2026-07-12 21:00:00+00:00,ema_spread_atr_12_48b__high_abs,1.3526667401508914,"expanding abs q70 using observations <= prediction_timestamp, min_periods=300"
2026-07-12 21:30:00+00:00,ema_spread_atr_12_48b__high_abs,1.3523881539487967,"expanding abs q70 using observations <= prediction_timestamp, min_periods=300"
2026-07-12 22:00:00+00:00,ema_spread_atr_12_48b__high_abs,1.3530381884203513,"expanding abs q70 using observations <= prediction_timestamp, min_periods=300"
2026-07-12 22:30:00+00:00,ema_spread_atr_12_48b__high_abs,1.3535266215746542,"expanding abs q70 using observations <= prediction_timestamp, min_periods=300"
2026-07-12 23:00:00+00:00,ema_spread_atr_12_48b__high_abs,1.3538192033504073,"expanding abs q70 using observations <= prediction_timestamp, min_periods=300"
2026-07-12 23:30:00+00:00,ema_spread_atr_12_48b__high_abs,1.3539547000855237,"expanding abs q70 using observations <= prediction_timestamp, min_periods=300"
2026-07-13 00:00:00+00:00,ema_spread_atr_12_48b__high_abs,1.3539024566314593,"expanding abs q70 using observations <= prediction_timestamp, min_periods=300"
2026-07-13 00:30:00+00:00,ema_spread_atr_12_48b__high_abs,1.3539971673396778,"expanding abs q70 using observations <= prediction_timestamp, min_periods=300"
2026-07-13 01:00:00+00:00,ema_spread_atr_12_48b__high_abs,1.3539653168990622,"expanding abs q70 using observations <= prediction_timestamp, min_periods=300"
2026-07-13 01:30:00+00:00,ema_spread_atr_12_48b__high_abs,1.353923269951722,"expanding abs q70 using observations <= prediction_timestamp, min_periods=300"
2026-07-13 02:00:00+00:00,ema_spread_atr_12_48b__high_abs,1.3538608299909334,"expanding abs q70 using observations <= prediction_timestamp, min_periods=300"
2026-07-13 02:30:00+00:00,ema_spread_atr_12_48b__high_abs,1.3537983900301445,"expanding abs q70 using observations <= prediction_timestamp, min_periods=300"
2026-07-13 03:00:00+00:00,ema_spread_atr_12_48b__high_abs,1.3537359500693555,"expanding abs q70 using observations <= prediction_timestamp, min_periods=300"
2026-07-13 03:30:00+00:00,ema_spread_atr_12_48b__high_abs,1.3538816433111962,"expanding abs q70 using observations <= prediction_timestamp, min_periods=300"
2026-07-13 04:00:00+00:00,ema_spread_atr_12_48b__high_abs,1.3539865505261393,"expanding abs q70 using observations <= prediction_timestamp, min_periods=300"
2026-07-13 04:30:00+00:00,ema_spread_atr_12_48b__high_abs,1.3540831510926414,"expanding abs q70 using observations <= prediction_timestamp, min_periods=300"
2026-07-13 05:00:00+00:00,ema_spread_atr_12_48b__high_abs,1.3543134488895394,"expanding abs q70 using observations <= prediction_timestamp, min_periods=300"
2026-07-13 05:30:00+00:00,ema_spread_atr_12_48b__high_abs,1.3544572693620291,"expanding abs q70 using observations <= prediction_timestamp, min_periods=300"
2026-07-13 06:00:00+00:00,ema_spread_atr_12_48b__high_abs,1.3563379815623815,"expanding abs q70 using observations <= prediction_timestamp, min_periods=300"
2026-07-13 06:30:00+00:00,ema_spread_atr_12_48b__high_abs,1.3626474004068048,"expanding abs q70 using observations <= prediction_timestamp, min_periods=300"
2026-07-13 07:00:00+00:00,ema_spread_atr_12_48b__high_abs,1.363988665389694,"expanding abs q70 using observations <= prediction_timestamp, min_periods=300"
2026-07-13 07:30:00+00:00,ema_spread_atr_12_48b__high_abs,1.3637687056728516,"expanding abs q70 using observations <= prediction_timestamp, min_periods=300"
2026-07-13 08:00:00+00:00,ema_spread_atr_12_48b__high_abs,1.3635487459560094,"expanding abs q70 using observations <= prediction_timestamp, min_periods=300"
2026-07-13 08:30:00+00:00,ema_spread_atr_12_48b__high_abs,1.360844709308398,"expanding abs q70 using observations <= prediction_timestamp, min_periods=300"
2026-07-13 09:00:00+00:00,ema_spread_atr_12_48b__high_abs,1.3581406726607883,"expanding abs q70 using observations <= prediction_timestamp, min_periods=300"
2026-07-13 09:30:00+00:00,ema_spread_atr_12_48b__high_abs,1.3554366360131789,"expanding abs q70 using observations <= prediction_timestamp, min_periods=300"
2026-07-13 10:00:00+00:00,ema_spread_atr_12_48b__high_abs,1.3545040820231975,"expanding abs q70 using observations <= prediction_timestamp, min_periods=300"
2026-07-13 10:30:00+00:00,ema_spread_atr_12_48b__high_abs,1.3544572693620291,"expanding abs q70 using observations <= prediction_timestamp, min_periods=300"
2026-07-13 11:00:00+00:00,ema_spread_atr_12_48b__high_abs,1.3544104567008606,"expanding abs q70 using observations <= prediction_timestamp, min_periods=300"
2026-07-13 11:30:00+00:00,ema_spread_atr_12_48b__high_abs,1.3543463485748104,"expanding abs q70 using observations <= prediction_timestamp, min_periods=300"
2026-07-13 12:00:00+00:00,ema_spread_atr_12_48b__high_abs,1.354247649518997,"expanding abs q70 using observations <= prediction_timestamp, min_periods=300"
2026-07-13 12:30:00+00:00,ema_spread_atr_12_48b__high_abs,1.3541489504631838,"expanding abs q70 using observations <= prediction_timestamp, min_periods=300"
2026-07-13 13:00:00+00:00,ema_spread_atr_12_48b__high_abs,1.3543792482600816,"expanding abs q70 using observations <= prediction_timestamp, min_periods=300"
2026-07-13 13:30:00+00:00,ema_spread_atr_12_48b__high_abs,1.354488477802808,"expanding abs q70 using observations <= prediction_timestamp, min_periods=300"
2026-07-13 14:00:00+00:00,ema_spread_atr_12_48b__high_abs,1.3581406726607883,"expanding abs q70 using observations <= prediction_timestamp, min_periods=300"
2026-07-13 14:30:00+00:00,ema_spread_atr_12_48b__high_abs,1.3554366360131789,"expanding abs q70 using observations <= prediction_timestamp, min_periods=300"
2026-07-13 15:00:00+00:00,ema_spread_atr_12_48b__high_abs,1.3545040820231975,"expanding abs q70 using observations <= prediction_timestamp, min_periods=300"
2026-07-13 15:30:00+00:00,ema_spread_atr_12_48b__high_abs,1.3544572693620291,"expanding abs q70 using observations <= prediction_timestamp, min_periods=300"
2026-07-13 16:00:00+00:00,ema_spread_atr_12_48b__high_abs,1.3544104567008606,"expanding abs q70 using observations <= prediction_timestamp, min_periods=300"
2026-07-13 16:30:00+00:00,ema_spread_atr_12_48b__high_abs,1.3543463485748104,"expanding abs q70 using observations <= prediction_timestamp, min_periods=300"
2026-07-13 17:00:00+00:00,ema_spread_atr_12_48b__high_abs,1.354247649518997,"expanding abs q70 using observations <= prediction_timestamp, min_periods=300"
2026-07-13 17:30:00+00:00,ema_spread_atr_12_48b__high_abs,1.3541489504631838,"expanding abs q70 using observations <= prediction_timestamp, min_periods=300"
2026-07-13 18:00:00+00:00,ema_spread_atr_12_48b__high_abs,1.3543792482600816,"expanding abs q70 using observations <= prediction_timestamp, min_periods=300"
2026-07-13 18:30:00+00:00,ema_spread_atr_12_48b__high_abs,1.354488477802808,"expanding abs q70 using observations <= prediction_timestamp, min_periods=300"
2026-07-13 19:00:00+00:00,ema_spread_atr_12_48b__high_abs,1.3544416651416396,"expanding abs q70 using observations <= prediction_timestamp, min_periods=300"
2026-07-13 19:30:00+00:00,ema_spread_atr_12_48b__high_abs,1.354394852480471,"expanding abs q70 using observations <= prediction_timestamp, min_periods=300"
2026-07-13 20:00:00+00:00,ema_spread_atr_12_48b__high_abs,1.3543134488895394,"expanding abs q70 using observations <= prediction_timestamp, min_periods=300"
2026-07-13 20:30:00+00:00,ema_spread_atr_12_48b__high_abs,1.354214749833726,"expanding abs q70 using observations <= prediction_timestamp, min_periods=300"
2026-07-13 21:00:00+00:00,ema_spread_atr_12_48b__high_abs,1.3541160507779126,"expanding abs q70 using observations <= prediction_timestamp, min_periods=300"
2026-07-13 21:30:00+00:00,ema_spread_atr_12_48b__high_abs,1.354039634593832,"expanding abs q70 using observations <= prediction_timestamp, min_periods=300"
2026-07-13 22:00:00+00:00,ema_spread_atr_12_48b__high_abs,1.3540077841532163,"expanding abs q70 using observations <= prediction_timestamp, min_periods=300"
2026-07-13 22:30:00+00:00,ema_spread_atr_12_48b__high_abs,1.3539759337126007,"expanding abs q70 using observations <= prediction_timestamp, min_periods=300"
2026-07-13 23:00:00+00:00,ema_spread_atr_12_48b__high_abs,1.3539440832719851,"expanding abs q70 using observations <= prediction_timestamp, min_periods=300"
2026-07-13 23:30:00+00:00,ema_spread_atr_12_48b__high_abs,1.3538816433111962,"expanding abs q70 using observations <= prediction_timestamp, min_periods=300"
2026-07-14 00:00:00+00:00,ema_spread_atr_12_48b__high_abs,1.3538192033504073,"expanding abs q70 using observations <= prediction_timestamp, min_periods=300"
2026-07-14 00:30:00+00:00,ema_spread_atr_12_48b__high_abs,1.3539547000855237,"expanding abs q70 using observations <= prediction_timestamp, min_periods=300"
2026-07-14 01:00:00+00:00,ema_spread_atr_12_48b__high_abs,1.3540290177802934,"expanding abs q70 using observations <= prediction_timestamp, min_periods=300"
2026-07-14 01:30:00+00:00,ema_spread_atr_12_48b__high_abs,1.354214749833726,"expanding abs q70 using observations <= prediction_timestamp, min_periods=300"
2026-07-14 02:00:00+00:00,ema_spread_atr_12_48b__high_abs,1.3544104567008606,"expanding abs q70 using observations <= prediction_timestamp, min_periods=300"
2026-07-14 02:30:00+00:00,ema_spread_atr_12_48b__high_abs,1.3543463485748104,"expanding abs q70 using observations <= prediction_timestamp, min_periods=300"
2026-07-14 03:00:00+00:00,ema_spread_atr_12_48b__high_abs,1.354247649518997,"expanding abs q70 using observations <= prediction_timestamp, min_periods=300"
2026-07-14 03:30:00+00:00,ema_spread_atr_12_48b__high_abs,1.3541489504631838,"expanding abs q70 using observations <= prediction_timestamp, min_periods=300"
2026-07-14 04:00:00+00:00,ema_spread_atr_12_48b__high_abs,1.3540502514073705,"expanding abs q70 using observations <= prediction_timestamp, min_periods=300"
2026-07-14 04:30:00+00:00,ema_spread_atr_12_48b__high_abs,1.3540184009667549,"expanding abs q70 using observations <= prediction_timestamp, min_periods=300"
2026-07-14 05:00:00+00:00,ema_spread_atr_12_48b__high_abs,1.3539865505261393,"expanding abs q70 using observations <= prediction_timestamp, min_periods=300"
2026-07-14 05:30:00+00:00,ema_spread_atr_12_48b__high_abs,1.3540831510926414,"expanding abs q70 using observations <= prediction_timestamp, min_periods=300"
2026-07-14 06:00:00+00:00,ema_spread_atr_12_48b__high_abs,1.3540290177802934,"expanding abs q70 using observations <= prediction_timestamp, min_periods=300"
2026-07-14 06:30:00+00:00,ema_spread_atr_12_48b__high_abs,1.3539971673396778,"expanding abs q70 using observations <= prediction_timestamp, min_periods=300"
2026-07-14 07:00:00+00:00,ema_spread_atr_12_48b__high_abs,1.3539653168990622,"expanding abs q70 using observations <= prediction_timestamp, min_periods=300"
2026-07-14 07:30:00+00:00,ema_spread_atr_12_48b__high_abs,1.353923269951722,"expanding abs q70 using observations <= prediction_timestamp, min_periods=300"
2026-07-14 08:00:00+00:00,ema_spread_atr_12_48b__high_abs,1.3538608299909334,"expanding abs q70 using observations <= prediction_timestamp, min_periods=300"
2026-07-14 08:30:00+00:00,ema_spread_atr_12_48b__high_abs,1.3537983900301445,"expanding abs q70 using observations <= prediction_timestamp, min_periods=300"
2026-07-14 09:00:00+00:00,ema_spread_atr_12_48b__high_abs,1.3537359500693555,"expanding abs q70 using observations <= prediction_timestamp, min_periods=300"
2026-07-14 09:30:00+00:00,ema_spread_atr_12_48b__high_abs,1.3535266215746542,"expanding abs q70 using observations <= prediction_timestamp, min_periods=300"
2026-07-14 10:00:00+00:00,ema_spread_atr_12_48b__high_abs,1.3533172930799529,"expanding abs q70 using observations <= prediction_timestamp, min_periods=300"
2026-07-14 10:30:00+00:00,ema_spread_atr_12_48b__high_abs,1.3531079645852517,"expanding abs q70 using observations <= prediction_timestamp, min_periods=300"
2026-07-14 11:00:00+00:00,ema_spread_atr_12_48b__high_abs,1.3535963977395546,"expanding abs q70 using observations <= prediction_timestamp, min_periods=300"
2026-07-14 11:30:00+00:00,ema_spread_atr_12_48b__high_abs,1.3538400166706703,"expanding abs q70 using observations <= prediction_timestamp, min_periods=300"
2026-07-14 12:00:00+00:00,ema_spread_atr_12_48b__high_abs,1.3539653168990622,"expanding abs q70 using observations <= prediction_timestamp, min_periods=300"
2026-07-14 12:30:00+00:00,ema_spread_atr_12_48b__high_abs,1.354039634593832,"expanding abs q70 using observations <= prediction_timestamp, min_periods=300"
2026-07-14 13:00:00+00:00,ema_spread_atr_12_48b__high_abs,1.354247649518997,"expanding abs q70 using observations <= prediction_timestamp, min_periods=300"
2026-07-14 13:30:00+00:00,ema_spread_atr_12_48b__high_abs,1.35442606092125,"expanding abs q70 using observations <= prediction_timestamp, min_periods=300"
2026-07-14 14:00:00+00:00,ema_spread_atr_12_48b__high_abs,1.3545352904639765,"expanding abs q70 using observations <= prediction_timestamp, min_periods=300"
2026-07-14 14:30:00+00:00,ema_spread_atr_12_48b__high_abs,1.360844709308398,"expanding abs q70 using observations <= prediction_timestamp, min_periods=300"
2026-07-14 15:00:00+00:00,ema_spread_atr_12_48b__high_abs,1.3638420255784658,"expanding abs q70 using observations <= prediction_timestamp, min_periods=300"
2026-07-14 15:30:00+00:00,ema_spread_atr_12_48b__high_abs,1.364319183378091,"expanding abs q70 using observations <= prediction_timestamp, min_periods=300"
2026-07-14 16:00:00+00:00,ema_spread_atr_12_48b__high_abs,1.3645798519396752,"expanding abs q70 using observations <= prediction_timestamp, min_periods=300"
2026-07-14 16:30:00+00:00,ema_spread_atr_12_48b__high_abs,1.365463616599178,"expanding abs q70 using observations <= prediction_timestamp, min_periods=300"
2026-07-14 17:00:00+00:00,ema_spread_atr_12_48b__high_abs,1.3664343415105775,"expanding abs q70 using observations <= prediction_timestamp, min_periods=300"
2026-07-14 17:30:00+00:00,ema_spread_atr_12_48b__high_abs,1.3661110469412752,"expanding abs q70 using observations <= prediction_timestamp, min_periods=300"
2026-07-14 18:00:00+00:00,ema_spread_atr_12_48b__high_abs,1.3656254741847023,"expanding abs q70 using observations <= prediction_timestamp, min_periods=300"
2026-07-14 18:30:00+00:00,ema_spread_atr_12_48b__high_abs,1.3651399014281294,"expanding abs q70 using observations <= prediction_timestamp, min_periods=300"
2026-07-14 19:00:00+00:00,ema_spread_atr_12_48b__high_abs,1.3646543286715564,"expanding abs q70 using observations <= prediction_timestamp, min_periods=300"
2026-07-14 19:30:00+00:00,ema_spread_atr_12_48b__high_abs,1.3645426135737346,"expanding abs q70 using observations <= prediction_timestamp, min_periods=300"
2026-07-14 20:00:00+00:00,ema_spread_atr_12_48b__high_abs,1.3653017590136536,"expanding abs q70 using observations <= prediction_timestamp, min_periods=300"
2026-07-14 20:30:00+00:00,ema_spread_atr_12_48b__high_abs,1.3648161862570807,"expanding abs q70 using observations <= prediction_timestamp, min_periods=300"
2026-07-14 21:00:00+00:00,ema_spread_atr_12_48b__high_abs,1.3645798519396752,"expanding abs q70 using observations <= prediction_timestamp, min_periods=300"
2026-07-14 21:30:00+00:00,ema_spread_atr_12_48b__high_abs,1.3644681368418534,"expanding abs q70 using observations <= prediction_timestamp, min_periods=300"
2026-07-14 22:00:00+00:00,ema_spread_atr_12_48b__high_abs,1.3643564217440316,"expanding abs q70 using observations <= prediction_timestamp, min_periods=300"
2026-07-14 22:30:00+00:00,ema_spread_atr_12_48b__high_abs,1.3642086251065362,"expanding abs q70 using observations <= prediction_timestamp, min_periods=300"
2026-07-14 23:00:00+00:00,ema_spread_atr_12_48b__high_abs,1.364505375207794,"expanding abs q70 using observations <= prediction_timestamp, min_periods=300"
2026-07-14 23:30:00+00:00,ema_spread_atr_12_48b__high_abs,1.3651399014281294,"expanding abs q70 using observations <= prediction_timestamp, min_periods=300"
2026-07-15 00:00:00+00:00,ema_spread_atr_12_48b__high_abs,1.3662729045267996,"expanding abs q70 using observations <= prediction_timestamp, min_periods=300"
2026-07-15 00:30:00+00:00,ema_spread_atr_12_48b__high_abs,1.3657873317702263,"expanding abs q70 using observations <= prediction_timestamp, min_periods=300"
2026-07-15 01:00:00+00:00,ema_spread_atr_12_48b__high_abs,1.3653017590136536,"expanding abs q70 using observations <= prediction_timestamp, min_periods=300"
2026-07-15 01:30:00+00:00,ema_spread_atr_12_48b__high_abs,1.3648161862570807,"expanding abs q70 using observations <= prediction_timestamp, min_periods=300"
2026-07-15 02:00:00+00:00,ema_spread_atr_12_48b__high_abs,1.365949189355751,"expanding abs q70 using observations <= prediction_timestamp, min_periods=300"
2026-07-15 02:30:00+00:00,ema_spread_atr_12_48b__high_abs,1.366676496986245,"expanding abs q70 using observations <= prediction_timestamp, min_periods=300"
2026-07-15 03:00:00+00:00,ema_spread_atr_12_48b__high_abs,1.3671615503345482,"expanding abs q70 using observations <= prediction_timestamp, min_periods=300"
2026-07-15 03:30:00+00:00,ema_spread_atr_12_48b__high_abs,1.366999370953801,"expanding abs q70 using observations <= prediction_timestamp, min_periods=300"
2026-07-15 04:00:00+00:00,ema_spread_atr_12_48b__high_abs,1.366757215478134,"expanding abs q70 using observations <= prediction_timestamp, min_periods=300"
2026-07-15 04:30:00+00:00,ema_spread_atr_12_48b__high_abs,1.3665150600024667,"expanding abs q70 using observations <= prediction_timestamp, min_periods=300"
2026-07-15 05:00:00+00:00,ema_spread_atr_12_48b__high_abs,1.3662729045267996,"expanding abs q70 using observations <= prediction_timestamp, min_periods=300"
2026-07-15 05:30:00+00:00,ema_spread_atr_12_48b__high_abs,1.3657873317702263,"expanding abs q70 using observations <= prediction_timestamp, min_periods=300"
2026-07-15 06:00:00+00:00,ema_spread_atr_12_48b__high_abs,1.3653017590136536,"expanding abs q70 using observations <= prediction_timestamp, min_periods=300"
2026-07-15 06:30:00+00:00,ema_spread_atr_12_48b__high_abs,1.3663536230186886,"expanding abs q70 using observations <= prediction_timestamp, min_periods=300"
2026-07-15 07:00:00+00:00,ema_spread_atr_12_48b__high_abs,1.365949189355751,"expanding abs q70 using observations <= prediction_timestamp, min_periods=300"
2026-07-15 07:30:00+00:00,ema_spread_atr_12_48b__high_abs,1.365463616599178,"expanding abs q70 using observations <= prediction_timestamp, min_periods=300"
2026-07-15 08:00:00+00:00,ema_spread_atr_12_48b__high_abs,1.3649780438426047,"expanding abs q70 using observations <= prediction_timestamp, min_periods=300"
2026-07-15 08:30:00+00:00,ema_spread_atr_12_48b__high_abs,1.3646170903056158,"expanding abs q70 using observations <= prediction_timestamp, min_periods=300"
2026-07-15 09:00:00+00:00,ema_spread_atr_12_48b__high_abs,1.364505375207794,"expanding abs q70 using observations <= prediction_timestamp, min_periods=300"
2026-07-15 09:30:00+00:00,ema_spread_atr_12_48b__high_abs,1.3643936601099722,"expanding abs q70 using observations <= prediction_timestamp, min_periods=300"
2026-07-15 10:00:00+00:00,ema_spread_atr_12_48b__high_abs,1.3642819450121504,"expanding abs q70 using observations <= prediction_timestamp, min_periods=300"
2026-07-15 10:30:00+00:00,ema_spread_atr_12_48b__high_abs,1.364061985295308,"expanding abs q70 using observations <= prediction_timestamp, min_periods=300"
2026-07-15 11:00:00+00:00,ema_spread_atr_12_48b__high_abs,1.3638420255784658,"expanding abs q70 using observations <= prediction_timestamp, min_periods=300"
2026-07-15 11:30:00+00:00,ema_spread_atr_12_48b__high_abs,1.3636220658616234,"expanding abs q70 using observations <= prediction_timestamp, min_periods=300"
2026-07-15 12:00:00+00:00,ema_spread_atr_12_48b__high_abs,1.3617460548576024,"expanding abs q70 using observations <= prediction_timestamp, min_periods=300"
2026-07-15 12:30:00+00:00,ema_spread_atr_12_48b__high_abs,1.359042018209993,"expanding abs q70 using observations <= prediction_timestamp, min_periods=300"
2026-07-15 13:00:00+00:00,ema_spread_atr_12_48b__high_abs,1.3636953857672374,"expanding abs q70 using observations <= prediction_timestamp, min_periods=300"
2026-07-15 13:30:00+00:00,ema_spread_atr_12_48b__high_abs,1.3642086251065362,"expanding abs q70 using observations <= prediction_timestamp, min_periods=300"
2026-07-15 14:00:00+00:00,ema_spread_atr_12_48b__high_abs,1.364505375207794,"expanding abs q70 using observations <= prediction_timestamp, min_periods=300"
2026-07-15 14:30:00+00:00,ema_spread_atr_12_48b__high_abs,1.3651399014281294,"expanding abs q70 using observations <= prediction_timestamp, min_periods=300"
2026-07-15 15:00:00+00:00,ema_spread_atr_12_48b__high_abs,1.3662729045267996,"expanding abs q70 using observations <= prediction_timestamp, min_periods=300"
2026-07-15 15:30:00+00:00,ema_spread_atr_12_48b__high_abs,1.366837933970023,"expanding abs q70 using observations <= prediction_timestamp, min_periods=300"
2026-07-15 16:00:00+00:00,ema_spread_atr_12_48b__high_abs,1.3665957784943559,"expanding abs q70 using observations <= prediction_timestamp, min_periods=300"
2026-07-15 16:30:00+00:00,ema_spread_atr_12_48b__high_abs,1.3663536230186886,"expanding abs q70 using observations <= prediction_timestamp, min_periods=300"
2026-07-15 17:00:00+00:00,ema_spread_atr_12_48b__high_abs,1.365949189355751,"expanding abs q70 using observations <= prediction_timestamp, min_periods=300"
2026-07-15 17:30:00+00:00,ema_spread_atr_12_48b__high_abs,1.365463616599178,"expanding abs q70 using observations <= prediction_timestamp, min_periods=300"
2026-07-15 18:00:00+00:00,ema_spread_atr_12_48b__high_abs,1.3649780438426047,"expanding abs q70 using observations <= prediction_timestamp, min_periods=300"
2026-07-15 18:30:00+00:00,ema_spread_atr_12_48b__high_abs,1.3646170903056158,"expanding abs q70 using observations <= prediction_timestamp, min_periods=300"
2026-07-15 19:00:00+00:00,ema_spread_atr_12_48b__high_abs,1.364505375207794,"expanding abs q70 using observations <= prediction_timestamp, min_periods=300"
2026-07-15 19:30:00+00:00,ema_spread_atr_12_48b__high_abs,1.3643936601099722,"expanding abs q70 using observations <= prediction_timestamp, min_periods=300"
2026-07-15 20:00:00+00:00,ema_spread_atr_12_48b__high_abs,1.3642819450121504,"expanding abs q70 using observations <= prediction_timestamp, min_periods=300"
2026-07-15 20:30:00+00:00,ema_spread_atr_12_48b__high_abs,1.364061985295308,"expanding abs q70 using observations <= prediction_timestamp, min_periods=300"
2026-07-15 21:00:00+00:00,ema_spread_atr_12_48b__high_abs,1.3638420255784658,"expanding abs q70 using observations <= prediction_timestamp, min_periods=300"
2026-07-15 21:30:00+00:00,ema_spread_atr_12_48b__high_abs,1.3636220658616234,"expanding abs q70 using observations <= prediction_timestamp, min_periods=300"
2026-07-15 22:00:00+00:00,ema_spread_atr_12_48b__high_abs,1.3617460548576024,"expanding abs q70 using observations <= prediction_timestamp, min_periods=300"
2026-07-15 22:30:00+00:00,ema_spread_atr_12_48b__high_abs,1.359042018209993,"expanding abs q70 using observations <= prediction_timestamp, min_periods=300"
2026-07-15 23:00:00+00:00,ema_spread_atr_12_48b__high_abs,1.3563379815623815,"expanding abs q70 using observations <= prediction_timestamp, min_periods=300"
2026-07-15 23:30:00+00:00,ema_spread_atr_12_48b__high_abs,1.3545196862435869,"expanding abs q70 using observations <= prediction_timestamp, min_periods=300"
2026-07-16 00:00:00+00:00,ema_spread_atr_12_48b__high_abs,1.3544728735824185,"expanding abs q70 using observations <= prediction_timestamp, min_periods=300"
2026-07-16 00:30:00+00:00,ema_spread_atr_12_48b__high_abs,1.35442606092125,"expanding abs q70 using observations <= prediction_timestamp, min_periods=300"
2026-07-16 01:00:00+00:00,ema_spread_atr_12_48b__high_abs,1.3543792482600816,"expanding abs q70 using observations <= prediction_timestamp, min_periods=300"
2026-07-16 01:30:00+00:00,ema_spread_atr_12_48b__high_abs,1.3542805492042682,"expanding abs q70 using observations <= prediction_timestamp, min_periods=300"
2026-07-16 02:00:00+00:00,ema_spread_atr_12_48b__high_abs,1.3541818501484548,"expanding abs q70 using observations <= prediction_timestamp, min_periods=300"
2026-07-16 02:30:00+00:00,ema_spread_atr_12_48b__high_abs,1.3540831510926414,"expanding abs q70 using observations <= prediction_timestamp, min_periods=300"
2026-07-16 03:00:00+00:00,ema_spread_atr_12_48b__high_abs,1.3540290177802934,"expanding abs q70 using observations <= prediction_timestamp, min_periods=300"
2026-07-16 03:30:00+00:00,ema_spread_atr_12_48b__high_abs,1.3539971673396778,"expanding abs q70 using observations <= prediction_timestamp, min_periods=300"
2026-07-16 04:00:00+00:00,ema_spread_atr_12_48b__high_abs,1.3539653168990622,"expanding abs q70 using observations <= prediction_timestamp, min_periods=300"
2026-07-16 04:30:00+00:00,ema_spread_atr_12_48b__high_abs,1.353923269951722,"expanding abs q70 using observations <= prediction_timestamp, min_periods=300"
2026-07-16 05:00:00+00:00,ema_spread_atr_12_48b__high_abs,1.3538608299909334,"expanding abs q70 using observations <= prediction_timestamp, min_periods=300"
2026-07-16 05:30:00+00:00,ema_spread_atr_12_48b__high_abs,1.3537983900301445,"expanding abs q70 using observations <= prediction_timestamp, min_periods=300"
2026-07-16 06:00:00+00:00,ema_spread_atr_12_48b__high_abs,1.3537359500693555,"expanding abs q70 using observations <= prediction_timestamp, min_periods=300"
2026-07-16 06:30:00+00:00,ema_spread_atr_12_48b__high_abs,1.3535266215746542,"expanding abs q70 using observations <= prediction_timestamp, min_periods=300"
2026-07-16 07:00:00+00:00,ema_spread_atr_12_48b__high_abs,1.3533172930799529,"expanding abs q70 using observations <= prediction_timestamp, min_periods=300"
2026-07-16 07:30:00+00:00,ema_spread_atr_12_48b__high_abs,1.3531079645852517,"expanding abs q70 using observations <= prediction_timestamp, min_periods=300"
2026-07-16 08:00:00+00:00,ema_spread_atr_12_48b__high_abs,1.3535963977395546,"expanding abs q70 using observations <= prediction_timestamp, min_periods=300"
2026-07-16 08:30:00+00:00,ema_spread_atr_12_48b__high_abs,1.3538400166706703,"expanding abs q70 using observations <= prediction_timestamp, min_periods=300"
2026-07-16 09:00:00+00:00,ema_spread_atr_12_48b__high_abs,1.3539653168990622,"expanding abs q70 using observations <= prediction_timestamp, min_periods=300"
2026-07-16 09:30:00+00:00,ema_spread_atr_12_48b__high_abs,1.354039634593832,"expanding abs q70 using observations <= prediction_timestamp, min_periods=300"
2026-07-16 10:00:00+00:00,ema_spread_atr_12_48b__high_abs,1.354247649518997,"expanding abs q70 using observations <= prediction_timestamp, min_periods=300"
2026-07-16 10:30:00+00:00,ema_spread_atr_12_48b__high_abs,1.35442606092125,"expanding abs q70 using observations <= prediction_timestamp, min_periods=300"
2026-07-16 11:00:00+00:00,ema_spread_atr_12_48b__high_abs,1.3545352904639765,"expanding abs q70 using observations <= prediction_timestamp, min_periods=300"
2026-07-16 11:30:00+00:00,ema_spread_atr_12_48b__high_abs,1.360844709308398,"expanding abs q70 using observations <= prediction_timestamp, min_periods=300"
2026-07-16 12:00:00+00:00,ema_spread_atr_12_48b__high_abs,1.3638420255784658,"expanding abs q70 using observations <= prediction_timestamp, min_periods=300"
2026-07-16 12:30:00+00:00,ema_spread_atr_12_48b__high_abs,1.364319183378091,"expanding abs q70 using observations <= prediction_timestamp, min_periods=300"
2026-07-16 13:00:00+00:00,ema_spread_atr_12_48b__high_abs,1.3645798519396752,"expanding abs q70 using observations <= prediction_timestamp, min_periods=300"
2026-07-16 13:30:00+00:00,ema_spread_atr_12_48b__high_abs,1.3654636165991776,"expanding abs q70 using observations <= prediction_timestamp, min_periods=300"
2026-07-16 14:00:00+00:00,ema_spread_atr_12_48b__high_abs,1.3649780438426047,"expanding abs q70 using observations <= prediction_timestamp, min_periods=300"
2026-07-16 14:30:00+00:00,ema_spread_atr_12_48b__high_abs,1.3646170903056158,"expanding abs q70 using observations <= prediction_timestamp, min_periods=300"
2026-07-16 15:00:00+00:00,ema_spread_atr_12_48b__high_abs,1.364505375207794,"expanding abs q70 using observations <= prediction_timestamp, min_periods=300"
2026-07-16 15:30:00+00:00,ema_spread_atr_12_48b__high_abs,1.3643936601099722,"expanding abs q70 using observations <= prediction_timestamp, min_periods=300"
2026-07-16 16:00:00+00:00,ema_spread_atr_12_48b__high_abs,1.3642819450121502,"expanding abs q70 using observations <= prediction_timestamp, min_periods=300"
2026-07-16 16:30:00+00:00,ema_spread_atr_12_48b__high_abs,1.364061985295308,"expanding abs q70 using observations <= prediction_timestamp, min_periods=300"
2026-07-16 17:00:00+00:00,ema_spread_atr_12_48b__high_abs,1.3638420255784658,"expanding abs q70 using observations <= prediction_timestamp, min_periods=300"
2026-07-16 17:30:00+00:00,ema_spread_atr_12_48b__high_abs,1.3636220658616234,"expanding abs q70 using observations <= prediction_timestamp, min_periods=300"
2026-07-16 18:00:00+00:00,ema_spread_atr_12_48b__high_abs,1.3617460548576024,"expanding abs q70 using observations <= prediction_timestamp, min_periods=300"
2026-07-16 18:30:00+00:00,ema_spread_atr_12_48b__high_abs,1.359042018209991,"expanding abs q70 using observations <= prediction_timestamp, min_periods=300"
2026-07-16 19:00:00+00:00,ema_spread_atr_12_48b__high_abs,1.3563379815623815,"expanding abs q70 using observations <= prediction_timestamp, min_periods=300"
2026-07-16 19:30:00+00:00,ema_spread_atr_12_48b__high_abs,1.3545196862435869,"expanding abs q70 using observations <= prediction_timestamp, min_periods=300"
2026-07-16 20:00:00+00:00,ema_spread_atr_12_48b__high_abs,1.3544728735824185,"expanding abs q70 using observations <= prediction_timestamp, min_periods=300"
2026-07-16 20:30:00+00:00,ema_spread_atr_12_48b__high_abs,1.35442606092125,"expanding abs q70 using observations <= prediction_timestamp, min_periods=300"
2026-07-16 21:00:00+00:00,ema_spread_atr_12_48b__high_abs,1.3543792482600816,"expanding abs q70 using observations <= prediction_timestamp, min_periods=300"
2026-07-16 21:30:00+00:00,ema_spread_atr_12_48b__high_abs,1.3542805492042682,"expanding abs q70 using observations <= prediction_timestamp, min_periods=300"
2026-07-16 22:00:00+00:00,ema_spread_atr_12_48b__high_abs,1.3541818501484548,"expanding abs q70 using observations <= prediction_timestamp, min_periods=300"
2026-07-16 22:30:00+00:00,ema_spread_atr_12_48b__high_abs,1.3540831510926414,"expanding abs q70 using observations <= prediction_timestamp, min_periods=300"
2026-07-16 23:00:00+00:00,ema_spread_atr_12_48b__high_abs,1.3540290177802934,"expanding abs q70 using observations <= prediction_timestamp, min_periods=300"
2026-07-16 23:30:00+00:00,ema_spread_atr_12_48b__high_abs,1.354214749833726,"expanding abs q70 using observations <= prediction_timestamp, min_periods=300"
2026-07-17 00:00:00+00:00,ema_spread_atr_12_48b__high_abs,1.3544104567008606,"expanding abs q70 using observations <= prediction_timestamp, min_periods=300"
2026-07-17 00:30:00+00:00,ema_spread_atr_12_48b__high_abs,1.3545196862435869,"expanding abs q70 using observations <= prediction_timestamp, min_periods=300"
2026-07-17 01:00:00+00:00,ema_spread_atr_12_48b__high_abs,1.3544728735824185,"expanding abs q70 using observations <= prediction_timestamp, min_periods=300"
2026-07-17 01:30:00+00:00,ema_spread_atr_12_48b__high_abs,1.35442606092125,"expanding abs q70 using observations <= prediction_timestamp, min_periods=300"
2026-07-17 02:00:00+00:00,ema_spread_atr_12_48b__high_abs,1.3545352904639765,"expanding abs q70 using observations <= prediction_timestamp, min_periods=300"
2026-07-17 02:30:00+00:00,ema_spread_atr_12_48b__high_abs,1.360844709308398,"expanding abs q70 using observations <= prediction_timestamp, min_periods=300"
2026-07-17 03:00:00+00:00,ema_spread_atr_12_48b__high_abs,1.3638420255784658,"expanding abs q70 using observations <= prediction_timestamp, min_periods=300"
2026-07-17 03:30:00+00:00,ema_spread_atr_12_48b__high_abs,1.3636220658616234,"expanding abs q70 using observations <= prediction_timestamp, min_periods=300"
2026-07-17 04:00:00+00:00,ema_spread_atr_12_48b__high_abs,1.3617460548576024,"expanding abs q70 using observations <= prediction_timestamp, min_periods=300"
2026-07-17 04:30:00+00:00,ema_spread_atr_12_48b__high_abs,1.359042018209991,"expanding abs q70 using observations <= prediction_timestamp, min_periods=300"
2026-07-17 05:00:00+00:00,ema_spread_atr_12_48b__high_abs,1.3563379815623815,"expanding abs q70 using observations <= prediction_timestamp, min_periods=300"
2026-07-17 05:30:00+00:00,ema_spread_atr_12_48b__high_abs,1.3626474004068048,"expanding abs q70 using observations <= prediction_timestamp, min_periods=300"
2026-07-17 06:00:00+00:00,ema_spread_atr_12_48b__high_abs,1.363988665389694,"expanding abs q70 using observations <= prediction_timestamp, min_periods=300"
2026-07-17 06:30:00+00:00,ema_spread_atr_12_48b__high_abs,1.3643936601099722,"expanding abs q70 using observations <= prediction_timestamp, min_periods=300"
2026-07-17 07:00:00+00:00,ema_spread_atr_12_48b__high_abs,1.3646543286715564,"expanding abs q70 using observations <= prediction_timestamp, min_periods=300"
2026-07-17 07:30:00+00:00,ema_spread_atr_12_48b__high_abs,1.3657873317702263,"expanding abs q70 using observations <= prediction_timestamp, min_periods=300"
2026-07-17 08:00:00+00:00,ema_spread_atr_12_48b__high_abs,1.3665957784943559,"expanding abs q70 using observations <= prediction_timestamp, min_periods=300"
2026-07-17 08:30:00+00:00,ema_spread_atr_12_48b__high_abs,1.3671208198901192,"expanding abs q70 using observations <= prediction_timestamp, min_periods=300"
2026-07-17 09:00:00+00:00,ema_spread_atr_12_48b__high_abs,1.3669186524619121,"expanding abs q70 using observations <= prediction_timestamp, min_periods=300"
2026-07-17 09:30:00+00:00,ema_spread_atr_12_48b__high_abs,1.3666764969862448,"expanding abs q70 using observations <= prediction_timestamp, min_periods=300"
2026-07-17 10:00:00+00:00,ema_spread_atr_12_48b__high_abs,1.3664343415105775,"expanding abs q70 using observations <= prediction_timestamp, min_periods=300"
2026-07-17 10:30:00+00:00,ema_spread_atr_12_48b__high_abs,1.3661110469412752,"expanding abs q70 using observations <= prediction_timestamp, min_periods=300"
2026-07-17 11:00:00+00:00,ema_spread_atr_12_48b__high_abs,1.3656254741847023,"expanding abs q70 using observations <= prediction_timestamp, min_periods=300"
2026-07-17 11:30:00+00:00,ema_spread_atr_12_48b__high_abs,1.3651399014281294,"expanding abs q70 using observations <= prediction_timestamp, min_periods=300"
2026-07-17 12:00:00+00:00,ema_spread_atr_12_48b__high_abs,1.3646543286715564,"expanding abs q70 using observations <= prediction_timestamp, min_periods=300"
2026-07-17 12:30:00+00:00,ema_spread_atr_12_48b__high_abs,1.3645426135737346,"expanding abs q70 using observations <= prediction_timestamp, min_periods=300"
2026-07-17 13:00:00+00:00,ema_spread_atr_12_48b__high_abs,1.3644308984759128,"expanding abs q70 using observations <= prediction_timestamp, min_periods=300"
2026-07-17 13:30:00+00:00,ema_spread_atr_12_48b__high_abs,1.3648161862570807,"expanding abs q70 using observations <= prediction_timestamp, min_periods=300"
2026-07-17 14:00:00+00:00,ema_spread_atr_12_48b__high_abs,1.365949189355751,"expanding abs q70 using observations <= prediction_timestamp, min_periods=300"
2026-07-17 14:30:00+00:00,ema_spread_atr_12_48b__high_abs,1.3654636165991776,"expanding abs q70 using observations <= prediction_timestamp, min_periods=300"
2026-07-17 15:00:00+00:00,ema_spread_atr_12_48b__high_abs,1.3649780438426047,"expanding abs q70 using observations <= prediction_timestamp, min_periods=300"
2026-07-17 15:30:00+00:00,ema_spread_atr_12_48b__high_abs,1.3646170903056158,"expanding abs q70 using observations <= prediction_timestamp, min_periods=300"
2026-07-17 16:00:00+00:00,ema_spread_atr_12_48b__high_abs,1.364505375207794,"expanding abs q70 using observations <= prediction_timestamp, min_periods=300"
2026-07-17 16:30:00+00:00,ema_spread_atr_12_48b__high_abs,1.3643936601099722,"expanding abs q70 using observations <= prediction_timestamp, min_periods=300"
2026-07-17 17:00:00+00:00,ema_spread_atr_12_48b__high_abs,1.3642819450121502,"expanding abs q70 using observations <= prediction_timestamp, min_periods=300"
2026-07-17 17:30:00+00:00,ema_spread_atr_12_48b__high_abs,1.3645426135737346,"expanding abs q70 using observations <= prediction_timestamp, min_periods=300"
2026-07-17 18:00:00+00:00,ema_spread_atr_12_48b__high_abs,1.3653017590136536,"expanding abs q70 using observations <= prediction_timestamp, min_periods=300"
2026-07-17 18:30:00+00:00,ema_spread_atr_12_48b__high_abs,1.3648161862570807,"expanding abs q70 using observations <= prediction_timestamp, min_periods=300"
2026-07-17 19:00:00+00:00,ema_spread_atr_12_48b__high_abs,1.3645798519396752,"expanding abs q70 using observations <= prediction_timestamp, min_periods=300"
2026-07-17 19:30:00+00:00,ema_spread_atr_12_48b__high_abs,1.3644681368418534,"expanding abs q70 using observations <= prediction_timestamp, min_periods=300"
2026-07-17 20:00:00+00:00,ema_spread_atr_12_48b__high_abs,1.3643564217440316,"expanding abs q70 using observations <= prediction_timestamp, min_periods=300"
2026-07-17 20:30:00+00:00,ema_spread_atr_12_48b__high_abs,1.3642086251065362,"expanding abs q70 using observations <= prediction_timestamp, min_periods=300"
2026-07-17 21:00:00+00:00,ema_spread_atr_12_48b__high_abs,1.363988665389694,"expanding abs q70 using observations <= prediction_timestamp, min_periods=300"
2026-07-17 21:30:00+00:00,ema_spread_atr_12_48b__high_abs,1.3637687056728516,"expanding abs q70 using observations <= prediction_timestamp, min_periods=300"
2026-07-17 22:00:00+00:00,ema_spread_atr_12_48b__high_abs,1.3635487459560074,"expanding abs q70 using observations <= prediction_timestamp, min_periods=300"
2026-07-17 22:30:00+00:00,ema_spread_atr_12_48b__high_abs,1.360844709308398,"expanding abs q70 using observations <= prediction_timestamp, min_periods=300"
2026-07-17 23:00:00+00:00,ema_spread_atr_12_48b__high_abs,1.3581406726607883,"expanding abs q70 using observations <= prediction_timestamp, min_periods=300"
2026-07-17 23:30:00+00:00,ema_spread_atr_12_48b__high_abs,1.3554366360131789,"expanding abs q70 using observations <= prediction_timestamp, min_periods=300"
2026-07-18 00:00:00+00:00,ema_spread_atr_12_48b__high_abs,1.3545040820231975,"expanding abs q70 using observations <= prediction_timestamp, min_periods=300"
2026-07-18 00:30:00+00:00,ema_spread_atr_12_48b__high_abs,1.354457269362029,"expanding abs q70 using observations <= prediction_timestamp, min_periods=300"
2026-07-18 01:00:00+00:00,ema_spread_atr_12_48b__high_abs,1.3544104567008606,"expanding abs q70 using observations <= prediction_timestamp, min_periods=300"
2026-07-18 01:30:00+00:00,ema_spread_atr_12_48b__high_abs,1.3543463485748104,"expanding abs q70 using observations <= prediction_timestamp, min_periods=300"
2026-07-18 02:00:00+00:00,ema_spread_atr_12_48b__high_abs,1.354247649518997,"expanding abs q70 using observations <= prediction_timestamp, min_periods=300"
2026-07-18 02:30:00+00:00,ema_spread_atr_12_48b__high_abs,1.3541489504631838,"expanding abs q70 using observations <= prediction_timestamp, min_periods=300"
2026-07-18 03:00:00+00:00,ema_spread_atr_12_48b__high_abs,1.3540502514073705,"expanding abs q70 using observations <= prediction_timestamp, min_periods=300"
2026-07-18 03:30:00+00:00,ema_spread_atr_12_48b__high_abs,1.3540184009667549,"expanding abs q70 using observations <= prediction_timestamp, min_periods=300"
2026-07-18 04:00:00+00:00,ema_spread_atr_12_48b__high_abs,1.3539865505261393,"expanding abs q70 using observations <= prediction_timestamp, min_periods=300"
2026-07-18 04:30:00+00:00,ema_spread_atr_12_48b__high_abs,1.3539547000855237,"expanding abs q70 using observations <= prediction_timestamp, min_periods=300"
2026-07-18 05:00:00+00:00,ema_spread_atr_12_48b__high_abs,1.3539024566314593,"expanding abs q70 using observations <= prediction_timestamp, min_periods=300"
2026-07-18 05:30:00+00:00,ema_spread_atr_12_48b__high_abs,1.3538400166706703,"expanding abs q70 using observations <= prediction_timestamp, min_periods=300"
2026-07-18 06:00:00+00:00,ema_spread_atr_12_48b__high_abs,1.3537775767098814,"expanding abs q70 using observations <= prediction_timestamp, min_periods=300"
2026-07-18 06:30:00+00:00,ema_spread_atr_12_48b__high_abs,1.353666173904455,"expanding abs q70 using observations <= prediction_timestamp, min_periods=300"
2026-07-18 07:00:00+00:00,ema_spread_atr_12_48b__high_abs,1.3534568454097538,"expanding abs q70 using observations <= prediction_timestamp, min_periods=300"
2026-07-18 07:30:00+00:00,ema_spread_atr_12_48b__high_abs,1.3532475169150526,"expanding abs q70 using observations <= prediction_timestamp, min_periods=300"
2026-07-18 08:00:00+00:00,ema_spread_atr_12_48b__high_abs,1.353038188420351,"expanding abs q70 using observations <= prediction_timestamp, min_periods=300"
2026-07-18 08:30:00+00:00,ema_spread_atr_12_48b__high_abs,1.3527596022182562,"expanding abs q70 using observations <= prediction_timestamp, min_periods=300"
2026-07-18 09:00:00+00:00,ema_spread_atr_12_48b__high_abs,1.3524810160161616,"expanding abs q70 using observations <= prediction_timestamp, min_periods=300"
2026-07-18 09:30:00+00:00,ema_spread_atr_12_48b__high_abs,1.3522024298140667,"expanding abs q70 using observations <= prediction_timestamp, min_periods=300"
2026-07-18 10:00:00+00:00,ema_spread_atr_12_48b__high_abs,1.3520892397702926,"expanding abs q70 using observations <= prediction_timestamp, min_periods=300"
2026-07-18 10:30:00+00:00,ema_spread_atr_12_48b__high_abs,1.352058747805679,"expanding abs q70 using observations <= prediction_timestamp, min_periods=300"
2026-07-18 11:00:00+00:00,ema_spread_atr_12_48b__high_abs,1.3520282558410652,"expanding abs q70 using observations <= prediction_timestamp, min_periods=300"
2026-07-18 11:30:00+00:00,ema_spread_atr_12_48b__high_abs,1.3517961192373118,"expanding abs q70 using observations <= prediction_timestamp, min_periods=300"
2026-07-18 12:00:00+00:00,ema_spread_atr_12_48b__high_abs,1.3511606933552802,"expanding abs q70 using observations <= prediction_timestamp, min_periods=300"
2026-07-18 12:30:00+00:00,ema_spread_atr_12_48b__high_abs,1.3505252674732486,"expanding abs q70 using observations <= prediction_timestamp, min_periods=300"
2026-07-18 13:00:00+00:00,ema_spread_atr_12_48b__high_abs,1.349889841591216,"expanding abs q70 using observations <= prediction_timestamp, min_periods=300"
2026-07-18 13:30:00+00:00,ema_spread_atr_12_48b__high_abs,1.351372501982624,"expanding abs q70 using observations <= prediction_timestamp, min_periods=300"
2026-07-18 14:00:00+00:00,ema_spread_atr_12_48b__high_abs,1.3507370761005923,"expanding abs q70 using observations <= prediction_timestamp, min_periods=300"
2026-07-18 14:30:00+00:00,ema_spread_atr_12_48b__high_abs,1.3501016502185608,"expanding abs q70 using observations <= prediction_timestamp, min_periods=300"
2026-07-18 15:00:00+00:00,ema_spread_atr_12_48b__high_abs,1.3489969755158833,"expanding abs q70 using observations <= prediction_timestamp, min_periods=300"
2026-07-18 15:30:00+00:00,ema_spread_atr_12_48b__high_abs,1.347657676402882,"expanding abs q70 using observations <= prediction_timestamp, min_periods=300"
2026-07-18 16:00:00+00:00,ema_spread_atr_12_48b__high_abs,1.346318377289882,"expanding abs q70 using observations <= prediction_timestamp, min_periods=300"
2026-07-18 16:30:00+00:00,ema_spread_atr_12_48b__high_abs,1.3454209687464669,"expanding abs q70 using observations <= prediction_timestamp, min_periods=300"
2026-07-18 17:00:00+00:00,ema_spread_atr_12_48b__high_abs,1.3454073413422205,"expanding abs q70 using observations <= prediction_timestamp, min_periods=300"
2026-07-18 17:30:00+00:00,ema_spread_atr_12_48b__high_abs,1.3453937139379744,"expanding abs q70 using observations <= prediction_timestamp, min_periods=300"
2026-07-18 18:00:00+00:00,ema_spread_atr_12_48b__high_abs,1.345425511214549,"expanding abs q70 using observations <= prediction_timestamp, min_periods=300"
2026-07-18 18:30:00+00:00,ema_spread_atr_12_48b__high_abs,1.3485505424782158,"expanding abs q70 using observations <= prediction_timestamp, min_periods=300"
2026-07-18 19:00:00+00:00,ema_spread_atr_12_48b__high_abs,1.3507370761005923,"expanding abs q70 using observations <= prediction_timestamp, min_periods=300"
2026-07-18 19:30:00+00:00,ema_spread_atr_12_48b__high_abs,1.3520180918528606,"expanding abs q70 using observations <= prediction_timestamp, min_periods=300"
2026-07-18 20:00:00+00:00,ema_spread_atr_12_48b__high_abs,1.3520892397702926,"expanding abs q70 using observations <= prediction_timestamp, min_periods=300"
2026-07-18 20:30:00+00:00,ema_spread_atr_12_48b__high_abs,1.3525738780835264,"expanding abs q70 using observations <= prediction_timestamp, min_periods=300"
2026-07-18 21:00:00+00:00,ema_spread_atr_12_48b__high_abs,1.3522952918814315,"expanding abs q70 using observations <= prediction_timestamp, min_periods=300"
2026-07-18 21:30:00+00:00,ema_spread_atr_12_48b__high_abs,1.3520994037584972,"expanding abs q70 using observations <= prediction_timestamp, min_periods=300"
2026-07-18 22:00:00+00:00,ema_spread_atr_12_48b__high_abs,1.3520689117938836,"expanding abs q70 using observations <= prediction_timestamp, min_periods=300"
2026-07-18 22:30:00+00:00,ema_spread_atr_12_48b__high_abs,1.3523881539487967,"expanding abs q70 using observations <= prediction_timestamp, min_periods=300"
2026-07-18 23:00:00+00:00,ema_spread_atr_12_48b__high_abs,1.353038188420351,"expanding abs q70 using observations <= prediction_timestamp, min_periods=300"
2026-07-18 23:30:00+00:00,ema_spread_atr_12_48b__high_abs,1.3527596022182562,"expanding abs q70 using observations <= prediction_timestamp, min_periods=300"
2026-07-19 00:00:00+00:00,ema_spread_atr_12_48b__high_abs,1.3524810160161616,"expanding abs q70 using observations <= prediction_timestamp, min_periods=300"
2026-07-19 00:30:00+00:00,ema_spread_atr_12_48b__high_abs,1.3522024298140667,"expanding abs q70 using observations <= prediction_timestamp, min_periods=300"
2026-07-19 01:00:00+00:00,ema_spread_atr_12_48b__high_abs,1.3520892397702926,"expanding abs q70 using observations <= prediction_timestamp, min_periods=300"
2026-07-19 01:30:00+00:00,ema_spread_atr_12_48b__high_abs,1.352058747805679,"expanding abs q70 using observations <= prediction_timestamp, min_periods=300"
2026-07-19 02:00:00+00:00,ema_spread_atr_12_48b__high_abs,1.3520282558410652,"expanding abs q70 using observations <= prediction_timestamp, min_periods=300"
2026-07-19 02:30:00+00:00,ema_spread_atr_12_48b__high_abs,1.3520994037584972,"expanding abs q70 using observations <= prediction_timestamp, min_periods=300"
2026-07-19 03:00:00+00:00,ema_spread_atr_12_48b__high_abs,1.3526667401508914,"expanding abs q70 using observations <= prediction_timestamp, min_periods=300"
2026-07-19 03:30:00+00:00,ema_spread_atr_12_48b__high_abs,1.3523881539487967,"expanding abs q70 using observations <= prediction_timestamp, min_periods=300"
2026-07-19 04:00:00+00:00,ema_spread_atr_12_48b__high_abs,1.3521095677467019,"expanding abs q70 using observations <= prediction_timestamp, min_periods=300"
2026-07-19 04:30:00+00:00,ema_spread_atr_12_48b__high_abs,1.3520790757820882,"expanding abs q70 using observations <= prediction_timestamp, min_periods=300"
2026-07-19 05:00:00+00:00,ema_spread_atr_12_48b__high_abs,1.3520485838174743,"expanding abs q70 using observations <= prediction_timestamp, min_periods=300"
2026-07-19 05:30:00+00:00,ema_spread_atr_12_48b__high_abs,1.3520180918528606,"expanding abs q70 using observations <= prediction_timestamp, min_periods=300"
2026-07-19 06:00:00+00:00,ema_spread_atr_12_48b__high_abs,1.351584310609968,"expanding abs q70 using observations <= prediction_timestamp, min_periods=300"
2026-07-19 06:30:00+00:00,ema_spread_atr_12_48b__high_abs,1.350948884727936,"expanding abs q70 using observations <= prediction_timestamp, min_periods=300"
2026-07-19 07:00:00+00:00,ema_spread_atr_12_48b__high_abs,1.3503134588459045,"expanding abs q70 using observations <= prediction_timestamp, min_periods=300"
2026-07-19 07:30:00+00:00,ema_spread_atr_12_48b__high_abs,1.3494434085535496,"expanding abs q70 using observations <= prediction_timestamp, min_periods=300"
2026-07-19 08:00:00+00:00,ema_spread_atr_12_48b__high_abs,1.3481041094405495,"expanding abs q70 using observations <= prediction_timestamp, min_periods=300"
2026-07-19 08:30:00+00:00,ema_spread_atr_12_48b__high_abs,1.3467648103275491,"expanding abs q70 using observations <= prediction_timestamp, min_periods=300"
2026-07-19 09:00:00+00:00,ema_spread_atr_12_48b__high_abs,1.345425511214549,"expanding abs q70 using observations <= prediction_timestamp, min_periods=300"
2026-07-19 09:30:00+00:00,ema_spread_atr_12_48b__high_abs,1.3454118838103026,"expanding abs q70 using observations <= prediction_timestamp, min_periods=300"
2026-07-19 10:00:00+00:00,ema_spread_atr_12_48b__high_abs,1.3453982564060565,"expanding abs q70 using observations <= prediction_timestamp, min_periods=300"
2026-07-19 10:30:00+00:00,ema_spread_atr_12_48b__high_abs,1.34538462900181,"expanding abs q70 using observations <= prediction_timestamp, min_periods=300"
2026-07-19 11:00:00+00:00,ema_spread_atr_12_48b__high_abs,1.3451918578965172,"expanding abs q70 using observations <= prediction_timestamp, min_periods=300"
2026-07-19 11:30:00+00:00,ema_spread_atr_12_48b__high_abs,1.3454027988741384,"expanding abs q70 using observations <= prediction_timestamp, min_periods=300"
2026-07-19 12:00:00+00:00,ema_spread_atr_12_48b__high_abs,1.3453891714698922,"expanding abs q70 using observations <= prediction_timestamp, min_periods=300"
2026-07-19 12:30:00+00:00,ema_spread_atr_12_48b__high_abs,1.3452859722151225,"expanding abs q70 using observations <= prediction_timestamp, min_periods=300"
2026-07-19 13:00:00+00:00,ema_spread_atr_12_48b__high_abs,1.3450036292593064,"expanding abs q70 using observations <= prediction_timestamp, min_periods=300"
2026-07-19 13:30:00+00:00,ema_spread_atr_12_48b__high_abs,1.34472128630349,"expanding abs q70 using observations <= prediction_timestamp, min_periods=300"
2026-07-19 14:00:00+00:00,ema_spread_atr_12_48b__high_abs,1.3444389433476738,"expanding abs q70 using observations <= prediction_timestamp, min_periods=300"
2026-07-19 14:30:00+00:00,ema_spread_atr_12_48b__high_abs,1.3441633993779247,"expanding abs q70 using observations <= prediction_timestamp, min_periods=300"
2026-07-19 15:00:00+00:00,ema_spread_atr_12_48b__high_abs,1.3438878554081757,"expanding abs q70 using observations <= prediction_timestamp, min_periods=300"
2026-07-19 15:30:00+00:00,ema_spread_atr_12_48b__high_abs,1.3436123114384266,"expanding abs q70 using observations <= prediction_timestamp, min_periods=300"
2026-07-19 16:00:00+00:00,ema_spread_atr_12_48b__high_abs,1.3435165714345962,"expanding abs q70 using observations <= prediction_timestamp, min_periods=300"
2026-07-19 16:30:00+00:00,ema_spread_atr_12_48b__high_abs,1.3435107334137248,"expanding abs q70 using observations <= prediction_timestamp, min_periods=300"
2026-07-19 17:00:00+00:00,ema_spread_atr_12_48b__high_abs,1.3435048953928537,"expanding abs q70 using observations <= prediction_timestamp, min_periods=300"
2026-07-19 17:30:00+00:00,ema_spread_atr_12_48b__high_abs,1.3434828606281124,"expanding abs q70 using observations <= prediction_timestamp, min_periods=300"
2026-07-19 18:00:00+00:00,ema_spread_atr_12_48b__high_abs,1.343428432375631,"expanding abs q70 using observations <= prediction_timestamp, min_periods=300"
2026-07-19 18:30:00+00:00,ema_spread_atr_12_48b__high_abs,1.3435068413998108,"expanding abs q70 using observations <= prediction_timestamp, min_periods=300"
2026-07-19 19:00:00+00:00,ema_spread_atr_12_48b__high_abs,1.3435204634485103,"expanding abs q70 using observations <= prediction_timestamp, min_periods=300"
2026-07-19 19:30:00+00:00,ema_spread_atr_12_48b__high_abs,1.3441633993779247,"expanding abs q70 using observations <= prediction_timestamp, min_periods=300"
2026-07-19 20:00:00+00:00,ema_spread_atr_12_48b__high_abs,1.3438878554081757,"expanding abs q70 using observations <= prediction_timestamp, min_periods=300"
2026-07-19 20:30:00+00:00,ema_spread_atr_12_48b__high_abs,1.3436123114384266,"expanding abs q70 using observations <= prediction_timestamp, min_periods=300"
2026-07-19 21:00:00+00:00,ema_spread_atr_12_48b__high_abs,1.3435165714345962,"expanding abs q70 using observations <= prediction_timestamp, min_periods=300"
2026-07-19 21:30:00+00:00,ema_spread_atr_12_48b__high_abs,1.3435107334137248,"expanding abs q70 using observations <= prediction_timestamp, min_periods=300"
2026-07-19 22:00:00+00:00,ema_spread_atr_12_48b__high_abs,1.3435048953928537,"expanding abs q70 using observations <= prediction_timestamp, min_periods=300"
2026-07-19 22:30:00+00:00,ema_spread_atr_12_48b__high_abs,1.3434828606281124,"expanding abs q70 using observations <= prediction_timestamp, min_periods=300"
2026-07-19 23:00:00+00:00,ema_spread_atr_12_48b__high_abs,1.343428432375631,"expanding abs q70 using observations <= prediction_timestamp, min_periods=300"
2026-07-19 23:30:00+00:00,ema_spread_atr_12_48b__high_abs,1.3433740041231492,"expanding abs q70 using observations <= prediction_timestamp, min_periods=300"
2026-07-20 00:00:00+00:00,ema_spread_atr_12_48b__high_abs,1.3433195758706673,"expanding abs q70 using observations <= prediction_timestamp, min_periods=300"
2026-07-20 00:30:00+00:00,ema_spread_atr_12_48b__high_abs,1.343446575126458,"expanding abs q70 using observations <= prediction_timestamp, min_periods=300"
2026-07-20 01:00:00+00:00,ema_spread_atr_12_48b__high_abs,1.3433921468739765,"expanding abs q70 using observations <= prediction_timestamp, min_periods=300"
2026-07-20 01:30:00+00:00,ema_spread_atr_12_48b__high_abs,1.343337718621495,"expanding abs q70 using observations <= prediction_timestamp, min_periods=300"
2026-07-20 02:00:00+00:00,ema_spread_atr_12_48b__high_abs,1.3428808134739545,"expanding abs q70 using observations <= prediction_timestamp, min_periods=300"
2026-07-20 02:30:00+00:00,ema_spread_atr_12_48b__high_abs,1.3422226698788842,"expanding abs q70 using observations <= prediction_timestamp, min_periods=300"
2026-07-20 03:00:00+00:00,ema_spread_atr_12_48b__high_abs,1.3415645262838143,"expanding abs q70 using observations <= prediction_timestamp, min_periods=300"
2026-07-20 03:30:00+00:00,ema_spread_atr_12_48b__high_abs,1.3411027167879686,"expanding abs q70 using observations <= prediction_timestamp, min_periods=300"
2026-07-20 04:00:00+00:00,ema_spread_atr_12_48b__high_abs,1.3410335754905702,"expanding abs q70 using observations <= prediction_timestamp, min_periods=300"
2026-07-20 04:30:00+00:00,ema_spread_atr_12_48b__high_abs,1.340964434193172,"expanding abs q70 using observations <= prediction_timestamp, min_periods=300"
2026-07-20 05:00:00+00:00,ema_spread_atr_12_48b__high_abs,1.3408952928957731,"expanding abs q70 using observations <= prediction_timestamp, min_periods=300"
2026-07-20 05:30:00+00:00,ema_spread_atr_12_48b__high_abs,1.3410566225897032,"expanding abs q70 using observations <= prediction_timestamp, min_periods=300"
2026-07-20 06:00:00+00:00,ema_spread_atr_12_48b__high_abs,1.3420032886805278,"expanding abs q70 using observations <= prediction_timestamp, min_periods=300"
2026-07-20 06:30:00+00:00,ema_spread_atr_12_48b__high_abs,1.343337718621495,"expanding abs q70 using observations <= prediction_timestamp, min_periods=300"
2026-07-20 07:00:00+00:00,ema_spread_atr_12_48b__high_abs,1.3434647178772852,"expanding abs q70 using observations <= prediction_timestamp, min_periods=300"
2026-07-20 07:30:00+00:00,ema_spread_atr_12_48b__high_abs,1.3434102896248037,"expanding abs q70 using observations <= prediction_timestamp, min_periods=300"
2026-07-20 08:00:00+00:00,ema_spread_atr_12_48b__high_abs,1.343355861372322,"expanding abs q70 using observations <= prediction_timestamp, min_periods=300"
2026-07-20 08:30:00+00:00,ema_spread_atr_12_48b__high_abs,1.343100194672311,"expanding abs q70 using observations <= prediction_timestamp, min_periods=300"
2026-07-20 09:00:00+00:00,ema_spread_atr_12_48b__high_abs,1.342442051077241,"expanding abs q70 using observations <= prediction_timestamp, min_periods=300"
2026-07-20 09:30:00+00:00,ema_spread_atr_12_48b__high_abs,1.3417839074821714,"expanding abs q70 using observations <= prediction_timestamp, min_periods=300"
2026-07-20 10:00:00+00:00,ema_spread_atr_12_48b__high_abs,1.3411257638871015,"expanding abs q70 using observations <= prediction_timestamp, min_periods=300"
2026-07-20 10:30:00+00:00,ema_spread_atr_12_48b__high_abs,1.3410566225897032,"expanding abs q70 using observations <= prediction_timestamp, min_periods=300"
2026-07-20 11:00:00+00:00,ema_spread_atr_12_48b__high_abs,1.3409874812923046,"expanding abs q70 using observations <= prediction_timestamp, min_periods=300"
2026-07-20 11:30:00+00:00,ema_spread_atr_12_48b__high_abs,1.3413451450854579,"expanding abs q70 using observations <= prediction_timestamp, min_periods=300"
2026-07-20 12:00:00+00:00,ema_spread_atr_12_48b__high_abs,1.3428808134739545,"expanding abs q70 using observations <= prediction_timestamp, min_periods=300"
2026-07-20 12:30:00+00:00,ema_spread_atr_12_48b__high_abs,1.3434102896248037,"expanding abs q70 using observations <= prediction_timestamp, min_periods=300"
2026-07-20 13:00:00+00:00,ema_spread_atr_12_48b__high_abs,1.343355861372322,"expanding abs q70 using observations <= prediction_timestamp, min_periods=300"
2026-07-20 13:30:00+00:00,ema_spread_atr_12_48b__high_abs,1.343100194672311,"expanding abs q70 using observations <= prediction_timestamp, min_periods=300"
2026-07-20 14:00:00+00:00,ema_spread_atr_12_48b__high_abs,1.342442051077241,"expanding abs q70 using observations <= prediction_timestamp, min_periods=300"
2026-07-20 14:30:00+00:00,ema_spread_atr_12_48b__high_abs,1.3417839074821714,"expanding abs q70 using observations <= prediction_timestamp, min_periods=300"
2026-07-20 15:00:00+00:00,ema_spread_atr_12_48b__high_abs,1.3411257638871015,"expanding abs q70 using observations <= prediction_timestamp, min_periods=300"
2026-07-20 15:30:00+00:00,ema_spread_atr_12_48b__high_abs,1.3410566225897032,"expanding abs q70 using observations <= prediction_timestamp, min_periods=300"
2026-07-20 16:00:00+00:00,ema_spread_atr_12_48b__high_abs,1.3420032886805278,"expanding abs q70 using observations <= prediction_timestamp, min_periods=300"
2026-07-20 16:30:00+00:00,ema_spread_atr_12_48b__high_abs,1.343337718621495,"expanding abs q70 using observations <= prediction_timestamp, min_periods=300"
2026-07-20 17:00:00+00:00,ema_spread_atr_12_48b__high_abs,1.3434647178772852,"expanding abs q70 using observations <= prediction_timestamp, min_periods=300"
2026-07-20 17:30:00+00:00,ema_spread_atr_12_48b__high_abs,1.3435107334137248,"expanding abs q70 using observations <= prediction_timestamp, min_periods=300"
2026-07-20 18:00:00+00:00,ema_spread_atr_12_48b__high_abs,1.3437041594283428,"expanding abs q70 using observations <= prediction_timestamp, min_periods=300"
2026-07-20 18:30:00+00:00,ema_spread_atr_12_48b__high_abs,1.3443470953577574,"expanding abs q70 using observations <= prediction_timestamp, min_periods=300"
2026-07-20 19:00:00+00:00,ema_spread_atr_12_48b__high_abs,1.3440715513880084,"expanding abs q70 using observations <= prediction_timestamp, min_periods=300"
2026-07-20 19:30:00+00:00,ema_spread_atr_12_48b__high_abs,1.3437960074182593,"expanding abs q70 using observations <= prediction_timestamp, min_periods=300"
2026-07-20 20:00:00+00:00,ema_spread_atr_12_48b__high_abs,1.3435204634485103,"expanding abs q70 using observations <= prediction_timestamp, min_periods=300"
2026-07-20 20:30:00+00:00,ema_spread_atr_12_48b__high_abs,1.343514625427639,"expanding abs q70 using observations <= prediction_timestamp, min_periods=300"
2026-07-20 21:00:00+00:00,ema_spread_atr_12_48b__high_abs,1.343508787406768,"expanding abs q70 using observations <= prediction_timestamp, min_periods=300"
2026-07-20 21:30:00+00:00,ema_spread_atr_12_48b__high_abs,1.3435029493858968,"expanding abs q70 using observations <= prediction_timestamp, min_periods=300"
2026-07-20 22:00:00+00:00,ema_spread_atr_12_48b__high_abs,1.3434647178772852,"expanding abs q70 using observations <= prediction_timestamp, min_periods=300"
2026-07-20 22:30:00+00:00,ema_spread_atr_12_48b__high_abs,1.3434102896248037,"expanding abs q70 using observations <= prediction_timestamp, min_periods=300"
2026-07-20 23:00:00+00:00,ema_spread_atr_12_48b__high_abs,1.343355861372322,"expanding abs q70 using observations <= prediction_timestamp, min_periods=300"
2026-07-20 23:30:00+00:00,ema_spread_atr_12_48b__high_abs,1.343100194672311,"expanding abs q70 using observations <= prediction_timestamp, min_periods=300"
2026-07-21 00:00:00+00:00,ema_spread_atr_12_48b__high_abs,1.342442051077241,"expanding abs q70 using observations <= prediction_timestamp, min_periods=300"
2026-07-21 00:30:00+00:00,ema_spread_atr_12_48b__high_abs,1.3417839074821714,"expanding abs q70 using observations <= prediction_timestamp, min_periods=300"
2026-07-21 01:00:00+00:00,ema_spread_atr_12_48b__high_abs,1.3433195758706673,"expanding abs q70 using observations <= prediction_timestamp, min_periods=300"
2026-07-21 01:30:00+00:00,ema_spread_atr_12_48b__high_abs,1.343446575126458,"expanding abs q70 using observations <= prediction_timestamp, min_periods=300"
2026-07-21 02:00:00+00:00,ema_spread_atr_12_48b__high_abs,1.3433921468739765,"expanding abs q70 using observations <= prediction_timestamp, min_periods=300"
2026-07-21 02:30:00+00:00,ema_spread_atr_12_48b__high_abs,1.343337718621495,"expanding abs q70 using observations <= prediction_timestamp, min_periods=300"
2026-07-21 03:00:00+00:00,ema_spread_atr_12_48b__high_abs,1.3428808134739545,"expanding abs q70 using observations <= prediction_timestamp, min_periods=300"
2026-07-21 03:30:00+00:00,ema_spread_atr_12_48b__high_abs,1.3434102896248037,"expanding abs q70 using observations <= prediction_timestamp, min_periods=300"
2026-07-21 04:00:00+00:00,ema_spread_atr_12_48b__high_abs,1.3435048953928537,"expanding abs q70 using observations <= prediction_timestamp, min_periods=300"
2026-07-21 04:30:00+00:00,ema_spread_atr_12_48b__high_abs,1.3435185174415532,"expanding abs q70 using observations <= prediction_timestamp, min_periods=300"
2026-07-21 05:00:00+00:00,ema_spread_atr_12_48b__high_abs,1.3440715513880084,"expanding abs q70 using observations <= prediction_timestamp, min_periods=300"
2026-07-21 05:30:00+00:00,ema_spread_atr_12_48b__high_abs,1.3437960074182593,"expanding abs q70 using observations <= prediction_timestamp, min_periods=300"
2026-07-21 06:00:00+00:00,ema_spread_atr_12_48b__high_abs,1.3444389433476738,"expanding abs q70 using observations <= prediction_timestamp, min_periods=300"
2026-07-21 06:30:00+00:00,ema_spread_atr_12_48b__high_abs,1.3450977435779117,"expanding abs q70 using observations <= prediction_timestamp, min_periods=300"
2026-07-21 07:00:00+00:00,ema_spread_atr_12_48b__high_abs,1.3453982564060565,"expanding abs q70 using observations <= prediction_timestamp, min_periods=300"
2026-07-21 07:30:00+00:00,ema_spread_atr_12_48b__high_abs,1.3458719442522153,"expanding abs q70 using observations <= prediction_timestamp, min_periods=300"
2026-07-21 08:00:00+00:00,ema_spread_atr_12_48b__high_abs,1.3489969755158833,"expanding abs q70 using observations <= prediction_timestamp, min_periods=300"
2026-07-21 08:30:00+00:00,ema_spread_atr_12_48b__high_abs,1.350948884727936,"expanding abs q70 using observations <= prediction_timestamp, min_periods=300"
2026-07-21 09:00:00+00:00,ema_spread_atr_12_48b__high_abs,1.3520282558410652,"expanding abs q70 using observations <= prediction_timestamp, min_periods=300"
2026-07-21 09:30:00+00:00,ema_spread_atr_12_48b__high_abs,1.3517961192373118,"expanding abs q70 using observations <= prediction_timestamp, min_periods=300"
2026-07-21 10:00:00+00:00,ema_spread_atr_12_48b__high_abs,1.3511606933552802,"expanding abs q70 using observations <= prediction_timestamp, min_periods=300"
2026-07-21 10:30:00+00:00,ema_spread_atr_12_48b__high_abs,1.3505252674732486,"expanding abs q70 using observations <= prediction_timestamp, min_periods=300"
2026-07-21 11:00:00+00:00,ema_spread_atr_12_48b__high_abs,1.349889841591216,"expanding abs q70 using observations <= prediction_timestamp, min_periods=300"
2026-07-21 11:30:00+00:00,ema_spread_atr_12_48b__high_abs,1.3485505424782158,"expanding abs q70 using observations <= prediction_timestamp, min_periods=300"
2026-07-21 12:00:00+00:00,ema_spread_atr_12_48b__high_abs,1.3472112433652157,"expanding abs q70 using observations <= prediction_timestamp, min_periods=300"
2026-07-21 12:30:00+00:00,ema_spread_atr_12_48b__high_abs,1.3458719442522153,"expanding abs q70 using observations <= prediction_timestamp, min_periods=300"
2026-07-21 13:00:00+00:00,ema_spread_atr_12_48b__high_abs,1.3454164262783848,"expanding abs q70 using observations <= prediction_timestamp, min_periods=300"
2026-07-21 13:30:00+00:00,ema_spread_atr_12_48b__high_abs,1.3454027988741384,"expanding abs q70 using observations <= prediction_timestamp, min_periods=300"
2026-07-21 14:00:00+00:00,ema_spread_atr_12_48b__high_abs,1.3453891714698922,"expanding abs q70 using observations <= prediction_timestamp, min_periods=300"
2026-07-21 14:30:00+00:00,ema_spread_atr_12_48b__high_abs,1.3452859722151225,"expanding abs q70 using observations <= prediction_timestamp, min_periods=300"
2026-07-21 15:00:00+00:00,ema_spread_atr_12_48b__high_abs,1.3450036292593064,"expanding abs q70 using observations <= prediction_timestamp, min_periods=300"
2026-07-21 15:30:00+00:00,ema_spread_atr_12_48b__high_abs,1.34472128630349,"expanding abs q70 using observations <= prediction_timestamp, min_periods=300"
2026-07-21 16:00:00+00:00,ema_spread_atr_12_48b__high_abs,1.3444389433476738,"expanding abs q70 using observations <= prediction_timestamp, min_periods=300"
2026-07-21 16:30:00+00:00,ema_spread_atr_12_48b__high_abs,1.3441633993779247,"expanding abs q70 using observations <= prediction_timestamp, min_periods=300"
2026-07-21 17:00:00+00:00,ema_spread_atr_12_48b__high_abs,1.3438878554081757,"expanding abs q70 using observations <= prediction_timestamp, min_periods=300"
2026-07-21 17:30:00+00:00,ema_spread_atr_12_48b__high_abs,1.3436123114384266,"expanding abs q70 using observations <= prediction_timestamp, min_periods=300"
2026-07-21 18:00:00+00:00,ema_spread_atr_12_48b__high_abs,1.3435165714345962,"expanding abs q70 using observations <= prediction_timestamp, min_periods=300"
2026-07-21 18:30:00+00:00,ema_spread_atr_12_48b__high_abs,1.343979703398092,"expanding abs q70 using observations <= prediction_timestamp, min_periods=300"
2026-07-21 19:00:00+00:00,ema_spread_atr_12_48b__high_abs,1.3437041594283428,"expanding abs q70 using observations <= prediction_timestamp, min_periods=300"
2026-07-21 19:30:00+00:00,ema_spread_atr_12_48b__high_abs,1.3435185174415532,"expanding abs q70 using observations <= prediction_timestamp, min_periods=300"
2026-07-21 20:00:00+00:00,ema_spread_atr_12_48b__high_abs,1.343512679420682,"expanding abs q70 using observations <= prediction_timestamp, min_periods=300"
2026-07-21 20:30:00+00:00,ema_spread_atr_12_48b__high_abs,1.3435068413998108,"expanding abs q70 using observations <= prediction_timestamp, min_periods=300"
2026-07-21 21:00:00+00:00,ema_spread_atr_12_48b__high_abs,1.3435010033789396,"expanding abs q70 using observations <= prediction_timestamp, min_periods=300"
2026-07-21 21:30:00+00:00,ema_spread_atr_12_48b__high_abs,1.343446575126458,"expanding abs q70 using observations <= prediction_timestamp, min_periods=300"
2026-07-21 22:00:00+00:00,ema_spread_atr_12_48b__high_abs,1.3433921468739765,"expanding abs q70 using observations <= prediction_timestamp, min_periods=300"
2026-07-21 22:30:00+00:00,ema_spread_atr_12_48b__high_abs,1.343337718621495,"expanding abs q70 using observations <= prediction_timestamp, min_periods=300"
2026-07-21 23:00:00+00:00,ema_spread_atr_12_48b__high_abs,1.3428808134739545,"expanding abs q70 using observations <= prediction_timestamp, min_periods=300"
2026-07-21 23:30:00+00:00,ema_spread_atr_12_48b__high_abs,1.3422226698788842,"expanding abs q70 using observations <= prediction_timestamp, min_periods=300"
2026-07-22 00:00:00+00:00,ema_spread_atr_12_48b__high_abs,1.3415645262838143,"expanding abs q70 using observations <= prediction_timestamp, min_periods=300"
2026-07-22 00:30:00+00:00,ema_spread_atr_12_48b__high_abs,1.343100194672311,"expanding abs q70 using observations <= prediction_timestamp, min_periods=300"
2026-07-22 01:00:00+00:00,ema_spread_atr_12_48b__high_abs,1.343428432375631,"expanding abs q70 using observations <= prediction_timestamp, min_periods=300"
2026-07-22 01:30:00+00:00,ema_spread_atr_12_48b__high_abs,1.3433740041231492,"expanding abs q70 using observations <= prediction_timestamp, min_periods=300"
2026-07-22 02:00:00+00:00,ema_spread_atr_12_48b__high_abs,1.3433195758706673,"expanding abs q70 using observations <= prediction_timestamp, min_periods=300"
2026-07-22 02:30:00+00:00,ema_spread_atr_12_48b__high_abs,1.3426614322755974,"expanding abs q70 using observations <= prediction_timestamp, min_periods=300"
2026-07-22 03:00:00+00:00,ema_spread_atr_12_48b__high_abs,1.3420032886805278,"expanding abs q70 using observations <= prediction_timestamp, min_periods=300"
2026-07-22 03:30:00+00:00,ema_spread_atr_12_48b__high_abs,1.3413451450854579,"expanding abs q70 using observations <= prediction_timestamp, min_periods=300"
2026-07-22 04:00:00+00:00,ema_spread_atr_12_48b__high_abs,1.3410796696888359,"expanding abs q70 using observations <= prediction_timestamp, min_periods=300"
2026-07-22 04:30:00+00:00,ema_spread_atr_12_48b__high_abs,1.3410105283914375,"expanding abs q70 using observations <= prediction_timestamp, min_periods=300"
2026-07-22 05:00:00+00:00,ema_spread_atr_12_48b__high_abs,1.3409413870940392,"expanding abs q70 using observations <= prediction_timestamp, min_periods=300"
2026-07-22 05:30:00+00:00,ema_spread_atr_12_48b__high_abs,1.3407577459939333,"expanding abs q70 using observations <= prediction_timestamp, min_periods=300"
2026-07-22 06:00:00+00:00,ema_spread_atr_12_48b__high_abs,1.3410335754905702,"expanding abs q70 using observations <= prediction_timestamp, min_periods=300"
2026-07-22 06:30:00+00:00,ema_spread_atr_12_48b__high_abs,1.3417839074821714,"expanding abs q70 using observations <= prediction_timestamp, min_periods=300"
2026-07-22 07:00:00+00:00,ema_spread_atr_12_48b__high_abs,1.3433195758706673,"expanding abs q70 using observations <= prediction_timestamp, min_periods=300"
2026-07-22 07:30:00+00:00,ema_spread_atr_12_48b__high_abs,1.343446575126458,"expanding abs q70 using observations <= prediction_timestamp, min_periods=300"
2026-07-22 08:00:00+00:00,ema_spread_atr_12_48b__high_abs,1.343508787406768,"expanding abs q70 using observations <= prediction_timestamp, min_periods=300"
2026-07-22 08:30:00+00:00,ema_spread_atr_12_48b__high_abs,1.3435029493858968,"expanding abs q70 using observations <= prediction_timestamp, min_periods=300"
2026-07-22 09:00:00+00:00,ema_spread_atr_12_48b__high_abs,1.3434647178772852,"expanding abs q70 using observations <= prediction_timestamp, min_periods=300"
2026-07-22 09:30:00+00:00,ema_spread_atr_12_48b__high_abs,1.3434102896248037,"expanding abs q70 using observations <= prediction_timestamp, min_periods=300"
2026-07-22 10:00:00+00:00,ema_spread_atr_12_48b__high_abs,1.343355861372322,"expanding abs q70 using observations <= prediction_timestamp, min_periods=300"
2026-07-22 10:30:00+00:00,ema_spread_atr_12_48b__high_abs,1.343100194672311,"expanding abs q70 using observations <= prediction_timestamp, min_periods=300"
2026-07-22 11:00:00+00:00,ema_spread_atr_12_48b__high_abs,1.343428432375631,"expanding abs q70 using observations <= prediction_timestamp, min_periods=300"
2026-07-22 11:30:00+00:00,ema_spread_atr_12_48b__high_abs,1.3433740041231492,"expanding abs q70 using observations <= prediction_timestamp, min_periods=300"
2026-07-22 12:00:00+00:00,ema_spread_atr_12_48b__high_abs,1.3433195758706673,"expanding abs q70 using observations <= prediction_timestamp, min_periods=300"
2026-07-22 12:30:00+00:00,ema_spread_atr_12_48b__high_abs,1.3426614322755974,"expanding abs q70 using observations <= prediction_timestamp, min_periods=300"
2026-07-22 13:00:00+00:00,ema_spread_atr_12_48b__high_abs,1.3420032886805278,"expanding abs q70 using observations <= prediction_timestamp, min_periods=300"
2026-07-22 13:30:00+00:00,ema_spread_atr_12_48b__high_abs,1.3413451450854579,"expanding abs q70 using observations <= prediction_timestamp, min_periods=300"
2026-07-22 14:00:00+00:00,ema_spread_atr_12_48b__high_abs,1.3428808134739545,"expanding abs q70 using observations <= prediction_timestamp, min_periods=300"
2026-07-22 14:30:00+00:00,ema_spread_atr_12_48b__high_abs,1.3422226698788842,"expanding abs q70 using observations <= prediction_timestamp, min_periods=300"
2026-07-22 15:00:00+00:00,ema_spread_atr_12_48b__high_abs,1.3415645262838143,"expanding abs q70 using observations <= prediction_timestamp, min_periods=300"
2026-07-22 15:30:00+00:00,ema_spread_atr_12_48b__high_abs,1.343100194672311,"expanding abs q70 using observations <= prediction_timestamp, min_periods=300"
2026-07-22 16:00:00+00:00,ema_spread_atr_12_48b__high_abs,1.343428432375631,"expanding abs q70 using observations <= prediction_timestamp, min_periods=300"
2026-07-22 16:30:00+00:00,ema_spread_atr_12_48b__high_abs,1.3433740041231492,"expanding abs q70 using observations <= prediction_timestamp, min_periods=300"
2026-07-22 17:00:00+00:00,ema_spread_atr_12_48b__high_abs,1.3433195758706673,"expanding abs q70 using observations <= prediction_timestamp, min_periods=300"
2026-07-22 17:30:00+00:00,ema_spread_atr_12_48b__high_abs,1.3426614322755974,"expanding abs q70 using observations <= prediction_timestamp, min_periods=300"
2026-07-22 18:00:00+00:00,ema_spread_atr_12_48b__high_abs,1.3420032886805278,"expanding abs q70 using observations <= prediction_timestamp, min_periods=300"
2026-07-22 18:30:00+00:00,ema_spread_atr_12_48b__high_abs,1.3413451450854579,"expanding abs q70 using observations <= prediction_timestamp, min_periods=300"
2026-07-22 19:00:00+00:00,ema_spread_atr_12_48b__high_abs,1.3410796696888359,"expanding abs q70 using observations <= prediction_timestamp, min_periods=300"
2026-07-22 19:30:00+00:00,ema_spread_atr_12_48b__high_abs,1.3410105283914375,"expanding abs q70 using observations <= prediction_timestamp, min_periods=300"
2026-07-22 20:00:00+00:00,ema_spread_atr_12_48b__high_abs,1.3409413870940392,"expanding abs q70 using observations <= prediction_timestamp, min_periods=300"
2026-07-22 20:30:00+00:00,ema_spread_atr_12_48b__high_abs,1.3408569791046927,"expanding abs q70 using observations <= prediction_timestamp, min_periods=300"
2026-07-22 21:00:00+00:00,ema_spread_atr_12_48b__high_abs,1.34074203773145,"expanding abs q70 using observations <= prediction_timestamp, min_periods=300"
2026-07-22 21:30:00+00:00,ema_spread_atr_12_48b__high_abs,1.3406270963582074,"expanding abs q70 using observations <= prediction_timestamp, min_periods=300"
2026-07-22 22:00:00+00:00,ema_spread_atr_12_48b__high_abs,1.3405121549849646,"expanding abs q70 using observations <= prediction_timestamp, min_periods=300"
2026-07-22 22:30:00+00:00,ema_spread_atr_12_48b__high_abs,1.340214455652687,"expanding abs q70 using observations <= prediction_timestamp, min_periods=300"
2026-07-22 23:00:00+00:00,ema_spread_atr_12_48b__high_abs,1.3399167563204093,"expanding abs q70 using observations <= prediction_timestamp, min_periods=300"
2026-07-22 23:30:00+00:00,ema_spread_atr_12_48b__high_abs,1.3396190569881319,"expanding abs q70 using observations <= prediction_timestamp, min_periods=300"
2026-07-23 00:00:00+00:00,ema_spread_atr_12_48b__high_abs,1.3393841974977159,"expanding abs q70 using observations <= prediction_timestamp, min_periods=300"
2026-07-23 00:30:00+00:00,ema_spread_atr_12_48b__high_abs,1.3391807579282304,"expanding abs q70 using observations <= prediction_timestamp, min_periods=300"
2026-07-23 01:00:00+00:00,ema_spread_atr_12_48b__high_abs,1.3389773183587452,"expanding abs q70 using observations <= prediction_timestamp, min_periods=300"
2026-07-23 01:30:00+00:00,ema_spread_atr_12_48b__high_abs,1.3388373331287968,"expanding abs q70 using observations <= prediction_timestamp, min_periods=300"
2026-07-23 02:00:00+00:00,ema_spread_atr_12_48b__high_abs,1.338824256577922,"expanding abs q70 using observations <= prediction_timestamp, min_periods=300"
2026-07-23 02:30:00+00:00,ema_spread_atr_12_48b__high_abs,1.3388111800270472,"expanding abs q70 using observations <= prediction_timestamp, min_periods=300"
2026-07-23 03:00:00+00:00,ema_spread_atr_12_48b__high_abs,1.338798103476172,"expanding abs q70 using observations <= prediction_timestamp, min_periods=300"
2026-07-23 03:30:00+00:00,ema_spread_atr_12_48b__high_abs,1.3381373317147176,"expanding abs q70 using observations <= prediction_timestamp, min_periods=300"
2026-07-23 04:00:00+00:00,ema_spread_atr_12_48b__high_abs,1.3388155388773388,"expanding abs q70 using observations <= prediction_timestamp, min_periods=300"
2026-07-23 04:30:00+00:00,ema_spread_atr_12_48b__high_abs,1.338802462326464,"expanding abs q70 using observations <= prediction_timestamp, min_periods=300"
2026-07-23 05:00:00+00:00,ema_spread_atr_12_48b__high_abs,1.3383575889685362,"expanding abs q70 using observations <= prediction_timestamp, min_periods=300"
2026-07-23 05:30:00+00:00,ema_spread_atr_12_48b__high_abs,1.3376968172070813,"expanding abs q70 using observations <= prediction_timestamp, min_periods=300"
2026-07-23 06:00:00+00:00,ema_spread_atr_12_48b__high_abs,1.337036045445627,"expanding abs q70 using observations <= prediction_timestamp, min_periods=300"
2026-07-23 06:30:00+00:00,ema_spread_atr_12_48b__high_abs,1.336477158872407,"expanding abs q70 using observations <= prediction_timestamp, min_periods=300"
2026-07-23 07:00:00+00:00,ema_spread_atr_12_48b__high_abs,1.336122042675655,"expanding abs q70 using observations <= prediction_timestamp, min_periods=300"
2026-07-23 07:30:00+00:00,ema_spread_atr_12_48b__high_abs,1.335766926478903,"expanding abs q70 using observations <= prediction_timestamp, min_periods=300"
2026-07-23 08:00:00+00:00,ema_spread_atr_12_48b__high_abs,1.3365955309379909,"expanding abs q70 using observations <= prediction_timestamp, min_periods=300"
2026-07-23 08:30:00+00:00,ema_spread_atr_12_48b__high_abs,1.3362404147412388,"expanding abs q70 using observations <= prediction_timestamp, min_periods=300"
2026-07-23 09:00:00+00:00,ema_spread_atr_12_48b__high_abs,1.335885298544487,"expanding abs q70 using observations <= prediction_timestamp, min_periods=300"
2026-07-23 09:30:00+00:00,ema_spread_atr_12_48b__high_abs,1.336815788191809,"expanding abs q70 using observations <= prediction_timestamp, min_periods=300"
2026-07-23 10:00:00+00:00,ema_spread_atr_12_48b__high_abs,1.336358786806823,"expanding abs q70 using observations <= prediction_timestamp, min_periods=300"
2026-07-23 10:30:00+00:00,ema_spread_atr_12_48b__high_abs,1.3360036706100709,"expanding abs q70 using observations <= prediction_timestamp, min_periods=300"
2026-07-23 11:00:00+00:00,ema_spread_atr_12_48b__high_abs,1.3356485544133188,"expanding abs q70 using observations <= prediction_timestamp, min_periods=300"
2026-07-23 11:30:00+00:00,ema_spread_atr_12_48b__high_abs,1.335175498072293,"expanding abs q70 using observations <= prediction_timestamp, min_periods=300"
2026-07-23 12:00:00+00:00,ema_spread_atr_12_48b__high_abs,1.3344665614427202,"expanding abs q70 using observations <= prediction_timestamp, min_periods=300"
2026-07-23 12:30:00+00:00,ema_spread_atr_12_48b__high_abs,1.3337576248131473,"expanding abs q70 using observations <= prediction_timestamp, min_periods=300"
2026-07-23 13:00:00+00:00,ema_spread_atr_12_48b__high_abs,1.3354118102821506,"expanding abs q70 using observations <= prediction_timestamp, min_periods=300"
2026-07-23 13:30:00+00:00,ema_spread_atr_12_48b__high_abs,1.3362404147412388,"expanding abs q70 using observations <= prediction_timestamp, min_periods=300"
2026-07-23 14:00:00+00:00,ema_spread_atr_12_48b__high_abs,1.3374765599532634,"expanding abs q70 using observations <= prediction_timestamp, min_periods=300"
2026-07-23 14:30:00+00:00,ema_spread_atr_12_48b__high_abs,1.338802462326464,"expanding abs q70 using observations <= prediction_timestamp, min_periods=300"
2026-07-23 15:00:00+00:00,ema_spread_atr_12_48b__high_abs,1.3388329742785052,"expanding abs q70 using observations <= prediction_timestamp, min_periods=300"
2026-07-23 15:30:00+00:00,ema_spread_atr_12_48b__high_abs,1.3391807579282304,"expanding abs q70 using observations <= prediction_timestamp, min_periods=300"
2026-07-23 16:00:00+00:00,ema_spread_atr_12_48b__high_abs,1.3397182900988909,"expanding abs q70 using observations <= prediction_timestamp, min_periods=300"
2026-07-23 16:30:00+00:00,ema_spread_atr_12_48b__high_abs,1.3404129218742054,"expanding abs q70 using observations <= prediction_timestamp, min_periods=300"
2026-07-23 17:00:00+00:00,ema_spread_atr_12_48b__high_abs,1.34074203773145,"expanding abs q70 using observations <= prediction_timestamp, min_periods=300"
2026-07-23 17:30:00+00:00,ema_spread_atr_12_48b__high_abs,1.3406270963582074,"expanding abs q70 using observations <= prediction_timestamp, min_periods=300"
2026-07-23 18:00:00+00:00,ema_spread_atr_12_48b__high_abs,1.3408952928957736,"expanding abs q70 using observations <= prediction_timestamp, min_periods=300"
2026-07-23 18:30:00+00:00,ema_spread_atr_12_48b__high_abs,1.3410566225897032,"expanding abs q70 using observations <= prediction_timestamp, min_periods=300"
2026-07-23 19:00:00+00:00,ema_spread_atr_12_48b__high_abs,1.3420032886805278,"expanding abs q70 using observations <= prediction_timestamp, min_periods=300"
2026-07-23 19:30:00+00:00,ema_spread_atr_12_48b__high_abs,1.343337718621495,"expanding abs q70 using observations <= prediction_timestamp, min_periods=300"
2026-07-23 20:00:00+00:00,ema_spread_atr_12_48b__high_abs,1.3434647178772852,"expanding abs q70 using observations <= prediction_timestamp, min_periods=300"
2026-07-23 20:30:00+00:00,ema_spread_atr_12_48b__high_abs,1.3434102896248037,"expanding abs q70 using observations <= prediction_timestamp, min_periods=300"
2026-07-23 21:00:00+00:00,ema_spread_atr_12_48b__high_abs,1.343355861372322,"expanding abs q70 using observations <= prediction_timestamp, min_periods=300"
2026-07-23 21:30:00+00:00,ema_spread_atr_12_48b__high_abs,1.343100194672311,"expanding abs q70 using observations <= prediction_timestamp, min_periods=300"
2026-07-23 22:00:00+00:00,ema_spread_atr_12_48b__high_abs,1.342442051077241,"expanding abs q70 using observations <= prediction_timestamp, min_periods=300"
2026-07-23 22:30:00+00:00,ema_spread_atr_12_48b__high_abs,1.3417839074821714,"expanding abs q70 using observations <= prediction_timestamp, min_periods=300"
2026-07-23 23:00:00+00:00,ema_spread_atr_12_48b__high_abs,1.3411257638871015,"expanding abs q70 using observations <= prediction_timestamp, min_periods=300"
2026-07-23 23:30:00+00:00,ema_spread_atr_12_48b__high_abs,1.3410566225897032,"expanding abs q70 using observations <= prediction_timestamp, min_periods=300"
2026-07-24 00:00:00+00:00,ema_spread_atr_12_48b__high_abs,1.3409874812923046,"expanding abs q70 using observations <= prediction_timestamp, min_periods=300"
2026-07-24 00:30:00+00:00,ema_spread_atr_12_48b__high_abs,1.3413451450854579,"expanding abs q70 using observations <= prediction_timestamp, min_periods=300"
2026-07-24 01:00:00+00:00,ema_spread_atr_12_48b__high_abs,1.3428808134739545,"expanding abs q70 using observations <= prediction_timestamp, min_periods=300"
2026-07-24 01:30:00+00:00,ema_spread_atr_12_48b__high_abs,1.3422226698788842,"expanding abs q70 using observations <= prediction_timestamp, min_periods=300"
2026-07-24 02:00:00+00:00,ema_spread_atr_12_48b__high_abs,1.3415645262838143,"expanding abs q70 using observations <= prediction_timestamp, min_periods=300"
2026-07-24 02:30:00+00:00,ema_spread_atr_12_48b__high_abs,1.3411027167879688,"expanding abs q70 using observations <= prediction_timestamp, min_periods=300"
2026-07-24 03:00:00+00:00,ema_spread_atr_12_48b__high_abs,1.3410335754905702,"expanding abs q70 using observations <= prediction_timestamp, min_periods=300"
2026-07-24 03:30:00+00:00,ema_spread_atr_12_48b__high_abs,1.340964434193172,"expanding abs q70 using observations <= prediction_timestamp, min_periods=300"
2026-07-24 04:00:00+00:00,ema_spread_atr_12_48b__high_abs,1.3408952928957736,"expanding abs q70 using observations <= prediction_timestamp, min_periods=300"
2026-07-24 04:30:00+00:00,ema_spread_atr_12_48b__high_abs,1.340780351522531,"expanding abs q70 using observations <= prediction_timestamp, min_periods=300"
2026-07-24 05:00:00+00:00,ema_spread_atr_12_48b__high_abs,1.3406654101492883,"expanding abs q70 using observations <= prediction_timestamp, min_periods=300"
2026-07-24 05:30:00+00:00,ema_spread_atr_12_48b__high_abs,1.3405504687760457,"expanding abs q70 using observations <= prediction_timestamp, min_periods=300"
2026-07-24 06:00:00+00:00,ema_spread_atr_12_48b__high_abs,1.3403136887634461,"expanding abs q70 using observations <= prediction_timestamp, min_periods=300"
2026-07-24 06:30:00+00:00,ema_spread_atr_12_48b__high_abs,1.3400159894311687,"expanding abs q70 using observations <= prediction_timestamp, min_periods=300"
2026-07-24 07:00:00+00:00,ema_spread_atr_12_48b__high_abs,1.3405887825671265,"expanding abs q70 using observations <= prediction_timestamp, min_periods=300"
2026-07-24 07:30:00+00:00,ema_spread_atr_12_48b__high_abs,1.3408569791046927,"expanding abs q70 using observations <= prediction_timestamp, min_periods=300"
2026-07-24 08:00:00+00:00,ema_spread_atr_12_48b__high_abs,1.3410335754905702,"expanding abs q70 using observations <= prediction_timestamp, min_periods=300"
2026-07-24 08:30:00+00:00,ema_spread_atr_12_48b__high_abs,1.340964434193172,"expanding abs q70 using observations <= prediction_timestamp, min_periods=300"
2026-07-24 09:00:00+00:00,ema_spread_atr_12_48b__high_abs,1.3408952928957736,"expanding abs q70 using observations <= prediction_timestamp, min_periods=300"
2026-07-24 09:30:00+00:00,ema_spread_atr_12_48b__high_abs,1.340780351522531,"expanding abs q70 using observations <= prediction_timestamp, min_periods=300"
2026-07-24 10:00:00+00:00,ema_spread_atr_12_48b__high_abs,1.3406654101492883,"expanding abs q70 using observations <= prediction_timestamp, min_periods=300"
2026-07-24 10:30:00+00:00,ema_spread_atr_12_48b__high_abs,1.3405504687760457,"expanding abs q70 using observations <= prediction_timestamp, min_periods=300"
2026-07-24 11:00:00+00:00,ema_spread_atr_12_48b__high_abs,1.3403136887634461,"expanding abs q70 using observations <= prediction_timestamp, min_periods=300"
2026-07-24 11:30:00+00:00,ema_spread_atr_12_48b__high_abs,1.3400159894311687,"expanding abs q70 using observations <= prediction_timestamp, min_periods=300"
2026-07-24 12:00:00+00:00,ema_spread_atr_12_48b__high_abs,1.3397182900988909,"expanding abs q70 using observations <= prediction_timestamp, min_periods=300"
2026-07-24 12:30:00+00:00,ema_spread_atr_12_48b__high_abs,1.3394520106875443,"expanding abs q70 using observations <= prediction_timestamp, min_periods=300"
2026-07-24 13:00:00+00:00,ema_spread_atr_12_48b__high_abs,1.340115222541928,"expanding abs q70 using observations <= prediction_timestamp, min_periods=300"
2026-07-24 13:30:00+00:00,ema_spread_atr_12_48b__high_abs,1.3406270963582074,"expanding abs q70 using observations <= prediction_timestamp, min_periods=300"
2026-07-24 14:00:00+00:00,ema_spread_atr_12_48b__high_abs,1.3408952928957736,"expanding abs q70 using observations <= prediction_timestamp, min_periods=300"
2026-07-24 14:30:00+00:00,ema_spread_atr_12_48b__high_abs,1.3410566225897032,"expanding abs q70 using observations <= prediction_timestamp, min_periods=300"
2026-07-24 15:00:00+00:00,ema_spread_atr_12_48b__high_abs,1.3420032886805282,"expanding abs q70 using observations <= prediction_timestamp, min_periods=300"
2026-07-24 15:30:00+00:00,ema_spread_atr_12_48b__high_abs,1.3413451450854579,"expanding abs q70 using observations <= prediction_timestamp, min_periods=300"
2026-07-24 16:00:00+00:00,ema_spread_atr_12_48b__high_abs,1.3410796696888359,"expanding abs q70 using observations <= prediction_timestamp, min_periods=300"
2026-07-24 16:30:00+00:00,ema_spread_atr_12_48b__high_abs,1.3410105283914375,"expanding abs q70 using observations <= prediction_timestamp, min_periods=300"
2026-07-24 17:00:00+00:00,ema_spread_atr_12_48b__high_abs,1.3409413870940392,"expanding abs q70 using observations <= prediction_timestamp, min_periods=300"
2026-07-24 17:30:00+00:00,ema_spread_atr_12_48b__high_abs,1.3408569791046927,"expanding abs q70 using observations <= prediction_timestamp, min_periods=300"
2026-07-24 18:00:00+00:00,ema_spread_atr_12_48b__high_abs,1.34074203773145,"expanding abs q70 using observations <= prediction_timestamp, min_periods=300"
2026-07-24 18:30:00+00:00,ema_spread_atr_12_48b__high_abs,1.3406270963582074,"expanding abs q70 using observations <= prediction_timestamp, min_periods=300"
2026-07-24 19:00:00+00:00,ema_spread_atr_12_48b__high_abs,1.3405121549849648,"expanding abs q70 using observations <= prediction_timestamp, min_periods=300"
2026-07-24 19:30:00+00:00,ema_spread_atr_12_48b__high_abs,1.340214455652687,"expanding abs q70 using observations <= prediction_timestamp, min_periods=300"
2026-07-24 20:00:00+00:00,ema_spread_atr_12_48b__high_abs,1.3399167563204095,"expanding abs q70 using observations <= prediction_timestamp, min_periods=300"
2026-07-24 20:30:00+00:00,ema_spread_atr_12_48b__high_abs,1.3396190569881319,"expanding abs q70 using observations <= prediction_timestamp, min_periods=300"
2026-07-24 21:00:00+00:00,ema_spread_atr_12_48b__high_abs,1.3393841974977156,"expanding abs q70 using observations <= prediction_timestamp, min_periods=300"
2026-07-24 21:30:00+00:00,ema_spread_atr_12_48b__high_abs,1.3391807579282307,"expanding abs q70 using observations <= prediction_timestamp, min_periods=300"
2026-07-24 22:00:00+00:00,ema_spread_atr_12_48b__high_abs,1.3389773183587452,"expanding abs q70 using observations <= prediction_timestamp, min_periods=300"
2026-07-24 22:30:00+00:00,ema_spread_atr_12_48b__high_abs,1.3388373331287968,"expanding abs q70 using observations <= prediction_timestamp, min_periods=300"
2026-07-24 23:00:00+00:00,ema_spread_atr_12_48b__high_abs,1.338824256577922,"expanding abs q70 using observations <= prediction_timestamp, min_periods=300"
2026-07-24 23:30:00+00:00,ema_spread_atr_12_48b__high_abs,1.3388111800270472,"expanding abs q70 using observations <= prediction_timestamp, min_periods=300"
2026-07-25 00:00:00+00:00,ema_spread_atr_12_48b__high_abs,1.3387981034761725,"expanding abs q70 using observations <= prediction_timestamp, min_periods=300"
2026-07-25 00:30:00+00:00,ema_spread_atr_12_48b__high_abs,1.3381373317147176,"expanding abs q70 using observations <= prediction_timestamp, min_periods=300"
2026-07-25 01:00:00+00:00,ema_spread_atr_12_48b__high_abs,1.3374765599532639,"expanding abs q70 using observations <= prediction_timestamp, min_periods=300"
2026-07-25 01:30:00+00:00,ema_spread_atr_12_48b__high_abs,1.336815788191809,"expanding abs q70 using observations <= prediction_timestamp, min_periods=300"
2026-07-25 02:00:00+00:00,ema_spread_atr_12_48b__high_abs,1.3363587868068227,"expanding abs q70 using observations <= prediction_timestamp, min_periods=300"
2026-07-25 02:30:00+00:00,ema_spread_atr_12_48b__high_abs,1.336003670610071,"expanding abs q70 using observations <= prediction_timestamp, min_periods=300"
2026-07-25 03:00:00+00:00,ema_spread_atr_12_48b__high_abs,1.3356485544133188,"expanding abs q70 using observations <= prediction_timestamp, min_periods=300"
2026-07-25 03:30:00+00:00,ema_spread_atr_12_48b__high_abs,1.3351754980722936,"expanding abs q70 using observations <= prediction_timestamp, min_periods=300"
2026-07-25 04:00:00+00:00,ema_spread_atr_12_48b__high_abs,1.3344665614427202,"expanding abs q70 using observations <= prediction_timestamp, min_periods=300"
2026-07-25 04:30:00+00:00,ema_spread_atr_12_48b__high_abs,1.3337576248131466,"expanding abs q70 using observations <= prediction_timestamp, min_periods=300"
2026-07-25 05:00:00+00:00,ema_spread_atr_12_48b__high_abs,1.3330486881835744,"expanding abs q70 using observations <= prediction_timestamp, min_periods=300"
2026-07-25 05:30:00+00:00,ema_spread_atr_12_48b__high_abs,1.3322869807385112,"expanding abs q70 using observations <= prediction_timestamp, min_periods=300"
2026-07-25 06:00:00+00:00,ema_spread_atr_12_48b__high_abs,1.331525273293449,"expanding abs q70 using observations <= prediction_timestamp, min_periods=300"
2026-07-25 06:30:00+00:00,ema_spread_atr_12_48b__high_abs,1.3307635658483858,"expanding abs q70 using observations <= prediction_timestamp, min_periods=300"
2026-07-25 07:00:00+00:00,ema_spread_atr_12_48b__high_abs,1.3304763071911798,"expanding abs q70 using observations <= prediction_timestamp, min_periods=300"
2026-07-25 07:30:00+00:00,ema_spread_atr_12_48b__high_abs,1.330426272927902,"expanding abs q70 using observations <= prediction_timestamp, min_periods=300"
2026-07-25 08:00:00+00:00,ema_spread_atr_12_48b__high_abs,1.330376238664624,"expanding abs q70 using observations <= prediction_timestamp, min_periods=300"
2026-07-25 08:30:00+00:00,ema_spread_atr_12_48b__high_abs,1.3303226603688578,"expanding abs q70 using observations <= prediction_timestamp, min_periods=300"
2026-07-25 09:00:00+00:00,ema_spread_atr_12_48b__high_abs,1.3304429510156612,"expanding abs q70 using observations <= prediction_timestamp, min_periods=300"
2026-07-25 09:30:00+00:00,ema_spread_atr_12_48b__high_abs,1.3303929167523834,"expanding abs q70 using observations <= prediction_timestamp, min_periods=300"
2026-07-25 10:00:00+00:00,ema_spread_atr_12_48b__high_abs,1.3303428824891055,"expanding abs q70 using observations <= prediction_timestamp, min_periods=300"
2026-07-25 10:30:00+00:00,ema_spread_atr_12_48b__high_abs,1.3302822161283627,"expanding abs q70 using observations <= prediction_timestamp, min_periods=300"
2026-07-25 11:00:00+00:00,ema_spread_atr_12_48b__high_abs,1.33022154976762,"expanding abs q70 using observations <= prediction_timestamp, min_periods=300"
2026-07-25 11:30:00+00:00,ema_spread_atr_12_48b__high_abs,1.3301608834068774,"expanding abs q70 using observations <= prediction_timestamp, min_periods=300"
2026-07-25 12:00:00+00:00,ema_spread_atr_12_48b__high_abs,1.329522091545974,"expanding abs q70 using observations <= prediction_timestamp, min_periods=300"
2026-07-25 12:30:00+00:00,ema_spread_atr_12_48b__high_abs,1.3285942369349928,"expanding abs q70 using observations <= prediction_timestamp, min_periods=300"
2026-07-25 13:00:00+00:00,ema_spread_atr_12_48b__high_abs,1.3276663823240098,"expanding abs q70 using observations <= prediction_timestamp, min_periods=300"
2026-07-25 13:30:00+00:00,ema_spread_atr_12_48b__high_abs,1.3298313764163026,"expanding abs q70 using observations <= prediction_timestamp, min_periods=300"
2026-07-25 14:00:00+00:00,ema_spread_atr_12_48b__high_abs,1.3302619940081153,"expanding abs q70 using observations <= prediction_timestamp, min_periods=300"
2026-07-25 14:30:00+00:00,ema_spread_atr_12_48b__high_abs,1.3303929167523834,"expanding abs q70 using observations <= prediction_timestamp, min_periods=300"
2026-07-25 15:00:00+00:00,ema_spread_atr_12_48b__high_abs,1.3305096633666984,"expanding abs q70 using observations <= prediction_timestamp, min_periods=300"
2026-07-25 15:30:00+00:00,ema_spread_atr_12_48b__high_abs,1.3322869807385112,"expanding abs q70 using observations <= prediction_timestamp, min_periods=300"
2026-07-25 16:00:00+00:00,ema_spread_atr_12_48b__high_abs,1.3339939370230052,"expanding abs q70 using observations <= prediction_timestamp, min_periods=300"
2026-07-25 16:30:00+00:00,ema_spread_atr_12_48b__high_abs,1.3332850003934318,"expanding abs q70 using observations <= prediction_timestamp, min_periods=300"
2026-07-25 17:00:00+00:00,ema_spread_atr_12_48b__high_abs,1.3325408832201984,"expanding abs q70 using observations <= prediction_timestamp, min_periods=300"
2026-07-25 17:30:00+00:00,ema_spread_atr_12_48b__high_abs,1.3317791757751363,"expanding abs q70 using observations <= prediction_timestamp, min_periods=300"
2026-07-25 18:00:00+00:00,ema_spread_atr_12_48b__high_abs,1.3335213126032892,"expanding abs q70 using observations <= prediction_timestamp, min_periods=300"
2026-07-25 18:30:00+00:00,ema_spread_atr_12_48b__high_abs,1.3351754980722936,"expanding abs q70 using observations <= prediction_timestamp, min_periods=300"
2026-07-25 19:00:00+00:00,ema_spread_atr_12_48b__high_abs,1.336122042675655,"expanding abs q70 using observations <= prediction_timestamp, min_periods=300"
2026-07-25 19:30:00+00:00,ema_spread_atr_12_48b__high_abs,1.3372563026994448,"expanding abs q70 using observations <= prediction_timestamp, min_periods=300"
2026-07-25 20:00:00+00:00,ema_spread_atr_12_48b__high_abs,1.336595530937991,"expanding abs q70 using observations <= prediction_timestamp, min_periods=300"
2026-07-25 20:30:00+00:00,ema_spread_atr_12_48b__high_abs,1.3362404147412388,"expanding abs q70 using observations <= prediction_timestamp, min_periods=300"
2026-07-25 21:00:00+00:00,ema_spread_atr_12_48b__high_abs,1.3358852985444871,"expanding abs q70 using observations <= prediction_timestamp, min_periods=300"
2026-07-25 21:30:00+00:00,ema_spread_atr_12_48b__high_abs,1.335530182347735,"expanding abs q70 using observations <= prediction_timestamp, min_periods=300"
2026-07-25 22:00:00+00:00,ema_spread_atr_12_48b__high_abs,1.334939185862435,"expanding abs q70 using observations <= prediction_timestamp, min_periods=300"
2026-07-25 22:30:00+00:00,ema_spread_atr_12_48b__high_abs,1.3342302492328626,"expanding abs q70 using observations <= prediction_timestamp, min_periods=300"
2026-07-25 23:00:00+00:00,ema_spread_atr_12_48b__high_abs,1.3335213126032892,"expanding abs q70 using observations <= prediction_timestamp, min_periods=300"
2026-07-25 23:30:00+00:00,ema_spread_atr_12_48b__high_abs,1.332794785701887,"expanding abs q70 using observations <= prediction_timestamp, min_periods=300"
2026-07-26 00:00:00+00:00,ema_spread_atr_12_48b__high_abs,1.3320330782568237,"expanding abs q70 using observations <= prediction_timestamp, min_periods=300"
2026-07-26 00:30:00+00:00,ema_spread_atr_12_48b__high_abs,1.3337576248131466,"expanding abs q70 using observations <= prediction_timestamp, min_periods=300"
2026-07-26 01:00:00+00:00,ema_spread_atr_12_48b__high_abs,1.335411810282151,"expanding abs q70 using observations <= prediction_timestamp, min_periods=300"
2026-07-26 01:30:00+00:00,ema_spread_atr_12_48b__high_abs,1.3362404147412388,"expanding abs q70 using observations <= prediction_timestamp, min_periods=300"
2026-07-26 02:00:00+00:00,ema_spread_atr_12_48b__high_abs,1.3374765599532639,"expanding abs q70 using observations <= prediction_timestamp, min_periods=300"
2026-07-26 02:30:00+00:00,ema_spread_atr_12_48b__high_abs,1.336815788191809,"expanding abs q70 using observations <= prediction_timestamp, min_periods=300"
2026-07-26 03:00:00+00:00,ema_spread_atr_12_48b__high_abs,1.3363587868068227,"expanding abs q70 using observations <= prediction_timestamp, min_periods=300"
2026-07-26 03:30:00+00:00,ema_spread_atr_12_48b__high_abs,1.3376968172070818,"expanding abs q70 using observations <= prediction_timestamp, min_periods=300"
2026-07-26 04:00:00+00:00,ema_spread_atr_12_48b__high_abs,1.3388068211767556,"expanding abs q70 using observations <= prediction_timestamp, min_periods=300"
2026-07-26 04:30:00+00:00,ema_spread_atr_12_48b__high_abs,1.3388373331287968,"expanding abs q70 using observations <= prediction_timestamp, min_periods=300"
2026-07-26 05:00:00+00:00,ema_spread_atr_12_48b__high_abs,1.3392485711180588,"expanding abs q70 using observations <= prediction_timestamp, min_periods=300"
2026-07-26 05:30:00+00:00,ema_spread_atr_12_48b__high_abs,1.33981752320965,"expanding abs q70 using observations <= prediction_timestamp, min_periods=300"
2026-07-26 06:00:00+00:00,ema_spread_atr_12_48b__high_abs,1.3395198238773727,"expanding abs q70 using observations <= prediction_timestamp, min_periods=300"
2026-07-26 06:30:00+00:00,ema_spread_atr_12_48b__high_abs,1.3393163843078872,"expanding abs q70 using observations <= prediction_timestamp, min_periods=300"
2026-07-26 07:00:00+00:00,ema_spread_atr_12_48b__high_abs,1.3391129447384023,"expanding abs q70 using observations <= prediction_timestamp, min_periods=300"
2026-07-26 07:30:00+00:00,ema_spread_atr_12_48b__high_abs,1.3389095051689168,"expanding abs q70 using observations <= prediction_timestamp, min_periods=300"
2026-07-26 08:00:00+00:00,ema_spread_atr_12_48b__high_abs,1.3388329742785052,"expanding abs q70 using observations <= prediction_timestamp, min_periods=300"
2026-07-26 08:30:00+00:00,ema_spread_atr_12_48b__high_abs,1.3388198977276304,"expanding abs q70 using observations <= prediction_timestamp, min_periods=300"
2026-07-26 09:00:00+00:00,ema_spread_atr_12_48b__high_abs,1.3388068211767556,"expanding abs q70 using observations <= prediction_timestamp, min_periods=300"
2026-07-26 09:30:00+00:00,ema_spread_atr_12_48b__high_abs,1.3385778462223545,"expanding abs q70 using observations <= prediction_timestamp, min_periods=300"
2026-07-26 10:00:00+00:00,ema_spread_atr_12_48b__high_abs,1.3379170744608997,"expanding abs q70 using observations <= prediction_timestamp, min_periods=300"
2026-07-26 10:30:00+00:00,ema_spread_atr_12_48b__high_abs,1.3372563026994448,"expanding abs q70 using observations <= prediction_timestamp, min_periods=300"
2026-07-26 11:00:00+00:00,ema_spread_atr_12_48b__high_abs,1.3387981034761725,"expanding abs q70 using observations <= prediction_timestamp, min_periods=300"
2026-07-26 11:30:00+00:00,ema_spread_atr_12_48b__high_abs,1.3388286154282136,"expanding abs q70 using observations <= prediction_timestamp, min_periods=300"
2026-07-26 12:00:00+00:00,ema_spread_atr_12_48b__high_abs,1.3388155388773388,"expanding abs q70 using observations <= prediction_timestamp, min_periods=300"
2026-07-26 12:30:00+00:00,ema_spread_atr_12_48b__high_abs,1.3389095051689168,"expanding abs q70 using observations <= prediction_timestamp, min_periods=300"
2026-07-26 13:00:00+00:00,ema_spread_atr_12_48b__high_abs,1.3388329742785052,"expanding abs q70 using observations <= prediction_timestamp, min_periods=300"
2026-07-26 13:30:00+00:00,ema_spread_atr_12_48b__high_abs,1.3388198977276304,"expanding abs q70 using observations <= prediction_timestamp, min_periods=300"
2026-07-26 14:00:00+00:00,ema_spread_atr_12_48b__high_abs,1.3388068211767556,"expanding abs q70 using observations <= prediction_timestamp, min_periods=300"
2026-07-26 14:30:00+00:00,ema_spread_atr_12_48b__high_abs,1.3388373331287968,"expanding abs q70 using observations <= prediction_timestamp, min_periods=300"
2026-07-26 15:00:00+00:00,ema_spread_atr_12_48b__high_abs,1.3392485711180588,"expanding abs q70 using observations <= prediction_timestamp, min_periods=300"
2026-07-26 15:30:00+00:00,ema_spread_atr_12_48b__high_abs,1.33981752320965,"expanding abs q70 using observations <= prediction_timestamp, min_periods=300"
2026-07-26 16:00:00+00:00,ema_spread_atr_12_48b__high_abs,1.3405121549849648,"expanding abs q70 using observations <= prediction_timestamp, min_periods=300"
2026-07-26 16:30:00+00:00,ema_spread_atr_12_48b__high_abs,1.340780351522531,"expanding abs q70 using observations <= prediction_timestamp, min_periods=300"
2026-07-26 17:00:00+00:00,ema_spread_atr_12_48b__high_abs,1.3409874812923048,"expanding abs q70 using observations <= prediction_timestamp, min_periods=300"
2026-07-26 17:30:00+00:00,ema_spread_atr_12_48b__high_abs,1.3413451450854579,"expanding abs q70 using observations <= prediction_timestamp, min_periods=300"
2026-07-26 18:00:00+00:00,ema_spread_atr_12_48b__high_abs,1.3428808134739538,"expanding abs q70 using observations <= prediction_timestamp, min_periods=300"
2026-07-26 18:30:00+00:00,ema_spread_atr_12_48b__high_abs,1.3422226698788846,"expanding abs q70 using observations <= prediction_timestamp, min_periods=300"
2026-07-26 19:00:00+00:00,ema_spread_atr_12_48b__high_abs,1.3415645262838143,"expanding abs q70 using observations <= prediction_timestamp, min_periods=300"
2026-07-26 19:30:00+00:00,ema_spread_atr_12_48b__high_abs,1.3411027167879688,"expanding abs q70 using observations <= prediction_timestamp, min_periods=300"
2026-07-26 20:00:00+00:00,ema_spread_atr_12_48b__high_abs,1.3410335754905702,"expanding abs q70 using observations <= prediction_timestamp, min_periods=300"
2026-07-26 20:30:00+00:00,ema_spread_atr_12_48b__high_abs,1.340964434193172,"expanding abs q70 using observations <= prediction_timestamp, min_periods=300"
2026-07-26 21:00:00+00:00,ema_spread_atr_12_48b__high_abs,1.3408952928957736,"expanding abs q70 using observations <= prediction_timestamp, min_periods=300"
2026-07-26 21:30:00+00:00,ema_spread_atr_12_48b__high_abs,1.3410566225897032,"expanding abs q70 using observations <= prediction_timestamp, min_periods=300"
2026-07-26 22:00:00+00:00,ema_spread_atr_12_48b__high_abs,1.3420032886805282,"expanding abs q70 using observations <= prediction_timestamp, min_periods=300"
2026-07-26 22:30:00+00:00,ema_spread_atr_12_48b__high_abs,1.343337718621495,"expanding abs q70 using observations <= prediction_timestamp, min_periods=300"
2026-07-26 23:00:00+00:00,ema_spread_atr_12_48b__high_abs,1.3434647178772852,"expanding abs q70 using observations <= prediction_timestamp, min_periods=300"
2026-07-26 23:30:00+00:00,ema_spread_atr_12_48b__high_abs,1.343510733413725,"expanding abs q70 using observations <= prediction_timestamp, min_periods=300"
2026-07-27 00:00:00+00:00,ema_spread_atr_12_48b__high_abs,1.3437041594283428,"expanding abs q70 using observations <= prediction_timestamp, min_periods=300"
2026-07-27 00:30:00+00:00,ema_spread_atr_12_48b__high_abs,1.3443470953577576,"expanding abs q70 using observations <= prediction_timestamp, min_periods=300"
2026-07-27 01:00:00+00:00,ema_spread_atr_12_48b__high_abs,1.3440715513880084,"expanding abs q70 using observations <= prediction_timestamp, min_periods=300"
2026-07-27 01:30:00+00:00,ema_spread_atr_12_48b__high_abs,1.343796007418259,"expanding abs q70 using observations <= prediction_timestamp, min_periods=300"
2026-07-27 02:00:00+00:00,ema_spread_atr_12_48b__high_abs,1.3435204634485103,"expanding abs q70 using observations <= prediction_timestamp, min_periods=300"
2026-07-27 02:30:00+00:00,ema_spread_atr_12_48b__high_abs,1.343514625427639,"expanding abs q70 using observations <= prediction_timestamp, min_periods=300"
2026-07-27 03:00:00+00:00,ema_spread_atr_12_48b__high_abs,1.343508787406768,"expanding abs q70 using observations <= prediction_timestamp, min_periods=300"
2026-07-27 03:30:00+00:00,ema_spread_atr_12_48b__high_abs,1.3435029493858968,"expanding abs q70 using observations <= prediction_timestamp, min_periods=300"
2026-07-27 04:00:00+00:00,ema_spread_atr_12_48b__high_abs,1.3434647178772852,"expanding abs q70 using observations <= prediction_timestamp, min_periods=300"
2026-07-27 04:30:00+00:00,ema_spread_atr_12_48b__high_abs,1.343510733413725,"expanding abs q70 using observations <= prediction_timestamp, min_periods=300"
2026-07-27 05:00:00+00:00,ema_spread_atr_12_48b__high_abs,1.3437041594283428,"expanding abs q70 using observations <= prediction_timestamp, min_periods=300"
2026-07-27 05:30:00+00:00,ema_spread_atr_12_48b__high_abs,1.3443470953577572,"expanding abs q70 using observations <= prediction_timestamp, min_periods=300"
2026-07-27 06:00:00+00:00,ema_spread_atr_12_48b__high_abs,1.3450036292593064,"expanding abs q70 using observations <= prediction_timestamp, min_periods=300"
2026-07-27 06:30:00+00:00,ema_spread_atr_12_48b__high_abs,1.3453937139379744,"expanding abs q70 using observations <= prediction_timestamp, min_periods=300"
2026-07-27 07:00:00+00:00,ema_spread_atr_12_48b__high_abs,1.345425511214549,"expanding abs q70 using observations <= prediction_timestamp, min_periods=300"
2026-07-27 07:30:00+00:00,ema_spread_atr_12_48b__high_abs,1.3462399855989302,"expanding abs q70 using observations <= prediction_timestamp, min_periods=300"
2026-07-27 08:00:00+00:00,ema_spread_atr_12_48b__high_abs,1.3458909251484807,"expanding abs q70 using observations <= prediction_timestamp, min_periods=300"
2026-07-27 08:30:00+00:00,ema_spread_atr_12_48b__high_abs,1.345541864698032,"expanding abs q70 using observations <= prediction_timestamp, min_periods=300"
2026-07-27 09:00:00+00:00,ema_spread_atr_12_48b__high_abs,1.3454164262783848,"expanding abs q70 using observations <= prediction_timestamp, min_periods=300"
2026-07-27 09:30:00+00:00,ema_spread_atr_12_48b__high_abs,1.3454027988741384,"expanding abs q70 using observations <= prediction_timestamp, min_periods=300"
2026-07-27 10:00:00+00:00,ema_spread_atr_12_48b__high_abs,1.3453891714698922,"expanding abs q70 using observations <= prediction_timestamp, min_periods=300"
2026-07-27 10:30:00+00:00,ema_spread_atr_12_48b__high_abs,1.3452859722151222,"expanding abs q70 using observations <= prediction_timestamp, min_periods=300"
2026-07-27 11:00:00+00:00,ema_spread_atr_12_48b__high_abs,1.3450036292593064,"expanding abs q70 using observations <= prediction_timestamp, min_periods=300"
2026-07-27 11:30:00+00:00,ema_spread_atr_12_48b__high_abs,1.3447212863034899,"expanding abs q70 using observations <= prediction_timestamp, min_periods=300"
2026-07-27 12:00:00+00:00,ema_spread_atr_12_48b__high_abs,1.344438943347674,"expanding abs q70 using observations <= prediction_timestamp, min_periods=300"
2026-07-27 12:30:00+00:00,ema_spread_atr_12_48b__high_abs,1.3450977435779117,"expanding abs q70 using observations <= prediction_timestamp, min_periods=300"
2026-07-27 13:00:00+00:00,ema_spread_atr_12_48b__high_abs,1.3453982564060565,"expanding abs q70 using observations <= prediction_timestamp, min_periods=300"
2026-07-27 13:30:00+00:00,ema_spread_atr_12_48b__high_abs,1.34538462900181,"expanding abs q70 using observations <= prediction_timestamp, min_periods=300"
2026-07-27 14:00:00+00:00,ema_spread_atr_12_48b__high_abs,1.345191857896517,"expanding abs q70 using observations <= prediction_timestamp, min_periods=300"
2026-07-27 14:30:00+00:00,ema_spread_atr_12_48b__high_abs,1.344909514940701,"expanding abs q70 using observations <= prediction_timestamp, min_periods=300"
2026-07-27 15:00:00+00:00,ema_spread_atr_12_48b__high_abs,1.3453891714698922,"expanding abs q70 using observations <= prediction_timestamp, min_periods=300"
2026-07-27 15:30:00+00:00,ema_spread_atr_12_48b__high_abs,1.3454209687464669,"expanding abs q70 using observations <= prediction_timestamp, min_periods=300"
2026-07-27 16:00:00+00:00,ema_spread_atr_12_48b__high_abs,1.3461236321154473,"expanding abs q70 using observations <= prediction_timestamp, min_periods=300"
2026-07-27 16:30:00+00:00,ema_spread_atr_12_48b__high_abs,1.3457745716649978,"expanding abs q70 using observations <= prediction_timestamp, min_periods=300"
2026-07-27 17:00:00+00:00,ema_spread_atr_12_48b__high_abs,1.345425511214549,"expanding abs q70 using observations <= prediction_timestamp, min_periods=300"
2026-07-27 17:30:00+00:00,ema_spread_atr_12_48b__high_abs,1.3454118838103026,"expanding abs q70 using observations <= prediction_timestamp, min_periods=300"
2026-07-27 18:00:00+00:00,ema_spread_atr_12_48b__high_abs,1.3453982564060565,"expanding abs q70 using observations <= prediction_timestamp, min_periods=300"
2026-07-27 18:30:00+00:00,ema_spread_atr_12_48b__high_abs,1.34538462900181,"expanding abs q70 using observations <= prediction_timestamp, min_periods=300"
2026-07-27 19:00:00+00:00,ema_spread_atr_12_48b__high_abs,1.345191857896517,"expanding abs q70 using observations <= prediction_timestamp, min_periods=300"
2026-07-27 19:30:00+00:00,ema_spread_atr_12_48b__high_abs,1.344909514940701,"expanding abs q70 using observations <= prediction_timestamp, min_periods=300"
2026-07-27 20:00:00+00:00,ema_spread_atr_12_48b__high_abs,1.3446271719848846,"expanding abs q70 using observations <= prediction_timestamp, min_periods=300"
2026-07-27 20:30:00+00:00,ema_spread_atr_12_48b__high_abs,1.3443470953577572,"expanding abs q70 using observations <= prediction_timestamp, min_periods=300"
2026-07-27 21:00:00+00:00,ema_spread_atr_12_48b__high_abs,1.3440715513880084,"expanding abs q70 using observations <= prediction_timestamp, min_periods=300"
2026-07-27 21:30:00+00:00,ema_spread_atr_12_48b__high_abs,1.343796007418259,"expanding abs q70 using observations <= prediction_timestamp, min_periods=300"
2026-07-27 22:00:00+00:00,ema_spread_atr_12_48b__high_abs,1.3435204634485103,"expanding abs q70 using observations <= prediction_timestamp, min_periods=300"
2026-07-27 22:30:00+00:00,ema_spread_atr_12_48b__high_abs,1.3441633993779247,"expanding abs q70 using observations <= prediction_timestamp, min_periods=300"
2026-07-27 23:00:00+00:00,ema_spread_atr_12_48b__high_abs,1.3448154006220951,"expanding abs q70 using observations <= prediction_timestamp, min_periods=300"
2026-07-27 23:30:00+00:00,ema_spread_atr_12_48b__high_abs,1.34538462900181,"expanding abs q70 using observations <= prediction_timestamp, min_periods=300"
2026-07-28 00:00:00+00:00,ema_spread_atr_12_48b__high_abs,1.3454164262783848,"expanding abs q70 using observations <= prediction_timestamp, min_periods=300"
2026-07-28 00:30:00+00:00,ema_spread_atr_12_48b__high_abs,1.3460072786319643,"expanding abs q70 using observations <= prediction_timestamp, min_periods=300"
2026-07-28 01:00:00+00:00,ema_spread_atr_12_48b__high_abs,1.3472492051577463,"expanding abs q70 using observations <= prediction_timestamp, min_periods=300"
2026-07-28 01:30:00+00:00,ema_spread_atr_12_48b__high_abs,1.349559762037032,"expanding abs q70 using observations <= prediction_timestamp, min_periods=300"
2026-07-28 02:00:00+00:00,ema_spread_atr_12_48b__high_abs,1.3511606933552802,"expanding abs q70 using observations <= prediction_timestamp, min_periods=300"
2026-07-28 02:30:00+00:00,ema_spread_atr_12_48b__high_abs,1.3520384198292696,"expanding abs q70 using observations <= prediction_timestamp, min_periods=300"
2026-07-28 03:00:00+00:00,ema_spread_atr_12_48b__high_abs,1.3521095677467019,"expanding abs q70 using observations <= prediction_timestamp, min_periods=300"
2026-07-28 03:30:00+00:00,ema_spread_atr_12_48b__high_abs,1.3527596022182562,"expanding abs q70 using observations <= prediction_timestamp, min_periods=300"
2026-07-28 04:00:00+00:00,ema_spread_atr_12_48b__high_abs,1.3524810160161613,"expanding abs q70 using observations <= prediction_timestamp, min_periods=300"
2026-07-28 04:30:00+00:00,ema_spread_atr_12_48b__high_abs,1.3522024298140667,"expanding abs q70 using observations <= prediction_timestamp, min_periods=300"
2026-07-28 05:00:00+00:00,ema_spread_atr_12_48b__high_abs,1.3520892397702926,"expanding abs q70 using observations <= prediction_timestamp, min_periods=300"
2026-07-28 05:30:00+00:00,ema_spread_atr_12_48b__high_abs,1.352058747805679,"expanding abs q70 using observations <= prediction_timestamp, min_periods=300"
2026-07-28 06:00:00+00:00,ema_spread_atr_12_48b__high_abs,1.3520282558410652,"expanding abs q70 using observations <= prediction_timestamp, min_periods=300"
2026-07-28 06:30:00+00:00,ema_spread_atr_12_48b__high_abs,1.3517961192373114,"expanding abs q70 using observations <= prediction_timestamp, min_periods=300"
2026-07-28 07:00:00+00:00,ema_spread_atr_12_48b__high_abs,1.3511606933552802,"expanding abs q70 using observations <= prediction_timestamp, min_periods=300"
2026-07-28 07:30:00+00:00,ema_spread_atr_12_48b__high_abs,1.3505252674732482,"expanding abs q70 using observations <= prediction_timestamp, min_periods=300"
2026-07-28 08:00:00+00:00,ema_spread_atr_12_48b__high_abs,1.349889841591217,"expanding abs q70 using observations <= prediction_timestamp, min_periods=300"
2026-07-28 08:30:00+00:00,ema_spread_atr_12_48b__high_abs,1.348899602928665,"expanding abs q70 using observations <= prediction_timestamp, min_periods=300"
2026-07-28 09:00:00+00:00,ema_spread_atr_12_48b__high_abs,1.3479093642661133,"expanding abs q70 using observations <= prediction_timestamp, min_periods=300"
2026-07-28 09:30:00+00:00,ema_spread_atr_12_48b__high_abs,1.3469191256035629,"expanding abs q70 using observations <= prediction_timestamp, min_periods=300"
2026-07-28 10:00:00+00:00,ema_spread_atr_12_48b__high_abs,1.3463563390824131,"expanding abs q70 using observations <= prediction_timestamp, min_periods=300"
2026-07-28 10:30:00+00:00,ema_spread_atr_12_48b__high_abs,1.3460072786319643,"expanding abs q70 using observations <= prediction_timestamp, min_periods=300"
2026-07-28 11:00:00+00:00,ema_spread_atr_12_48b__high_abs,1.3456582181815149,"expanding abs q70 using observations <= prediction_timestamp, min_periods=300"
2026-07-28 11:30:00+00:00,ema_spread_atr_12_48b__high_abs,1.3454209687464669,"expanding abs q70 using observations <= prediction_timestamp, min_periods=300"
2026-07-28 12:00:00+00:00,ema_spread_atr_12_48b__high_abs,1.3454073413422205,"expanding abs q70 using observations <= prediction_timestamp, min_periods=300"
2026-07-28 12:30:00+00:00,ema_spread_atr_12_48b__high_abs,1.3453937139379744,"expanding abs q70 using observations <= prediction_timestamp, min_periods=300"
2026-07-28 13:00:00+00:00,ema_spread_atr_12_48b__high_abs,1.345380086533728,"expanding abs q70 using observations <= prediction_timestamp, min_periods=300"
2026-07-28 13:30:00+00:00,ema_spread_atr_12_48b__high_abs,1.3450977435779117,"expanding abs q70 using observations <= prediction_timestamp, min_periods=300"
2026-07-28 14:00:00+00:00,ema_spread_atr_12_48b__high_abs,1.3448154006220951,"expanding abs q70 using observations <= prediction_timestamp, min_periods=300"
2026-07-28 14:30:00+00:00,ema_spread_atr_12_48b__high_abs,1.3445330576662793,"expanding abs q70 using observations <= prediction_timestamp, min_periods=300"
2026-07-28 15:00:00+00:00,ema_spread_atr_12_48b__high_abs,1.344255247367841,"expanding abs q70 using observations <= prediction_timestamp, min_periods=300"
2026-07-28 15:30:00+00:00,ema_spread_atr_12_48b__high_abs,1.344909514940701,"expanding abs q70 using observations <= prediction_timestamp, min_periods=300"
2026-07-28 16:00:00+00:00,ema_spread_atr_12_48b__high_abs,1.3453891714698922,"expanding abs q70 using observations <= prediction_timestamp, min_periods=300"
2026-07-28 16:30:00+00:00,ema_spread_atr_12_48b__high_abs,1.3454209687464669,"expanding abs q70 using observations <= prediction_timestamp, min_periods=300"
2026-07-28 17:00:00+00:00,ema_spread_atr_12_48b__high_abs,1.3461236321154473,"expanding abs q70 using observations <= prediction_timestamp, min_periods=300"
2026-07-28 17:30:00+00:00,ema_spread_atr_12_48b__high_abs,1.3457745716649978,"expanding abs q70 using observations <= prediction_timestamp, min_periods=300"
2026-07-28 18:00:00+00:00,ema_spread_atr_12_48b__high_abs,1.345425511214549,"expanding abs q70 using observations <= prediction_timestamp, min_periods=300"
2026-07-28 18:30:00+00:00,ema_spread_atr_12_48b__high_abs,1.3454118838103026,"expanding abs q70 using observations <= prediction_timestamp, min_periods=300"
2026-07-28 19:00:00+00:00,ema_spread_atr_12_48b__high_abs,1.3453982564060565,"expanding abs q70 using observations <= prediction_timestamp, min_periods=300"
2026-07-28 19:30:00+00:00,ema_spread_atr_12_48b__high_abs,1.34538462900181,"expanding abs q70 using observations <= prediction_timestamp, min_periods=300"
2026-07-28 20:00:00+00:00,ema_spread_atr_12_48b__high_abs,1.3454164262783848,"expanding abs q70 using observations <= prediction_timestamp, min_periods=300"
2026-07-28 20:30:00+00:00,ema_spread_atr_12_48b__high_abs,1.3460072786319643,"expanding abs q70 using observations <= prediction_timestamp, min_periods=300"
2026-07-28 21:00:00+00:00,ema_spread_atr_12_48b__high_abs,1.3456582181815149,"expanding abs q70 using observations <= prediction_timestamp, min_periods=300"
2026-07-28 21:30:00+00:00,ema_spread_atr_12_48b__high_abs,1.3454209687464669,"expanding abs q70 using observations <= prediction_timestamp, min_periods=300"
2026-07-28 22:00:00+00:00,ema_spread_atr_12_48b__high_abs,1.3461236321154473,"expanding abs q70 using observations <= prediction_timestamp, min_periods=300"
2026-07-28 22:30:00+00:00,ema_spread_atr_12_48b__high_abs,1.3457745716649978,"expanding abs q70 using observations <= prediction_timestamp, min_periods=300"
2026-07-28 23:00:00+00:00,ema_spread_atr_12_48b__high_abs,1.345425511214549,"expanding abs q70 using observations <= prediction_timestamp, min_periods=300"
2026-07-28 23:30:00+00:00,ema_spread_atr_12_48b__high_abs,1.3454118838103026,"expanding abs q70 using observations <= prediction_timestamp, min_periods=300"
2026-07-29 00:00:00+00:00,ema_spread_atr_12_48b__high_abs,1.3453982564060565,"expanding abs q70 using observations <= prediction_timestamp, min_periods=300"
2026-07-29 00:30:00+00:00,ema_spread_atr_12_48b__high_abs,1.34538462900181,"expanding abs q70 using observations <= prediction_timestamp, min_periods=300"
2026-07-29 01:00:00+00:00,ema_spread_atr_12_48b__high_abs,1.345191857896517,"expanding abs q70 using observations <= prediction_timestamp, min_periods=300"
2026-07-29 01:30:00+00:00,ema_spread_atr_12_48b__high_abs,1.344909514940701,"expanding abs q70 using observations <= prediction_timestamp, min_periods=300"
2026-07-29 02:00:00+00:00,ema_spread_atr_12_48b__high_abs,1.3446271719848846,"expanding abs q70 using observations <= prediction_timestamp, min_periods=300"
2026-07-29 02:30:00+00:00,ema_spread_atr_12_48b__high_abs,1.3443470953577572,"expanding abs q70 using observations <= prediction_timestamp, min_periods=300"
2026-07-29 03:00:00+00:00,ema_spread_atr_12_48b__high_abs,1.3440715513880084,"expanding abs q70 using observations <= prediction_timestamp, min_periods=300"
2026-07-29 03:30:00+00:00,ema_spread_atr_12_48b__high_abs,1.343796007418259,"expanding abs q70 using observations <= prediction_timestamp, min_periods=300"
2026-07-29 04:00:00+00:00,ema_spread_atr_12_48b__high_abs,1.344438943347674,"expanding abs q70 using observations <= prediction_timestamp, min_periods=300"
2026-07-29 04:30:00+00:00,ema_spread_atr_12_48b__high_abs,1.3450977435779117,"expanding abs q70 using observations <= prediction_timestamp, min_periods=300"
2026-07-29 05:00:00+00:00,ema_spread_atr_12_48b__high_abs,1.3448154006220951,"expanding abs q70 using observations <= prediction_timestamp, min_periods=300"
2026-07-29 05:30:00+00:00,ema_spread_atr_12_48b__high_abs,1.3445330576662793,"expanding abs q70 using observations <= prediction_timestamp, min_periods=300"
2026-07-29 06:00:00+00:00,ema_spread_atr_12_48b__high_abs,1.344255247367841,"expanding abs q70 using observations <= prediction_timestamp, min_periods=300"
2026-07-29 06:30:00+00:00,ema_spread_atr_12_48b__high_abs,1.3439797033980923,"expanding abs q70 using observations <= prediction_timestamp, min_periods=300"
2026-07-29 07:00:00+00:00,ema_spread_atr_12_48b__high_abs,1.3446271719848846,"expanding abs q70 using observations <= prediction_timestamp, min_periods=300"
2026-07-29 07:30:00+00:00,ema_spread_atr_12_48b__high_abs,1.3443470953577572,"expanding abs q70 using observations <= prediction_timestamp, min_periods=300"
2026-07-29 08:00:00+00:00,ema_spread_atr_12_48b__high_abs,1.3440715513880084,"expanding abs q70 using observations <= prediction_timestamp, min_periods=300"
2026-07-29 08:30:00+00:00,ema_spread_atr_12_48b__high_abs,1.343796007418259,"expanding abs q70 using observations <= prediction_timestamp, min_periods=300"
2026-07-29 09:00:00+00:00,ema_spread_atr_12_48b__high_abs,1.3435204634485103,"expanding abs q70 using observations <= prediction_timestamp, min_periods=300"
2026-07-29 09:30:00+00:00,ema_spread_atr_12_48b__high_abs,1.343514625427639,"expanding abs q70 using observations <= prediction_timestamp, min_periods=300"
2026-07-29 10:00:00+00:00,ema_spread_atr_12_48b__high_abs,1.343508787406768,"expanding abs q70 using observations <= prediction_timestamp, min_periods=300"
2026-07-29 10:30:00+00:00,ema_spread_atr_12_48b__high_abs,1.3435029493858968,"expanding abs q70 using observations <= prediction_timestamp, min_periods=300"
2026-07-29 11:00:00+00:00,ema_spread_atr_12_48b__high_abs,1.3434647178772852,"expanding abs q70 using observations <= prediction_timestamp, min_periods=300"
2026-07-29 11:30:00+00:00,ema_spread_atr_12_48b__high_abs,1.3434102896248037,"expanding abs q70 using observations <= prediction_timestamp, min_periods=300"
2026-07-29 12:00:00+00:00,ema_spread_atr_12_48b__high_abs,1.343355861372322,"expanding abs q70 using observations <= prediction_timestamp, min_periods=300"
2026-07-29 12:30:00+00:00,ema_spread_atr_12_48b__high_abs,1.3434828606281124,"expanding abs q70 using observations <= prediction_timestamp, min_periods=300"
2026-07-29 13:00:00+00:00,ema_spread_atr_12_48b__high_abs,1.343512679420682,"expanding abs q70 using observations <= prediction_timestamp, min_periods=300"
2026-07-29 13:30:00+00:00,ema_spread_atr_12_48b__high_abs,1.343796007418259,"expanding abs q70 using observations <= prediction_timestamp, min_periods=300"
2026-07-29 14:00:00+00:00,ema_spread_atr_12_48b__high_abs,1.3435204634485103,"expanding abs q70 using observations <= prediction_timestamp, min_periods=300"
2026-07-29 14:30:00+00:00,ema_spread_atr_12_48b__high_abs,1.343514625427639,"expanding abs q70 using observations <= prediction_timestamp, min_periods=300"
2026-07-29 15:00:00+00:00,ema_spread_atr_12_48b__high_abs,1.3438878554081755,"expanding abs q70 using observations <= prediction_timestamp, min_periods=300"
2026-07-29 15:30:00+00:00,ema_spread_atr_12_48b__high_abs,1.3445330576662793,"expanding abs q70 using observations <= prediction_timestamp, min_periods=300"
2026-07-29 16:00:00+00:00,ema_spread_atr_12_48b__high_abs,1.345191857896517,"expanding abs q70 using observations <= prediction_timestamp, min_periods=300"
2026-07-29 16:30:00+00:00,ema_spread_atr_12_48b__high_abs,1.344909514940701,"expanding abs q70 using observations <= prediction_timestamp, min_periods=300"
2026-07-29 17:00:00+00:00,ema_spread_atr_12_48b__high_abs,1.3446271719848846,"expanding abs q70 using observations <= prediction_timestamp, min_periods=300"
2026-07-29 17:30:00+00:00,ema_spread_atr_12_48b__high_abs,1.3443470953577572,"expanding abs q70 using observations <= prediction_timestamp, min_periods=300"
2026-07-29 18:00:00+00:00,ema_spread_atr_12_48b__high_abs,1.3440715513880084,"expanding abs q70 using observations <= prediction_timestamp, min_periods=300"
2026-07-29 18:30:00+00:00,ema_spread_atr_12_48b__high_abs,1.343796007418259,"expanding abs q70 using observations <= prediction_timestamp, min_periods=300"
2026-07-29 19:00:00+00:00,ema_spread_atr_12_48b__high_abs,1.344438943347674,"expanding abs q70 using observations <= prediction_timestamp, min_periods=300"
2026-07-29 19:30:00+00:00,ema_spread_atr_12_48b__high_abs,1.3441633993779247,"expanding abs q70 using observations <= prediction_timestamp, min_periods=300"
2026-07-29 20:00:00+00:00,ema_spread_atr_12_48b__high_abs,1.3438878554081755,"expanding abs q70 using observations <= prediction_timestamp, min_periods=300"
2026-07-29 20:30:00+00:00,ema_spread_atr_12_48b__high_abs,1.3436123114384266,"expanding abs q70 using observations <= prediction_timestamp, min_periods=300"
2026-07-29 21:00:00+00:00,ema_spread_atr_12_48b__high_abs,1.3435165714345962,"expanding abs q70 using observations <= prediction_timestamp, min_periods=300"
2026-07-29 21:30:00+00:00,ema_spread_atr_12_48b__high_abs,1.343510733413725,"expanding abs q70 using observations <= prediction_timestamp, min_periods=300"
2026-07-29 22:00:00+00:00,ema_spread_atr_12_48b__high_abs,1.3435048953928537,"expanding abs q70 using observations <= prediction_timestamp, min_periods=300"
2026-07-29 22:30:00+00:00,ema_spread_atr_12_48b__high_abs,1.3434828606281124,"expanding abs q70 using observations <= prediction_timestamp, min_periods=300"
2026-07-29 23:00:00+00:00,ema_spread_atr_12_48b__high_abs,1.343428432375631,"expanding abs q70 using observations <= prediction_timestamp, min_periods=300"
2026-07-29 23:30:00+00:00,ema_spread_atr_12_48b__high_abs,1.3433740041231492,"expanding abs q70 using observations <= prediction_timestamp, min_periods=300"
2026-07-30 00:00:00+00:00,ema_spread_atr_12_48b__high_abs,1.3433195758706677,"expanding abs q70 using observations <= prediction_timestamp, min_periods=300"
2026-07-30 00:30:00+00:00,ema_spread_atr_12_48b__high_abs,1.3426614322755974,"expanding abs q70 using observations <= prediction_timestamp, min_periods=300"
2026-07-30 01:00:00+00:00,ema_spread_atr_12_48b__high_abs,1.342003288680527,"expanding abs q70 using observations <= prediction_timestamp, min_periods=300"
2026-07-30 01:30:00+00:00,ema_spread_atr_12_48b__high_abs,1.3413451450854579,"expanding abs q70 using observations <= prediction_timestamp, min_periods=300"
2026-07-30 02:00:00+00:00,ema_spread_atr_12_48b__high_abs,1.3428808134739538,"expanding abs q70 using observations <= prediction_timestamp, min_periods=300"
2026-07-30 02:30:00+00:00,ema_spread_atr_12_48b__high_abs,1.3434102896248037,"expanding abs q70 using observations <= prediction_timestamp, min_periods=300"
2026-07-30 03:00:00+00:00,ema_spread_atr_12_48b__high_abs,1.343355861372322,"expanding abs q70 using observations <= prediction_timestamp, min_periods=300"
2026-07-30 03:30:00+00:00,ema_spread_atr_12_48b__high_abs,1.3431001946723102,"expanding abs q70 using observations <= prediction_timestamp, min_periods=300"
2026-07-30 04:00:00+00:00,ema_spread_atr_12_48b__high_abs,1.342442051077241,"expanding abs q70 using observations <= prediction_timestamp, min_periods=300"
2026-07-30 04:30:00+00:00,ema_spread_atr_12_48b__high_abs,1.3417839074821707,"expanding abs q70 using observations <= prediction_timestamp, min_periods=300"
2026-07-30 05:00:00+00:00,ema_spread_atr_12_48b__high_abs,1.3411257638871015,"expanding abs q70 using observations <= prediction_timestamp, min_periods=300"
2026-07-30 05:30:00+00:00,ema_spread_atr_12_48b__high_abs,1.3410566225897032,"expanding abs q70 using observations <= prediction_timestamp, min_periods=300"
2026-07-30 06:00:00+00:00,ema_spread_atr_12_48b__high_abs,1.3409874812923046,"expanding abs q70 using observations <= prediction_timestamp, min_periods=300"
2026-07-30 06:30:00+00:00,ema_spread_atr_12_48b__high_abs,1.3409183399949063,"expanding abs q70 using observations <= prediction_timestamp, min_periods=300"
2026-07-30 07:00:00+00:00,ema_spread_atr_12_48b__high_abs,1.3408186653136118,"expanding abs q70 using observations <= prediction_timestamp, min_periods=300"
2026-07-30 07:30:00+00:00,ema_spread_atr_12_48b__high_abs,1.3407037239403692,"expanding abs q70 using observations <= prediction_timestamp, min_periods=300"
2026-07-30 08:00:00+00:00,ema_spread_atr_12_48b__high_abs,1.3405887825671265,"expanding abs q70 using observations <= prediction_timestamp, min_periods=300"
2026-07-30 08:30:00+00:00,ema_spread_atr_12_48b__high_abs,1.3404129218742051,"expanding abs q70 using observations <= prediction_timestamp, min_periods=300"
2026-07-30 09:00:00+00:00,ema_spread_atr_12_48b__high_abs,1.34074203773145,"expanding abs q70 using observations <= prediction_timestamp, min_periods=300"
2026-07-30 09:30:00+00:00,ema_spread_atr_12_48b__high_abs,1.340964434193172,"expanding abs q70 using observations <= prediction_timestamp, min_periods=300"
2026-07-30 10:00:00+00:00,ema_spread_atr_12_48b__high_abs,1.3411257638871015,"expanding abs q70 using observations <= prediction_timestamp, min_periods=300"
2026-07-30 10:30:00+00:00,ema_spread_atr_12_48b__high_abs,1.3426614322755974,"expanding abs q70 using observations <= prediction_timestamp, min_periods=300"
2026-07-30 11:00:00+00:00,ema_spread_atr_12_48b__high_abs,1.342003288680527,"expanding abs q70 using observations <= prediction_timestamp, min_periods=300"
2026-07-30 11:30:00+00:00,ema_spread_atr_12_48b__high_abs,1.3413451450854579,"expanding abs q70 using observations <= prediction_timestamp, min_periods=300"
2026-07-30 12:00:00+00:00,ema_spread_atr_12_48b__high_abs,1.3428808134739538,"expanding abs q70 using observations <= prediction_timestamp, min_periods=300"
2026-07-30 12:30:00+00:00,ema_spread_atr_12_48b__high_abs,1.3434102896248037,"expanding abs q70 using observations <= prediction_timestamp, min_periods=300"
2026-07-30 13:00:00+00:00,ema_spread_atr_12_48b__high_abs,1.3435048953928537,"expanding abs q70 using observations <= prediction_timestamp, min_periods=300"
2026-07-30 13:30:00+00:00,ema_spread_atr_12_48b__high_abs,1.3434828606281124,"expanding abs q70 using observations <= prediction_timestamp, min_periods=300"
2026-07-30 14:00:00+00:00,ema_spread_atr_12_48b__high_abs,1.343428432375631,"expanding abs q70 using observations <= prediction_timestamp, min_periods=300"
2026-07-30 14:30:00+00:00,ema_spread_atr_12_48b__high_abs,1.3433740041231492,"expanding abs q70 using observations <= prediction_timestamp, min_periods=300"
2026-07-30 15:00:00+00:00,ema_spread_atr_12_48b__high_abs,1.3433195758706677,"expanding abs q70 using observations <= prediction_timestamp, min_periods=300"
2026-07-30 15:30:00+00:00,ema_spread_atr_12_48b__high_abs,1.3426614322755974,"expanding abs q70 using observations <= prediction_timestamp, min_periods=300"
2026-07-30 16:00:00+00:00,ema_spread_atr_12_48b__high_abs,1.342003288680527,"expanding abs q70 using observations <= prediction_timestamp, min_periods=300"
2026-07-30 16:30:00+00:00,ema_spread_atr_12_48b__high_abs,1.3413451450854579,"expanding abs q70 using observations <= prediction_timestamp, min_periods=300"
2026-07-30 17:00:00+00:00,ema_spread_atr_12_48b__high_abs,1.3410796696888359,"expanding abs q70 using observations <= prediction_timestamp, min_periods=300"
2026-07-30 17:30:00+00:00,ema_spread_atr_12_48b__high_abs,1.3410105283914375,"expanding abs q70 using observations <= prediction_timestamp, min_periods=300"
2026-07-30 18:00:00+00:00,ema_spread_atr_12_48b__high_abs,1.3409413870940392,"expanding abs q70 using observations <= prediction_timestamp, min_periods=300"
2026-07-30 18:30:00+00:00,ema_spread_atr_12_48b__high_abs,1.3408569791046925,"expanding abs q70 using observations <= prediction_timestamp, min_periods=300"
2026-07-30 19:00:00+00:00,ema_spread_atr_12_48b__high_abs,1.34074203773145,"expanding abs q70 using observations <= prediction_timestamp, min_periods=300"
2026-07-30 19:30:00+00:00,ema_spread_atr_12_48b__high_abs,1.3406270963582074,"expanding abs q70 using observations <= prediction_timestamp, min_periods=300"
2026-07-30 20:00:00+00:00,ema_spread_atr_12_48b__high_abs,1.3405121549849648,"expanding abs q70 using observations <= prediction_timestamp, min_periods=300"
2026-07-30 20:30:00+00:00,ema_spread_atr_12_48b__high_abs,1.340214455652687,"expanding abs q70 using observations <= prediction_timestamp, min_periods=300"
2026-07-30 21:00:00+00:00,ema_spread_atr_12_48b__high_abs,1.339916756320409,"expanding abs q70 using observations <= prediction_timestamp, min_periods=300"
2026-07-30 21:30:00+00:00,ema_spread_atr_12_48b__high_abs,1.3396190569881319,"expanding abs q70 using observations <= prediction_timestamp, min_periods=300"
2026-07-30 22:00:00+00:00,ema_spread_atr_12_48b__high_abs,1.3393841974977156,"expanding abs q70 using observations <= prediction_timestamp, min_periods=300"
2026-07-30 22:30:00+00:00,ema_spread_atr_12_48b__high_abs,1.3391807579282307,"expanding abs q70 using observations <= prediction_timestamp, min_periods=300"
2026-07-30 23:00:00+00:00,ema_spread_atr_12_48b__high_abs,1.3389773183587452,"expanding abs q70 using observations <= prediction_timestamp, min_periods=300"
2026-07-30 23:30:00+00:00,ema_spread_atr_12_48b__high_abs,1.3388373331287968,"expanding abs q70 using observations <= prediction_timestamp, min_periods=300"
2026-07-31 00:00:00+00:00,ema_spread_atr_12_48b__high_abs,1.338824256577922,"expanding abs q70 using observations <= prediction_timestamp, min_periods=300"
2026-07-31 00:30:00+00:00,ema_spread_atr_12_48b__high_abs,1.3388111800270472,"expanding abs q70 using observations <= prediction_timestamp, min_periods=300"
2026-07-31 01:00:00+00:00,ema_spread_atr_12_48b__high_abs,1.3387981034761725,"expanding abs q70 using observations <= prediction_timestamp, min_periods=300"
2026-07-31 01:30:00+00:00,ema_spread_atr_12_48b__high_abs,1.3381373317147176,"expanding abs q70 using observations <= prediction_timestamp, min_periods=300"
2026-07-31 02:00:00+00:00,ema_spread_atr_12_48b__high_abs,1.3374765599532628,"expanding abs q70 using observations <= prediction_timestamp, min_periods=300"
2026-07-31 02:30:00+00:00,ema_spread_atr_12_48b__high_abs,1.338802462326464,"expanding abs q70 using observations <= prediction_timestamp, min_periods=300"
2026-07-31 03:00:00+00:00,ema_spread_atr_12_48b__high_abs,1.3388329742785052,"expanding abs q70 using observations <= prediction_timestamp, min_periods=300"
2026-07-31 03:30:00+00:00,ema_spread_atr_12_48b__high_abs,1.3391807579282307,"expanding abs q70 using observations <= prediction_timestamp, min_periods=300"
2026-07-31 04:00:00+00:00,ema_spread_atr_12_48b__high_abs,1.3389773183587452,"expanding abs q70 using observations <= prediction_timestamp, min_periods=300"
2026-07-31 04:30:00+00:00,ema_spread_atr_12_48b__high_abs,1.3388373331287968,"expanding abs q70 using observations <= prediction_timestamp, min_periods=300"
2026-07-31 05:00:00+00:00,ema_spread_atr_12_48b__high_abs,1.338824256577922,"expanding abs q70 using observations <= prediction_timestamp, min_periods=300"
2026-07-31 05:30:00+00:00,ema_spread_atr_12_48b__high_abs,1.3388111800270472,"expanding abs q70 using observations <= prediction_timestamp, min_periods=300"
2026-07-31 06:00:00+00:00,ema_spread_atr_12_48b__high_abs,1.3387981034761725,"expanding abs q70 using observations <= prediction_timestamp, min_periods=300"
2026-07-31 06:30:00+00:00,ema_spread_atr_12_48b__high_abs,1.3381373317147176,"expanding abs q70 using observations <= prediction_timestamp, min_periods=300"
2026-07-31 07:00:00+00:00,ema_spread_atr_12_48b__high_abs,1.3374765599532628,"expanding abs q70 using observations <= prediction_timestamp, min_periods=300"
2026-07-31 07:30:00+00:00,ema_spread_atr_12_48b__high_abs,1.338802462326464,"expanding abs q70 using observations <= prediction_timestamp, min_periods=300"
2026-07-31 08:00:00+00:00,ema_spread_atr_12_48b__high_abs,1.3388329742785052,"expanding abs q70 using observations <= prediction_timestamp, min_periods=300"
2026-07-31 08:30:00+00:00,ema_spread_atr_12_48b__high_abs,1.3391807579282307,"expanding abs q70 using observations <= prediction_timestamp, min_periods=300"
2026-07-31 09:00:00+00:00,ema_spread_atr_12_48b__high_abs,1.3397182900988909,"expanding abs q70 using observations <= prediction_timestamp, min_periods=300"
2026-07-31 09:30:00+00:00,ema_spread_atr_12_48b__high_abs,1.3404129218742051,"expanding abs q70 using observations <= prediction_timestamp, min_periods=300"
2026-07-31 10:00:00+00:00,ema_spread_atr_12_48b__high_abs,1.34074203773145,"expanding abs q70 using observations <= prediction_timestamp, min_periods=300"
2026-07-31 10:30:00+00:00,ema_spread_atr_12_48b__high_abs,1.340964434193172,"expanding abs q70 using observations <= prediction_timestamp, min_periods=300"
2026-07-31 11:00:00+00:00,ema_spread_atr_12_48b__high_abs,1.3408952928957736,"expanding abs q70 using observations <= prediction_timestamp, min_periods=300"
2026-07-31 11:30:00+00:00,ema_spread_atr_12_48b__high_abs,1.340780351522531,"expanding abs q70 using observations <= prediction_timestamp, min_periods=300"
2026-07-31 12:00:00+00:00,ema_spread_atr_12_48b__high_abs,1.340665410149288,"expanding abs q70 using observations <= prediction_timestamp, min_periods=300"
2026-07-31 12:30:00+00:00,ema_spread_atr_12_48b__high_abs,1.3409183399949063,"expanding abs q70 using observations <= prediction_timestamp, min_periods=300"
2026-07-31 13:00:00+00:00,ema_spread_atr_12_48b__high_abs,1.3408186653136118,"expanding abs q70 using observations <= prediction_timestamp, min_periods=300"
2026-07-31 13:30:00+00:00,ema_spread_atr_12_48b__high_abs,1.3407037239403692,"expanding abs q70 using observations <= prediction_timestamp, min_periods=300"
2026-07-31 14:00:00+00:00,ema_spread_atr_12_48b__high_abs,1.3409413870940392,"expanding abs q70 using observations <= prediction_timestamp, min_periods=300"
2026-07-31 14:30:00+00:00,ema_spread_atr_12_48b__high_abs,1.3411027167879686,"expanding abs q70 using observations <= prediction_timestamp, min_periods=300"
2026-07-31 15:00:00+00:00,ema_spread_atr_12_48b__high_abs,1.342442051077241,"expanding abs q70 using observations <= prediction_timestamp, min_periods=300"
2026-07-31 15:30:00+00:00,ema_spread_atr_12_48b__high_abs,1.3433740041231492,"expanding abs q70 using observations <= prediction_timestamp, min_periods=300"
2026-07-31 16:00:00+00:00,ema_spread_atr_12_48b__high_abs,1.3433195758706677,"expanding abs q70 using observations <= prediction_timestamp, min_periods=300"
2026-07-31 16:30:00+00:00,ema_spread_atr_12_48b__high_abs,1.3426614322755974,"expanding abs q70 using observations <= prediction_timestamp, min_periods=300"
2026-07-31 17:00:00+00:00,ema_spread_atr_12_48b__high_abs,1.342003288680527,"expanding abs q70 using observations <= prediction_timestamp, min_periods=300"
2026-07-31 17:30:00+00:00,ema_spread_atr_12_48b__high_abs,1.3413451450854579,"expanding abs q70 using observations <= prediction_timestamp, min_periods=300"
2026-07-31 18:00:00+00:00,ema_spread_atr_12_48b__high_abs,1.3410796696888359,"expanding abs q70 using observations <= prediction_timestamp, min_periods=300"
2026-07-31 18:30:00+00:00,ema_spread_atr_12_48b__high_abs,1.3410105283914375,"expanding abs q70 using observations <= prediction_timestamp, min_periods=300"
2026-07-31 19:00:00+00:00,ema_spread_atr_12_48b__high_abs,1.3409413870940392,"expanding abs q70 using observations <= prediction_timestamp, min_periods=300"
2026-07-31 19:30:00+00:00,ema_spread_atr_12_48b__high_abs,1.3408569791046925,"expanding abs q70 using observations <= prediction_timestamp, min_periods=300"
2026-07-31 20:00:00+00:00,ema_spread_atr_12_48b__high_abs,1.34074203773145,"expanding abs q70 using observations <= prediction_timestamp, min_periods=300"
2026-07-31 20:30:00+00:00,ema_spread_atr_12_48b__high_abs,1.3406270963582074,"expanding abs q70 using observations <= prediction_timestamp, min_periods=300"
2026-07-31 21:00:00+00:00,ema_spread_atr_12_48b__high_abs,1.3405121549849648,"expanding abs q70 using observations <= prediction_timestamp, min_periods=300"
2026-07-31 21:30:00+00:00,ema_spread_atr_12_48b__high_abs,1.340214455652687,"expanding abs q70 using observations <= prediction_timestamp, min_periods=300"
2026-07-31 22:00:00+00:00,ema_spread_atr_12_48b__high_abs,1.339916756320409,"expanding abs q70 using observations <= prediction_timestamp, min_periods=300"
2026-07-31 22:30:00+00:00,ema_spread_atr_12_48b__high_abs,1.3396190569881319,"expanding abs q70 using observations <= prediction_timestamp, min_periods=300"
2026-07-31 23:00:00+00:00,ema_spread_atr_12_48b__high_abs,1.3393841974977156,"expanding abs q70 using observations <= prediction_timestamp, min_periods=300"
2026-07-31 23:30:00+00:00,ema_spread_atr_12_48b__high_abs,1.3391807579282307,"expanding abs q70 using observations <= prediction_timestamp, min_periods=300"
2026-08-01 00:00:00+00:00,ema_spread_atr_12_48b__high_abs,1.3389773183587452,"expanding abs q70 using observations <= prediction_timestamp, min_periods=300"
2026-08-01 00:30:00+00:00,ema_spread_atr_12_48b__high_abs,1.3388373331287968,"expanding abs q70 using observations <= prediction_timestamp, min_periods=300"
2026-08-01 01:00:00+00:00,ema_spread_atr_12_48b__high_abs,1.338824256577922,"expanding abs q70 using observations <= prediction_timestamp, min_periods=300"
2026-08-01 01:30:00+00:00,ema_spread_atr_12_48b__high_abs,1.3388111800270472,"expanding abs q70 using observations <= prediction_timestamp, min_periods=300"
2026-08-01 02:00:00+00:00,ema_spread_atr_12_48b__high_abs,1.3387981034761725,"expanding abs q70 using observations <= prediction_timestamp, min_periods=300"
2026-08-01 02:30:00+00:00,ema_spread_atr_12_48b__high_abs,1.3381373317147176,"expanding abs q70 using observations <= prediction_timestamp, min_periods=300"
2026-08-01 03:00:00+00:00,ema_spread_atr_12_48b__high_abs,1.3374765599532628,"expanding abs q70 using observations <= prediction_timestamp, min_periods=300"
2026-08-01 03:30:00+00:00,ema_spread_atr_12_48b__high_abs,1.336815788191809,"expanding abs q70 using observations <= prediction_timestamp, min_periods=300"
2026-08-01 04:00:00+00:00,ema_spread_atr_12_48b__high_abs,1.3363587868068227,"expanding abs q70 using observations <= prediction_timestamp, min_periods=300"
2026-08-01 04:30:00+00:00,ema_spread_atr_12_48b__high_abs,1.336003670610071,"expanding abs q70 using observations <= prediction_timestamp, min_periods=300"
2026-08-01 05:00:00+00:00,ema_spread_atr_12_48b__high_abs,1.3356485544133188,"expanding abs q70 using observations <= prediction_timestamp, min_periods=300"
2026-08-01 05:30:00+00:00,ema_spread_atr_12_48b__high_abs,1.3351754980722925,"expanding abs q70 using observations <= prediction_timestamp, min_periods=300"
2026-08-01 06:00:00+00:00,ema_spread_atr_12_48b__high_abs,1.3344665614427202,"expanding abs q70 using observations <= prediction_timestamp, min_periods=300"
2026-08-01 06:30:00+00:00,ema_spread_atr_12_48b__high_abs,1.3337576248131466,"expanding abs q70 using observations <= prediction_timestamp, min_periods=300"
2026-08-01 07:00:00+00:00,ema_spread_atr_12_48b__high_abs,1.3330486881835744,"expanding abs q70 using observations <= prediction_timestamp, min_periods=300"
2026-08-01 07:30:00+00:00,ema_spread_atr_12_48b__high_abs,1.3322869807385112,"expanding abs q70 using observations <= prediction_timestamp, min_periods=300"
2026-08-01 08:00:00+00:00,ema_spread_atr_12_48b__high_abs,1.331525273293448,"expanding abs q70 using observations <= prediction_timestamp, min_periods=300"
2026-08-01 08:30:00+00:00,ema_spread_atr_12_48b__high_abs,1.3307635658483858,"expanding abs q70 using observations <= prediction_timestamp, min_periods=300"
2026-08-01 09:00:00+00:00,ema_spread_atr_12_48b__high_abs,1.3304763071911798,"expanding abs q70 using observations <= prediction_timestamp, min_periods=300"
2026-08-01 09:30:00+00:00,ema_spread_atr_12_48b__high_abs,1.330426272927902,"expanding abs q70 using observations <= prediction_timestamp, min_periods=300"
2026-08-01 10:00:00+00:00,ema_spread_atr_12_48b__high_abs,1.330376238664624,"expanding abs q70 using observations <= prediction_timestamp, min_periods=300"
2026-08-01 10:30:00+00:00,ema_spread_atr_12_48b__high_abs,1.330492985278939,"expanding abs q70 using observations <= prediction_timestamp, min_periods=300"
2026-08-01 11:00:00+00:00,ema_spread_atr_12_48b__high_abs,1.3304429510156612,"expanding abs q70 using observations <= prediction_timestamp, min_periods=300"
2026-08-01 11:30:00+00:00,ema_spread_atr_12_48b__high_abs,1.3303929167523834,"expanding abs q70 using observations <= prediction_timestamp, min_periods=300"
2026-08-01 12:00:00+00:00,ema_spread_atr_12_48b__high_abs,1.3303428824891055,"expanding abs q70 using observations <= prediction_timestamp, min_periods=300"
2026-08-01 12:30:00+00:00,ema_spread_atr_12_48b__high_abs,1.3302822161283627,"expanding abs q70 using observations <= prediction_timestamp, min_periods=300"
2026-08-01 13:00:00+00:00,ema_spread_atr_12_48b__high_abs,1.33022154976762,"expanding abs q70 using observations <= prediction_timestamp, min_periods=300"
2026-08-01 13:30:00+00:00,ema_spread_atr_12_48b__high_abs,1.3301608834068774,"expanding abs q70 using observations <= prediction_timestamp, min_periods=300"
2026-08-01 14:00:00+00:00,ema_spread_atr_12_48b__high_abs,1.329522091545974,"expanding abs q70 using observations <= prediction_timestamp, min_periods=300"
2026-08-01 14:30:00+00:00,ema_spread_atr_12_48b__high_abs,1.3302417718878676,"expanding abs q70 using observations <= prediction_timestamp, min_periods=300"
2026-08-01 15:00:00+00:00,ema_spread_atr_12_48b__high_abs,1.330376238664624,"expanding abs q70 using observations <= prediction_timestamp, min_periods=300"
2026-08-01 15:30:00+00:00,ema_spread_atr_12_48b__high_abs,1.330492985278939,"expanding abs q70 using observations <= prediction_timestamp, min_periods=300"
2026-08-01 16:00:00+00:00,ema_spread_atr_12_48b__high_abs,1.3304429510156612,"expanding abs q70 using observations <= prediction_timestamp, min_periods=300"
2026-08-01 16:30:00+00:00,ema_spread_atr_12_48b__high_abs,1.3303929167523834,"expanding abs q70 using observations <= prediction_timestamp, min_periods=300"
2026-08-01 17:00:00+00:00,ema_spread_atr_12_48b__high_abs,1.3303428824891055,"expanding abs q70 using observations <= prediction_timestamp, min_periods=300"
2026-08-01 17:30:00+00:00,ema_spread_atr_12_48b__high_abs,1.3304596291034205,"expanding abs q70 using observations <= prediction_timestamp, min_periods=300"
2026-08-01 18:00:00+00:00,ema_spread_atr_12_48b__high_abs,1.331525273293448,"expanding abs q70 using observations <= prediction_timestamp, min_periods=300"
2026-08-01 18:30:00+00:00,ema_spread_atr_12_48b__high_abs,1.3332850003934318,"expanding abs q70 using observations <= prediction_timestamp, min_periods=300"
2026-08-01 19:00:00+00:00,ema_spread_atr_12_48b__high_abs,1.334939185862435,"expanding abs q70 using observations <= prediction_timestamp, min_periods=300"
2026-08-01 19:30:00+00:00,ema_spread_atr_12_48b__high_abs,1.336003670610071,"expanding abs q70 using observations <= prediction_timestamp, min_periods=300"
2026-08-01 20:00:00+00:00,ema_spread_atr_12_48b__high_abs,1.337036045445627,"expanding abs q70 using observations <= prediction_timestamp, min_periods=300"
2026-08-01 20:30:00+00:00,ema_spread_atr_12_48b__high_abs,1.3385778462223534,"expanding abs q70 using observations <= prediction_timestamp, min_periods=300"
2026-08-01 21:00:00+00:00,ema_spread_atr_12_48b__high_abs,1.338824256577922,"expanding abs q70 using observations <= prediction_timestamp, min_periods=300"
2026-08-01 21:30:00+00:00,ema_spread_atr_12_48b__high_abs,1.3388111800270472,"expanding abs q70 using observations <= prediction_timestamp, min_periods=300"
2026-08-01 22:00:00+00:00,ema_spread_atr_12_48b__high_abs,1.3387981034761725,"expanding abs q70 using observations <= prediction_timestamp, min_periods=300"
2026-08-01 22:30:00+00:00,ema_spread_atr_12_48b__high_abs,1.3381373317147176,"expanding abs q70 using observations <= prediction_timestamp, min_periods=300"
2026-08-01 23:00:00+00:00,ema_spread_atr_12_48b__high_abs,1.3374765599532628,"expanding abs q70 using observations <= prediction_timestamp, min_periods=300"
2026-08-01 23:30:00+00:00,ema_spread_atr_12_48b__high_abs,1.336815788191809,"expanding abs q70 using observations <= prediction_timestamp, min_periods=300"
2026-08-02 00:00:00+00:00,ema_spread_atr_12_48b__high_abs,1.3363587868068227,"expanding abs q70 using observations <= prediction_timestamp, min_periods=300"
2026-08-02 00:30:00+00:00,ema_spread_atr_12_48b__high_abs,1.336003670610071,"expanding abs q70 using observations <= prediction_timestamp, min_periods=300"
2026-08-02 01:00:00+00:00,ema_spread_atr_12_48b__high_abs,1.3356485544133188,"expanding abs q70 using observations <= prediction_timestamp, min_periods=300"
2026-08-02 01:30:00+00:00,ema_spread_atr_12_48b__high_abs,1.3364771588724067,"expanding abs q70 using observations <= prediction_timestamp, min_periods=300"
2026-08-02 02:00:00+00:00,ema_spread_atr_12_48b__high_abs,1.3379170744608997,"expanding abs q70 using observations <= prediction_timestamp, min_periods=300"
2026-08-02 02:30:00+00:00,ema_spread_atr_12_48b__high_abs,1.3388111800270472,"expanding abs q70 using observations <= prediction_timestamp, min_periods=300"
2026-08-02 03:00:00+00:00,ema_spread_atr_12_48b__high_abs,1.3388416919790884,"expanding abs q70 using observations <= prediction_timestamp, min_periods=300"
2026-08-02 03:30:00+00:00,ema_spread_atr_12_48b__high_abs,1.3393163843078872,"expanding abs q70 using observations <= prediction_timestamp, min_periods=300"
2026-08-02 04:00:00+00:00,ema_spread_atr_12_48b__high_abs,1.339916756320409,"expanding abs q70 using observations <= prediction_timestamp, min_periods=300"
2026-08-02 04:30:00+00:00,ema_spread_atr_12_48b__high_abs,1.3405504687760457,"expanding abs q70 using observations <= prediction_timestamp, min_periods=300"
2026-08-02 05:00:00+00:00,ema_spread_atr_12_48b__high_abs,1.3408186653136118,"expanding abs q70 using observations <= prediction_timestamp, min_periods=300"
2026-08-02 05:30:00+00:00,ema_spread_atr_12_48b__high_abs,1.3410105283914375,"expanding abs q70 using observations <= prediction_timestamp, min_periods=300"
2026-08-02 06:00:00+00:00,ema_spread_atr_12_48b__high_abs,1.3409413870940392,"expanding abs q70 using observations <= prediction_timestamp, min_periods=300"
2026-08-02 06:30:00+00:00,ema_spread_atr_12_48b__high_abs,1.3408569791046925,"expanding abs q70 using observations <= prediction_timestamp, min_periods=300"
2026-08-02 07:00:00+00:00,ema_spread_atr_12_48b__high_abs,1.34074203773145,"expanding abs q70 using observations <= prediction_timestamp, min_periods=300"
2026-08-02 07:30:00+00:00,ema_spread_atr_12_48b__high_abs,1.3406270963582074,"expanding abs q70 using observations <= prediction_timestamp, min_periods=300"
2026-08-02 08:00:00+00:00,ema_spread_atr_12_48b__high_abs,1.3405121549849648,"expanding abs q70 using observations <= prediction_timestamp, min_periods=300"
2026-08-02 08:30:00+00:00,ema_spread_atr_12_48b__high_abs,1.340214455652687,"expanding abs q70 using observations <= prediction_timestamp, min_periods=300"
2026-08-02 09:00:00+00:00,ema_spread_atr_12_48b__high_abs,1.340665410149288,"expanding abs q70 using observations <= prediction_timestamp, min_periods=300"
2026-08-02 09:30:00+00:00,ema_spread_atr_12_48b__high_abs,1.3409183399949063,"expanding abs q70 using observations <= prediction_timestamp, min_periods=300"
2026-08-02 10:00:00+00:00,ema_spread_atr_12_48b__high_abs,1.3408186653136118,"expanding abs q70 using observations <= prediction_timestamp, min_periods=300"
2026-08-02 10:30:00+00:00,ema_spread_atr_12_48b__high_abs,1.3410105283914375,"expanding abs q70 using observations <= prediction_timestamp, min_periods=300"
2026-08-02 11:00:00+00:00,ema_spread_atr_12_48b__high_abs,1.3409413870940392,"expanding abs q70 using observations <= prediction_timestamp, min_periods=300"
2026-08-02 11:30:00+00:00,ema_spread_atr_12_48b__high_abs,1.3411027167879686,"expanding abs q70 using observations <= prediction_timestamp, min_periods=300"
2026-08-02 12:00:00+00:00,ema_spread_atr_12_48b__high_abs,1.342442051077241,"expanding abs q70 using observations <= prediction_timestamp, min_periods=300"
2026-08-02 12:30:00+00:00,ema_spread_atr_12_48b__high_abs,1.3433740041231492,"expanding abs q70 using observations <= prediction_timestamp, min_periods=300"
2026-08-02 13:00:00+00:00,ema_spread_atr_12_48b__high_abs,1.3435010033789396,"expanding abs q70 using observations <= prediction_timestamp, min_periods=300"
2026-08-02 13:30:00+00:00,ema_spread_atr_12_48b__high_abs,1.343514625427639,"expanding abs q70 using observations <= prediction_timestamp, min_periods=300"
2026-08-02 14:00:00+00:00,ema_spread_atr_12_48b__high_abs,1.3438878554081755,"expanding abs q70 using observations <= prediction_timestamp, min_periods=300"
2026-08-02 14:30:00+00:00,ema_spread_atr_12_48b__high_abs,1.3436123114384266,"expanding abs q70 using observations <= prediction_timestamp, min_periods=300"
2026-08-02 15:00:00+00:00,ema_spread_atr_12_48b__high_abs,1.3435165714345962,"expanding abs q70 using observations <= prediction_timestamp, min_periods=300"
2026-08-02 15:30:00+00:00,ema_spread_atr_12_48b__high_abs,1.343510733413725,"expanding abs q70 using observations <= prediction_timestamp, min_periods=300"
2026-08-02 16:00:00+00:00,ema_spread_atr_12_48b__high_abs,1.3435048953928537,"expanding abs q70 using observations <= prediction_timestamp, min_periods=300"
2026-08-02 16:30:00+00:00,ema_spread_atr_12_48b__high_abs,1.3434828606281124,"expanding abs q70 using observations <= prediction_timestamp, min_periods=300"
2026-08-02 17:00:00+00:00,ema_spread_atr_12_48b__high_abs,1.343428432375631,"expanding abs q70 using observations <= prediction_timestamp, min_periods=300"
2026-08-02 17:30:00+00:00,ema_spread_atr_12_48b__high_abs,1.3435068413998108,"expanding abs q70 using observations <= prediction_timestamp, min_periods=300"
2026-08-02 18:00:00+00:00,ema_spread_atr_12_48b__high_abs,1.3435204634485103,"expanding abs q70 using observations <= prediction_timestamp, min_periods=300"
2026-08-02 18:30:00+00:00,ema_spread_atr_12_48b__high_abs,1.3441633993779247,"expanding abs q70 using observations <= prediction_timestamp, min_periods=300"
2026-08-02 19:00:00+00:00,ema_spread_atr_12_48b__high_abs,1.3448154006220951,"expanding abs q70 using observations <= prediction_timestamp, min_periods=300"
2026-08-02 19:30:00+00:00,ema_spread_atr_12_48b__high_abs,1.34538462900181,"expanding abs q70 using observations <= prediction_timestamp, min_periods=300"
2026-08-02 20:00:00+00:00,ema_spread_atr_12_48b__high_abs,1.3454164262783848,"expanding abs q70 using observations <= prediction_timestamp, min_periods=300"
2026-08-02 20:30:00+00:00,ema_spread_atr_12_48b__high_abs,1.3460072786319643,"expanding abs q70 using observations <= prediction_timestamp, min_periods=300"
2026-08-02 21:00:00+00:00,ema_spread_atr_12_48b__high_abs,1.3472492051577463,"expanding abs q70 using observations <= prediction_timestamp, min_periods=300"
2026-08-02 21:30:00+00:00,ema_spread_atr_12_48b__high_abs,1.349559762037032,"expanding abs q70 using observations <= prediction_timestamp, min_periods=300"
2026-08-02 22:00:00+00:00,ema_spread_atr_12_48b__high_abs,1.3511606933552802,"expanding abs q70 using observations <= prediction_timestamp, min_periods=300"
2026-08-02 22:30:00+00:00,ema_spread_atr_12_48b__high_abs,1.3520384198292696,"expanding abs q70 using observations <= prediction_timestamp, min_periods=300"
2026-08-02 23:00:00+00:00,ema_spread_atr_12_48b__high_abs,1.352007927864656,"expanding abs q70 using observations <= prediction_timestamp, min_periods=300"
2026-08-02 23:30:00+00:00,ema_spread_atr_12_48b__high_abs,1.351372501982624,"expanding abs q70 using observations <= prediction_timestamp, min_periods=300"
2026-08-03 00:00:00+00:00,ema_spread_atr_12_48b__high_abs,1.350737076100592,"expanding abs q70 using observations <= prediction_timestamp, min_periods=300"
2026-08-03 00:30:00+00:00,ema_spread_atr_12_48b__high_abs,1.3501016502185608,"expanding abs q70 using observations <= prediction_timestamp, min_periods=300"
2026-08-03 01:00:00+00:00,ema_spread_atr_12_48b__high_abs,1.3492296824828487,"expanding abs q70 using observations <= prediction_timestamp, min_periods=300"
2026-08-03 01:30:00+00:00,ema_spread_atr_12_48b__high_abs,1.3509488847279365,"expanding abs q70 using observations <= prediction_timestamp, min_periods=300"
2026-08-03 02:00:00+00:00,ema_spread_atr_12_48b__high_abs,1.3520282558410652,"expanding abs q70 using observations <= prediction_timestamp, min_periods=300"
2026-08-03 02:30:00+00:00,ema_spread_atr_12_48b__high_abs,1.3520994037584972,"expanding abs q70 using observations <= prediction_timestamp, min_periods=300"
2026-08-03 03:00:00+00:00,ema_spread_atr_12_48b__high_abs,1.3526667401508914,"expanding abs q70 using observations <= prediction_timestamp, min_periods=300"
2026-08-03 03:30:00+00:00,ema_spread_atr_12_48b__high_abs,1.3532475169150524,"expanding abs q70 using observations <= prediction_timestamp, min_periods=300"
2026-08-03 04:00:00+00:00,ema_spread_atr_12_48b__high_abs,1.3537359500693555,"expanding abs q70 using observations <= prediction_timestamp, min_periods=300"
2026-08-03 04:30:00+00:00,ema_spread_atr_12_48b__high_abs,1.3538816433111962,"expanding abs q70 using observations <= prediction_timestamp, min_periods=300"
2026-08-03 05:00:00+00:00,ema_spread_atr_12_48b__high_abs,1.3539865505261393,"expanding abs q70 using observations <= prediction_timestamp, min_periods=300"
2026-08-03 05:30:00+00:00,ema_spread_atr_12_48b__high_abs,1.3540831510926414,"expanding abs q70 using observations <= prediction_timestamp, min_periods=300"
2026-08-03 06:00:00+00:00,ema_spread_atr_12_48b__high_abs,1.3540290177802934,"expanding abs q70 using observations <= prediction_timestamp, min_periods=300"
2026-08-03 06:30:00+00:00,ema_spread_atr_12_48b__high_abs,1.3539971673396778,"expanding abs q70 using observations <= prediction_timestamp, min_periods=300"
2026-08-03 07:00:00+00:00,ema_spread_atr_12_48b__high_abs,1.3541160507779126,"expanding abs q70 using observations <= prediction_timestamp, min_periods=300"
2026-08-03 07:30:00+00:00,ema_spread_atr_12_48b__high_abs,1.3543463485748104,"expanding abs q70 using observations <= prediction_timestamp, min_periods=300"
2026-08-03 08:00:00+00:00,ema_spread_atr_12_48b__high_abs,1.3544728735824185,"expanding abs q70 using observations <= prediction_timestamp, min_periods=300"
2026-08-03 08:30:00+00:00,ema_spread_atr_12_48b__high_abs,1.3547513440827306,"expanding abs q70 using observations <= prediction_timestamp, min_periods=300"
2026-08-03 09:00:00+00:00,ema_spread_atr_12_48b__high_abs,1.355255469193157,"expanding abs q70 using observations <= prediction_timestamp, min_periods=300"
2026-08-03 09:30:00+00:00,ema_spread_atr_12_48b__high_abs,1.3559218260434203,"expanding abs q70 using observations <= prediction_timestamp, min_periods=300"
2026-08-03 10:00:00+00:00,ema_spread_atr_12_48b__high_abs,1.3556362445361645,"expanding abs q70 using observations <= prediction_timestamp, min_periods=300"
2026-08-03 10:30:00+00:00,ema_spread_atr_12_48b__high_abs,1.355350663028909,"expanding abs q70 using observations <= prediction_timestamp, min_periods=300"
2026-08-03 11:00:00+00:00,ema_spread_atr_12_48b__high_abs,1.3551114334473209,"expanding abs q70 using observations <= prediction_timestamp, min_periods=300"
2026-08-03 11:30:00+00:00,ema_spread_atr_12_48b__high_abs,1.3548953798285668,"expanding abs q70 using observations <= prediction_timestamp, min_periods=300"
2026-08-03 12:00:00+00:00,ema_spread_atr_12_48b__high_abs,1.3546793262098125,"expanding abs q70 using observations <= prediction_timestamp, min_periods=300"
2026-08-03 12:30:00+00:00,ema_spread_atr_12_48b__high_abs,1.3545196862435869,"expanding abs q70 using observations <= prediction_timestamp, min_periods=300"
2026-08-03 13:00:00+00:00,ema_spread_atr_12_48b__high_abs,1.3544728735824185,"expanding abs q70 using observations <= prediction_timestamp, min_periods=300"
2026-08-03 13:30:00+00:00,ema_spread_atr_12_48b__high_abs,1.35442606092125,"expanding abs q70 using observations <= prediction_timestamp, min_periods=300"
2026-08-03 14:00:00+00:00,ema_spread_atr_12_48b__high_abs,1.3543792482600816,"expanding abs q70 using observations <= prediction_timestamp, min_periods=300"
2026-08-03 14:30:00+00:00,ema_spread_atr_12_48b__high_abs,1.354488477802808,"expanding abs q70 using observations <= prediction_timestamp, min_periods=300"
2026-08-03 15:00:00+00:00,ema_spread_atr_12_48b__high_abs,1.3548233619556485,"expanding abs q70 using observations <= prediction_timestamp, min_periods=300"
2026-08-03 15:30:00+00:00,ema_spread_atr_12_48b__high_abs,1.355350663028909,"expanding abs q70 using observations <= prediction_timestamp, min_periods=300"
2026-08-03 16:00:00+00:00,ema_spread_atr_12_48b__high_abs,1.3560170198791721,"expanding abs q70 using observations <= prediction_timestamp, min_periods=300"
2026-08-03 16:30:00+00:00,ema_spread_atr_12_48b__high_abs,1.3557314383719166,"expanding abs q70 using observations <= prediction_timestamp, min_periods=300"
2026-08-03 17:00:00+00:00,ema_spread_atr_12_48b__high_abs,1.3554458568646608,"expanding abs q70 using observations <= prediction_timestamp, min_periods=300"
2026-08-03 17:30:00+00:00,ema_spread_atr_12_48b__high_abs,1.3551834513202388,"expanding abs q70 using observations <= prediction_timestamp, min_periods=300"
2026-08-03 18:00:00+00:00,ema_spread_atr_12_48b__high_abs,1.3549673977014849,"expanding abs q70 using observations <= prediction_timestamp, min_periods=300"
2026-08-03 18:30:00+00:00,ema_spread_atr_12_48b__high_abs,1.3547513440827306,"expanding abs q70 using observations <= prediction_timestamp, min_periods=300"
2026-08-03 19:00:00+00:00,ema_spread_atr_12_48b__high_abs,1.3545352904639765,"expanding abs q70 using observations <= prediction_timestamp, min_periods=300"
2026-08-03 19:30:00+00:00,ema_spread_atr_12_48b__high_abs,1.354488477802808,"expanding abs q70 using observations <= prediction_timestamp, min_periods=300"
2026-08-03 20:00:00+00:00,ema_spread_atr_12_48b__high_abs,1.3544416651416396,"expanding abs q70 using observations <= prediction_timestamp, min_periods=300"
2026-08-03 20:30:00+00:00,ema_spread_atr_12_48b__high_abs,1.354394852480471,"expanding abs q70 using observations <= prediction_timestamp, min_periods=300"
2026-08-03 21:00:00+00:00,ema_spread_atr_12_48b__high_abs,1.3543134488895392,"expanding abs q70 using observations <= prediction_timestamp, min_periods=300"
2026-08-03 21:30:00+00:00,ema_spread_atr_12_48b__high_abs,1.354214749833726,"expanding abs q70 using observations <= prediction_timestamp, min_periods=300"
2026-08-03 22:00:00+00:00,ema_spread_atr_12_48b__high_abs,1.3541160507779126,"expanding abs q70 using observations <= prediction_timestamp, min_periods=300"
2026-08-03 22:30:00+00:00,ema_spread_atr_12_48b__high_abs,1.3543463485748104,"expanding abs q70 using observations <= prediction_timestamp, min_periods=300"
2026-08-03 23:00:00+00:00,ema_spread_atr_12_48b__high_abs,1.3544728735824185,"expanding abs q70 using observations <= prediction_timestamp, min_periods=300"
2026-08-03 23:30:00+00:00,ema_spread_atr_12_48b__high_abs,1.3547513440827306,"expanding abs q70 using observations <= prediction_timestamp, min_periods=300"
2026-08-04 00:00:00+00:00,ema_spread_atr_12_48b__high_abs,1.3545352904639765,"expanding abs q70 using observations <= prediction_timestamp, min_periods=300"
2026-08-04 00:30:00+00:00,ema_spread_atr_12_48b__high_abs,1.354488477802808,"expanding abs q70 using observations <= prediction_timestamp, min_periods=300"
2026-08-04 01:00:00+00:00,ema_spread_atr_12_48b__high_abs,1.3548233619556485,"expanding abs q70 using observations <= prediction_timestamp, min_periods=300"
2026-08-04 01:30:00+00:00,ema_spread_atr_12_48b__high_abs,1.3546073083368946,"expanding abs q70 using observations <= prediction_timestamp, min_periods=300"
2026-08-04 02:00:00+00:00,ema_spread_atr_12_48b__high_abs,1.3545040820231975,"expanding abs q70 using observations <= prediction_timestamp, min_periods=300"
2026-08-04 02:30:00+00:00,ema_spread_atr_12_48b__high_abs,1.3544572693620291,"expanding abs q70 using observations <= prediction_timestamp, min_periods=300"
2026-08-04 03:00:00+00:00,ema_spread_atr_12_48b__high_abs,1.3544104567008606,"expanding abs q70 using observations <= prediction_timestamp, min_periods=300"
2026-08-04 03:30:00+00:00,ema_spread_atr_12_48b__high_abs,1.3543463485748104,"expanding abs q70 using observations <= prediction_timestamp, min_periods=300"
2026-08-04 04:00:00+00:00,ema_spread_atr_12_48b__high_abs,1.354247649518997,"expanding abs q70 using observations <= prediction_timestamp, min_periods=300"
2026-08-04 04:30:00+00:00,ema_spread_atr_12_48b__high_abs,1.3541489504631836,"expanding abs q70 using observations <= prediction_timestamp, min_periods=300"
2026-08-04 05:00:00+00:00,ema_spread_atr_12_48b__high_abs,1.3540502514073705,"expanding abs q70 using observations <= prediction_timestamp, min_periods=300"
2026-08-04 05:30:00+00:00,ema_spread_atr_12_48b__high_abs,1.3540184009667549,"expanding abs q70 using observations <= prediction_timestamp, min_periods=300"
2026-08-04 06:00:00+00:00,ema_spread_atr_12_48b__high_abs,1.3539865505261393,"expanding abs q70 using observations <= prediction_timestamp, min_periods=300"
2026-08-04 06:30:00+00:00,ema_spread_atr_12_48b__high_abs,1.3539547000855237,"expanding abs q70 using observations <= prediction_timestamp, min_periods=300"
2026-08-04 07:00:00+00:00,ema_spread_atr_12_48b__high_abs,1.3540290177802934,"expanding abs q70 using observations <= prediction_timestamp, min_periods=300"
2026-08-04 07:30:00+00:00,ema_spread_atr_12_48b__high_abs,1.354214749833726,"expanding abs q70 using observations <= prediction_timestamp, min_periods=300"
2026-08-04 08:00:00+00:00,ema_spread_atr_12_48b__high_abs,1.3541160507779126,"expanding abs q70 using observations <= prediction_timestamp, min_periods=300"
2026-08-04 08:30:00+00:00,ema_spread_atr_12_48b__high_abs,1.354039634593832,"expanding abs q70 using observations <= prediction_timestamp, min_periods=300"
2026-08-04 09:00:00+00:00,ema_spread_atr_12_48b__high_abs,1.3540077841532163,"expanding abs q70 using observations <= prediction_timestamp, min_periods=300"
2026-08-04 09:30:00+00:00,ema_spread_atr_12_48b__high_abs,1.3539759337126007,"expanding abs q70 using observations <= prediction_timestamp, min_periods=300"
2026-08-04 10:00:00+00:00,ema_spread_atr_12_48b__high_abs,1.3539440832719851,"expanding abs q70 using observations <= prediction_timestamp, min_periods=300"
2026-08-04 10:30:00+00:00,ema_spread_atr_12_48b__high_abs,1.3538816433111962,"expanding abs q70 using observations <= prediction_timestamp, min_periods=300"
2026-08-04 11:00:00+00:00,ema_spread_atr_12_48b__high_abs,1.3538192033504073,"expanding abs q70 using observations <= prediction_timestamp, min_periods=300"
2026-08-04 11:30:00+00:00,ema_spread_atr_12_48b__high_abs,1.3539547000855237,"expanding abs q70 using observations <= prediction_timestamp, min_periods=300"
2026-08-04 12:00:00+00:00,ema_spread_atr_12_48b__high_abs,1.3540290177802934,"expanding abs q70 using observations <= prediction_timestamp, min_periods=300"
2026-08-04 12:30:00+00:00,ema_spread_atr_12_48b__high_abs,1.354214749833726,"expanding abs q70 using observations <= prediction_timestamp, min_periods=300"
2026-08-04 13:00:00+00:00,ema_spread_atr_12_48b__high_abs,1.3544104567008606,"expanding abs q70 using observations <= prediction_timestamp, min_periods=300"
2026-08-04 13:30:00+00:00,ema_spread_atr_12_48b__high_abs,1.3543463485748104,"expanding abs q70 using observations <= prediction_timestamp, min_periods=300"
2026-08-04 14:00:00+00:00,ema_spread_atr_12_48b__high_abs,1.354247649518997,"expanding abs q70 using observations <= prediction_timestamp, min_periods=300"
2026-08-04 14:30:00+00:00,ema_spread_atr_12_48b__high_abs,1.3541489504631836,"expanding abs q70 using observations <= prediction_timestamp, min_periods=300"
2026-08-04 15:00:00+00:00,ema_spread_atr_12_48b__high_abs,1.3540502514073705,"expanding abs q70 using observations <= prediction_timestamp, min_periods=300"
2026-08-04 15:30:00+00:00,ema_spread_atr_12_48b__high_abs,1.3540184009667549,"expanding abs q70 using observations <= prediction_timestamp, min_periods=300"
2026-08-04 16:00:00+00:00,ema_spread_atr_12_48b__high_abs,1.3539865505261393,"expanding abs q70 using observations <= prediction_timestamp, min_periods=300"
2026-08-04 16:30:00+00:00,ema_spread_atr_12_48b__high_abs,1.3539547000855237,"expanding abs q70 using observations <= prediction_timestamp, min_periods=300"
2026-08-04 17:00:00+00:00,ema_spread_atr_12_48b__high_abs,1.3539024566314593,"expanding abs q70 using observations <= prediction_timestamp, min_periods=300"
2026-08-04 17:30:00+00:00,ema_spread_atr_12_48b__high_abs,1.3538400166706703,"expanding abs q70 using observations <= prediction_timestamp, min_periods=300"
2026-08-04 18:00:00+00:00,ema_spread_atr_12_48b__high_abs,1.3537775767098814,"expanding abs q70 using observations <= prediction_timestamp, min_periods=300"
2026-08-04 18:30:00+00:00,ema_spread_atr_12_48b__high_abs,1.3536661739044549,"expanding abs q70 using observations <= prediction_timestamp, min_periods=300"
2026-08-04 19:00:00+00:00,ema_spread_atr_12_48b__high_abs,1.3534568454097538,"expanding abs q70 using observations <= prediction_timestamp, min_periods=300"
2026-08-04 19:30:00+00:00,ema_spread_atr_12_48b__high_abs,1.3532475169150524,"expanding abs q70 using observations <= prediction_timestamp, min_periods=300"
2026-08-04 20:00:00+00:00,ema_spread_atr_12_48b__high_abs,1.3530381884203513,"expanding abs q70 using observations <= prediction_timestamp, min_periods=300"
2026-08-04 20:30:00+00:00,ema_spread_atr_12_48b__high_abs,1.3527596022182562,"expanding abs q70 using observations <= prediction_timestamp, min_periods=300"
2026-08-04 21:00:00+00:00,ema_spread_atr_12_48b__high_abs,1.3524810160161613,"expanding abs q70 using observations <= prediction_timestamp, min_periods=300"
2026-08-04 21:30:00+00:00,ema_spread_atr_12_48b__high_abs,1.3522024298140667,"expanding abs q70 using observations <= prediction_timestamp, min_periods=300"
2026-08-04 22:00:00+00:00,ema_spread_atr_12_48b__high_abs,1.3520892397702926,"expanding abs q70 using observations <= prediction_timestamp, min_periods=300"
2026-08-04 22:30:00+00:00,ema_spread_atr_12_48b__high_abs,1.352058747805679,"expanding abs q70 using observations <= prediction_timestamp, min_periods=300"
2026-08-04 23:00:00+00:00,ema_spread_atr_12_48b__high_abs,1.3520282558410652,"expanding abs q70 using observations <= prediction_timestamp, min_periods=300"
2026-08-04 23:30:00+00:00,ema_spread_atr_12_48b__high_abs,1.3517961192373114,"expanding abs q70 using observations <= prediction_timestamp, min_periods=300"
2026-08-05 00:00:00+00:00,ema_spread_atr_12_48b__high_abs,1.3511606933552802,"expanding abs q70 using observations <= prediction_timestamp, min_periods=300"
2026-08-05 00:30:00+00:00,ema_spread_atr_12_48b__high_abs,1.3505252674732482,"expanding abs q70 using observations <= prediction_timestamp, min_periods=300"
2026-08-05 01:00:00+00:00,ema_spread_atr_12_48b__high_abs,1.352007927864656,"expanding abs q70 using observations <= prediction_timestamp, min_periods=300"
2026-08-05 01:30:00+00:00,ema_spread_atr_12_48b__high_abs,1.351372501982624,"expanding abs q70 using observations <= prediction_timestamp, min_periods=300"
2026-08-05 02:00:00+00:00,ema_spread_atr_12_48b__high_abs,1.350737076100592,"expanding abs q70 using observations <= prediction_timestamp, min_periods=300"
2026-08-05 02:30:00+00:00,ema_spread_atr_12_48b__high_abs,1.3501016502185608,"expanding abs q70 using observations <= prediction_timestamp, min_periods=300"
2026-08-05 03:00:00+00:00,ema_spread_atr_12_48b__high_abs,1.3492296824828487,"expanding abs q70 using observations <= prediction_timestamp, min_periods=300"
2026-08-05 03:30:00+00:00,ema_spread_atr_12_48b__high_abs,1.3482394438202983,"expanding abs q70 using observations <= prediction_timestamp, min_periods=300"
2026-08-05 04:00:00+00:00,ema_spread_atr_12_48b__high_abs,1.3472492051577463,"expanding abs q70 using observations <= prediction_timestamp, min_periods=300"
2026-08-05 04:30:00+00:00,ema_spread_atr_12_48b__high_abs,1.346472692565896,"expanding abs q70 using observations <= prediction_timestamp, min_periods=300"
2026-08-05 05:00:00+00:00,ema_spread_atr_12_48b__high_abs,1.3461236321154473,"expanding abs q70 using observations <= prediction_timestamp, min_periods=300"
2026-08-05 05:30:00+00:00,ema_spread_atr_12_48b__high_abs,1.3457745716649978,"expanding abs q70 using observations <= prediction_timestamp, min_periods=300"
2026-08-05 06:00:00+00:00,ema_spread_atr_12_48b__high_abs,1.345425511214549,"expanding abs q70 using observations <= prediction_timestamp, min_periods=300"
2026-08-05 06:30:00+00:00,ema_spread_atr_12_48b__high_abs,1.3454118838103026,"expanding abs q70 using observations <= prediction_timestamp, min_periods=300"
2026-08-05 07:00:00+00:00,ema_spread_atr_12_48b__high_abs,1.3453982564060565,"expanding abs q70 using observations <= prediction_timestamp, min_periods=300"
2026-08-05 07:30:00+00:00,ema_spread_atr_12_48b__high_abs,1.345541864698032,"expanding abs q70 using observations <= prediction_timestamp, min_periods=300"
2026-08-05 08:00:00+00:00,ema_spread_atr_12_48b__high_abs,1.3454164262783848,"expanding abs q70 using observations <= prediction_timestamp, min_periods=300"
2026-08-05 08:30:00+00:00,ema_spread_atr_12_48b__high_abs,1.3454027988741384,"expanding abs q70 using observations <= prediction_timestamp, min_periods=300"
2026-08-05 09:00:00+00:00,ema_spread_atr_12_48b__high_abs,1.3453891714698922,"expanding abs q70 using observations <= prediction_timestamp, min_periods=300"
2026-08-05 09:30:00+00:00,ema_spread_atr_12_48b__high_abs,1.3452859722151222,"expanding abs q70 using observations <= prediction_timestamp, min_periods=300"
2026-08-05 10:00:00+00:00,ema_spread_atr_12_48b__high_abs,1.3450036292593064,"expanding abs q70 using observations <= prediction_timestamp, min_periods=300"
2026-08-05 10:30:00+00:00,ema_spread_atr_12_48b__high_abs,1.3447212863034899,"expanding abs q70 using observations <= prediction_timestamp, min_periods=300"
2026-08-05 11:00:00+00:00,ema_spread_atr_12_48b__high_abs,1.344438943347674,"expanding abs q70 using observations <= prediction_timestamp, min_periods=300"
2026-08-05 11:30:00+00:00,ema_spread_atr_12_48b__high_abs,1.3441633993779247,"expanding abs q70 using observations <= prediction_timestamp, min_periods=300"
2026-08-05 12:00:00+00:00,ema_spread_atr_12_48b__high_abs,1.3438878554081755,"expanding abs q70 using observations <= prediction_timestamp, min_periods=300"
2026-08-05 12:30:00+00:00,ema_spread_atr_12_48b__high_abs,1.3445330576662793,"expanding abs q70 using observations <= prediction_timestamp, min_periods=300"
2026-08-05 13:00:00+00:00,ema_spread_atr_12_48b__high_abs,1.344255247367841,"expanding abs q70 using observations <= prediction_timestamp, min_periods=300"
2026-08-05 13:30:00+00:00,ema_spread_atr_12_48b__high_abs,1.3439797033980923,"expanding abs q70 using observations <= prediction_timestamp, min_periods=300"
2026-08-05 14:00:00+00:00,ema_spread_atr_12_48b__high_abs,1.3437041594283428,"expanding abs q70 using observations <= prediction_timestamp, min_periods=300"
2026-08-05 14:30:00+00:00,ema_spread_atr_12_48b__high_abs,1.3435185174415532,"expanding abs q70 using observations <= prediction_timestamp, min_periods=300"
2026-08-05 15:00:00+00:00,ema_spread_atr_12_48b__high_abs,1.343512679420682,"expanding abs q70 using observations <= prediction_timestamp, min_periods=300"
2026-08-05 15:30:00+00:00,ema_spread_atr_12_48b__high_abs,1.3435068413998108,"expanding abs q70 using observations <= prediction_timestamp, min_periods=300"
2026-08-05 16:00:00+00:00,ema_spread_atr_12_48b__high_abs,1.3435010033789396,"expanding abs q70 using observations <= prediction_timestamp, min_periods=300"
2026-08-05 16:30:00+00:00,ema_spread_atr_12_48b__high_abs,1.343446575126458,"expanding abs q70 using observations <= prediction_timestamp, min_periods=300"
2026-08-05 17:00:00+00:00,ema_spread_atr_12_48b__high_abs,1.343508787406768,"expanding abs q70 using observations <= prediction_timestamp, min_periods=300"
2026-08-05 17:30:00+00:00,ema_spread_atr_12_48b__high_abs,1.3436123114384266,"expanding abs q70 using observations <= prediction_timestamp, min_periods=300"
2026-08-05 18:00:00+00:00,ema_spread_atr_12_48b__high_abs,1.344255247367841,"expanding abs q70 using observations <= prediction_timestamp, min_periods=300"
2026-08-05 18:30:00+00:00,ema_spread_atr_12_48b__high_abs,1.344909514940701,"expanding abs q70 using observations <= prediction_timestamp, min_periods=300"
2026-08-05 19:00:00+00:00,ema_spread_atr_12_48b__high_abs,1.3453891714698922,"expanding abs q70 using observations <= prediction_timestamp, min_periods=300"
2026-08-05 19:30:00+00:00,ema_spread_atr_12_48b__high_abs,1.3454209687464669,"expanding abs q70 using observations <= prediction_timestamp, min_periods=300"
2026-08-05 20:00:00+00:00,ema_spread_atr_12_48b__high_abs,1.3461236321154473,"expanding abs q70 using observations <= prediction_timestamp, min_periods=300"
2026-08-05 20:30:00+00:00,ema_spread_atr_12_48b__high_abs,1.347509842826899,"expanding abs q70 using observations <= prediction_timestamp, min_periods=300"
2026-08-05 21:00:00+00:00,ema_spread_atr_12_48b__high_abs,1.349658368641114,"expanding abs q70 using observations <= prediction_timestamp, min_periods=300"
2026-08-05 21:30:00+00:00,ema_spread_atr_12_48b__high_abs,1.3487375718635932,"expanding abs q70 using observations <= prediction_timestamp, min_periods=300"
2026-08-05 22:00:00+00:00,ema_spread_atr_12_48b__high_abs,1.3478167750860721,"expanding abs q70 using observations <= prediction_timestamp, min_periods=300"
2026-08-05 22:30:00+00:00,ema_spread_atr_12_48b__high_abs,1.3468959783085526,"expanding abs q70 using observations <= prediction_timestamp, min_periods=300"
2026-08-05 23:00:00+00:00,ema_spread_atr_12_48b__high_abs,1.3463563390824131,"expanding abs q70 using observations <= prediction_timestamp, min_periods=300"
2026-08-05 23:30:00+00:00,ema_spread_atr_12_48b__high_abs,1.3460072786319643,"expanding abs q70 using observations <= prediction_timestamp, min_periods=300"
2026-08-06 00:00:00+00:00,ema_spread_atr_12_48b__high_abs,1.3456582181815149,"expanding abs q70 using observations <= prediction_timestamp, min_periods=300"
2026-08-06 00:30:00+00:00,ema_spread_atr_12_48b__high_abs,1.3454209687464669,"expanding abs q70 using observations <= prediction_timestamp, min_periods=300"
2026-08-06 01:00:00+00:00,ema_spread_atr_12_48b__high_abs,1.3454073413422205,"expanding abs q70 using observations <= prediction_timestamp, min_periods=300"
2026-08-06 01:30:00+00:00,ema_spread_atr_12_48b__high_abs,1.3453937139379744,"expanding abs q70 using observations <= prediction_timestamp, min_periods=300"
2026-08-06 02:00:00+00:00,ema_spread_atr_12_48b__high_abs,1.345380086533728,"expanding abs q70 using observations <= prediction_timestamp, min_periods=300"
2026-08-06 02:30:00+00:00,ema_spread_atr_12_48b__high_abs,1.3454118838103026,"expanding abs q70 using observations <= prediction_timestamp, min_periods=300"
2026-08-06 03:00:00+00:00,ema_spread_atr_12_48b__high_abs,1.3458909251484807,"expanding abs q70 using observations <= prediction_timestamp, min_periods=300"
2026-08-06 03:30:00+00:00,ema_spread_atr_12_48b__high_abs,1.3468959783085526,"expanding abs q70 using observations <= prediction_timestamp, min_periods=300"
2026-08-06 04:00:00+00:00,ema_spread_atr_12_48b__high_abs,1.3490445041227663,"expanding abs q70 using observations <= prediction_timestamp, min_periods=300"
2026-08-06 04:30:00+00:00,ema_spread_atr_12_48b__high_abs,1.3481237073452468,"expanding abs q70 using observations <= prediction_timestamp, min_periods=300"
2026-08-06 05:00:00+00:00,ema_spread_atr_12_48b__high_abs,1.347202910567726,"expanding abs q70 using observations <= prediction_timestamp, min_periods=300"
2026-08-06 05:30:00+00:00,ema_spread_atr_12_48b__high_abs,1.3493514363819394,"expanding abs q70 using observations <= prediction_timestamp, min_periods=300"
2026-08-06 06:00:00+00:00,ema_spread_atr_12_48b__high_abs,1.3497972524111759,"expanding abs q70 using observations <= prediction_timestamp, min_periods=300"
2026-08-06 06:30:00+00:00,ema_spread_atr_12_48b__high_abs,1.3505252674732482,"expanding abs q70 using observations <= prediction_timestamp, min_periods=300"
2026-08-06 07:00:00+00:00,ema_spread_atr_12_48b__high_abs,1.349889841591217,"expanding abs q70 using observations <= prediction_timestamp, min_periods=300"
2026-08-06 07:30:00+00:00,ema_spread_atr_12_48b__high_abs,1.3498203997061862,"expanding abs q70 using observations <= prediction_timestamp, min_periods=300"
2026-08-06 08:00:00+00:00,ema_spread_atr_12_48b__high_abs,1.3497509578211553,"expanding abs q70 using observations <= prediction_timestamp, min_periods=300"
2026-08-06 08:30:00+00:00,ema_spread_atr_12_48b__high_abs,1.3496815159361244,"expanding abs q70 using observations <= prediction_timestamp, min_periods=300"
2026-08-06 09:00:00+00:00,ema_spread_atr_12_48b__high_abs,1.3490445041227663,"expanding abs q70 using observations <= prediction_timestamp, min_periods=300"
2026-08-06 09:30:00+00:00,ema_spread_atr_12_48b__high_abs,1.3481237073452468,"expanding abs q70 using observations <= prediction_timestamp, min_periods=300"
2026-08-06 10:00:00+00:00,ema_spread_atr_12_48b__high_abs,1.347202910567726,"expanding abs q70 using observations <= prediction_timestamp, min_periods=300"
2026-08-06 10:30:00+00:00,ema_spread_atr_12_48b__high_abs,1.346472692565896,"expanding abs q70 using observations <= prediction_timestamp, min_periods=300"
2026-08-06 11:00:00+00:00,ema_spread_atr_12_48b__high_abs,1.34843063960442,"expanding abs q70 using observations <= prediction_timestamp, min_periods=300"
2026-08-06 11:30:00+00:00,ema_spread_atr_12_48b__high_abs,1.347509842826899,"expanding abs q70 using observations <= prediction_timestamp, min_periods=300"
2026-08-06 12:00:00+00:00,ema_spread_atr_12_48b__high_abs,1.3465890460493795,"expanding abs q70 using observations <= prediction_timestamp, min_periods=300"
2026-08-06 12:30:00+00:00,ema_spread_atr_12_48b__high_abs,1.3462399855989302,"expanding abs q70 using observations <= prediction_timestamp, min_periods=300"
2026-08-06 13:00:00+00:00,ema_spread_atr_12_48b__high_abs,1.3458909251484807,"expanding abs q70 using observations <= prediction_timestamp, min_periods=300"
2026-08-06 13:30:00+00:00,ema_spread_atr_12_48b__high_abs,1.3468959783085526,"expanding abs q70 using observations <= prediction_timestamp, min_periods=300"
2026-08-06 14:00:00+00:00,ema_spread_atr_12_48b__high_abs,1.3463563390824131,"expanding abs q70 using observations <= prediction_timestamp, min_periods=300"
2026-08-06 14:30:00+00:00,ema_spread_atr_12_48b__high_abs,1.3460072786319643,"expanding abs q70 using observations <= prediction_timestamp, min_periods=300"
2026-08-06 15:00:00+00:00,ema_spread_atr_12_48b__high_abs,1.3456582181815149,"expanding abs q70 using observations <= prediction_timestamp, min_periods=300"
2026-08-06 15:30:00+00:00,ema_spread_atr_12_48b__high_abs,1.3454209687464669,"expanding abs q70 using observations <= prediction_timestamp, min_periods=300"
2026-08-06 16:00:00+00:00,ema_spread_atr_12_48b__high_abs,1.3454073413422205,"expanding abs q70 using observations <= prediction_timestamp, min_periods=300"
2026-08-06 16:30:00+00:00,ema_spread_atr_12_48b__high_abs,1.3453937139379744,"expanding abs q70 using observations <= prediction_timestamp, min_periods=300"
2026-08-06 17:00:00+00:00,ema_spread_atr_12_48b__high_abs,1.345380086533728,"expanding abs q70 using observations <= prediction_timestamp, min_periods=300"
2026-08-06 17:30:00+00:00,ema_spread_atr_12_48b__high_abs,1.3450977435779117,"expanding abs q70 using observations <= prediction_timestamp, min_periods=300"
2026-08-06 18:00:00+00:00,ema_spread_atr_12_48b__high_abs,1.3448154006220951,"expanding abs q70 using observations <= prediction_timestamp, min_periods=300"
2026-08-06 18:30:00+00:00,ema_spread_atr_12_48b__high_abs,1.3445330576662793,"expanding abs q70 using observations <= prediction_timestamp, min_periods=300"
2026-08-06 19:00:00+00:00,ema_spread_atr_12_48b__high_abs,1.344255247367841,"expanding abs q70 using observations <= prediction_timestamp, min_periods=300"
2026-08-06 19:30:00+00:00,ema_spread_atr_12_48b__high_abs,1.3439797033980923,"expanding abs q70 using observations <= prediction_timestamp, min_periods=300"
2026-08-06 20:00:00+00:00,ema_spread_atr_12_48b__high_abs,1.3437041594283428,"expanding abs q70 using observations <= prediction_timestamp, min_periods=300"
2026-08-06 20:30:00+00:00,ema_spread_atr_12_48b__high_abs,1.3435185174415532,"expanding abs q70 using observations <= prediction_timestamp, min_periods=300"
2026-08-06 21:00:00+00:00,ema_spread_atr_12_48b__high_abs,1.343512679420682,"expanding abs q70 using observations <= prediction_timestamp, min_periods=300"
2026-08-06 21:30:00+00:00,ema_spread_atr_12_48b__high_abs,1.3435068413998108,"expanding abs q70 using observations <= prediction_timestamp, min_periods=300"
2026-08-06 22:00:00+00:00,ema_spread_atr_12_48b__high_abs,1.3435010033789396,"expanding abs q70 using observations <= prediction_timestamp, min_periods=300"
2026-08-06 22:30:00+00:00,ema_spread_atr_12_48b__high_abs,1.343446575126458,"expanding abs q70 using observations <= prediction_timestamp, min_periods=300"
2026-08-06 23:00:00+00:00,ema_spread_atr_12_48b__high_abs,1.3433921468739765,"expanding abs q70 using observations <= prediction_timestamp, min_periods=300"
2026-08-06 23:30:00+00:00,ema_spread_atr_12_48b__high_abs,1.3435029493858968,"expanding abs q70 using observations <= prediction_timestamp, min_periods=300"
2026-08-07 00:00:00+00:00,ema_spread_atr_12_48b__high_abs,1.3434647178772852,"expanding abs q70 using observations <= prediction_timestamp, min_periods=300"
2026-08-07 00:30:00+00:00,ema_spread_atr_12_48b__high_abs,1.3434102896248037,"expanding abs q70 using observations <= prediction_timestamp, min_periods=300"
2026-08-07 01:00:00+00:00,ema_spread_atr_12_48b__high_abs,1.343355861372322,"expanding abs q70 using observations <= prediction_timestamp, min_periods=300"
2026-08-07 01:30:00+00:00,ema_spread_atr_12_48b__high_abs,1.3431001946723102,"expanding abs q70 using observations <= prediction_timestamp, min_periods=300"
2026-08-07 02:00:00+00:00,ema_spread_atr_12_48b__high_abs,1.342442051077241,"expanding abs q70 using observations <= prediction_timestamp, min_periods=300"
2026-08-07 02:30:00+00:00,ema_spread_atr_12_48b__high_abs,1.3417839074821707,"expanding abs q70 using observations <= prediction_timestamp, min_periods=300"
2026-08-07 03:00:00+00:00,ema_spread_atr_12_48b__high_abs,1.3411257638871015,"expanding abs q70 using observations <= prediction_timestamp, min_periods=300"
2026-08-07 03:30:00+00:00,ema_spread_atr_12_48b__high_abs,1.3410566225897032,"expanding abs q70 using observations <= prediction_timestamp, min_periods=300"
2026-08-07 04:00:00+00:00,ema_spread_atr_12_48b__high_abs,1.3409874812923046,"expanding abs q70 using observations <= prediction_timestamp, min_periods=300"
2026-08-07 04:30:00+00:00,ema_spread_atr_12_48b__high_abs,1.3409183399949063,"expanding abs q70 using observations <= prediction_timestamp, min_periods=300"
2026-08-07 05:00:00+00:00,ema_spread_atr_12_48b__high_abs,1.3408186653136118,"expanding abs q70 using observations <= prediction_timestamp, min_periods=300"
2026-08-07 05:30:00+00:00,ema_spread_atr_12_48b__high_abs,1.3407037239403692,"expanding abs q70 using observations <= prediction_timestamp, min_periods=300"
2026-08-07 06:00:00+00:00,ema_spread_atr_12_48b__high_abs,1.3405887825671265,"expanding abs q70 using observations <= prediction_timestamp, min_periods=300"
2026-08-07 06:30:00+00:00,ema_spread_atr_12_48b__high_abs,1.3404129218742051,"expanding abs q70 using observations <= prediction_timestamp, min_periods=300"
2026-08-07 07:00:00+00:00,ema_spread_atr_12_48b__high_abs,1.340115222541928,"expanding abs q70 using observations <= prediction_timestamp, min_periods=300"
2026-08-07 07:30:00+00:00,ema_spread_atr_12_48b__high_abs,1.33981752320965,"expanding abs q70 using observations <= prediction_timestamp, min_periods=300"
2026-08-07 08:00:00+00:00,ema_spread_atr_12_48b__high_abs,1.3395198238773727,"expanding abs q70 using observations <= prediction_timestamp, min_periods=300"
2026-08-07 08:30:00+00:00,ema_spread_atr_12_48b__high_abs,1.3393163843078872,"expanding abs q70 using observations <= prediction_timestamp, min_periods=300"
2026-08-07 09:00:00+00:00,ema_spread_atr_12_48b__high_abs,1.339916756320409,"expanding abs q70 using observations <= prediction_timestamp, min_periods=300"
2026-08-07 09:30:00+00:00,ema_spread_atr_12_48b__high_abs,1.3405504687760457,"expanding abs q70 using observations <= prediction_timestamp, min_periods=300"
2026-08-07 10:00:00+00:00,ema_spread_atr_12_48b__high_abs,1.3408186653136118,"expanding abs q70 using observations <= prediction_timestamp, min_periods=300"
2026-08-07 10:30:00+00:00,ema_spread_atr_12_48b__high_abs,1.3410105283914375,"expanding abs q70 using observations <= prediction_timestamp, min_periods=300"
2026-08-07 11:00:00+00:00,ema_spread_atr_12_48b__high_abs,1.3415645262838143,"expanding abs q70 using observations <= prediction_timestamp, min_periods=300"
2026-08-07 11:30:00+00:00,ema_spread_atr_12_48b__high_abs,1.3431001946723102,"expanding abs q70 using observations <= prediction_timestamp, min_periods=300"
2026-08-07 12:00:00+00:00,ema_spread_atr_12_48b__high_abs,1.343428432375631,"expanding abs q70 using observations <= prediction_timestamp, min_periods=300"
2026-08-07 12:30:00+00:00,ema_spread_atr_12_48b__high_abs,1.3435068413998108,"expanding abs q70 using observations <= prediction_timestamp, min_periods=300"
2026-08-07 13:00:00+00:00,ema_spread_atr_12_48b__high_abs,1.3435204634485103,"expanding abs q70 using observations <= prediction_timestamp, min_periods=300"
2026-08-07 13:30:00+00:00,ema_spread_atr_12_48b__high_abs,1.3441633993779247,"expanding abs q70 using observations <= prediction_timestamp, min_periods=300"
2026-08-07 14:00:00+00:00,ema_spread_atr_12_48b__high_abs,1.3438878554081755,"expanding abs q70 using observations <= prediction_timestamp, min_periods=300"
2026-08-07 14:30:00+00:00,ema_spread_atr_12_48b__high_abs,1.3436123114384266,"expanding abs q70 using observations <= prediction_timestamp, min_periods=300"
2026-08-07 15:00:00+00:00,ema_spread_atr_12_48b__high_abs,1.3435165714345962,"expanding abs q70 using observations <= prediction_timestamp, min_periods=300"
2026-08-07 15:30:00+00:00,ema_spread_atr_12_48b__high_abs,1.343510733413725,"expanding abs q70 using observations <= prediction_timestamp, min_periods=300"
2026-08-07 16:00:00+00:00,ema_spread_atr_12_48b__high_abs,1.3435048953928537,"expanding abs q70 using observations <= prediction_timestamp, min_periods=300"
2026-08-07 16:30:00+00:00,ema_spread_atr_12_48b__high_abs,1.3434828606281124,"expanding abs q70 using observations <= prediction_timestamp, min_periods=300"
2026-08-07 17:00:00+00:00,ema_spread_atr_12_48b__high_abs,1.343428432375631,"expanding abs q70 using observations <= prediction_timestamp, min_periods=300"
2026-08-07 17:30:00+00:00,ema_spread_atr_12_48b__high_abs,1.3433740041231492,"expanding abs q70 using observations <= prediction_timestamp, min_periods=300"
2026-08-07 18:00:00+00:00,ema_spread_atr_12_48b__high_abs,1.3433195758706677,"expanding abs q70 using observations <= prediction_timestamp, min_periods=300"
2026-08-07 18:30:00+00:00,ema_spread_atr_12_48b__high_abs,1.3426614322755974,"expanding abs q70 using observations <= prediction_timestamp, min_periods=300"
2026-08-07 19:00:00+00:00,ema_spread_atr_12_48b__high_abs,1.342003288680527,"expanding abs q70 using observations <= prediction_timestamp, min_periods=300"
2026-08-07 19:30:00+00:00,ema_spread_atr_12_48b__high_abs,1.3413451450854579,"expanding abs q70 using observations <= prediction_timestamp, min_periods=300"
2026-08-07 20:00:00+00:00,ema_spread_atr_12_48b__high_abs,1.3410796696888359,"expanding abs q70 using observations <= prediction_timestamp, min_periods=300"
2026-08-07 20:30:00+00:00,ema_spread_atr_12_48b__high_abs,1.3410105283914375,"expanding abs q70 using observations <= prediction_timestamp, min_periods=300"
2026-08-07 21:00:00+00:00,ema_spread_atr_12_48b__high_abs,1.3409413870940392,"expanding abs q70 using observations <= prediction_timestamp, min_periods=300"
2026-08-07 21:30:00+00:00,ema_spread_atr_12_48b__high_abs,1.3408569791046925,"expanding abs q70 using observations <= prediction_timestamp, min_periods=300"
2026-08-07 22:00:00+00:00,ema_spread_atr_12_48b__high_abs,1.34074203773145,"expanding abs q70 using observations <= prediction_timestamp, min_periods=300"
2026-08-07 22:30:00+00:00,ema_spread_atr_12_48b__high_abs,1.3406270963582074,"expanding abs q70 using observations <= prediction_timestamp, min_periods=300"
2026-08-07 23:00:00+00:00,ema_spread_atr_12_48b__high_abs,1.3405121549849648,"expanding abs q70 using observations <= prediction_timestamp, min_periods=300"
2026-08-07 23:30:00+00:00,ema_spread_atr_12_48b__high_abs,1.340214455652687,"expanding abs q70 using observations <= prediction_timestamp, min_periods=300"
2026-08-08 00:00:00+00:00,ema_spread_atr_12_48b__high_abs,1.339916756320409,"expanding abs q70 using observations <= prediction_timestamp, min_periods=300"
2026-08-08 00:30:00+00:00,ema_spread_atr_12_48b__high_abs,1.3396190569881319,"expanding abs q70 using observations <= prediction_timestamp, min_periods=300"
2026-08-08 01:00:00+00:00,ema_spread_atr_12_48b__high_abs,1.3393841974977156,"expanding abs q70 using observations <= prediction_timestamp, min_periods=300"
2026-08-08 01:30:00+00:00,ema_spread_atr_12_48b__high_abs,1.3391807579282307,"expanding abs q70 using observations <= prediction_timestamp, min_periods=300"
2026-08-08 02:00:00+00:00,ema_spread_atr_12_48b__high_abs,1.3389773183587452,"expanding abs q70 using observations <= prediction_timestamp, min_periods=300"
2026-08-08 02:30:00+00:00,ema_spread_atr_12_48b__high_abs,1.3388373331287968,"expanding abs q70 using observations <= prediction_timestamp, min_periods=300"
2026-08-08 03:00:00+00:00,ema_spread_atr_12_48b__high_abs,1.338824256577922,"expanding abs q70 using observations <= prediction_timestamp, min_periods=300"
2026-08-08 03:30:00+00:00,ema_spread_atr_12_48b__high_abs,1.3388111800270472,"expanding abs q70 using observations <= prediction_timestamp, min_periods=300"
2026-08-08 04:00:00+00:00,ema_spread_atr_12_48b__high_abs,1.3388416919790884,"expanding abs q70 using observations <= prediction_timestamp, min_periods=300"
2026-08-08 04:30:00+00:00,ema_spread_atr_12_48b__high_abs,1.3393163843078872,"expanding abs q70 using observations <= prediction_timestamp, min_periods=300"
2026-08-08 05:00:00+00:00,ema_spread_atr_12_48b__high_abs,1.3391129447384018,"expanding abs q70 using observations <= prediction_timestamp, min_periods=300"
2026-08-08 05:30:00+00:00,ema_spread_atr_12_48b__high_abs,1.3389095051689168,"expanding abs q70 using observations <= prediction_timestamp, min_periods=300"
2026-08-08 06:00:00+00:00,ema_spread_atr_12_48b__high_abs,1.3388329742785052,"expanding abs q70 using observations <= prediction_timestamp, min_periods=300"
2026-08-08 06:30:00+00:00,ema_spread_atr_12_48b__high_abs,1.3388198977276304,"expanding abs q70 using observations <= prediction_timestamp, min_periods=300"
2026-08-08 07:00:00+00:00,ema_spread_atr_12_48b__high_abs,1.3388068211767556,"expanding abs q70 using observations <= prediction_timestamp, min_periods=300"
2026-08-08 07:30:00+00:00,ema_spread_atr_12_48b__high_abs,1.3387910177654352,"expanding abs q70 using observations <= prediction_timestamp, min_periods=300"
2026-08-08 08:00:00+00:00,ema_spread_atr_12_48b__high_abs,1.3387697606332232,"expanding abs q70 using observations <= prediction_timestamp, min_periods=300"
2026-08-08 08:30:00+00:00,ema_spread_atr_12_48b__high_abs,1.3387485035010114,"expanding abs q70 using observations <= prediction_timestamp, min_periods=300"
2026-08-08 09:00:00+00:00,ema_spread_atr_12_48b__high_abs,1.3387272463687994,"expanding abs q70 using observations <= prediction_timestamp, min_periods=300"
2026-08-08 09:30:00+00:00,ema_spread_atr_12_48b__high_abs,1.3380877317395565,"expanding abs q70 using observations <= prediction_timestamp, min_periods=300"
2026-08-08 10:00:00+00:00,ema_spread_atr_12_48b__high_abs,1.3387555892117486,"expanding abs q70 using observations <= prediction_timestamp, min_periods=300"
2026-08-08 10:30:00+00:00,ema_spread_atr_12_48b__high_abs,1.338802462326464,"expanding abs q70 using observations <= prediction_timestamp, min_periods=300"
2026-08-08 11:00:00+00:00,ema_spread_atr_12_48b__high_abs,1.3388329742785052,"expanding abs q70 using observations <= prediction_timestamp, min_periods=300"
2026-08-08 11:30:00+00:00,ema_spread_atr_12_48b__high_abs,1.3391807579282307,"expanding abs q70 using observations <= prediction_timestamp, min_periods=300"
2026-08-08 12:00:00+00:00,ema_spread_atr_12_48b__high_abs,1.3389773183587452,"expanding abs q70 using observations <= prediction_timestamp, min_periods=300"
2026-08-08 12:30:00+00:00,ema_spread_atr_12_48b__high_abs,1.3388373331287968,"expanding abs q70 using observations <= prediction_timestamp, min_periods=300"
2026-08-08 13:00:00+00:00,ema_spread_atr_12_48b__high_abs,1.338824256577922,"expanding abs q70 using observations <= prediction_timestamp, min_periods=300"
2026-08-08 13:30:00+00:00,ema_spread_atr_12_48b__high_abs,1.3388111800270472,"expanding abs q70 using observations <= prediction_timestamp, min_periods=300"
2026-08-08 14:00:00+00:00,ema_spread_atr_12_48b__high_abs,1.3387981034761725,"expanding abs q70 using observations <= prediction_timestamp, min_periods=300"
2026-08-08 14:30:00+00:00,ema_spread_atr_12_48b__high_abs,1.3388286154282136,"expanding abs q70 using observations <= prediction_timestamp, min_periods=300"
2026-08-08 15:00:00+00:00,ema_spread_atr_12_48b__high_abs,1.3391129447384018,"expanding abs q70 using observations <= prediction_timestamp, min_periods=300"
2026-08-08 15:30:00+00:00,ema_spread_atr_12_48b__high_abs,1.3389095051689168,"expanding abs q70 using observations <= prediction_timestamp, min_periods=300"
2026-08-08 16:00:00+00:00,ema_spread_atr_12_48b__high_abs,1.3388329742785052,"expanding abs q70 using observations <= prediction_timestamp, min_periods=300"
2026-08-08 16:30:00+00:00,ema_spread_atr_12_48b__high_abs,1.3388198977276304,"expanding abs q70 using observations <= prediction_timestamp, min_periods=300"
2026-08-08 17:00:00+00:00,ema_spread_atr_12_48b__high_abs,1.3388068211767556,"expanding abs q70 using observations <= prediction_timestamp, min_periods=300"
2026-08-08 17:30:00+00:00,ema_spread_atr_12_48b__high_abs,1.3387910177654352,"expanding abs q70 using observations <= prediction_timestamp, min_periods=300"
2026-08-08 18:00:00+00:00,ema_spread_atr_12_48b__high_abs,1.3387697606332232,"expanding abs q70 using observations <= prediction_timestamp, min_periods=300"
2026-08-08 18:30:00+00:00,ema_spread_atr_12_48b__high_abs,1.3387485035010114,"expanding abs q70 using observations <= prediction_timestamp, min_periods=300"
2026-08-08 19:00:00+00:00,ema_spread_atr_12_48b__high_abs,1.3387272463687994,"expanding abs q70 using observations <= prediction_timestamp, min_periods=300"
2026-08-08 19:30:00+00:00,ema_spread_atr_12_48b__high_abs,1.3380877317395565,"expanding abs q70 using observations <= prediction_timestamp, min_periods=300"
2026-08-08 20:00:00+00:00,ema_spread_atr_12_48b__high_abs,1.3374482171103137,"expanding abs q70 using observations <= prediction_timestamp, min_periods=300"
2026-08-08 20:30:00+00:00,ema_spread_atr_12_48b__high_abs,1.3368087024810718,"expanding abs q70 using observations <= prediction_timestamp, min_periods=300"
2026-08-08 21:00:00+00:00,ema_spread_atr_12_48b__high_abs,1.3363587868068227,"expanding abs q70 using observations <= prediction_timestamp, min_periods=300"
2026-08-08 21:30:00+00:00,ema_spread_atr_12_48b__high_abs,1.336003670610071,"expanding abs q70 using observations <= prediction_timestamp, min_periods=300"
2026-08-08 22:00:00+00:00,ema_spread_atr_12_48b__high_abs,1.3356485544133188,"expanding abs q70 using observations <= prediction_timestamp, min_periods=300"
2026-08-08 22:30:00+00:00,ema_spread_atr_12_48b__high_abs,1.3354071589223777,"expanding abs q70 using observations <= prediction_timestamp, min_periods=300"
2026-08-08 23:00:00+00:00,ema_spread_atr_12_48b__high_abs,1.336122042675655,"expanding abs q70 using observations <= prediction_timestamp, min_periods=300"
2026-08-08 23:30:00+00:00,ema_spread_atr_12_48b__high_abs,1.337235045567233,"expanding abs q70 using observations <= prediction_timestamp, min_periods=300"
2026-08-09 00:00:00+00:00,ema_spread_atr_12_48b__high_abs,1.3387272463687994,"expanding abs q70 using observations <= prediction_timestamp, min_periods=300"
2026-08-09 00:30:00+00:00,ema_spread_atr_12_48b__high_abs,1.3380877317395565,"expanding abs q70 using observations <= prediction_timestamp, min_periods=300"
2026-08-09 01:00:00+00:00,ema_spread_atr_12_48b__high_abs,1.3374482171103137,"expanding abs q70 using observations <= prediction_timestamp, min_periods=300"
2026-08-09 01:30:00+00:00,ema_spread_atr_12_48b__high_abs,1.3368087024810718,"expanding abs q70 using observations <= prediction_timestamp, min_periods=300"
2026-08-09 02:00:00+00:00,ema_spread_atr_12_48b__high_abs,1.3363587868068227,"expanding abs q70 using observations <= prediction_timestamp, min_periods=300"
2026-08-09 02:30:00+00:00,ema_spread_atr_12_48b__high_abs,1.336003670610071,"expanding abs q70 using observations <= prediction_timestamp, min_periods=300"
2026-08-09 03:00:00+00:00,ema_spread_atr_12_48b__high_abs,1.3370218740241524,"expanding abs q70 using observations <= prediction_timestamp, min_periods=300"
2026-08-09 03:30:00+00:00,ema_spread_atr_12_48b__high_abs,1.3385140748257178,"expanding abs q70 using observations <= prediction_timestamp, min_periods=300"
2026-08-09 04:00:00+00:00,ema_spread_atr_12_48b__high_abs,1.3387697606332232,"expanding abs q70 using observations <= prediction_timestamp, min_periods=300"
2026-08-09 04:30:00+00:00,ema_spread_atr_12_48b__high_abs,1.3387485035010114,"expanding abs q70 using observations <= prediction_timestamp, min_periods=300"
2026-08-09 05:00:00+00:00,ema_spread_atr_12_48b__high_abs,1.3387272463687994,"expanding abs q70 using observations <= prediction_timestamp, min_periods=300"
2026-08-09 05:30:00+00:00,ema_spread_atr_12_48b__high_abs,1.3380877317395565,"expanding abs q70 using observations <= prediction_timestamp, min_periods=300"
2026-08-09 06:00:00+00:00,ema_spread_atr_12_48b__high_abs,1.3374482171103137,"expanding abs q70 using observations <= prediction_timestamp, min_periods=300"
2026-08-09 06:30:00+00:00,ema_spread_atr_12_48b__high_abs,1.3368087024810718,"expanding abs q70 using observations <= prediction_timestamp, min_periods=300"
2026-08-09 07:00:00+00:00,ema_spread_atr_12_48b__high_abs,1.3383009032826372,"expanding abs q70 using observations <= prediction_timestamp, min_periods=300"
2026-08-09 07:30:00+00:00,ema_spread_atr_12_48b__high_abs,1.338762674922486,"expanding abs q70 using observations <= prediction_timestamp, min_periods=300"
2026-08-09 08:00:00+00:00,ema_spread_atr_12_48b__high_abs,1.3388068211767556,"expanding abs q70 using observations <= prediction_timestamp, min_periods=300"
2026-08-09 08:30:00+00:00,ema_spread_atr_12_48b__high_abs,1.3388373331287968,"expanding abs q70 using observations <= prediction_timestamp, min_periods=300"
2026-08-09 09:00:00+00:00,ema_spread_atr_12_48b__high_abs,1.338824256577922,"expanding abs q70 using observations <= prediction_timestamp, min_periods=300"
2026-08-09 09:30:00+00:00,ema_spread_atr_12_48b__high_abs,1.3388111800270472,"expanding abs q70 using observations <= prediction_timestamp, min_periods=300"
2026-08-09 10:00:00+00:00,ema_spread_atr_12_48b__high_abs,1.3387981034761725,"expanding abs q70 using observations <= prediction_timestamp, min_periods=300"
2026-08-09 10:30:00+00:00,ema_spread_atr_12_48b__high_abs,1.3388286154282136,"expanding abs q70 using observations <= prediction_timestamp, min_periods=300"
2026-08-09 11:00:00+00:00,ema_spread_atr_12_48b__high_abs,1.3388155388773388,"expanding abs q70 using observations <= prediction_timestamp, min_periods=300"
2026-08-09 11:30:00+00:00,ema_spread_atr_12_48b__high_abs,1.338802462326464,"expanding abs q70 using observations <= prediction_timestamp, min_periods=300"
2026-08-09 12:00:00+00:00,ema_spread_atr_12_48b__high_abs,1.338783932054698,"expanding abs q70 using observations <= prediction_timestamp, min_periods=300"
2026-08-09 12:30:00+00:00,ema_spread_atr_12_48b__high_abs,1.338762674922486,"expanding abs q70 using observations <= prediction_timestamp, min_periods=300"
2026-08-09 13:00:00+00:00,ema_spread_atr_12_48b__high_abs,1.338741417790274,"expanding abs q70 using observations <= prediction_timestamp, min_periods=300"
2026-08-09 13:30:00+00:00,ema_spread_atr_12_48b__high_abs,1.3387910177654352,"expanding abs q70 using observations <= prediction_timestamp, min_periods=300"
2026-08-09 14:00:00+00:00,ema_spread_atr_12_48b__high_abs,1.338824256577922,"expanding abs q70 using observations <= prediction_timestamp, min_periods=300"
2026-08-09 14:30:00+00:00,ema_spread_atr_12_48b__high_abs,1.3390451315485734,"expanding abs q70 using observations <= prediction_timestamp, min_periods=300"
2026-08-09 15:00:00+00:00,ema_spread_atr_12_48b__high_abs,1.3395198238773727,"expanding abs q70 using observations <= prediction_timestamp, min_periods=300"
2026-08-09 15:30:00+00:00,ema_spread_atr_12_48b__high_abs,1.340214455652687,"expanding abs q70 using observations <= prediction_timestamp, min_periods=300"
2026-08-09 16:00:00+00:00,ema_spread_atr_12_48b__high_abs,1.340665410149288,"expanding abs q70 using observations <= prediction_timestamp, min_periods=300"
2026-08-09 16:30:00+00:00,ema_spread_atr_12_48b__high_abs,1.3405504687760457,"expanding abs q70 using observations <= prediction_timestamp, min_periods=300"
2026-08-09 17:00:00+00:00,ema_spread_atr_12_48b__high_abs,1.3403136887634461,"expanding abs q70 using observations <= prediction_timestamp, min_periods=300"
2026-08-09 17:30:00+00:00,ema_spread_atr_12_48b__high_abs,1.3400159894311687,"expanding abs q70 using observations <= prediction_timestamp, min_periods=300"
2026-08-09 18:00:00+00:00,ema_spread_atr_12_48b__high_abs,1.3397182900988909,"expanding abs q70 using observations <= prediction_timestamp, min_periods=300"
2026-08-09 18:30:00+00:00,ema_spread_atr_12_48b__high_abs,1.339452010687544,"expanding abs q70 using observations <= prediction_timestamp, min_periods=300"
2026-08-09 19:00:00+00:00,ema_spread_atr_12_48b__high_abs,1.3392485711180588,"expanding abs q70 using observations <= prediction_timestamp, min_periods=300"
2026-08-09 19:30:00+00:00,ema_spread_atr_12_48b__high_abs,1.3390451315485734,"expanding abs q70 using observations <= prediction_timestamp, min_periods=300"
2026-08-09 20:00:00+00:00,ema_spread_atr_12_48b__high_abs,1.3388416919790884,"expanding abs q70 using observations <= prediction_timestamp, min_periods=300"
2026-08-09 20:30:00+00:00,ema_spread_atr_12_48b__high_abs,1.3393163843078872,"expanding abs q70 using observations <= prediction_timestamp, min_periods=300"
2026-08-09 21:00:00+00:00,ema_spread_atr_12_48b__high_abs,1.339916756320409,"expanding abs q70 using observations <= prediction_timestamp, min_periods=300"
2026-08-09 21:30:00+00:00,ema_spread_atr_12_48b__high_abs,1.3396190569881319,"expanding abs q70 using observations <= prediction_timestamp, min_periods=300"
2026-08-09 22:00:00+00:00,ema_spread_atr_12_48b__high_abs,1.3403136887634461,"expanding abs q70 using observations <= prediction_timestamp, min_periods=300"
2026-08-09 22:30:00+00:00,ema_spread_atr_12_48b__high_abs,1.3407037239403692,"expanding abs q70 using observations <= prediction_timestamp, min_periods=300"
2026-08-09 23:00:00+00:00,ema_spread_atr_12_48b__high_abs,1.3405887825671265,"expanding abs q70 using observations <= prediction_timestamp, min_periods=300"
2026-08-09 23:30:00+00:00,ema_spread_atr_12_48b__high_abs,1.3408569791046925,"expanding abs q70 using observations <= prediction_timestamp, min_periods=300"
2026-08-10 00:00:00+00:00,ema_spread_atr_12_48b__high_abs,1.3410335754905702,"expanding abs q70 using observations <= prediction_timestamp, min_periods=300"
2026-08-10 00:30:00+00:00,ema_spread_atr_12_48b__high_abs,1.340964434193172,"expanding abs q70 using observations <= prediction_timestamp, min_periods=300"
2026-08-10 01:00:00+00:00,ema_spread_atr_12_48b__high_abs,1.3408952928957736,"expanding abs q70 using observations <= prediction_timestamp, min_periods=300"
2026-08-10 01:30:00+00:00,ema_spread_atr_12_48b__high_abs,1.340780351522531,"expanding abs q70 using observations <= prediction_timestamp, min_periods=300"
2026-08-10 02:00:00+00:00,ema_spread_atr_12_48b__high_abs,1.340665410149288,"expanding abs q70 using observations <= prediction_timestamp, min_periods=300"
2026-08-10 02:30:00+00:00,ema_spread_atr_12_48b__high_abs,1.3405504687760457,"expanding abs q70 using observations <= prediction_timestamp, min_periods=300"
2026-08-10 03:00:00+00:00,ema_spread_atr_12_48b__high_abs,1.3403136887634461,"expanding abs q70 using observations <= prediction_timestamp, min_periods=300"
2026-08-10 03:30:00+00:00,ema_spread_atr_12_48b__high_abs,1.3400159894311687,"expanding abs q70 using observations <= prediction_timestamp, min_periods=300"
2026-08-10 04:00:00+00:00,ema_spread_atr_12_48b__high_abs,1.3397182900988909,"expanding abs q70 using observations <= prediction_timestamp, min_periods=300"
2026-08-10 04:30:00+00:00,ema_spread_atr_12_48b__high_abs,1.339452010687544,"expanding abs q70 using observations <= prediction_timestamp, min_periods=300"
2026-08-10 05:00:00+00:00,ema_spread_atr_12_48b__high_abs,1.3392485711180588,"expanding abs q70 using observations <= prediction_timestamp, min_periods=300"
2026-08-10 05:30:00+00:00,ema_spread_atr_12_48b__high_abs,1.3390451315485734,"expanding abs q70 using observations <= prediction_timestamp, min_periods=300"
2026-08-10 06:00:00+00:00,ema_spread_atr_12_48b__high_abs,1.3388416919790884,"expanding abs q70 using observations <= prediction_timestamp, min_periods=300"
2026-08-10 06:30:00+00:00,ema_spread_atr_12_48b__high_abs,1.3388286154282136,"expanding abs q70 using observations <= prediction_timestamp, min_periods=300"
2026-08-10 07:00:00+00:00,ema_spread_atr_12_48b__high_abs,1.3391129447384018,"expanding abs q70 using observations <= prediction_timestamp, min_periods=300"
2026-08-10 07:30:00+00:00,ema_spread_atr_12_48b__high_abs,1.3396190569881319,"expanding abs q70 using observations <= prediction_timestamp, min_periods=300"
2026-08-10 08:00:00+00:00,ema_spread_atr_12_48b__high_abs,1.3393841974977156,"expanding abs q70 using observations <= prediction_timestamp, min_periods=300"
2026-08-10 08:30:00+00:00,ema_spread_atr_12_48b__high_abs,1.3391807579282307,"expanding abs q70 using observations <= prediction_timestamp, min_periods=300"
2026-08-10 09:00:00+00:00,ema_spread_atr_12_48b__high_abs,1.3389773183587452,"expanding abs q70 using observations <= prediction_timestamp, min_periods=300"
2026-08-10 09:30:00+00:00,ema_spread_atr_12_48b__high_abs,1.3388373331287968,"expanding abs q70 using observations <= prediction_timestamp, min_periods=300"
2026-08-10 10:00:00+00:00,ema_spread_atr_12_48b__high_abs,1.3392485711180588,"expanding abs q70 using observations <= prediction_timestamp, min_periods=300"
2026-08-10 10:30:00+00:00,ema_spread_atr_12_48b__high_abs,1.33981752320965,"expanding abs q70 using observations <= prediction_timestamp, min_periods=300"
2026-08-10 11:00:00+00:00,ema_spread_atr_12_48b__high_abs,1.3405121549849648,"expanding abs q70 using observations <= prediction_timestamp, min_periods=300"
2026-08-10 11:30:00+00:00,ema_spread_atr_12_48b__high_abs,1.340214455652687,"expanding abs q70 using observations <= prediction_timestamp, min_periods=300"
2026-08-10 12:00:00+00:00,ema_spread_atr_12_48b__high_abs,1.339916756320409,"expanding abs q70 using observations <= prediction_timestamp, min_periods=300"
2026-08-10 12:30:00+00:00,ema_spread_atr_12_48b__high_abs,1.3396190569881319,"expanding abs q70 using observations <= prediction_timestamp, min_periods=300"
2026-08-10 13:00:00+00:00,ema_spread_atr_12_48b__high_abs,1.3403136887634461,"expanding abs q70 using observations <= prediction_timestamp, min_periods=300"
2026-08-10 13:30:00+00:00,ema_spread_atr_12_48b__high_abs,1.3407037239403692,"expanding abs q70 using observations <= prediction_timestamp, min_periods=300"
2026-08-10 14:00:00+00:00,ema_spread_atr_12_48b__high_abs,1.3409413870940392,"expanding abs q70 using observations <= prediction_timestamp, min_periods=300"
2026-08-10 14:30:00+00:00,ema_spread_atr_12_48b__high_abs,1.3411027167879686,"expanding abs q70 using observations <= prediction_timestamp, min_periods=300"
2026-08-10 15:00:00+00:00,ema_spread_atr_12_48b__high_abs,1.341471130497922,"expanding abs q70 using observations <= prediction_timestamp, min_periods=300"
2026-08-10 15:30:00+00:00,ema_spread_atr_12_48b__high_abs,1.342186835194795,"expanding abs q70 using observations <= prediction_timestamp, min_periods=300"
2026-08-10 16:00:00+00:00,ema_spread_atr_12_48b__high_abs,1.3433195758706677,"expanding abs q70 using observations <= prediction_timestamp, min_periods=300"
2026-08-10 16:30:00+00:00,ema_spread_atr_12_48b__high_abs,1.343446575126458,"expanding abs q70 using observations <= prediction_timestamp, min_periods=300"
2026-08-10 17:00:00+00:00,ema_spread_atr_12_48b__high_abs,1.343508787406768,"expanding abs q70 using observations <= prediction_timestamp, min_periods=300"
2026-08-10 17:30:00+00:00,ema_spread_atr_12_48b__high_abs,1.3436123114384266,"expanding abs q70 using observations <= prediction_timestamp, min_periods=300"
2026-08-10 18:00:00+00:00,ema_spread_atr_12_48b__high_abs,1.344255247367841,"expanding abs q70 using observations <= prediction_timestamp, min_periods=300"
2026-08-10 18:30:00+00:00,ema_spread_atr_12_48b__high_abs,1.344909514940701,"expanding abs q70 using observations <= prediction_timestamp, min_periods=300"
2026-08-10 19:00:00+00:00,ema_spread_atr_12_48b__high_abs,1.3453891714698922,"expanding abs q70 using observations <= prediction_timestamp, min_periods=300"
2026-08-10 19:30:00+00:00,ema_spread_atr_12_48b__high_abs,1.3452859722151222,"expanding abs q70 using observations <= prediction_timestamp, min_periods=300"
2026-08-10 20:00:00+00:00,ema_spread_atr_12_48b__high_abs,1.3450036292593064,"expanding abs q70 using observations <= prediction_timestamp, min_periods=300"
2026-08-10 20:30:00+00:00,ema_spread_atr_12_48b__high_abs,1.3447212863034899,"expanding abs q70 using observations <= prediction_timestamp, min_periods=300"
2026-08-10 21:00:00+00:00,ema_spread_atr_12_48b__high_abs,1.344438943347674,"expanding abs q70 using observations <= prediction_timestamp, min_periods=300"
2026-08-10 21:30:00+00:00,ema_spread_atr_12_48b__high_abs,1.3441633993779247,"expanding abs q70 using observations <= prediction_timestamp, min_periods=300"
2026-08-10 22:00:00+00:00,ema_spread_atr_12_48b__high_abs,1.3438878554081755,"expanding abs q70 using observations <= prediction_timestamp, min_periods=300"
2026-08-10 22:30:00+00:00,ema_spread_atr_12_48b__high_abs,1.3436123114384266,"expanding abs q70 using observations <= prediction_timestamp, min_periods=300"
2026-08-10 23:00:00+00:00,ema_spread_atr_12_48b__high_abs,1.3435165714345962,"expanding abs q70 using observations <= prediction_timestamp, min_periods=300"
2026-08-10 23:30:00+00:00,ema_spread_atr_12_48b__high_abs,1.343510733413725,"expanding abs q70 using observations <= prediction_timestamp, min_periods=300"
2026-08-11 00:00:00+00:00,ema_spread_atr_12_48b__high_abs,1.3435048953928537,"expanding abs q70 using observations <= prediction_timestamp, min_periods=300"
2026-08-11 00:30:00+00:00,ema_spread_atr_12_48b__high_abs,1.3434828606281124,"expanding abs q70 using observations <= prediction_timestamp, min_periods=300"
2026-08-11 01:00:00+00:00,ema_spread_atr_12_48b__high_abs,1.343428432375631,"expanding abs q70 using observations <= prediction_timestamp, min_periods=300"
2026-08-11 01:30:00+00:00,ema_spread_atr_12_48b__high_abs,1.3433740041231492,"expanding abs q70 using observations <= prediction_timestamp, min_periods=300"
2026-08-11 02:00:00+00:00,ema_spread_atr_12_48b__high_abs,1.3433195758706677,"expanding abs q70 using observations <= prediction_timestamp, min_periods=300"
2026-08-11 02:30:00+00:00,ema_spread_atr_12_48b__high_abs,1.342834115581008,"expanding abs q70 using observations <= prediction_timestamp, min_periods=300"
2026-08-11 03:00:00+00:00,ema_spread_atr_12_48b__high_abs,1.342348655291348,"expanding abs q70 using observations <= prediction_timestamp, min_periods=300"
2026-08-11 03:30:00+00:00,ema_spread_atr_12_48b__high_abs,1.3418631950016888,"expanding abs q70 using observations <= prediction_timestamp, min_periods=300"
2026-08-11 04:00:00+00:00,ema_spread_atr_12_48b__high_abs,1.3415862527015288,"expanding abs q70 using observations <= prediction_timestamp, min_periods=300"
2026-08-11 04:30:00+00:00,ema_spread_atr_12_48b__high_abs,1.3414135693961187,"expanding abs q70 using observations <= prediction_timestamp, min_periods=300"
2026-08-11 05:00:00+00:00,ema_spread_atr_12_48b__high_abs,1.3412408860907084,"expanding abs q70 using observations <= prediction_timestamp, min_periods=300"
2026-08-11 05:30:00+00:00,ema_spread_atr_12_48b__high_abs,1.3411027167879686,"expanding abs q70 using observations <= prediction_timestamp, min_periods=300"
2026-08-11 06:00:00+00:00,ema_spread_atr_12_48b__high_abs,1.341471130497922,"expanding abs q70 using observations <= prediction_timestamp, min_periods=300"
2026-08-11 06:30:00+00:00,ema_spread_atr_12_48b__high_abs,1.342186835194795,"expanding abs q70 using observations <= prediction_timestamp, min_periods=300"
2026-08-11 07:00:00+00:00,ema_spread_atr_12_48b__high_abs,1.3433195758706677,"expanding abs q70 using observations <= prediction_timestamp, min_periods=300"
2026-08-11 07:30:00+00:00,ema_spread_atr_12_48b__high_abs,1.342834115581008,"expanding abs q70 using observations <= prediction_timestamp, min_periods=300"
2026-08-11 08:00:00+00:00,ema_spread_atr_12_48b__high_abs,1.342348655291348,"expanding abs q70 using observations <= prediction_timestamp, min_periods=300"
2026-08-11 08:30:00+00:00,ema_spread_atr_12_48b__high_abs,1.3418631950016888,"expanding abs q70 using observations <= prediction_timestamp, min_periods=300"
2026-08-11 09:00:00+00:00,ema_spread_atr_12_48b__high_abs,1.3415862527015288,"expanding abs q70 using observations <= prediction_timestamp, min_periods=300"
2026-08-11 09:30:00+00:00,ema_spread_atr_12_48b__high_abs,1.3414135693961187,"expanding abs q70 using observations <= prediction_timestamp, min_periods=300"
2026-08-11 10:00:00+00:00,ema_spread_atr_12_48b__high_abs,1.342025015098242,"expanding abs q70 using observations <= prediction_timestamp, min_periods=300"
2026-08-11 10:30:00+00:00,ema_spread_atr_12_48b__high_abs,1.343157755774114,"expanding abs q70 using observations <= prediction_timestamp, min_periods=300"
2026-08-11 11:00:00+00:00,ema_spread_atr_12_48b__high_abs,1.343428432375631,"expanding abs q70 using observations <= prediction_timestamp, min_periods=300"
2026-08-11 11:30:00+00:00,ema_spread_atr_12_48b__high_abs,1.3435068413998108,"expanding abs q70 using observations <= prediction_timestamp, min_periods=300"
2026-08-11 12:00:00+00:00,ema_spread_atr_12_48b__high_abs,1.3435204634485103,"expanding abs q70 using observations <= prediction_timestamp, min_periods=300"
2026-08-11 12:30:00+00:00,ema_spread_atr_12_48b__high_abs,1.3441633993779247,"expanding abs q70 using observations <= prediction_timestamp, min_periods=300"
2026-08-11 13:00:00+00:00,ema_spread_atr_12_48b__high_abs,1.3438878554081755,"expanding abs q70 using observations <= prediction_timestamp, min_periods=300"
2026-08-11 13:30:00+00:00,ema_spread_atr_12_48b__high_abs,1.3436123114384266,"expanding abs q70 using observations <= prediction_timestamp, min_periods=300"
2026-08-11 14:00:00+00:00,ema_spread_atr_12_48b__high_abs,1.3435165714345962,"expanding abs q70 using observations <= prediction_timestamp, min_periods=300"
2026-08-11 14:30:00+00:00,ema_spread_atr_12_48b__high_abs,1.343510733413725,"expanding abs q70 using observations <= prediction_timestamp, min_periods=300"
2026-08-11 15:00:00+00:00,ema_spread_atr_12_48b__high_abs,1.3437041594283428,"expanding abs q70 using observations <= prediction_timestamp, min_periods=300"
2026-08-11 15:30:00+00:00,ema_spread_atr_12_48b__high_abs,1.3443470953577572,"expanding abs q70 using observations <= prediction_timestamp, min_periods=300"
2026-08-11 16:00:00+00:00,ema_spread_atr_12_48b__high_abs,1.3450036292593064,"expanding abs q70 using observations <= prediction_timestamp, min_periods=300"
2026-08-11 16:30:00+00:00,ema_spread_atr_12_48b__high_abs,1.3453937139379744,"expanding abs q70 using observations <= prediction_timestamp, min_periods=300"
2026-08-11 17:00:00+00:00,ema_spread_atr_12_48b__high_abs,1.345425511214549,"expanding abs q70 using observations <= prediction_timestamp, min_periods=300"
2026-08-11 17:30:00+00:00,ema_spread_atr_12_48b__high_abs,1.3462399855989302,"expanding abs q70 using observations <= prediction_timestamp, min_periods=300"
2026-08-11 18:00:00+00:00,ema_spread_atr_12_48b__high_abs,1.3458909251484807,"expanding abs q70 using observations <= prediction_timestamp, min_periods=300"
2026-08-11 18:30:00+00:00,ema_spread_atr_12_48b__high_abs,1.345541864698032,"expanding abs q70 using observations <= prediction_timestamp, min_periods=300"
2026-08-11 19:00:00+00:00,ema_spread_atr_12_48b__high_abs,1.3454164262783848,"expanding abs q70 using observations <= prediction_timestamp, min_periods=300"
2026-08-11 19:30:00+00:00,ema_spread_atr_12_48b__high_abs,1.3454027988741384,"expanding abs q70 using observations <= prediction_timestamp, min_periods=300"
2026-08-11 20:00:00+00:00,ema_spread_atr_12_48b__high_abs,1.3456582181815149,"expanding abs q70 using observations <= prediction_timestamp, min_periods=300"
2026-08-11 20:30:00+00:00,ema_spread_atr_12_48b__high_abs,1.346472692565896,"expanding abs q70 using observations <= prediction_timestamp, min_periods=300"
2026-08-11 21:00:00+00:00,ema_spread_atr_12_48b__high_abs,1.34843063960442,"expanding abs q70 using observations <= prediction_timestamp, min_periods=300"
2026-08-11 21:30:00+00:00,ema_spread_atr_12_48b__high_abs,1.349727810526145,"expanding abs q70 using observations <= prediction_timestamp, min_periods=300"
2026-08-11 22:00:00+00:00,ema_spread_atr_12_48b__high_abs,1.349889841591217,"expanding abs q70 using observations <= prediction_timestamp, min_periods=300"
2026-08-11 22:30:00+00:00,ema_spread_atr_12_48b__high_abs,1.351372501982624,"expanding abs q70 using observations <= prediction_timestamp, min_periods=300"
2026-08-11 23:00:00+00:00,ema_spread_atr_12_48b__high_abs,1.350737076100592,"expanding abs q70 using observations <= prediction_timestamp, min_periods=300"
2026-08-11 23:30:00+00:00,ema_spread_atr_12_48b__high_abs,1.3501016502185608,"expanding abs q70 using observations <= prediction_timestamp, min_periods=300"
2026-08-12 00:00:00+00:00,ema_spread_atr_12_48b__high_abs,1.3498435470011965,"expanding abs q70 using observations <= prediction_timestamp, min_periods=300"
2026-08-12 00:30:00+00:00,ema_spread_atr_12_48b__high_abs,1.3497741051161656,"expanding abs q70 using observations <= prediction_timestamp, min_periods=300"
2026-08-12 01:00:00+00:00,ema_spread_atr_12_48b__high_abs,1.3497046632311347,"expanding abs q70 using observations <= prediction_timestamp, min_periods=300"
2026-08-12 01:30:00+00:00,ema_spread_atr_12_48b__high_abs,1.3493514363819394,"expanding abs q70 using observations <= prediction_timestamp, min_periods=300"
2026-08-12 02:00:00+00:00,ema_spread_atr_12_48b__high_abs,1.34843063960442,"expanding abs q70 using observations <= prediction_timestamp, min_periods=300"
2026-08-12 02:30:00+00:00,ema_spread_atr_12_48b__high_abs,1.347509842826899,"expanding abs q70 using observations <= prediction_timestamp, min_periods=300"
2026-08-12 03:00:00+00:00,ema_spread_atr_12_48b__high_abs,1.3465890460493795,"expanding abs q70 using observations <= prediction_timestamp, min_periods=300"
2026-08-12 03:30:00+00:00,ema_spread_atr_12_48b__high_abs,1.3462399855989302,"expanding abs q70 using observations <= prediction_timestamp, min_periods=300"
2026-08-12 04:00:00+00:00,ema_spread_atr_12_48b__high_abs,1.3458909251484807,"expanding abs q70 using observations <= prediction_timestamp, min_periods=300"
2026-08-12 04:30:00+00:00,ema_spread_atr_12_48b__high_abs,1.345541864698032,"expanding abs q70 using observations <= prediction_timestamp, min_periods=300"
2026-08-12 05:00:00+00:00,ema_spread_atr_12_48b__high_abs,1.3454164262783848,"expanding abs q70 using observations <= prediction_timestamp, min_periods=300"
2026-08-12 05:30:00+00:00,ema_spread_atr_12_48b__high_abs,1.3460072786319643,"expanding abs q70 using observations <= prediction_timestamp, min_periods=300"
2026-08-12 06:00:00+00:00,ema_spread_atr_12_48b__high_abs,1.347202910567726,"expanding abs q70 using observations <= prediction_timestamp, min_periods=300"
2026-08-12 06:30:00+00:00,ema_spread_atr_12_48b__high_abs,1.346472692565896,"expanding abs q70 using observations <= prediction_timestamp, min_periods=300"
2026-08-12 07:00:00+00:00,ema_spread_atr_12_48b__high_abs,1.3461236321154473,"expanding abs q70 using observations <= prediction_timestamp, min_periods=300"
2026-08-12 07:30:00+00:00,ema_spread_atr_12_48b__high_abs,1.3457745716649978,"expanding abs q70 using observations <= prediction_timestamp, min_periods=300"
2026-08-12 08:00:00+00:00,ema_spread_atr_12_48b__high_abs,1.345425511214549,"expanding abs q70 using observations <= prediction_timestamp, min_periods=300"
2026-08-12 08:30:00+00:00,ema_spread_atr_12_48b__high_abs,1.3454118838103026,"expanding abs q70 using observations <= prediction_timestamp, min_periods=300"
2026-08-12 09:00:00+00:00,ema_spread_atr_12_48b__high_abs,1.3453982564060565,"expanding abs q70 using observations <= prediction_timestamp, min_periods=300"
2026-08-12 09:30:00+00:00,ema_spread_atr_12_48b__high_abs,1.345541864698032,"expanding abs q70 using observations <= prediction_timestamp, min_periods=300"
2026-08-12 10:00:00+00:00,ema_spread_atr_12_48b__high_abs,1.3463563390824131,"expanding abs q70 using observations <= prediction_timestamp, min_periods=300"
2026-08-12 10:30:00+00:00,ema_spread_atr_12_48b__high_abs,1.3481237073452468,"expanding abs q70 using observations <= prediction_timestamp, min_periods=300"
2026-08-12 11:00:00+00:00,ema_spread_atr_12_48b__high_abs,1.3497046632311347,"expanding abs q70 using observations <= prediction_timestamp, min_periods=300"
2026-08-12 11:30:00+00:00,ema_spread_atr_12_48b__high_abs,1.3498666942962068,"expanding abs q70 using observations <= prediction_timestamp, min_periods=300"
2026-08-12 12:00:00+00:00,ema_spread_atr_12_48b__high_abs,1.3511606933552802,"expanding abs q70 using observations <= prediction_timestamp, min_periods=300"
2026-08-12 12:30:00+00:00,ema_spread_atr_12_48b__high_abs,1.3520384198292696,"expanding abs q70 using observations <= prediction_timestamp, min_periods=300"
2026-08-12 13:00:00+00:00,ema_spread_atr_12_48b__high_abs,1.352007927864656,"expanding abs q70 using observations <= prediction_timestamp, min_periods=300"
2026-08-12 13:30:00+00:00,ema_spread_atr_12_48b__high_abs,1.351372501982624,"expanding abs q70 using observations <= prediction_timestamp, min_periods=300"
2026-08-12 14:00:00+00:00,ema_spread_atr_12_48b__high_abs,1.350737076100592,"expanding abs q70 using observations <= prediction_timestamp, min_periods=300"
2026-08-12 14:30:00+00:00,ema_spread_atr_12_48b__high_abs,1.3520180918528606,"expanding abs q70 using observations <= prediction_timestamp, min_periods=300"
2026-08-12 15:00:00+00:00,ema_spread_atr_12_48b__high_abs,1.3520892397702926,"expanding abs q70 using observations <= prediction_timestamp, min_periods=300"
2026-08-12 15:30:00+00:00,ema_spread_atr_12_48b__high_abs,1.352058747805679,"expanding abs q70 using observations <= prediction_timestamp, min_periods=300"
2026-08-12 16:00:00+00:00,ema_spread_atr_12_48b__high_abs,1.3520282558410652,"expanding abs q70 using observations <= prediction_timestamp, min_periods=300"
2026-08-12 16:30:00+00:00,ema_spread_atr_12_48b__high_abs,1.3517961192373114,"expanding abs q70 using observations <= prediction_timestamp, min_periods=300"
2026-08-12 17:00:00+00:00,ema_spread_atr_12_48b__high_abs,1.3511606933552802,"expanding abs q70 using observations <= prediction_timestamp, min_periods=300"
2026-08-12 17:30:00+00:00,ema_spread_atr_12_48b__high_abs,1.3505252674732482,"expanding abs q70 using observations <= prediction_timestamp, min_periods=300"
2026-08-12 18:00:00+00:00,ema_spread_atr_12_48b__high_abs,1.349889841591217,"expanding abs q70 using observations <= prediction_timestamp, min_periods=300"
2026-08-12 18:30:00+00:00,ema_spread_atr_12_48b__high_abs,1.3498203997061862,"expanding abs q70 using observations <= prediction_timestamp, min_periods=300"
2026-08-12 19:00:00+00:00,ema_spread_atr_12_48b__high_abs,1.350737076100592,"expanding abs q70 using observations <= prediction_timestamp, min_periods=300"
2026-08-12 19:30:00+00:00,ema_spread_atr_12_48b__high_abs,1.3520180918528606,"expanding abs q70 using observations <= prediction_timestamp, min_periods=300"
2026-08-12 20:00:00+00:00,ema_spread_atr_12_48b__high_abs,1.3520892397702926,"expanding abs q70 using observations <= prediction_timestamp, min_periods=300"
2026-08-12 20:30:00+00:00,ema_spread_atr_12_48b__high_abs,1.3525738780835266,"expanding abs q70 using observations <= prediction_timestamp, min_periods=300"
2026-08-12 21:00:00+00:00,ema_spread_atr_12_48b__high_abs,1.3522952918814315,"expanding abs q70 using observations <= prediction_timestamp, min_periods=300"
2026-08-12 21:30:00+00:00,ema_spread_atr_12_48b__high_abs,1.3520994037584972,"expanding abs q70 using observations <= prediction_timestamp, min_periods=300"
2026-08-12 22:00:00+00:00,ema_spread_atr_12_48b__high_abs,1.3520689117938836,"expanding abs q70 using observations <= prediction_timestamp, min_periods=300"
2026-08-12 22:30:00+00:00,ema_spread_atr_12_48b__high_abs,1.3520384198292696,"expanding abs q70 using observations <= prediction_timestamp, min_periods=300"
2026-08-12 23:00:00+00:00,ema_spread_atr_12_48b__high_abs,1.352007927864656,"expanding abs q70 using observations <= prediction_timestamp, min_periods=300"
2026-08-12 23:30:00+00:00,ema_spread_atr_12_48b__high_abs,1.351372501982624,"expanding abs q70 using observations <= prediction_timestamp, min_periods=300"
2026-08-13 00:00:00+00:00,ema_spread_atr_12_48b__high_abs,1.350737076100592,"expanding abs q70 using observations <= prediction_timestamp, min_periods=300"
2026-08-13 00:30:00+00:00,ema_spread_atr_12_48b__high_abs,1.3501016502185608,"expanding abs q70 using observations <= prediction_timestamp, min_periods=300"
2026-08-13 01:00:00+00:00,ema_spread_atr_12_48b__high_abs,1.3498435470011965,"expanding abs q70 using observations <= prediction_timestamp, min_periods=300"
2026-08-13 01:30:00+00:00,ema_spread_atr_12_48b__high_abs,1.3497741051161656,"expanding abs q70 using observations <= prediction_timestamp, min_periods=300"
2026-08-13 02:00:00+00:00,ema_spread_atr_12_48b__high_abs,1.3497046632311347,"expanding abs q70 using observations <= prediction_timestamp, min_periods=300"
2026-08-13 02:30:00+00:00,ema_spread_atr_12_48b__high_abs,1.3493514363819394,"expanding abs q70 using observations <= prediction_timestamp, min_periods=300"
2026-08-13 03:00:00+00:00,ema_spread_atr_12_48b__high_abs,1.34843063960442,"expanding abs q70 using observations <= prediction_timestamp, min_periods=300"
2026-08-13 03:30:00+00:00,ema_spread_atr_12_48b__high_abs,1.347509842826899,"expanding abs q70 using observations <= prediction_timestamp, min_periods=300"
2026-08-13 04:00:00+00:00,ema_spread_atr_12_48b__high_abs,1.3465890460493795,"expanding abs q70 using observations <= prediction_timestamp, min_periods=300"
2026-08-13 04:30:00+00:00,ema_spread_atr_12_48b__high_abs,1.3487375718635932,"expanding abs q70 using observations <= prediction_timestamp, min_periods=300"
2026-08-13 05:00:00+00:00,ema_spread_atr_12_48b__high_abs,1.3497509578211553,"expanding abs q70 using observations <= prediction_timestamp, min_periods=300"
2026-08-13 05:30:00+00:00,ema_spread_atr_12_48b__high_abs,1.3501016502185608,"expanding abs q70 using observations <= prediction_timestamp, min_periods=300"
2026-08-13 06:00:00+00:00,ema_spread_atr_12_48b__high_abs,1.3515843106099676,"expanding abs q70 using observations <= prediction_timestamp, min_periods=300"
2026-08-13 06:30:00+00:00,ema_spread_atr_12_48b__high_abs,1.352058747805679,"expanding abs q70 using observations <= prediction_timestamp, min_periods=300"
2026-08-13 07:00:00+00:00,ema_spread_atr_12_48b__high_abs,1.3522952918814315,"expanding abs q70 using observations <= prediction_timestamp, min_periods=300"
2026-08-13 07:30:00+00:00,ema_spread_atr_12_48b__high_abs,1.352945326352986,"expanding abs q70 using observations <= prediction_timestamp, min_periods=300"
2026-08-13 08:00:00+00:00,ema_spread_atr_12_48b__high_abs,1.3534568454097538,"expanding abs q70 using observations <= prediction_timestamp, min_periods=300"
2026-08-13 08:30:00+00:00,ema_spread_atr_12_48b__high_abs,1.3532475169150524,"expanding abs q70 using observations <= prediction_timestamp, min_periods=300"
2026-08-13 09:00:00+00:00,ema_spread_atr_12_48b__high_abs,1.3530381884203513,"expanding abs q70 using observations <= prediction_timestamp, min_periods=300"
2026-08-13 09:30:00+00:00,ema_spread_atr_12_48b__high_abs,1.3535266215746542,"expanding abs q70 using observations <= prediction_timestamp, min_periods=300"
2026-08-13 10:00:00+00:00,ema_spread_atr_12_48b__high_abs,1.3538192033504073,"expanding abs q70 using observations <= prediction_timestamp, min_periods=300"
2026-08-13 10:30:00+00:00,ema_spread_atr_12_48b__high_abs,1.3539547000855237,"expanding abs q70 using observations <= prediction_timestamp, min_periods=300"
2026-08-13 11:00:00+00:00,ema_spread_atr_12_48b__high_abs,1.3540290177802934,"expanding abs q70 using observations <= prediction_timestamp, min_periods=300"
2026-08-13 11:30:00+00:00,ema_spread_atr_12_48b__high_abs,1.354214749833726,"expanding abs q70 using observations <= prediction_timestamp, min_periods=300"
2026-08-13 12:00:00+00:00,ema_spread_atr_12_48b__high_abs,1.3544104567008606,"expanding abs q70 using observations <= prediction_timestamp, min_periods=300"
2026-08-13 12:30:00+00:00,ema_spread_atr_12_48b__high_abs,1.3543463485748104,"expanding abs q70 using observations <= prediction_timestamp, min_periods=300"
2026-08-13 13:00:00+00:00,ema_spread_atr_12_48b__high_abs,1.354247649518997,"expanding abs q70 using observations <= prediction_timestamp, min_periods=300"
2026-08-13 13:30:00+00:00,ema_spread_atr_12_48b__high_abs,1.3541489504631836,"expanding abs q70 using observations <= prediction_timestamp, min_periods=300"
2026-08-13 14:00:00+00:00,ema_spread_atr_12_48b__high_abs,1.3540502514073705,"expanding abs q70 using observations <= prediction_timestamp, min_periods=300"
2026-08-13 14:30:00+00:00,ema_spread_atr_12_48b__high_abs,1.3540184009667549,"expanding abs q70 using observations <= prediction_timestamp, min_periods=300"
2026-08-13 15:00:00+00:00,ema_spread_atr_12_48b__high_abs,1.3539865505261393,"expanding abs q70 using observations <= prediction_timestamp, min_periods=300"
2026-08-13 15:30:00+00:00,ema_spread_atr_12_48b__high_abs,1.3539547000855237,"expanding abs q70 using observations <= prediction_timestamp, min_periods=300"
2026-08-13 16:00:00+00:00,ema_spread_atr_12_48b__high_abs,1.3539024566314593,"expanding abs q70 using observations <= prediction_timestamp, min_periods=300"
2026-08-13 16:30:00+00:00,ema_spread_atr_12_48b__high_abs,1.3538400166706703,"expanding abs q70 using observations <= prediction_timestamp, min_periods=300"
2026-08-13 17:00:00+00:00,ema_spread_atr_12_48b__high_abs,1.3539653168990622,"expanding abs q70 using observations <= prediction_timestamp, min_periods=300"
2026-08-13 17:30:00+00:00,ema_spread_atr_12_48b__high_abs,1.354039634593832,"expanding abs q70 using observations <= prediction_timestamp, min_periods=300"
2026-08-13 18:00:00+00:00,ema_spread_atr_12_48b__high_abs,1.3540077841532163,"expanding abs q70 using observations <= prediction_timestamp, min_periods=300"
2026-08-13 18:30:00+00:00,ema_spread_atr_12_48b__high_abs,1.3539759337126007,"expanding abs q70 using observations <= prediction_timestamp, min_periods=300"
2026-08-13 19:00:00+00:00,ema_spread_atr_12_48b__high_abs,1.3539440832719851,"expanding abs q70 using observations <= prediction_timestamp, min_periods=300"
2026-08-13 19:30:00+00:00,ema_spread_atr_12_48b__high_abs,1.3538816433111962,"expanding abs q70 using observations <= prediction_timestamp, min_periods=300"
2026-08-13 20:00:00+00:00,ema_spread_atr_12_48b__high_abs,1.3538192033504073,"expanding abs q70 using observations <= prediction_timestamp, min_periods=300"
2026-08-13 20:30:00+00:00,ema_spread_atr_12_48b__high_abs,1.3537567633896186,"expanding abs q70 using observations <= prediction_timestamp, min_periods=300"
2026-08-13 21:00:00+00:00,ema_spread_atr_12_48b__high_abs,1.3535963977395544,"expanding abs q70 using observations <= prediction_timestamp, min_periods=300"
2026-08-13 21:30:00+00:00,ema_spread_atr_12_48b__high_abs,1.3533870692448535,"expanding abs q70 using observations <= prediction_timestamp, min_periods=300"
2026-08-13 22:00:00+00:00,ema_spread_atr_12_48b__high_abs,1.353177740750152,"expanding abs q70 using observations <= prediction_timestamp, min_periods=300"
2026-08-13 22:30:00+00:00,ema_spread_atr_12_48b__high_abs,1.352945326352986,"expanding abs q70 using observations <= prediction_timestamp, min_periods=300"
2026-08-13 23:00:00+00:00,ema_spread_atr_12_48b__high_abs,1.3526667401508914,"expanding abs q70 using observations <= prediction_timestamp, min_periods=300"
2026-08-13 23:30:00+00:00,ema_spread_atr_12_48b__high_abs,1.3523881539487965,"expanding abs q70 using observations <= prediction_timestamp, min_periods=300"
2026-08-14 00:00:00+00:00,ema_spread_atr_12_48b__high_abs,1.3521095677467019,"expanding abs q70 using observations <= prediction_timestamp, min_periods=300"
2026-08-14 00:30:00+00:00,ema_spread_atr_12_48b__high_abs,1.3520790757820882,"expanding abs q70 using observations <= prediction_timestamp, min_periods=300"
2026-08-14 01:00:00+00:00,ema_spread_atr_12_48b__high_abs,1.3520485838174743,"expanding abs q70 using observations <= prediction_timestamp, min_periods=300"
2026-08-14 01:30:00+00:00,ema_spread_atr_12_48b__high_abs,1.3520180918528606,"expanding abs q70 using observations <= prediction_timestamp, min_periods=300"
2026-08-14 02:00:00+00:00,ema_spread_atr_12_48b__high_abs,1.3515843106099676,"expanding abs q70 using observations <= prediction_timestamp, min_periods=300"
2026-08-14 02:30:00+00:00,ema_spread_atr_12_48b__high_abs,1.3509488847279365,"expanding abs q70 using observations <= prediction_timestamp, min_periods=300"
2026-08-14 03:00:00+00:00,ema_spread_atr_12_48b__high_abs,1.3503134588459045,"expanding abs q70 using observations <= prediction_timestamp, min_periods=300"
2026-08-14 03:30:00+00:00,ema_spread_atr_12_48b__high_abs,1.3498666942962068,"expanding abs q70 using observations <= prediction_timestamp, min_periods=300"
2026-08-14 04:00:00+00:00,ema_spread_atr_12_48b__high_abs,1.3497972524111759,"expanding abs q70 using observations <= prediction_timestamp, min_periods=300"
2026-08-14 04:30:00+00:00,ema_spread_atr_12_48b__high_abs,1.349727810526145,"expanding abs q70 using observations <= prediction_timestamp, min_periods=300"
2026-08-14 05:00:00+00:00,ema_spread_atr_12_48b__high_abs,1.349658368641114,"expanding abs q70 using observations <= prediction_timestamp, min_periods=300"
2026-08-14 05:30:00+00:00,ema_spread_atr_12_48b__high_abs,1.3487375718635932,"expanding abs q70 using observations <= prediction_timestamp, min_periods=300"
2026-08-14 06:00:00+00:00,ema_spread_atr_12_48b__high_abs,1.3478167750860721,"expanding abs q70 using observations <= prediction_timestamp, min_periods=300"
2026-08-14 06:30:00+00:00,ema_spread_atr_12_48b__high_abs,1.3496815159361244,"expanding abs q70 using observations <= prediction_timestamp, min_periods=300"
2026-08-14 07:00:00+00:00,ema_spread_atr_12_48b__high_abs,1.3498435470011965,"expanding abs q70 using observations <= prediction_timestamp, min_periods=300"
2026-08-14 07:30:00+00:00,ema_spread_atr_12_48b__high_abs,1.3509488847279365,"expanding abs q70 using observations <= prediction_timestamp, min_periods=300"
2026-08-14 08:00:00+00:00,ema_spread_atr_12_48b__high_abs,1.3520282558410652,"expanding abs q70 using observations <= prediction_timestamp, min_periods=300"
2026-08-14 08:30:00+00:00,ema_spread_atr_12_48b__high_abs,1.3520994037584972,"expanding abs q70 using observations <= prediction_timestamp, min_periods=300"
2026-08-14 09:00:00+00:00,ema_spread_atr_12_48b__high_abs,1.3520689117938836,"expanding abs q70 using observations <= prediction_timestamp, min_periods=300"
2026-08-14 09:30:00+00:00,ema_spread_atr_12_48b__high_abs,1.3520384198292696,"expanding abs q70 using observations <= prediction_timestamp, min_periods=300"
2026-08-14 10:00:00+00:00,ema_spread_atr_12_48b__high_abs,1.352007927864656,"expanding abs q70 using observations <= prediction_timestamp, min_periods=300"
2026-08-14 10:30:00+00:00,ema_spread_atr_12_48b__high_abs,1.351372501982624,"expanding abs q70 using observations <= prediction_timestamp, min_periods=300"
2026-08-14 11:00:00+00:00,ema_spread_atr_12_48b__high_abs,1.350737076100592,"expanding abs q70 using observations <= prediction_timestamp, min_periods=300"
2026-08-14 11:30:00+00:00,ema_spread_atr_12_48b__high_abs,1.3501016502185608,"expanding abs q70 using observations <= prediction_timestamp, min_periods=300"
2026-08-14 12:00:00+00:00,ema_spread_atr_12_48b__high_abs,1.3498435470011965,"expanding abs q70 using observations <= prediction_timestamp, min_periods=300"
2026-08-14 12:30:00+00:00,ema_spread_atr_12_48b__high_abs,1.3497741051161656,"expanding abs q70 using observations <= prediction_timestamp, min_periods=300"
2026-08-14 13:00:00+00:00,ema_spread_atr_12_48b__high_abs,1.3497046632311347,"expanding abs q70 using observations <= prediction_timestamp, min_periods=300"
2026-08-14 13:30:00+00:00,ema_spread_atr_12_48b__high_abs,1.3493514363819394,"expanding abs q70 using observations <= prediction_timestamp, min_periods=300"
2026-08-14 14:00:00+00:00,ema_spread_atr_12_48b__high_abs,1.3497972524111759,"expanding abs q70 using observations <= prediction_timestamp, min_periods=300"
2026-08-14 14:30:00+00:00,ema_spread_atr_12_48b__high_abs,1.349727810526145,"expanding abs q70 using observations <= prediction_timestamp, min_periods=300"
2026-08-14 15:00:00+00:00,ema_spread_atr_12_48b__high_abs,1.349658368641114,"expanding abs q70 using observations <= prediction_timestamp, min_periods=300"
2026-08-14 15:30:00+00:00,ema_spread_atr_12_48b__high_abs,1.3487375718635932,"expanding abs q70 using observations <= prediction_timestamp, min_periods=300"
2026-08-14 16:00:00+00:00,ema_spread_atr_12_48b__high_abs,1.3478167750860721,"expanding abs q70 using observations <= prediction_timestamp, min_periods=300"
2026-08-14 16:30:00+00:00,ema_spread_atr_12_48b__high_abs,1.3496815159361244,"expanding abs q70 using observations <= prediction_timestamp, min_periods=300"
2026-08-14 17:00:00+00:00,ema_spread_atr_12_48b__high_abs,1.3498435470011965,"expanding abs q70 using observations <= prediction_timestamp, min_periods=300"
2026-08-14 17:30:00+00:00,ema_spread_atr_12_48b__high_abs,1.3509488847279365,"expanding abs q70 using observations <= prediction_timestamp, min_periods=300"
2026-08-14 18:00:00+00:00,ema_spread_atr_12_48b__high_abs,1.3503134588459045,"expanding abs q70 using observations <= prediction_timestamp, min_periods=300"
2026-08-14 18:30:00+00:00,ema_spread_atr_12_48b__high_abs,1.3498666942962068,"expanding abs q70 using observations <= prediction_timestamp, min_periods=300"
2026-08-14 19:00:00+00:00,ema_spread_atr_12_48b__high_abs,1.3497972524111759,"expanding abs q70 using observations <= prediction_timestamp, min_periods=300"
2026-08-14 19:30:00+00:00,ema_spread_atr_12_48b__high_abs,1.349727810526145,"expanding abs q70 using observations <= prediction_timestamp, min_periods=300"
2026-08-14 20:00:00+00:00,ema_spread_atr_12_48b__high_abs,1.349658368641114,"expanding abs q70 using observations <= prediction_timestamp, min_periods=300"
2026-08-14 20:30:00+00:00,ema_spread_atr_12_48b__high_abs,1.3487375718635932,"expanding abs q70 using observations <= prediction_timestamp, min_periods=300"
2026-08-14 21:00:00+00:00,ema_spread_atr_12_48b__high_abs,1.3478167750860721,"expanding abs q70 using observations <= prediction_timestamp, min_periods=300"
2026-08-14 21:30:00+00:00,ema_spread_atr_12_48b__high_abs,1.3468959783085526,"expanding abs q70 using observations <= prediction_timestamp, min_periods=300"
2026-08-14 22:00:00+00:00,ema_spread_atr_12_48b__high_abs,1.3463563390824131,"expanding abs q70 using observations <= prediction_timestamp, min_periods=300"
2026-08-14 22:30:00+00:00,ema_spread_atr_12_48b__high_abs,1.3460072786319643,"expanding abs q70 using observations <= prediction_timestamp, min_periods=300"
2026-08-14 23:00:00+00:00,ema_spread_atr_12_48b__high_abs,1.3456582181815149,"expanding abs q70 using observations <= prediction_timestamp, min_periods=300"
2026-08-14 23:30:00+00:00,ema_spread_atr_12_48b__high_abs,1.3454209687464669,"expanding abs q70 using observations <= prediction_timestamp, min_periods=300"
2026-08-15 00:00:00+00:00,ema_spread_atr_12_48b__high_abs,1.3454073413422205,"expanding abs q70 using observations <= prediction_timestamp, min_periods=300"
2026-08-15 00:30:00+00:00,ema_spread_atr_12_48b__high_abs,1.3453937139379744,"expanding abs q70 using observations <= prediction_timestamp, min_periods=300"
2026-08-15 01:00:00+00:00,ema_spread_atr_12_48b__high_abs,1.345380086533728,"expanding abs q70 using observations <= prediction_timestamp, min_periods=300"
2026-08-15 01:30:00+00:00,ema_spread_atr_12_48b__high_abs,1.345236284601754,"expanding abs q70 using observations <= prediction_timestamp, min_periods=300"
2026-08-15 02:00:00+00:00,ema_spread_atr_12_48b__high_abs,1.3453982564060565,"expanding abs q70 using observations <= prediction_timestamp, min_periods=300"
2026-08-15 02:30:00+00:00,ema_spread_atr_12_48b__high_abs,1.345541864698032,"expanding abs q70 using observations <= prediction_timestamp, min_periods=300"
2026-08-15 03:00:00+00:00,ema_spread_atr_12_48b__high_abs,1.3463563390824131,"expanding abs q70 using observations <= prediction_timestamp, min_periods=300"
2026-08-15 03:30:00+00:00,ema_spread_atr_12_48b__high_abs,1.3460072786319643,"expanding abs q70 using observations <= prediction_timestamp, min_periods=300"
2026-08-15 04:00:00+00:00,ema_spread_atr_12_48b__high_abs,1.3456582181815149,"expanding abs q70 using observations <= prediction_timestamp, min_periods=300"
2026-08-15 04:30:00+00:00,ema_spread_atr_12_48b__high_abs,1.3454209687464669,"expanding abs q70 using observations <= prediction_timestamp, min_periods=300"
2026-08-15 05:00:00+00:00,ema_spread_atr_12_48b__high_abs,1.3454073413422205,"expanding abs q70 using observations <= prediction_timestamp, min_periods=300"
2026-08-15 05:30:00+00:00,ema_spread_atr_12_48b__high_abs,1.3453937139379744,"expanding abs q70 using observations <= prediction_timestamp, min_periods=300"
2026-08-15 06:00:00+00:00,ema_spread_atr_12_48b__high_abs,1.345425511214549,"expanding abs q70 using observations <= prediction_timestamp, min_periods=300"
2026-08-15 06:30:00+00:00,ema_spread_atr_12_48b__high_abs,1.3462399855989302,"expanding abs q70 using observations <= prediction_timestamp, min_periods=300"
2026-08-15 07:00:00+00:00,ema_spread_atr_12_48b__high_abs,1.3458909251484807,"expanding abs q70 using observations <= prediction_timestamp, min_periods=300"
2026-08-15 07:30:00+00:00,ema_spread_atr_12_48b__high_abs,1.345541864698032,"expanding abs q70 using observations <= prediction_timestamp, min_periods=300"
2026-08-15 08:00:00+00:00,ema_spread_atr_12_48b__high_abs,1.3454164262783848,"expanding abs q70 using observations <= prediction_timestamp, min_periods=300"
2026-08-15 08:30:00+00:00,ema_spread_atr_12_48b__high_abs,1.3454027988741384,"expanding abs q70 using observations <= prediction_timestamp, min_periods=300"
2026-08-15 09:00:00+00:00,ema_spread_atr_12_48b__high_abs,1.3456582181815149,"expanding abs q70 using observations <= prediction_timestamp, min_periods=300"
2026-08-15 09:30:00+00:00,ema_spread_atr_12_48b__high_abs,1.346472692565896,"expanding abs q70 using observations <= prediction_timestamp, min_periods=300"
2026-08-15 10:00:00+00:00,ema_spread_atr_12_48b__high_abs,1.3461236321154473,"expanding abs q70 using observations <= prediction_timestamp, min_periods=300"
2026-08-15 10:30:00+00:00,ema_spread_atr_12_48b__high_abs,1.3457745716649978,"expanding abs q70 using observations <= prediction_timestamp, min_periods=300"
2026-08-15 11:00:00+00:00,ema_spread_atr_12_48b__high_abs,1.345425511214549,"expanding abs q70 using observations <= prediction_timestamp, min_periods=300"
2026-08-15 11:30:00+00:00,ema_spread_atr_12_48b__high_abs,1.3454118838103026,"expanding abs q70 using observations <= prediction_timestamp, min_periods=300"
2026-08-15 12:00:00+00:00,ema_spread_atr_12_48b__high_abs,1.3453982564060565,"expanding abs q70 using observations <= prediction_timestamp, min_periods=300"
2026-08-15 12:30:00+00:00,ema_spread_atr_12_48b__high_abs,1.34538462900181,"expanding abs q70 using observations <= prediction_timestamp, min_periods=300"
2026-08-15 13:00:00+00:00,ema_spread_atr_12_48b__high_abs,1.3452842185790788,"expanding abs q70 using observations <= prediction_timestamp, min_periods=300"
2026-08-15 13:30:00+00:00,ema_spread_atr_12_48b__high_abs,1.3454027988741384,"expanding abs q70 using observations <= prediction_timestamp, min_periods=300"
2026-08-15 14:00:00+00:00,ema_spread_atr_12_48b__high_abs,1.3456582181815149,"expanding abs q70 using observations <= prediction_timestamp, min_periods=300"
2026-08-15 14:30:00+00:00,ema_spread_atr_12_48b__high_abs,1.3454209687464669,"expanding abs q70 using observations <= prediction_timestamp, min_periods=300"
2026-08-15 15:00:00+00:00,ema_spread_atr_12_48b__high_abs,1.3454073413422205,"expanding abs q70 using observations <= prediction_timestamp, min_periods=300"
2026-08-15 15:30:00+00:00,ema_spread_atr_12_48b__high_abs,1.3457745716649978,"expanding abs q70 using observations <= prediction_timestamp, min_periods=300"
2026-08-15 16:00:00+00:00,ema_spread_atr_12_48b__high_abs,1.3465890460493795,"expanding abs q70 using observations <= prediction_timestamp, min_periods=300"
2026-08-15 16:30:00+00:00,ema_spread_atr_12_48b__high_abs,1.3462399855989302,"expanding abs q70 using observations <= prediction_timestamp, min_periods=300"
2026-08-15 17:00:00+00:00,ema_spread_atr_12_48b__high_abs,1.3458909251484807,"expanding abs q70 using observations <= prediction_timestamp, min_periods=300"
2026-08-15 17:30:00+00:00,ema_spread_atr_12_48b__high_abs,1.345541864698032,"expanding abs q70 using observations <= prediction_timestamp, min_periods=300"
2026-08-15 18:00:00+00:00,ema_spread_atr_12_48b__high_abs,1.3454164262783848,"expanding abs q70 using observations <= prediction_timestamp, min_periods=300"
2026-08-15 18:30:00+00:00,ema_spread_atr_12_48b__high_abs,1.3454027988741384,"expanding abs q70 using observations <= prediction_timestamp, min_periods=300"
2026-08-15 19:00:00+00:00,ema_spread_atr_12_48b__high_abs,1.3453891714698922,"expanding abs q70 using observations <= prediction_timestamp, min_periods=300"
2026-08-15 19:30:00+00:00,ema_spread_atr_12_48b__high_abs,1.3453321525564033,"expanding abs q70 using observations <= prediction_timestamp, min_periods=300"
2026-08-15 20:00:00+00:00,ema_spread_atr_12_48b__high_abs,1.3451883506244295,"expanding abs q70 using observations <= prediction_timestamp, min_periods=300"
2026-08-15 20:30:00+00:00,ema_spread_atr_12_48b__high_abs,1.3450445486924558,"expanding abs q70 using observations <= prediction_timestamp, min_periods=300"
2026-08-15 21:00:00+00:00,ema_spread_atr_12_48b__high_abs,1.344900746760482,"expanding abs q70 using observations <= prediction_timestamp, min_periods=300"
2026-08-15 21:30:00+00:00,ema_spread_atr_12_48b__high_abs,1.3447622057366395,"expanding abs q70 using observations <= prediction_timestamp, min_periods=300"
2026-08-15 22:00:00+00:00,ema_spread_atr_12_48b__high_abs,1.3446236647127972,"expanding abs q70 using observations <= prediction_timestamp, min_periods=300"
2026-08-15 22:30:00+00:00,ema_spread_atr_12_48b__high_abs,1.3444851236889548,"expanding abs q70 using observations <= prediction_timestamp, min_periods=300"
2026-08-15 23:00:00+00:00,ema_spread_atr_12_48b__high_abs,1.3443930722978734,"expanding abs q70 using observations <= prediction_timestamp, min_periods=300"
2026-08-15 23:30:00+00:00,ema_spread_atr_12_48b__high_abs,1.3443242657231724,"expanding abs q70 using observations <= prediction_timestamp, min_periods=300"
2026-08-16 00:00:00+00:00,ema_spread_atr_12_48b__high_abs,1.3442554591484714,"expanding abs q70 using observations <= prediction_timestamp, min_periods=300"
2026-08-16 00:30:00+00:00,ema_spread_atr_12_48b__high_abs,1.3444160078227736,"expanding abs q70 using observations <= prediction_timestamp, min_periods=300"
2026-08-16 01:00:00+00:00,ema_spread_atr_12_48b__high_abs,1.3443472012480728,"expanding abs q70 using observations <= prediction_timestamp, min_periods=300"
2026-08-16 01:30:00+00:00,ema_spread_atr_12_48b__high_abs,1.3445774843715164,"expanding abs q70 using observations <= prediction_timestamp, min_periods=300"
2026-08-16 02:00:00+00:00,ema_spread_atr_12_48b__high_abs,1.344900746760482,"expanding abs q70 using observations <= prediction_timestamp, min_periods=300"
2026-08-16 02:30:00+00:00,ema_spread_atr_12_48b__high_abs,1.3447622057366395,"expanding abs q70 using observations <= prediction_timestamp, min_periods=300"
2026-08-16 03:00:00+00:00,ema_spread_atr_12_48b__high_abs,1.3446236647127972,"expanding abs q70 using observations <= prediction_timestamp, min_periods=300"
2026-08-16 03:30:00+00:00,ema_spread_atr_12_48b__high_abs,1.3444851236889548,"expanding abs q70 using observations <= prediction_timestamp, min_periods=300"
2026-08-16 04:00:00+00:00,ema_spread_atr_12_48b__high_abs,1.3443930722978734,"expanding abs q70 using observations <= prediction_timestamp, min_periods=300"
2026-08-16 04:30:00+00:00,ema_spread_atr_12_48b__high_abs,1.3443242657231724,"expanding abs q70 using observations <= prediction_timestamp, min_periods=300"
2026-08-16 05:00:00+00:00,ema_spread_atr_12_48b__high_abs,1.3442554591484714,"expanding abs q70 using observations <= prediction_timestamp, min_periods=300"
2026-08-16 05:30:00+00:00,ema_spread_atr_12_48b__high_abs,1.3441406756336545,"expanding abs q70 using observations <= prediction_timestamp, min_periods=300"
2026-08-16 06:00:00+00:00,ema_spread_atr_12_48b__high_abs,1.3443472012480728,"expanding abs q70 using observations <= prediction_timestamp, min_periods=300"
2026-08-16 06:30:00+00:00,ema_spread_atr_12_48b__high_abs,1.3445774843715164,"expanding abs q70 using observations <= prediction_timestamp, min_periods=300"
2026-08-16 07:00:00+00:00,ema_spread_atr_12_48b__high_abs,1.344438943347674,"expanding abs q70 using observations <= prediction_timestamp, min_periods=300"
2026-08-16 07:30:00+00:00,ema_spread_atr_12_48b__high_abs,1.344370136772973,"expanding abs q70 using observations <= prediction_timestamp, min_periods=300"
2026-08-16 08:00:00+00:00,ema_spread_atr_12_48b__high_abs,1.344301330198272,"expanding abs q70 using observations <= prediction_timestamp, min_periods=300"
2026-08-16 08:30:00+00:00,ema_spread_atr_12_48b__high_abs,1.3442325236235713,"expanding abs q70 using observations <= prediction_timestamp, min_periods=300"
2026-08-16 09:00:00+00:00,ema_spread_atr_12_48b__high_abs,1.3440717631686385,"expanding abs q70 using observations <= prediction_timestamp, min_periods=300"
2026-08-16 09:30:00+00:00,ema_spread_atr_12_48b__high_abs,1.3438650257735905,"expanding abs q70 using observations <= prediction_timestamp, min_periods=300"
2026-08-16 10:00:00+00:00,ema_spread_atr_12_48b__high_abs,1.3436582883785422,"expanding abs q70 using observations <= prediction_timestamp, min_periods=300"
2026-08-16 10:30:00+00:00,ema_spread_atr_12_48b__high_abs,1.3435185174415532,"expanding abs q70 using observations <= prediction_timestamp, min_periods=300"
2026-08-16 11:00:00+00:00,ema_spread_atr_12_48b__high_abs,1.343512679420682,"expanding abs q70 using observations <= prediction_timestamp, min_periods=300"
2026-08-16 11:30:00+00:00,ema_spread_atr_12_48b__high_abs,1.3435068413998108,"expanding abs q70 using observations <= prediction_timestamp, min_periods=300"
2026-08-16 12:00:00+00:00,ema_spread_atr_12_48b__high_abs,1.3435010033789396,"expanding abs q70 using observations <= prediction_timestamp, min_periods=300"
2026-08-16 12:30:00+00:00,ema_spread_atr_12_48b__high_abs,1.343446575126458,"expanding abs q70 using observations <= prediction_timestamp, min_periods=300"
2026-08-16 13:00:00+00:00,ema_spread_atr_12_48b__high_abs,1.3433921468739765,"expanding abs q70 using observations <= prediction_timestamp, min_periods=300"
2026-08-16 13:30:00+00:00,ema_spread_atr_12_48b__high_abs,1.343337718621495,"expanding abs q70 using observations <= prediction_timestamp, min_periods=300"
2026-08-16 14:00:00+00:00,ema_spread_atr_12_48b__high_abs,1.342995935677561,"expanding abs q70 using observations <= prediction_timestamp, min_periods=300"
2026-08-16 14:30:00+00:00,ema_spread_atr_12_48b__high_abs,1.3434102896248037,"expanding abs q70 using observations <= prediction_timestamp, min_periods=300"
2026-08-16 15:00:00+00:00,ema_spread_atr_12_48b__high_abs,1.3435048953928537,"expanding abs q70 using observations <= prediction_timestamp, min_periods=300"
2026-08-16 15:30:00+00:00,ema_spread_atr_12_48b__high_abs,1.3435185174415532,"expanding abs q70 using observations <= prediction_timestamp, min_periods=300"
2026-08-16 16:00:00+00:00,ema_spread_atr_12_48b__high_abs,1.3439339382386066,"expanding abs q70 using observations <= prediction_timestamp, min_periods=300"
2026-08-16 16:30:00+00:00,ema_spread_atr_12_48b__high_abs,1.3442783946733718,"expanding abs q70 using observations <= prediction_timestamp, min_periods=300"
2026-08-16 17:00:00+00:00,ema_spread_atr_12_48b__high_abs,1.344438943347674,"expanding abs q70 using observations <= prediction_timestamp, min_periods=300"
2026-08-16 17:30:00+00:00,ema_spread_atr_12_48b__high_abs,1.3447622057366395,"expanding abs q70 using observations <= prediction_timestamp, min_periods=300"
2026-08-16 18:00:00+00:00,ema_spread_atr_12_48b__high_abs,1.3446236647127972,"expanding abs q70 using observations <= prediction_timestamp, min_periods=300"
2026-08-16 18:30:00+00:00,ema_spread_atr_12_48b__high_abs,1.3444851236889548,"expanding abs q70 using observations <= prediction_timestamp, min_periods=300"
2026-08-16 19:00:00+00:00,ema_spread_atr_12_48b__high_abs,1.3443930722978734,"expanding abs q70 using observations <= prediction_timestamp, min_periods=300"
2026-08-16 19:30:00+00:00,ema_spread_atr_12_48b__high_abs,1.3443242657231724,"expanding abs q70 using observations <= prediction_timestamp, min_periods=300"
2026-08-16 20:00:00+00:00,ema_spread_atr_12_48b__high_abs,1.3442554591484714,"expanding abs q70 using observations <= prediction_timestamp, min_periods=300"
2026-08-16 20:30:00+00:00,ema_spread_atr_12_48b__high_abs,1.3441406756336545,"expanding abs q70 using observations <= prediction_timestamp, min_periods=300"
2026-08-16 21:00:00+00:00,ema_spread_atr_12_48b__high_abs,1.3439339382386066,"expanding abs q70 using observations <= prediction_timestamp, min_periods=300"
2026-08-16 21:30:00+00:00,ema_spread_atr_12_48b__high_abs,1.3442783946733718,"expanding abs q70 using observations <= prediction_timestamp, min_periods=300"
2026-08-16 22:00:00+00:00,ema_spread_atr_12_48b__high_abs,1.344438943347674,"expanding abs q70 using observations <= prediction_timestamp, min_periods=300"
2026-08-16 22:30:00+00:00,ema_spread_atr_12_48b__high_abs,1.3447622057366395,"expanding abs q70 using observations <= prediction_timestamp, min_periods=300"
2026-08-16 23:00:00+00:00,ema_spread_atr_12_48b__high_abs,1.3450924826697803,"expanding abs q70 using observations <= prediction_timestamp, min_periods=300"
2026-08-16 23:30:00+00:00,ema_spread_atr_12_48b__high_abs,1.34538462900181,"expanding abs q70 using observations <= prediction_timestamp, min_periods=300"
2026-08-17 00:00:00+00:00,ema_spread_atr_12_48b__high_abs,1.3452842185790788,"expanding abs q70 using observations <= prediction_timestamp, min_periods=300"
2026-08-17 00:30:00+00:00,ema_spread_atr_12_48b__high_abs,1.345140416647105,"expanding abs q70 using observations <= prediction_timestamp, min_periods=300"
2026-08-17 01:00:00+00:00,ema_spread_atr_12_48b__high_abs,1.344996614715131,"expanding abs q70 using observations <= prediction_timestamp, min_periods=300"
2026-08-17 01:30:00+00:00,ema_spread_atr_12_48b__high_abs,1.3453321525564033,"expanding abs q70 using observations <= prediction_timestamp, min_periods=300"
2026-08-17 02:00:00+00:00,ema_spread_atr_12_48b__high_abs,1.3454073413422205,"expanding abs q70 using observations <= prediction_timestamp, min_periods=300"
2026-08-17 02:30:00+00:00,ema_spread_atr_12_48b__high_abs,1.3457745716649978,"expanding abs q70 using observations <= prediction_timestamp, min_periods=300"
2026-08-17 03:00:00+00:00,ema_spread_atr_12_48b__high_abs,1.3465890460493795,"expanding abs q70 using observations <= prediction_timestamp, min_periods=300"
2026-08-17 03:30:00+00:00,ema_spread_atr_12_48b__high_abs,1.3487375718635932,"expanding abs q70 using observations <= prediction_timestamp, min_periods=300"
2026-08-17 04:00:00+00:00,ema_spread_atr_12_48b__high_abs,1.3497509578211553,"expanding abs q70 using observations <= prediction_timestamp, min_periods=300"
2026-08-17 04:30:00+00:00,ema_spread_atr_12_48b__high_abs,1.3501016502185608,"expanding abs q70 using observations <= prediction_timestamp, min_periods=300"
2026-08-17 05:00:00+00:00,ema_spread_atr_12_48b__high_abs,1.3515843106099676,"expanding abs q70 using observations <= prediction_timestamp, min_periods=300"
2026-08-17 05:30:00+00:00,ema_spread_atr_12_48b__high_abs,1.352058747805679,"expanding abs q70 using observations <= prediction_timestamp, min_periods=300"
2026-08-17 06:00:00+00:00,ema_spread_atr_12_48b__high_abs,1.3520282558410652,"expanding abs q70 using observations <= prediction_timestamp, min_periods=300"
2026-08-17 06:30:00+00:00,ema_spread_atr_12_48b__high_abs,1.3517961192373114,"expanding abs q70 using observations <= prediction_timestamp, min_periods=300"
2026-08-17 07:00:00+00:00,ema_spread_atr_12_48b__high_abs,1.3520689117938836,"expanding abs q70 using observations <= prediction_timestamp, min_periods=300"
2026-08-17 07:30:00+00:00,ema_spread_atr_12_48b__high_abs,1.3523881539487965,"expanding abs q70 using observations <= prediction_timestamp, min_periods=300"
2026-08-17 08:00:00+00:00,ema_spread_atr_12_48b__high_abs,1.3521095677467019,"expanding abs q70 using observations <= prediction_timestamp, min_periods=300"
2026-08-17 08:30:00+00:00,ema_spread_atr_12_48b__high_abs,1.3520790757820882,"expanding abs q70 using observations <= prediction_timestamp, min_periods=300"
2026-08-17 09:00:00+00:00,ema_spread_atr_12_48b__high_abs,1.3524810160161613,"expanding abs q70 using observations <= prediction_timestamp, min_periods=300"
2026-08-17 09:30:00+00:00,ema_spread_atr_12_48b__high_abs,1.3522024298140667,"expanding abs q70 using observations <= prediction_timestamp, min_periods=300"
2026-08-17 10:00:00+00:00,ema_spread_atr_12_48b__high_abs,1.3528524642856212,"expanding abs q70 using observations <= prediction_timestamp, min_periods=300"
2026-08-17 10:30:00+00:00,ema_spread_atr_12_48b__high_abs,1.3525738780835266,"expanding abs q70 using observations <= prediction_timestamp, min_periods=300"
2026-08-17 11:00:00+00:00,ema_spread_atr_12_48b__high_abs,1.353177740750152,"expanding abs q70 using observations <= prediction_timestamp, min_periods=300"
2026-08-17 11:30:00+00:00,ema_spread_atr_12_48b__high_abs,1.3536661739044549,"expanding abs q70 using observations <= prediction_timestamp, min_periods=300"
2026-08-17 12:00:00+00:00,ema_spread_atr_12_48b__high_abs,1.3538608299909334,"expanding abs q70 using observations <= prediction_timestamp, min_periods=300"
2026-08-17 12:30:00+00:00,ema_spread_atr_12_48b__high_abs,1.3537983900301445,"expanding abs q70 using observations <= prediction_timestamp, min_periods=300"
2026-08-17 13:00:00+00:00,ema_spread_atr_12_48b__high_abs,1.3537359500693555,"expanding abs q70 using observations <= prediction_timestamp, min_periods=300"
2026-08-17 13:30:00+00:00,ema_spread_atr_12_48b__high_abs,1.3535266215746542,"expanding abs q70 using observations <= prediction_timestamp, min_periods=300"
2026-08-17 14:00:00+00:00,ema_spread_atr_12_48b__high_abs,1.3533172930799526,"expanding abs q70 using observations <= prediction_timestamp, min_periods=300"
2026-08-17 14:30:00+00:00,ema_spread_atr_12_48b__high_abs,1.3531079645852517,"expanding abs q70 using observations <= prediction_timestamp, min_periods=300"
2026-08-17 15:00:00+00:00,ema_spread_atr_12_48b__high_abs,1.3528524642856212,"expanding abs q70 using observations <= prediction_timestamp, min_periods=300"
2026-08-17 15:30:00+00:00,ema_spread_atr_12_48b__high_abs,1.3525738780835266,"expanding abs q70 using observations <= prediction_timestamp, min_periods=300"
2026-08-17 16:00:00+00:00,ema_spread_atr_12_48b__high_abs,1.353177740750152,"expanding abs q70 using observations <= prediction_timestamp, min_periods=300"
2026-08-17 16:30:00+00:00,ema_spread_atr_12_48b__high_abs,1.352945326352986,"expanding abs q70 using observations <= prediction_timestamp, min_periods=300"
2026-08-17 17:00:00+00:00,ema_spread_atr_12_48b__high_abs,1.3526667401508914,"expanding abs q70 using observations <= prediction_timestamp, min_periods=300"
2026-08-17 17:30:00+00:00,ema_spread_atr_12_48b__high_abs,1.3523881539487965,"expanding abs q70 using observations <= prediction_timestamp, min_periods=300"
2026-08-17 18:00:00+00:00,ema_spread_atr_12_48b__high_abs,1.3521095677467019,"expanding abs q70 using observations <= prediction_timestamp, min_periods=300"
2026-08-17 18:30:00+00:00,ema_spread_atr_12_48b__high_abs,1.3520790757820882,"expanding abs q70 using observations <= prediction_timestamp, min_periods=300"
2026-08-17 19:00:00+00:00,ema_spread_atr_12_48b__high_abs,1.3520485838174743,"expanding abs q70 using observations <= prediction_timestamp, min_periods=300"
2026-08-17 19:30:00+00:00,ema_spread_atr_12_48b__high_abs,1.3520180918528606,"expanding abs q70 using observations <= prediction_timestamp, min_periods=300"
2026-08-17 20:00:00+00:00,ema_spread_atr_12_48b__high_abs,1.3515843106099676,"expanding abs q70 using observations <= prediction_timestamp, min_periods=300"
2026-08-17 20:30:00+00:00,ema_spread_atr_12_48b__high_abs,1.3509488847279365,"expanding abs q70 using observations <= prediction_timestamp, min_periods=300"
2026-08-17 21:00:00+00:00,ema_spread_atr_12_48b__high_abs,1.3503134588459045,"expanding abs q70 using observations <= prediction_timestamp, min_periods=300"
2026-08-17 21:30:00+00:00,ema_spread_atr_12_48b__high_abs,1.3498666942962068,"expanding abs q70 using observations <= prediction_timestamp, min_periods=300"
2026-08-17 22:00:00+00:00,ema_spread_atr_12_48b__high_abs,1.3497972524111759,"expanding abs q70 using observations <= prediction_timestamp, min_periods=300"
2026-08-17 22:30:00+00:00,ema_spread_atr_12_48b__high_abs,1.349727810526145,"expanding abs q70 using observations <= prediction_timestamp, min_periods=300"
2026-08-17 23:00:00+00:00,ema_spread_atr_12_48b__high_abs,1.349658368641114,"expanding abs q70 using observations <= prediction_timestamp, min_periods=300"
2026-08-17 23:30:00+00:00,ema_spread_atr_12_48b__high_abs,1.3498203997061862,"expanding abs q70 using observations <= prediction_timestamp, min_periods=300"
2026-08-18 00:00:00+00:00,ema_spread_atr_12_48b__high_abs,1.350737076100592,"expanding abs q70 using observations <= prediction_timestamp, min_periods=300"
2026-08-18 00:30:00+00:00,ema_spread_atr_12_48b__high_abs,1.3501016502185608,"expanding abs q70 using observations <= prediction_timestamp, min_periods=300"
2026-08-18 01:00:00+00:00,ema_spread_atr_12_48b__high_abs,1.3498435470011965,"expanding abs q70 using observations <= prediction_timestamp, min_periods=300"
2026-08-18 01:30:00+00:00,ema_spread_atr_12_48b__high_abs,1.3497741051161656,"expanding abs q70 using observations <= prediction_timestamp, min_periods=300"
2026-08-18 02:00:00+00:00,ema_spread_atr_12_48b__high_abs,1.3503134588459045,"expanding abs q70 using observations <= prediction_timestamp, min_periods=300"
2026-08-18 02:30:00+00:00,ema_spread_atr_12_48b__high_abs,1.3517961192373114,"expanding abs q70 using observations <= prediction_timestamp, min_periods=300"
2026-08-18 03:00:00+00:00,ema_spread_atr_12_48b__high_abs,1.3520689117938836,"expanding abs q70 using observations <= prediction_timestamp, min_periods=300"
2026-08-18 03:30:00+00:00,ema_spread_atr_12_48b__high_abs,1.3523881539487965,"expanding abs q70 using observations <= prediction_timestamp, min_periods=300"
2026-08-18 04:00:00+00:00,ema_spread_atr_12_48b__high_abs,1.3530381884203513,"expanding abs q70 using observations <= prediction_timestamp, min_periods=300"
2026-08-18 04:30:00+00:00,ema_spread_atr_12_48b__high_abs,1.3535266215746542,"expanding abs q70 using observations <= prediction_timestamp, min_periods=300"
2026-08-18 05:00:00+00:00,ema_spread_atr_12_48b__high_abs,1.3533172930799526,"expanding abs q70 using observations <= prediction_timestamp, min_periods=300"
2026-08-18 05:30:00+00:00,ema_spread_atr_12_48b__high_abs,1.3531079645852517,"expanding abs q70 using observations <= prediction_timestamp, min_periods=300"
2026-08-18 06:00:00+00:00,ema_spread_atr_12_48b__high_abs,1.3528524642856212,"expanding abs q70 using observations <= prediction_timestamp, min_periods=300"
2026-08-18 06:30:00+00:00,ema_spread_atr_12_48b__high_abs,1.3525738780835266,"expanding abs q70 using observations <= prediction_timestamp, min_periods=300"
2026-08-18 07:00:00+00:00,ema_spread_atr_12_48b__high_abs,1.3522952918814315,"expanding abs q70 using observations <= prediction_timestamp, min_periods=300"
2026-08-18 07:30:00+00:00,ema_spread_atr_12_48b__high_abs,1.3520994037584972,"expanding abs q70 using observations <= prediction_timestamp, min_periods=300"
2026-08-18 08:00:00+00:00,ema_spread_atr_12_48b__high_abs,1.3520689117938836,"expanding abs q70 using observations <= prediction_timestamp, min_periods=300"
2026-08-18 08:30:00+00:00,ema_spread_atr_12_48b__high_abs,1.3520384198292696,"expanding abs q70 using observations <= prediction_timestamp, min_periods=300"
2026-08-18 09:00:00+00:00,ema_spread_atr_12_48b__high_abs,1.352007927864656,"expanding abs q70 using observations <= prediction_timestamp, min_periods=300"
2026-08-18 09:30:00+00:00,ema_spread_atr_12_48b__high_abs,1.351372501982624,"expanding abs q70 using observations <= prediction_timestamp, min_periods=300"
2026-08-18 10:00:00+00:00,ema_spread_atr_12_48b__high_abs,1.350737076100592,"expanding abs q70 using observations <= prediction_timestamp, min_periods=300"
2026-08-18 10:30:00+00:00,ema_spread_atr_12_48b__high_abs,1.3501016502185608,"expanding abs q70 using observations <= prediction_timestamp, min_periods=300"
2026-08-18 11:00:00+00:00,ema_spread_atr_12_48b__high_abs,1.3498435470011965,"expanding abs q70 using observations <= prediction_timestamp, min_periods=300"
2026-08-18 11:30:00+00:00,ema_spread_atr_12_48b__high_abs,1.3497741051161656,"expanding abs q70 using observations <= prediction_timestamp, min_periods=300"
2026-08-18 12:00:00+00:00,ema_spread_atr_12_48b__high_abs,1.3503134588459045,"expanding abs q70 using observations <= prediction_timestamp, min_periods=300"
2026-08-18 12:30:00+00:00,ema_spread_atr_12_48b__high_abs,1.3498666942962068,"expanding abs q70 using observations <= prediction_timestamp, min_periods=300"
2026-08-18 13:00:00+00:00,ema_spread_atr_12_48b__high_abs,1.3497972524111759,"expanding abs q70 using observations <= prediction_timestamp, min_periods=300"
2026-08-18 13:30:00+00:00,ema_spread_atr_12_48b__high_abs,1.349727810526145,"expanding abs q70 using observations <= prediction_timestamp, min_periods=300"
2026-08-18 14:00:00+00:00,ema_spread_atr_12_48b__high_abs,1.349658368641114,"expanding abs q70 using observations <= prediction_timestamp, min_periods=300"
2026-08-18 14:30:00+00:00,ema_spread_atr_12_48b__high_abs,1.3498203997061862,"expanding abs q70 using observations <= prediction_timestamp, min_periods=300"
2026-08-18 15:00:00+00:00,ema_spread_atr_12_48b__high_abs,1.350737076100592,"expanding abs q70 using observations <= prediction_timestamp, min_periods=300"
2026-08-18 15:30:00+00:00,ema_spread_atr_12_48b__high_abs,1.3520180918528606,"expanding abs q70 using observations <= prediction_timestamp, min_periods=300"
2026-08-18 16:00:00+00:00,ema_spread_atr_12_48b__high_abs,1.3520892397702926,"expanding abs q70 using observations <= prediction_timestamp, min_periods=300"
2026-08-18 16:30:00+00:00,ema_spread_atr_12_48b__high_abs,1.3525738780835266,"expanding abs q70 using observations <= prediction_timestamp, min_periods=300"
2026-08-18 17:00:00+00:00,ema_spread_atr_12_48b__high_abs,1.353177740750152,"expanding abs q70 using observations <= prediction_timestamp, min_periods=300"
2026-08-18 17:30:00+00:00,ema_spread_atr_12_48b__high_abs,1.352945326352986,"expanding abs q70 using observations <= prediction_timestamp, min_periods=300"
2026-08-18 18:00:00+00:00,ema_spread_atr_12_48b__high_abs,1.3526667401508914,"expanding abs q70 using observations <= prediction_timestamp, min_periods=300"
2026-08-18 18:30:00+00:00,ema_spread_atr_12_48b__high_abs,1.3523881539487965,"expanding abs q70 using observations <= prediction_timestamp, min_periods=300"
2026-08-18 19:00:00+00:00,ema_spread_atr_12_48b__high_abs,1.3521095677467019,"expanding abs q70 using observations <= prediction_timestamp, min_periods=300"
2026-08-18 19:30:00+00:00,ema_spread_atr_12_48b__high_abs,1.3520790757820882,"expanding abs q70 using observations <= prediction_timestamp, min_periods=300"
2026-08-18 20:00:00+00:00,ema_spread_atr_12_48b__high_abs,1.3520485838174743,"expanding abs q70 using observations <= prediction_timestamp, min_periods=300"
2026-08-18 20:30:00+00:00,ema_spread_atr_12_48b__high_abs,1.3520180918528606,"expanding abs q70 using observations <= prediction_timestamp, min_periods=300"
2026-08-18 21:00:00+00:00,ema_spread_atr_12_48b__high_abs,1.3515843106099676,"expanding abs q70 using observations <= prediction_timestamp, min_periods=300"
2026-08-18 21:30:00+00:00,ema_spread_atr_12_48b__high_abs,1.3509488847279365,"expanding abs q70 using observations <= prediction_timestamp, min_periods=300"
2026-08-18 22:00:00+00:00,ema_spread_atr_12_48b__high_abs,1.3503134588459045,"expanding abs q70 using observations <= prediction_timestamp, min_periods=300"
2026-08-18 22:30:00+00:00,ema_spread_atr_12_48b__high_abs,1.3498666942962068,"expanding abs q70 using observations <= prediction_timestamp, min_periods=300"
2026-08-18 23:00:00+00:00,ema_spread_atr_12_48b__high_abs,1.3497972524111759,"expanding abs q70 using observations <= prediction_timestamp, min_periods=300"
2026-08-18 23:30:00+00:00,ema_spread_atr_12_48b__high_abs,1.3505252674732482,"expanding abs q70 using observations <= prediction_timestamp, min_periods=300"
2026-08-19 00:00:00+00:00,ema_spread_atr_12_48b__high_abs,1.349889841591217,"expanding abs q70 using observations <= prediction_timestamp, min_periods=300"
2026-08-19 00:30:00+00:00,ema_spread_atr_12_48b__high_abs,1.3498203997061862,"expanding abs q70 using observations <= prediction_timestamp, min_periods=300"
2026-08-19 01:00:00+00:00,ema_spread_atr_12_48b__high_abs,1.3497509578211553,"expanding abs q70 using observations <= prediction_timestamp, min_periods=300"
2026-08-19 01:30:00+00:00,ema_spread_atr_12_48b__high_abs,1.3496815159361244,"expanding abs q70 using observations <= prediction_timestamp, min_periods=300"
2026-08-19 02:00:00+00:00,ema_spread_atr_12_48b__high_abs,1.3490445041227663,"expanding abs q70 using observations <= prediction_timestamp, min_periods=300"
2026-08-19 02:30:00+00:00,ema_spread_atr_12_48b__high_abs,1.3481237073452468,"expanding abs q70 using observations <= prediction_timestamp, min_periods=300"
2026-08-19 03:00:00+00:00,ema_spread_atr_12_48b__high_abs,1.3497046632311347,"expanding abs q70 using observations <= prediction_timestamp, min_periods=300"
2026-08-19 03:30:00+00:00,ema_spread_atr_12_48b__high_abs,1.3493514363819394,"expanding abs q70 using observations <= prediction_timestamp, min_periods=300"
2026-08-19 04:00:00+00:00,ema_spread_atr_12_48b__high_abs,1.34843063960442,"expanding abs q70 using observations <= prediction_timestamp, min_periods=300"
2026-08-19 04:30:00+00:00,ema_spread_atr_12_48b__high_abs,1.347509842826899,"expanding abs q70 using observations <= prediction_timestamp, min_periods=300"
2026-08-19 05:00:00+00:00,ema_spread_atr_12_48b__high_abs,1.3465890460493795,"expanding abs q70 using observations <= prediction_timestamp, min_periods=300"
2026-08-19 05:30:00+00:00,ema_spread_atr_12_48b__high_abs,1.3462399855989302,"expanding abs q70 using observations <= prediction_timestamp, min_periods=300"
2026-08-19 06:00:00+00:00,ema_spread_atr_12_48b__high_abs,1.3458909251484807,"expanding abs q70 using observations <= prediction_timestamp, min_periods=300"
2026-08-19 06:30:00+00:00,ema_spread_atr_12_48b__high_abs,1.345541864698032,"expanding abs q70 using observations <= prediction_timestamp, min_periods=300"
2026-08-19 07:00:00+00:00,ema_spread_atr_12_48b__high_abs,1.3454164262783848,"expanding abs q70 using observations <= prediction_timestamp, min_periods=300"
2026-08-19 07:30:00+00:00,ema_spread_atr_12_48b__high_abs,1.3460072786319643,"expanding abs q70 using observations <= prediction_timestamp, min_periods=300"
2026-08-19 08:00:00+00:00,ema_spread_atr_12_48b__high_abs,1.347202910567726,"expanding abs q70 using observations <= prediction_timestamp, min_periods=300"
2026-08-19 08:30:00+00:00,ema_spread_atr_12_48b__high_abs,1.346472692565896,"expanding abs q70 using observations <= prediction_timestamp, min_periods=300"
2026-08-19 09:00:00+00:00,ema_spread_atr_12_48b__high_abs,1.34843063960442,"expanding abs q70 using observations <= prediction_timestamp, min_periods=300"
2026-08-19 09:30:00+00:00,ema_spread_atr_12_48b__high_abs,1.349727810526145,"expanding abs q70 using observations <= prediction_timestamp, min_periods=300"
2026-08-19 10:00:00+00:00,ema_spread_atr_12_48b__high_abs,1.349658368641114,"expanding abs q70 using observations <= prediction_timestamp, min_periods=300"
2026-08-19 10:30:00+00:00,ema_spread_atr_12_48b__high_abs,1.3487375718635932,"expanding abs q70 using observations <= prediction_timestamp, min_periods=300"
2026-08-19 11:00:00+00:00,ema_spread_atr_12_48b__high_abs,1.3478167750860721,"expanding abs q70 using observations <= prediction_timestamp, min_periods=300"
2026-08-19 11:30:00+00:00,ema_spread_atr_12_48b__high_abs,1.3468959783085526,"expanding abs q70 using observations <= prediction_timestamp, min_periods=300"
2026-08-19 12:00:00+00:00,ema_spread_atr_12_48b__high_abs,1.3463563390824131,"expanding abs q70 using observations <= prediction_timestamp, min_periods=300"
2026-08-19 12:30:00+00:00,ema_spread_atr_12_48b__high_abs,1.3460072786319643,"expanding abs q70 using observations <= prediction_timestamp, min_periods=300"
2026-08-19 13:00:00+00:00,ema_spread_atr_12_48b__high_abs,1.347202910567726,"expanding abs q70 using observations <= prediction_timestamp, min_periods=300"
2026-08-19 13:30:00+00:00,ema_spread_atr_12_48b__high_abs,1.3493514363819394,"expanding abs q70 using observations <= prediction_timestamp, min_periods=300"
2026-08-19 14:00:00+00:00,ema_spread_atr_12_48b__high_abs,1.3497972524111759,"expanding abs q70 using observations <= prediction_timestamp, min_periods=300"
2026-08-19 14:30:00+00:00,ema_spread_atr_12_48b__high_abs,1.3505252674732482,"expanding abs q70 using observations <= prediction_timestamp, min_periods=300"
2026-08-19 15:00:00+00:00,ema_spread_atr_12_48b__high_abs,1.352007927864656,"expanding abs q70 using observations <= prediction_timestamp, min_periods=300"
2026-08-19 15:30:00+00:00,ema_spread_atr_12_48b__high_abs,1.3520790757820882,"expanding abs q70 using observations <= prediction_timestamp, min_periods=300"
2026-08-19 16:00:00+00:00,ema_spread_atr_12_48b__high_abs,1.3524810160161613,"expanding abs q70 using observations <= prediction_timestamp, min_periods=300"
2026-08-19 16:30:00+00:00,ema_spread_atr_12_48b__high_abs,1.3531079645852517,"expanding abs q70 using observations <= prediction_timestamp, min_periods=300"
2026-08-19 17:00:00+00:00,ema_spread_atr_12_48b__high_abs,1.3535963977395544,"expanding abs q70 using observations <= prediction_timestamp, min_periods=300"
2026-08-19 17:30:00+00:00,ema_spread_atr_12_48b__high_abs,1.3538400166706703,"expanding abs q70 using observations <= prediction_timestamp, min_periods=300"
