interaction,target,horizon,thirds,min_n,lifts,chronologically_stable
bb_compressed_and_falling_atr_slope,downside_breakdown_occurred,12H,3,191,"0.0337,0.0930,0.0639",True
bb_compressed_and_falling_atr_slope,downside_breakdown_occurred,1H,3,191,"0.0051,0.0531,0.0437",True
bb_compressed_and_falling_atr_slope,downside_breakdown_occurred,24H,3,191,"0.0285,0.1190,0.0910",True
bb_compressed_and_falling_atr_slope,downside_breakdown_occurred,2H,3,191,"0.0425,0.0571,0.0396",True
bb_compressed_and_falling_atr_slope,downside_breakdown_occurred,4H,3,191,"-0.0051,0.0729,-0.0068",False
bb_compressed_and_falling_atr_slope,downside_breakdown_occurred,8H,3,191,"0.0297,0.0792,-0.0196",False
bb_compressed_and_falling_atr_slope,fast_1atr_touch,1H,3,191,"0.0071,0.0213,0.0119",True
bb_compressed_and_falling_atr_slope,fast_1atr_touch,2H,3,191,"0.0043,0.0093,0.0021",True
bb_compressed_and_falling_atr_slope,fast_1atr_touch,4H,3,191,"0.0000,0.0014,0.0000",True
bb_compressed_and_falling_atr_slope,max_abs_excursion_ge_1_5_atr,12H,3,191,"0.0007,0.0000,0.0000",True
bb_compressed_and_falling_atr_slope,max_abs_excursion_ge_1_5_atr,1H,3,191,"0.0727,0.0519,0.0714",True
bb_compressed_and_falling_atr_slope,max_abs_excursion_ge_1_5_atr,2H,3,191,"0.0314,0.0198,0.0144",True
bb_compressed_and_falling_atr_slope,max_abs_excursion_ge_1_5_atr,4H,3,191,"0.0064,0.0071,0.0029",True
bb_compressed_and_falling_atr_slope,max_abs_excursion_ge_1_5_atr,8H,3,191,"0.0007,0.0007,0.0007",True
bb_compressed_and_falling_atr_slope,one_sided_runaway,12H,3,191,"0.0475,-0.0005,0.0011",False
bb_compressed_and_falling_atr_slope,one_sided_runaway,1H,3,191,"-0.0298,0.0064,-0.0370",False
bb_compressed_and_falling_atr_slope,one_sided_runaway,24H,3,191,"-0.0705,-0.0279,-0.0267",True
bb_compressed_and_falling_atr_slope,one_sided_runaway,2H,3,191,"-0.0665,-0.0036,0.0009",False
bb_compressed_and_falling_atr_slope,one_sided_runaway,4H,3,191,"-0.0172,-0.0098,0.0107",False
bb_compressed_and_falling_atr_slope,one_sided_runaway,8H,3,191,"0.0244,0.0030,0.0404",True
bb_compressed_and_falling_atr_slope,oscillatory_path,12H,3,191,"-0.0338,0.0247,0.0069",False
bb_compressed_and_falling_atr_slope,oscillatory_path,1H,3,191,"0.0137,0.0056,0.0069",True
bb_compressed_and_falling_atr_slope,oscillatory_path,24H,3,191,"0.0958,0.0709,0.0958",True
bb_compressed_and_falling_atr_slope,oscillatory_path,2H,3,191,"0.0851,-0.0256,-0.0002",False
bb_compressed_and_falling_atr_slope,oscillatory_path,4H,3,191,"0.0199,0.0111,0.0144",True
bb_compressed_and_falling_atr_slope,oscillatory_path,8H,3,191,"0.0123,0.0200,-0.0136",False
bb_compressed_and_falling_atr_slope,path_inside_70,12H,3,191,"-0.0478,-0.0598,-0.0447",True
bb_compressed_and_falling_atr_slope,path_inside_70,1H,3,191,"-0.0349,-0.0255,-0.0066",True
bb_compressed_and_falling_atr_slope,path_inside_70,24H,3,191,"-0.0456,-0.0570,-0.0292",True
bb_compressed_and_falling_atr_slope,path_inside_70,2H,3,191,"-0.0397,-0.0269,-0.0281",True
bb_compressed_and_falling_atr_slope,path_inside_70,4H,3,191,"-0.0442,-0.0356,-0.0369",True
bb_compressed_and_falling_atr_slope,path_inside_70,8H,3,191,"-0.0506,-0.0448,-0.0424",True
bb_compressed_and_falling_atr_slope,range_breached,12H,3,191,"0.0478,0.0598,0.0447",True
bb_compressed_and_falling_atr_slope,range_breached,1H,3,191,"0.0349,0.0255,0.0066",True
bb_compressed_and_falling_atr_slope,range_breached,24H,3,191,"0.0456,0.0570,0.0292",True
bb_compressed_and_falling_atr_slope,range_breached,2H,3,191,"0.0397,0.0269,0.0281",True
bb_compressed_and_falling_atr_slope,range_breached,4H,3,191,"0.0442,0.0356,0.0369",True
bb_compressed_and_falling_atr_slope,range_breached,8H,3,191,"0.0506,0.0448,0.0424",True
bb_compressed_and_falling_atr_slope,range_held,12H,3,191,"-0.0478,-0.0598,-0.0447",True
bb_compressed_and_falling_atr_slope,range_held,1H,3,191,"-0.0349,-0.0255,-0.0066",True
bb_compressed_and_falling_atr_slope,range_held,24H,3,191,"-0.0456,-0.0570,-0.0292",True
bb_compressed_and_falling_atr_slope,range_held,2H,3,191,"-0.0397,-0.0269,-0.0281",True
bb_compressed_and_falling_atr_slope,range_held,4H,3,191,"-0.0442,-0.0356,-0.0369",True
bb_compressed_and_falling_atr_slope,range_held,8H,3,191,"-0.0506,-0.0448,-0.0424",True
bb_compressed_and_falling_atr_slope,realized_over_range_width_ge_1,12H,3,191,"0.1262,0.1087,0.0982",True
bb_compressed_and_falling_atr_slope,realized_over_range_width_ge_1,1H,3,191,"0.0882,0.0528,0.0585",True
bb_compressed_and_falling_atr_slope,realized_over_range_width_ge_1,24H,3,191,"0.1127,0.1109,0.0884",True
bb_compressed_and_falling_atr_slope,realized_over_range_width_ge_1,2H,3,191,"0.1065,0.0793,0.0505",True
bb_compressed_and_falling_atr_slope,realized_over_range_width_ge_1,4H,3,191,"0.1224,0.0994,0.1059",True
bb_compressed_and_falling_atr_slope,realized_over_range_width_ge_1,8H,3,191,"0.1334,0.1050,0.0688",True
bb_compressed_and_falling_atr_slope,trend_efficiency_high,12H,3,191,"0.0475,-0.0005,0.0011",False
bb_compressed_and_falling_atr_slope,trend_efficiency_high,1H,3,191,"-0.0360,0.0015,-0.0389",False
bb_compressed_and_falling_atr_slope,trend_efficiency_high,24H,3,191,"-0.0705,-0.0279,-0.0267",True
bb_compressed_and_falling_atr_slope,trend_efficiency_high,2H,3,191,"-0.0665,-0.0050,0.0002",False
bb_compressed_and_falling_atr_slope,trend_efficiency_high,4H,3,191,"-0.0172,-0.0098,0.0107",False
bb_compressed_and_falling_atr_slope,trend_efficiency_high,8H,3,191,"0.0244,0.0030,0.0404",True
bb_compressed_and_falling_atr_slope,upside_breakout_occurred,12H,3,191,"0.1902,0.0884,0.1328",True
bb_compressed_and_falling_atr_slope,upside_breakout_occurred,1H,3,191,"0.1001,0.0312,0.0812",True
bb_compressed_and_falling_atr_slope,upside_breakout_occurred,24H,3,191,"0.2281,0.1059,0.1364",True
bb_compressed_and_falling_atr_slope,upside_breakout_occurred,2H,3,191,"0.1355,0.0499,0.1131",True
bb_compressed_and_falling_atr_slope,upside_breakout_occurred,4H,3,191,"0.2200,0.0362,0.1376",True
bb_compressed_and_falling_atr_slope,upside_breakout_occurred,8H,3,191,"0.1883,0.0558,0.1583",True
bb_compressed_and_high_efficiency,downside_breakdown_occurred,12H,3,69,"0.1906,-0.0579,0.0925",False
bb_compressed_and_high_efficiency,downside_breakdown_occurred,1H,3,69,"0.0354,-0.0103,0.1212",False
bb_compressed_and_high_efficiency,downside_breakdown_occurred,24H,3,69,"0.1906,0.0500,0.1317",True
bb_compressed_and_high_efficiency,downside_breakdown_occurred,2H,3,69,"0.0775,-0.0118,0.1005",False
bb_compressed_and_high_efficiency,downside_breakdown_occurred,4H,3,69,"0.0788,-0.0092,0.1024",False
bb_compressed_and_high_efficiency,downside_breakdown_occurred,8H,3,69,"0.1073,-0.0769,0.0461",False
bb_compressed_and_high_efficiency,fast_1atr_touch,1H,3,69,"0.0100,0.0187,0.0019",True
bb_compressed_and_high_efficiency,fast_1atr_touch,2H,3,69,"0.0043,0.0047,0.0021",True
bb_compressed_and_high_efficiency,fast_1atr_touch,4H,3,69,"0.0000,0.0014,0.0000",True
bb_compressed_and_high_efficiency,max_abs_excursion_ge_1_5_atr,12H,3,69,"0.0007,0.0000,0.0000",True
bb_compressed_and_high_efficiency,max_abs_excursion_ge_1_5_atr,1H,3,69,"0.0871,0.0664,0.0607",True
bb_compressed_and_high_efficiency,max_abs_excursion_ge_1_5_atr,2H,3,69,"0.0314,0.0170,-0.0012",False
bb_compressed_and_high_efficiency,max_abs_excursion_ge_1_5_atr,4H,3,69,"0.0064,0.0071,0.0029",True
bb_compressed_and_high_efficiency,max_abs_excursion_ge_1_5_atr,8H,3,69,"0.0007,0.0007,0.0007",True
bb_compressed_and_high_efficiency,one_sided_runaway,12H,3,69,"-0.0494,0.0283,-0.0358",False
bb_compressed_and_high_efficiency,one_sided_runaway,1H,3,69,"-0.0657,-0.0127,0.0393",False
bb_compressed_and_high_efficiency,one_sided_runaway,24H,3,69,"-0.1320,0.0446,-0.0501",False
bb_compressed_and_high_efficiency,one_sided_runaway,2H,3,69,"-0.0587,0.0221,0.0279",False
bb_compressed_and_high_efficiency,one_sided_runaway,4H,3,69,"-0.0793,0.0813,0.0108",False
bb_compressed_and_high_efficiency,one_sided_runaway,8H,3,69,"-0.0644,0.1210,-0.0579",False
bb_compressed_and_high_efficiency,oscillatory_path,12H,3,69,"0.1091,0.0162,-0.1348",False
bb_compressed_and_high_efficiency,oscillatory_path,1H,3,69,"0.0763,0.0554,0.0223",True
bb_compressed_and_high_efficiency,oscillatory_path,24H,3,69,"0.1468,0.0419,0.0684",True
bb_compressed_and_high_efficiency,oscillatory_path,2H,3,69,"0.0592,-0.0471,0.0006",False
bb_compressed_and_high_efficiency,oscillatory_path,4H,3,69,"0.1233,-0.1188,-0.0652",False
bb_compressed_and_high_efficiency,oscillatory_path,8H,3,69,"0.1489,-0.0862,-0.0003",False
bb_compressed_and_high_efficiency,path_inside_70,12H,3,69,"-0.0478,-0.0416,-0.0347",True
bb_compressed_and_high_efficiency,path_inside_70,1H,3,69,"0.0006,-0.0382,-0.0190",False
bb_compressed_and_high_efficiency,path_inside_70,24H,3,69,"-0.0456,-0.0610,-0.0292",True
bb_compressed_and_high_efficiency,path_inside_70,2H,3,69,"-0.0449,-0.0217,-0.0226",True
bb_compressed_and_high_efficiency,path_inside_70,4H,3,69,"-0.0442,-0.0308,-0.0269",True
bb_compressed_and_high_efficiency,path_inside_70,8H,3,69,"-0.0506,-0.0355,-0.0514",True
bb_compressed_and_high_efficiency,range_breached,12H,3,69,"0.0478,0.0416,0.0347",True
bb_compressed_and_high_efficiency,range_breached,1H,3,69,"-0.0006,0.0382,0.0190",False
bb_compressed_and_high_efficiency,range_breached,24H,3,69,"0.0456,0.0610,0.0292",True
bb_compressed_and_high_efficiency,range_breached,2H,3,69,"0.0449,0.0217,0.0226",True
bb_compressed_and_high_efficiency,range_breached,4H,3,69,"0.0442,0.0308,0.0269",True
bb_compressed_and_high_efficiency,range_breached,8H,3,69,"0.0506,0.0355,0.0514",True
bb_compressed_and_high_efficiency,range_held,12H,3,69,"-0.0478,-0.0416,-0.0347",True
bb_compressed_and_high_efficiency,range_held,1H,3,69,"0.0006,-0.0382,-0.0190",False
bb_compressed_and_high_efficiency,range_held,24H,3,69,"-0.0456,-0.0610,-0.0292",True
bb_compressed_and_high_efficiency,range_held,2H,3,69,"-0.0449,-0.0217,-0.0226",True
bb_compressed_and_high_efficiency,range_held,4H,3,69,"-0.0442,-0.0308,-0.0269",True
bb_compressed_and_high_efficiency,range_held,8H,3,69,"-0.0506,-0.0355,-0.0514",True
bb_compressed_and_high_efficiency,realized_over_range_width_ge_1,12H,3,69,"0.1262,0.0979,0.1196",True
bb_compressed_and_high_efficiency,realized_over_range_width_ge_1,1H,3,69,"0.0636,0.0613,0.0343",True
bb_compressed_and_high_efficiency,realized_over_range_width_ge_1,24H,3,69,"0.1127,0.1119,0.0884",True
bb_compressed_and_high_efficiency,realized_over_range_width_ge_1,2H,3,69,"0.1355,0.0705,-0.0137",False
bb_compressed_and_high_efficiency,realized_over_range_width_ge_1,4H,3,69,"0.0793,0.0777,0.1027",True
bb_compressed_and_high_efficiency,realized_over_range_width_ge_1,8H,3,69,"0.1206,0.0941,0.1405",True
bb_compressed_and_high_efficiency,trend_efficiency_high,12H,3,69,"-0.0494,0.0283,-0.0358",False
bb_compressed_and_high_efficiency,trend_efficiency_high,1H,3,69,"-0.0772,-0.0153,0.0329",False
bb_compressed_and_high_efficiency,trend_efficiency_high,24H,3,69,"-0.1320,0.0446,-0.0501",False
bb_compressed_and_high_efficiency,trend_efficiency_high,2H,3,69,"-0.0587,0.0207,0.0272",False
bb_compressed_and_high_efficiency,trend_efficiency_high,4H,3,69,"-0.0793,0.0813,0.0108",False
bb_compressed_and_high_efficiency,trend_efficiency_high,8H,3,69,"-0.0644,0.1210,-0.0579",False
bb_compressed_and_high_efficiency,upside_breakout_occurred,12H,3,69,"0.2791,0.0462,-0.0022",False
bb_compressed_and_high_efficiency,upside_breakout_occurred,1H,3,69,"0.0903,0.0282,-0.0121",False
bb_compressed_and_high_efficiency,upside_breakout_occurred,24H,3,69,"0.2342,0.1148,-0.0034",False
bb_compressed_and_high_efficiency,upside_breakout_occurred,2H,3,69,"0.1281,0.0229,-0.0651",False
bb_compressed_and_high_efficiency,upside_breakout_occurred,4H,3,69,"0.2214,0.0112,0.0240",True
bb_compressed_and_high_efficiency,upside_breakout_occurred,8H,3,69,"0.2363,0.0298,0.0858",True
bb_compressed_and_high_volume,downside_breakdown_occurred,12H,3,55,"0.0179,0.0406,-0.1268",False
bb_compressed_and_high_volume,downside_breakdown_occurred,1H,3,55,"0.0339,0.1140,0.0622",True
bb_compressed_and_high_volume,downside_breakdown_occurred,24H,3,55,"0.0687,0.0560,0.0871",True
bb_compressed_and_high_volume,downside_breakdown_occurred,2H,3,55,"0.1011,0.0897,0.0123",True
bb_compressed_and_high_volume,downside_breakdown_occurred,4H,3,55,"0.0640,0.0849,-0.0986",False
bb_compressed_and_high_volume,downside_breakdown_occurred,8H,3,55,"0.0582,0.0485,-0.1296",False
bb_compressed_and_high_volume,fast_1atr_touch,1H,3,55,"-0.0111,0.0251,0.0164",False
bb_compressed_and_high_volume,fast_1atr_touch,2H,3,55,"0.0043,0.0044,0.0021",True
bb_compressed_and_high_volume,fast_1atr_touch,4H,3,55,"0.0000,0.0014,0.0000",True
bb_compressed_and_high_volume,max_abs_excursion_ge_1_5_atr,12H,3,55,"0.0007,0.0000,0.0000",True
bb_compressed_and_high_volume,max_abs_excursion_ge_1_5_atr,1H,3,55,"0.0326,0.1047,0.0567",True
bb_compressed_and_high_volume,max_abs_excursion_ge_1_5_atr,2H,3,55,"0.0144,0.0230,0.0096",True
bb_compressed_and_high_volume,max_abs_excursion_ge_1_5_atr,4H,3,55,"0.0064,0.0071,0.0029",True
bb_compressed_and_high_volume,max_abs_excursion_ge_1_5_atr,8H,3,55,"0.0007,0.0007,0.0007",True
bb_compressed_and_high_volume,one_sided_runaway,12H,3,55,"0.0936,0.0386,0.0448",True
bb_compressed_and_high_volume,one_sided_runaway,1H,3,55,"0.0140,-0.0061,-0.0036",False
bb_compressed_and_high_volume,one_sided_runaway,24H,3,55,"0.0242,0.0555,-0.0967",False
bb_compressed_and_high_volume,one_sided_runaway,2H,3,55,"-0.1021,-0.0182,0.0395",False
bb_compressed_and_high_volume,one_sided_runaway,4H,3,55,"-0.0504,0.0379,0.0769",False
bb_compressed_and_high_volume,one_sided_runaway,8H,3,55,"0.0745,-0.0338,0.0481",False
bb_compressed_and_high_volume,oscillatory_path,12H,3,55,"-0.1202,-0.0012,-0.0647",True
bb_compressed_and_high_volume,oscillatory_path,1H,3,55,"0.0042,0.0662,0.0130",True
bb_compressed_and_high_volume,oscillatory_path,24H,3,55,"0.0573,0.0332,0.2120",True
bb_compressed_and_high_volume,oscillatory_path,2H,3,55,"0.0636,-0.0075,0.0241",False
bb_compressed_and_high_volume,oscillatory_path,4H,3,55,"-0.0001,-0.0476,-0.0929",True
bb_compressed_and_high_volume,oscillatory_path,8H,3,55,"-0.0977,0.0021,-0.0896",False
bb_compressed_and_high_volume,path_inside_70,12H,3,55,"-0.0478,-0.0473,-0.0492",True
bb_compressed_and_high_volume,path_inside_70,1H,3,55,"-0.0506,-0.0309,-0.0335",True
bb_compressed_and_high_volume,path_inside_70,24H,3,55,"-0.0456,-0.0607,-0.0292",True
bb_compressed_and_high_volume,path_inside_70,2H,3,55,"-0.0280,-0.0344,-0.0189",True
bb_compressed_and_high_volume,path_inside_70,4H,3,55,"-0.0273,-0.0372,-0.0414",True
bb_compressed_and_high_volume,path_inside_70,8H,3,55,"-0.0506,-0.0486,-0.0332",True
bb_compressed_and_high_volume,range_breached,12H,3,55,"0.0478,0.0473,0.0492",True
bb_compressed_and_high_volume,range_breached,1H,3,55,"0.0506,0.0309,0.0335",True
bb_compressed_and_high_volume,range_breached,24H,3,55,"0.0456,0.0607,0.0292",True
bb_compressed_and_high_volume,range_breached,2H,3,55,"0.0280,0.0344,0.0189",True
bb_compressed_and_high_volume,range_breached,4H,3,55,"0.0273,0.0372,0.0414",True
bb_compressed_and_high_volume,range_breached,8H,3,55,"0.0506,0.0486,0.0332",True
bb_compressed_and_high_volume,range_held,12H,3,55,"-0.0478,-0.0473,-0.0492",True
bb_compressed_and_high_volume,range_held,1H,3,55,"-0.0506,-0.0309,-0.0335",True
bb_compressed_and_high_volume,range_held,24H,3,55,"-0.0456,-0.0607,-0.0292",True
bb_compressed_and_high_volume,range_held,2H,3,55,"-0.0280,-0.0344,-0.0189",True
bb_compressed_and_high_volume,range_held,4H,3,55,"-0.0273,-0.0372,-0.0414",True
bb_compressed_and_high_volume,range_held,8H,3,55,"-0.0506,-0.0486,-0.0332",True
bb_compressed_and_high_volume,realized_over_range_width_ge_1,12H,3,55,"0.1262,0.1231,0.1341",True
bb_compressed_and_high_volume,realized_over_range_width_ge_1,1H,3,55,"0.0558,0.0932,0.0667",True
bb_compressed_and_high_volume,realized_over_range_width_ge_1,24H,3,55,"0.1127,0.0821,0.0884",True
bb_compressed_and_high_volume,realized_over_range_width_ge_1,2H,3,55,"0.0806,0.0884,0.0403",True
bb_compressed_and_high_volume,realized_over_range_width_ge_1,4H,3,55,"0.1095,0.0814,0.0735",True
bb_compressed_and_high_volume,realized_over_range_width_ge_1,8H,3,55,"0.1334,0.1119,-0.0049",False
bb_compressed_and_high_volume,trend_efficiency_high,12H,3,55,"0.0936,0.0386,0.0448",True
bb_compressed_and_high_volume,trend_efficiency_high,1H,3,55,"0.0365,-0.0083,0.0263",False
bb_compressed_and_high_volume,trend_efficiency_high,24H,3,55,"0.0242,0.0555,-0.0967",False
bb_compressed_and_high_volume,trend_efficiency_high,2H,3,55,"-0.1021,-0.0196,0.0388",False
bb_compressed_and_high_volume,trend_efficiency_high,4H,3,55,"-0.0504,0.0379,0.0769",False
bb_compressed_and_high_volume,trend_efficiency_high,8H,3,55,"0.0745,-0.0338,0.0481",False
bb_compressed_and_high_volume,upside_breakout_occurred,12H,3,55,"0.1233,0.1380,0.1894",True
bb_compressed_and_high_volume,upside_breakout_occurred,1H,3,55,"0.1520,0.0891,0.1320",True
bb_compressed_and_high_volume,upside_breakout_occurred,24H,3,55,"0.1636,0.0918,0.1848",True
bb_compressed_and_high_volume,upside_breakout_occurred,2H,3,55,"0.1431,0.0624,0.1188",True
bb_compressed_and_high_volume,upside_breakout_occurred,4H,3,55,"0.1256,0.0363,0.1755",True
bb_compressed_and_high_volume,upside_breakout_occurred,8H,3,55,"0.0810,0.1128,0.1648",True
bb_compressed_and_low_efficiency,downside_breakdown_occurred,12H,3,94,"-0.1408,0.1291,-0.0387",False
bb_compressed_and_low_efficiency,downside_breakdown_occurred,1H,3,94,"-0.0164,0.0359,-0.0048",False
bb_compressed_and_low_efficiency,downside_breakdown_occurred,24H,3,94,"-0.1089,0.1205,-0.0746",False
bb_compressed_and_low_efficiency,downside_breakdown_occurred,2H,3,94,"-0.0532,0.0595,0.0075",False
bb_compressed_and_low_efficiency,downside_breakdown_occurred,4H,3,94,"-0.1116,0.0645,-0.0182",False
bb_compressed_and_low_efficiency,downside_breakdown_occurred,8H,3,94,"-0.1025,0.1114,-0.0837",False
bb_compressed_and_low_efficiency,fast_1atr_touch,1H,3,94,"0.0015,0.0066,0.0164",True
bb_compressed_and_low_efficiency,fast_1atr_touch,2H,3,94,"0.0043,0.0072,0.0021",True
bb_compressed_and_low_efficiency,fast_1atr_touch,4H,3,94,"0.0000,0.0014,0.0000",True
bb_compressed_and_low_efficiency,max_abs_excursion_ge_1_5_atr,12H,3,94,"0.0007,0.0000,0.0000",True
bb_compressed_and_low_efficiency,max_abs_excursion_ge_1_5_atr,1H,3,94,"0.0555,0.0278,0.0319",True
bb_compressed_and_low_efficiency,max_abs_excursion_ge_1_5_atr,2H,3,94,"0.0314,0.0073,0.0173",True
bb_compressed_and_low_efficiency,max_abs_excursion_ge_1_5_atr,4H,3,94,"0.0064,0.0071,0.0029",True
bb_compressed_and_low_efficiency,max_abs_excursion_ge_1_5_atr,8H,3,94,"0.0007,0.0007,0.0007",True
bb_compressed_and_low_efficiency,one_sided_runaway,12H,3,94,"0.1096,-0.0053,0.0429",False
bb_compressed_and_low_efficiency,one_sided_runaway,1H,3,94,"-0.0385,-0.0108,-0.0649",True
bb_compressed_and_low_efficiency,one_sided_runaway,24H,3,94,"-0.0366,0.0103,0.0287",False
bb_compressed_and_low_efficiency,one_sided_runaway,2H,3,94,"-0.0273,-0.0186,-0.0447",True
bb_compressed_and_low_efficiency,one_sided_runaway,4H,3,94,"0.0118,-0.0443,-0.0408",False
bb_compressed_and_low_efficiency,one_sided_runaway,8H,3,94,"0.0862,-0.0187,0.1275",False
bb_compressed_and_low_efficiency,oscillatory_path,12H,3,94,"-0.0699,-0.0021,-0.0312",True
bb_compressed_and_low_efficiency,oscillatory_path,1H,3,94,"0.0316,0.0414,-0.0520",False
bb_compressed_and_low_efficiency,oscillatory_path,24H,3,94,"0.0721,0.0241,-0.0033",False
bb_compressed_and_low_efficiency,oscillatory_path,2H,3,94,"0.0295,0.0111,0.0145",True
bb_compressed_and_low_efficiency,oscillatory_path,4H,3,94,"-0.0365,0.0558,-0.0249",False
bb_compressed_and_low_efficiency,oscillatory_path,8H,3,94,"-0.0707,-0.0316,-0.0561",True
bb_compressed_and_low_efficiency,path_inside_70,12H,3,94,"-0.0478,-0.0472,-0.0492",True
bb_compressed_and_low_efficiency,path_inside_70,1H,3,94,"-0.0506,-0.0194,-0.0019",True
bb_compressed_and_low_efficiency,path_inside_70,24H,3,94,"-0.0456,-0.0592,-0.0292",True
bb_compressed_and_low_efficiency,path_inside_70,2H,3,94,"-0.0343,-0.0272,-0.0371",True
bb_compressed_and_low_efficiency,path_inside_70,4H,3,94,"-0.0442,-0.0229,-0.0414",True
bb_compressed_and_low_efficiency,path_inside_70,8H,3,94,"-0.0506,-0.0386,-0.0514",True
bb_compressed_and_low_efficiency,range_breached,12H,3,94,"0.0478,0.0472,0.0492",True
bb_compressed_and_low_efficiency,range_breached,1H,3,94,"0.0506,0.0194,0.0019",True
bb_compressed_and_low_efficiency,range_breached,24H,3,94,"0.0456,0.0592,0.0292",True
bb_compressed_and_low_efficiency,range_breached,2H,3,94,"0.0343,0.0272,0.0371",True
bb_compressed_and_low_efficiency,range_breached,4H,3,94,"0.0442,0.0229,0.0414",True
bb_compressed_and_low_efficiency,range_breached,8H,3,94,"0.0506,0.0386,0.0514",True
bb_compressed_and_low_efficiency,range_held,12H,3,94,"-0.0478,-0.0472,-0.0492",True
bb_compressed_and_low_efficiency,range_held,1H,3,94,"-0.0506,-0.0194,-0.0019",True
bb_compressed_and_low_efficiency,range_held,24H,3,94,"-0.0456,-0.0592,-0.0292",True
bb_compressed_and_low_efficiency,range_held,2H,3,94,"-0.0343,-0.0272,-0.0371",True
bb_compressed_and_low_efficiency,range_held,4H,3,94,"-0.0442,-0.0229,-0.0414",True
bb_compressed_and_low_efficiency,range_held,8H,3,94,"-0.0506,-0.0386,-0.0514",True
bb_compressed_and_low_efficiency,realized_over_range_width_ge_1,12H,3,94,"0.1156,0.0817,0.1130",True
bb_compressed_and_low_efficiency,realized_over_range_width_ge_1,1H,3,94,"0.0873,0.0475,0.0476",True
bb_compressed_and_low_efficiency,realized_over_range_width_ge_1,24H,3,94,"0.0914,0.0987,0.0884",True
bb_compressed_and_low_efficiency,realized_over_range_width_ge_1,2H,3,94,"0.0526,0.0398,0.0365",True
bb_compressed_and_low_efficiency,realized_over_range_width_ge_1,4H,3,94,"0.0902,0.0725,0.1146",True
bb_compressed_and_low_efficiency,realized_over_range_width_ge_1,8H,3,94,"0.1121,0.0889,0.0774",True
bb_compressed_and_low_efficiency,trend_efficiency_high,12H,3,94,"0.1096,-0.0053,0.0429",False
bb_compressed_and_low_efficiency,trend_efficiency_high,1H,3,94,"-0.0499,-0.0158,-0.0502",True
bb_compressed_and_low_efficiency,trend_efficiency_high,24H,3,94,"-0.0366,0.0103,0.0287",False
bb_compressed_and_low_efficiency,trend_efficiency_high,2H,3,94,"-0.0273,-0.0201,-0.0454",True
bb_compressed_and_low_efficiency,trend_efficiency_high,4H,3,94,"0.0118,-0.0443,-0.0408",False
bb_compressed_and_low_efficiency,trend_efficiency_high,8H,3,94,"0.0862,-0.0187,0.1275",False
bb_compressed_and_low_efficiency,upside_breakout_occurred,12H,3,94,"0.2242,0.0983,0.1798",True
bb_compressed_and_low_efficiency,upside_breakout_occurred,1H,3,94,"0.1064,0.0276,0.1081",True
bb_compressed_and_low_efficiency,upside_breakout_occurred,24H,3,94,"0.2200,0.1003,0.1417",True
bb_compressed_and_low_efficiency,upside_breakout_occurred,2H,3,94,"0.1632,0.0631,0.1552",True
bb_compressed_and_low_efficiency,upside_breakout_occurred,4H,3,94,"0.2116,0.0411,0.1889",True
bb_compressed_and_low_efficiency,upside_breakout_occurred,8H,3,94,"0.2328,0.0601,0.1888",True
bb_compressed_and_low_volume,downside_breakdown_occurred,12H,3,97,"-0.1167,0.0757,0.1184",False
bb_compressed_and_low_volume,downside_breakdown_occurred,1H,3,97,"-0.0771,0.0069,0.0753",False
bb_compressed_and_low_volume,downside_breakdown_occurred,24H,3,97,"-0.0548,0.0966,0.1141",False
bb_compressed_and_low_volume,downside_breakdown_occurred,2H,3,97,"-0.1122,0.0278,0.1051",False
bb_compressed_and_low_volume,downside_breakdown_occurred,4H,3,97,"-0.1287,0.0295,0.1145",False
bb_compressed_and_low_volume,downside_breakdown_occurred,8H,3,97,"-0.1000,0.0649,0.0808",False
bb_compressed_and_low_volume,fast_1atr_touch,1H,3,97,"0.0125,0.0134,0.0095",True
bb_compressed_and_low_volume,fast_1atr_touch,2H,3,97,"0.0043,0.0077,0.0021",True
bb_compressed_and_low_volume,fast_1atr_touch,4H,3,97,"0.0000,0.0014,0.0000",True
bb_compressed_and_low_volume,max_abs_excursion_ge_1_5_atr,12H,3,97,"0.0007,0.0000,0.0000",True
bb_compressed_and_low_volume,max_abs_excursion_ge_1_5_atr,1H,3,97,"0.0687,0.0421,0.0574",True
bb_compressed_and_low_volume,max_abs_excursion_ge_1_5_atr,2H,3,97,"0.0314,0.0296,0.0070",True
bb_compressed_and_low_volume,max_abs_excursion_ge_1_5_atr,4H,3,97,"0.0064,0.0071,0.0029",True
bb_compressed_and_low_volume,max_abs_excursion_ge_1_5_atr,8H,3,97,"0.0007,0.0007,0.0007",True
bb_compressed_and_low_volume,one_sided_runaway,12H,3,97,"0.0080,-0.0187,0.0125",False
bb_compressed_and_low_volume,one_sided_runaway,1H,3,97,"-0.0730,0.0029,-0.0380",False
bb_compressed_and_low_volume,one_sided_runaway,24H,3,97,"-0.1240,-0.0271,-0.0295",True
bb_compressed_and_low_volume,one_sided_runaway,2H,3,97,"-0.0219,-0.0018,-0.0147",True
bb_compressed_and_low_volume,one_sided_runaway,4H,3,97,"0.0268,-0.0232,-0.0179",False
bb_compressed_and_low_volume,one_sided_runaway,8H,3,97,"-0.0560,-0.0290,-0.0077",True
bb_compressed_and_low_volume,oscillatory_path,12H,3,97,"0.0629,0.1046,-0.0212",False
bb_compressed_and_low_volume,oscillatory_path,1H,3,97,"-0.0345,-0.0359,0.0307",False
bb_compressed_and_low_volume,oscillatory_path,24H,3,97,"0.0982,0.0293,-0.0077",False
bb_compressed_and_low_volume,oscillatory_path,2H,3,97,"0.0256,-0.0147,-0.0111",False
bb_compressed_and_low_volume,oscillatory_path,4H,3,97,"-0.0181,0.0436,0.0088",False
bb_compressed_and_low_volume,oscillatory_path,8H,3,97,"0.0928,0.0682,-0.0115",False
bb_compressed_and_low_volume,path_inside_70,12H,3,97,"-0.0478,-0.0497,-0.0423",True
bb_compressed_and_low_volume,path_inside_70,1H,3,97,"-0.0403,-0.0187,0.0012",False
bb_compressed_and_low_volume,path_inside_70,24H,3,97,"-0.0456,-0.0453,-0.0292",True
bb_compressed_and_low_volume,path_inside_70,2H,3,97,"-0.0346,-0.0223,-0.0301",True
bb_compressed_and_low_volume,path_inside_70,4H,3,97,"-0.0442,-0.0218,-0.0344",True
bb_compressed_and_low_volume,path_inside_70,8H,3,97,"-0.0506,-0.0332,-0.0514",True
bb_compressed_and_low_volume,range_breached,12H,3,97,"0.0478,0.0497,0.0423",True
bb_compressed_and_low_volume,range_breached,1H,3,97,"0.0403,0.0187,-0.0012",False
bb_compressed_and_low_volume,range_breached,24H,3,97,"0.0456,0.0453,0.0292",True
bb_compressed_and_low_volume,range_breached,2H,3,97,"0.0346,0.0223,0.0301",True
bb_compressed_and_low_volume,range_breached,4H,3,97,"0.0442,0.0218,0.0344",True
bb_compressed_and_low_volume,range_breached,8H,3,97,"0.0506,0.0332,0.0514",True
bb_compressed_and_low_volume,range_held,12H,3,97,"-0.0478,-0.0497,-0.0423",True
bb_compressed_and_low_volume,range_held,1H,3,97,"-0.0403,-0.0187,0.0012",False
bb_compressed_and_low_volume,range_held,24H,3,97,"-0.0456,-0.0453,-0.0292",True
bb_compressed_and_low_volume,range_held,2H,3,97,"-0.0346,-0.0223,-0.0301",True
bb_compressed_and_low_volume,range_held,4H,3,97,"-0.0442,-0.0218,-0.0344",True
bb_compressed_and_low_volume,range_held,8H,3,97,"-0.0506,-0.0332,-0.0514",True
bb_compressed_and_low_volume,realized_over_range_width_ge_1,12H,3,97,"0.1159,0.0610,0.0924",True
bb_compressed_and_low_volume,realized_over_range_width_ge_1,1H,3,97,"0.0993,0.0348,0.0310",True
bb_compressed_and_low_volume,realized_over_range_width_ge_1,24H,3,97,"0.0921,0.0931,0.0884",True
bb_compressed_and_low_volume,realized_over_range_width_ge_1,2H,3,97,"0.0659,0.0478,0.0201",True
bb_compressed_and_low_volume,realized_over_range_width_ge_1,4H,3,97,"0.0918,0.0699,0.0907",True
bb_compressed_and_low_volume,realized_over_range_width_ge_1,8H,3,97,"0.1128,0.0676,0.1058",True
bb_compressed_and_low_volume,trend_efficiency_high,12H,3,97,"0.0080,-0.0187,0.0125",False
bb_compressed_and_low_volume,trend_efficiency_high,1H,3,97,"-0.0844,-0.0064,-0.0374",True
bb_compressed_and_low_volume,trend_efficiency_high,24H,3,97,"-0.1240,-0.0271,-0.0295",True
bb_compressed_and_low_volume,trend_efficiency_high,2H,3,97,"-0.0219,-0.0032,-0.0154",True
bb_compressed_and_low_volume,trend_efficiency_high,4H,3,97,"0.0268,-0.0232,-0.0179",False
bb_compressed_and_low_volume,trend_efficiency_high,8H,3,97,"-0.0560,-0.0290,-0.0077",True
bb_compressed_and_low_volume,upside_breakout_occurred,12H,3,97,"0.2707,0.0884,0.0806",True
bb_compressed_and_low_volume,upside_breakout_occurred,1H,3,97,"0.1455,-0.0295,-0.0178",False
bb_compressed_and_low_volume,upside_breakout_occurred,24H,3,97,"0.2875,0.1125,0.0700",True
bb_compressed_and_low_volume,upside_breakout_occurred,2H,3,97,"0.1705,0.0431,0.0635",True
bb_compressed_and_low_volume,upside_breakout_occurred,4H,3,97,"0.2591,0.0793,0.0310",True
bb_compressed_and_low_volume,upside_breakout_occurred,8H,3,97,"0.2690,0.0531,0.1105",True
bb_compressed_and_rising_atr_slope,downside_breakdown_occurred,12H,3,80,"0.0186,-0.0871,0.0073",False
bb_compressed_and_rising_atr_slope,downside_breakdown_occurred,1H,3,80,"0.0226,-0.0096,0.0281",False
bb_compressed_and_rising_atr_slope,downside_breakdown_occurred,24H,3,80,"0.1336,-0.0449,0.1280",False
bb_compressed_and_rising_atr_slope,downside_breakdown_occurred,2H,3,80,"-0.0415,-0.0050,0.0759",False
bb_compressed_and_rising_atr_slope,downside_breakdown_occurred,4H,3,80,"-0.0096,-0.0508,0.1048",False
bb_compressed_and_rising_atr_slope,downside_breakdown_occurred,8H,3,80,"0.0480,-0.0884,0.0420",False
bb_compressed_and_rising_atr_slope,fast_1atr_touch,1H,3,80,"-0.0232,0.0092,0.0164",False
bb_compressed_and_rising_atr_slope,fast_1atr_touch,2H,3,80,"-0.0072,0.0068,0.0021",False
bb_compressed_and_rising_atr_slope,fast_1atr_touch,4H,3,80,"0.0000,0.0014,0.0000",True
bb_compressed_and_rising_atr_slope,max_abs_excursion_ge_1_5_atr,12H,3,80,"0.0007,0.0000,0.0000",True
bb_compressed_and_rising_atr_slope,max_abs_excursion_ge_1_5_atr,1H,3,80,"0.0133,0.0368,-0.0274",False
bb_compressed_and_rising_atr_slope,max_abs_excursion_ge_1_5_atr,2H,3,80,"-0.0031,0.0142,-0.0097",False
bb_compressed_and_rising_atr_slope,max_abs_excursion_ge_1_5_atr,4H,3,80,"0.0064,0.0071,0.0029",True
bb_compressed_and_rising_atr_slope,max_abs_excursion_ge_1_5_atr,8H,3,80,"0.0007,0.0007,0.0007",True
bb_compressed_and_rising_atr_slope,one_sided_runaway,12H,3,80,"0.0523,0.0726,0.0028",True
bb_compressed_and_rising_atr_slope,one_sided_runaway,1H,3,80,"-0.0405,-0.0139,-0.0116",True
bb_compressed_and_rising_atr_slope,one_sided_runaway,24H,3,80,"-0.0007,0.0938,-0.0740",False
bb_compressed_and_rising_atr_slope,one_sided_runaway,2H,3,80,"0.0200,0.0382,-0.0105",False
bb_compressed_and_rising_atr_slope,one_sided_runaway,4H,3,80,"-0.0426,0.0443,-0.0401",False
bb_compressed_and_rising_atr_slope,one_sided_runaway,8H,3,80,"-0.0303,0.0205,-0.0383",False
bb_compressed_and_rising_atr_slope,oscillatory_path,12H,3,80,"0.0405,-0.0101,-0.0351",False
bb_compressed_and_rising_atr_slope,oscillatory_path,1H,3,80,"0.0003,0.0200,0.0210",True
bb_compressed_and_rising_atr_slope,oscillatory_path,24H,3,80,"-0.0494,-0.0546,0.0756",False
bb_compressed_and_rising_atr_slope,oscillatory_path,2H,3,80,"-0.0257,-0.0468,0.0139",False
bb_compressed_and_rising_atr_slope,oscillatory_path,4H,3,80,"0.1109,-0.0539,-0.1065",False
bb_compressed_and_rising_atr_slope,oscillatory_path,8H,3,80,"0.0406,-0.1184,-0.0476",False
bb_compressed_and_rising_atr_slope,path_inside_70,12H,3,80,"-0.0478,-0.0410,-0.0492",True
bb_compressed_and_rising_atr_slope,path_inside_70,1H,3,80,"-0.0277,-0.0128,-0.0210",True
bb_compressed_and_rising_atr_slope,path_inside_70,24H,3,80,"-0.0456,-0.0586,-0.0292",True
bb_compressed_and_rising_atr_slope,path_inside_70,2H,3,80,"-0.0105,-0.0210,-0.0121",True
bb_compressed_and_rising_atr_slope,path_inside_70,4H,3,80,"-0.0212,-0.0167,-0.0289",True
bb_compressed_and_rising_atr_slope,path_inside_70,8H,3,80,"-0.0391,-0.0281,-0.0514",True
bb_compressed_and_rising_atr_slope,range_breached,12H,3,80,"0.0478,0.0410,0.0492",True
bb_compressed_and_rising_atr_slope,range_breached,1H,3,80,"0.0277,0.0128,0.0210",True
bb_compressed_and_rising_atr_slope,range_breached,24H,3,80,"0.0456,0.0586,0.0292",True
bb_compressed_and_rising_atr_slope,range_breached,2H,3,80,"0.0105,0.0210,0.0121",True
bb_compressed_and_rising_atr_slope,range_breached,4H,3,80,"0.0212,0.0167,0.0289",True
bb_compressed_and_rising_atr_slope,range_breached,8H,3,80,"0.0391,0.0281,0.0514",True
bb_compressed_and_rising_atr_slope,range_held,12H,3,80,"-0.0478,-0.0410,-0.0492",True
bb_compressed_and_rising_atr_slope,range_held,1H,3,80,"-0.0277,-0.0128,-0.0210",True
bb_compressed_and_rising_atr_slope,range_held,24H,3,80,"-0.0456,-0.0586,-0.0292",True
bb_compressed_and_rising_atr_slope,range_held,2H,3,80,"-0.0105,-0.0210,-0.0121",True
bb_compressed_and_rising_atr_slope,range_held,4H,3,80,"-0.0212,-0.0167,-0.0289",True
bb_compressed_and_rising_atr_slope,range_held,8H,3,80,"-0.0391,-0.0281,-0.0514",True
bb_compressed_and_rising_atr_slope,realized_over_range_width_ge_1,12H,3,80,"0.0918,0.0758,0.1341",True
bb_compressed_and_rising_atr_slope,realized_over_range_width_ge_1,1H,3,80,"0.0371,0.0458,0.0213",True
bb_compressed_and_rising_atr_slope,realized_over_range_width_ge_1,24H,3,80,"0.0782,0.0813,0.0884",True
bb_compressed_and_rising_atr_slope,realized_over_range_width_ge_1,2H,3,80,"0.0334,0.0230,-0.0188",False
bb_compressed_and_rising_atr_slope,realized_over_range_width_ge_1,4H,3,80,"0.0284,0.0301,0.0837",True
bb_compressed_and_rising_atr_slope,realized_over_range_width_ge_1,8H,3,80,"0.0874,0.0740,0.1280",True
bb_compressed_and_rising_atr_slope,trend_efficiency_high,12H,3,80,"0.0523,0.0726,0.0028",True
bb_compressed_and_rising_atr_slope,trend_efficiency_high,1H,3,80,"-0.0405,-0.0186,0.0070",False
bb_compressed_and_rising_atr_slope,trend_efficiency_high,24H,3,80,"-0.0007,0.0938,-0.0740",False
bb_compressed_and_rising_atr_slope,trend_efficiency_high,2H,3,80,"0.0200,0.0368,-0.0112",False
bb_compressed_and_rising_atr_slope,trend_efficiency_high,4H,3,80,"-0.0426,0.0443,-0.0401",False
bb_compressed_and_rising_atr_slope,trend_efficiency_high,8H,3,80,"-0.0303,0.0205,-0.0383",False
bb_compressed_and_rising_atr_slope,upside_breakout_occurred,12H,3,80,"0.1646,0.1354,0.0792",True
bb_compressed_and_rising_atr_slope,upside_breakout_occurred,1H,3,80,"0.0735,0.0197,-0.0373",False
bb_compressed_and_rising_atr_slope,upside_breakout_occurred,24H,3,80,"0.1595,0.1400,0.0575",True
bb_compressed_and_rising_atr_slope,upside_breakout_occurred,2H,3,80,"0.0640,0.0624,-0.0323",False
bb_compressed_and_rising_atr_slope,upside_breakout_occurred,4H,3,80,"0.0344,0.0620,-0.0427",False
bb_compressed_and_rising_atr_slope,upside_breakout_occurred,8H,3,80,"0.0812,0.1250,0.0466",True
bb_squeeze_low_and_high_efficiency,downside_breakdown_occurred,12H,3,78,"0.1464,0.0255,0.0683",True
bb_squeeze_low_and_high_efficiency,downside_breakdown_occurred,1H,3,78,"0.0155,-0.0209,-0.0188",False
bb_squeeze_low_and_high_efficiency,downside_breakdown_occurred,24H,3,78,"0.1145,0.1024,0.0722",True
bb_squeeze_low_and_high_efficiency,downside_breakdown_occurred,2H,3,78,"0.0532,-0.0401,-0.0125",False
bb_squeeze_low_and_high_efficiency,downside_breakdown_occurred,4H,3,78,"0.0799,-0.0436,0.0287",False
bb_squeeze_low_and_high_efficiency,downside_breakdown_occurred,8H,3,78,"0.1103,-0.0308,0.0654",False
bb_squeeze_low_and_high_efficiency,fast_1atr_touch,1H,3,78,"0.0122,0.0193,-0.0001",False
bb_squeeze_low_and_high_efficiency,fast_1atr_touch,2H,3,78,"0.0043,-0.0014,0.0021",False
bb_squeeze_low_and_high_efficiency,fast_1atr_touch,4H,3,78,"0.0000,0.0014,0.0000",True
bb_squeeze_low_and_high_efficiency,max_abs_excursion_ge_1_5_atr,12H,3,78,"0.0007,0.0000,0.0000",True
bb_squeeze_low_and_high_efficiency,max_abs_excursion_ge_1_5_atr,1H,3,78,"0.0555,0.0187,0.0319",True
bb_squeeze_low_and_high_efficiency,max_abs_excursion_ge_1_5_atr,2H,3,78,"0.0101,0.0114,0.0030",True
bb_squeeze_low_and_high_efficiency,max_abs_excursion_ge_1_5_atr,4H,3,78,"-0.0042,0.0071,0.0029",False
bb_squeeze_low_and_high_efficiency,max_abs_excursion_ge_1_5_atr,8H,3,78,"0.0007,0.0007,0.0007",True
bb_squeeze_low_and_high_efficiency,one_sided_runaway,12H,3,78,"-0.0287,-0.0259,-0.0940",True
bb_squeeze_low_and_high_efficiency,one_sided_runaway,1H,3,78,"0.0573,-0.0059,0.0245",False
bb_squeeze_low_and_high_efficiency,one_sided_runaway,24H,3,78,"-0.1110,-0.0359,-0.0091",True
bb_squeeze_low_and_high_efficiency,one_sided_runaway,2H,3,78,"0.0046,0.0332,0.0048",True
bb_squeeze_low_and_high_efficiency,one_sided_runaway,4H,3,78,"0.0118,0.0119,-0.0371",False
bb_squeeze_low_and_high_efficiency,one_sided_runaway,8H,3,78,"-0.0521,0.0760,-0.0809",False
bb_squeeze_low_and_high_efficiency,oscillatory_path,12H,3,78,"0.0791,0.0128,0.0692",True
bb_squeeze_low_and_high_efficiency,oscillatory_path,1H,3,78,"-0.0003,0.0264,0.0378",False
bb_squeeze_low_and_high_efficiency,oscillatory_path,24H,3,78,"0.1678,0.0435,0.0136",True
bb_squeeze_low_and_high_efficiency,oscillatory_path,2H,3,78,"-0.0663,-0.0384,0.0472",False
bb_squeeze_low_and_high_efficiency,oscillatory_path,4H,3,78,"0.0166,-0.1003,0.0476",False
bb_squeeze_low_and_high_efficiency,oscillatory_path,8H,3,78,"0.0676,-0.0512,0.1021",False
bb_squeeze_low_and_high_efficiency,path_inside_70,12H,3,78,"-0.0478,-0.0428,0.0334",False
bb_squeeze_low_and_high_efficiency,path_inside_70,1H,3,78,"0.0025,-0.0449,-0.0087",False
bb_squeeze_low_and_high_efficiency,path_inside_70,24H,3,78,"-0.0456,-0.0293,-0.0127",True
bb_squeeze_low_and_high_efficiency,path_inside_70,2H,3,78,"-0.0343,0.0156,0.0208",False
bb_squeeze_low_and_high_efficiency,path_inside_70,4H,3,78,"-0.0229,0.0071,-0.0000",False
bb_squeeze_low_and_high_efficiency,path_inside_70,8H,3,78,"-0.0294,-0.0300,0.0065",False
bb_squeeze_low_and_high_efficiency,range_breached,12H,3,78,"0.0478,0.0428,-0.0334",False
bb_squeeze_low_and_high_efficiency,range_breached,1H,3,78,"-0.0025,0.0449,0.0087",False
bb_squeeze_low_and_high_efficiency,range_breached,24H,3,78,"0.0456,0.0293,0.0127",True
bb_squeeze_low_and_high_efficiency,range_breached,2H,3,78,"0.0343,-0.0156,-0.0208",False
bb_squeeze_low_and_high_efficiency,range_breached,4H,3,78,"0.0229,-0.0071,0.0000",False
bb_squeeze_low_and_high_efficiency,range_breached,8H,3,78,"0.0294,0.0300,-0.0065",False
bb_squeeze_low_and_high_efficiency,range_held,12H,3,78,"-0.0478,-0.0428,0.0334",False
bb_squeeze_low_and_high_efficiency,range_held,1H,3,78,"0.0025,-0.0449,-0.0087",False
bb_squeeze_low_and_high_efficiency,range_held,24H,3,78,"-0.0456,-0.0293,-0.0127",True
bb_squeeze_low_and_high_efficiency,range_held,2H,3,78,"-0.0343,0.0156,0.0208",False
bb_squeeze_low_and_high_efficiency,range_held,4H,3,78,"-0.0229,0.0071,-0.0000",False
bb_squeeze_low_and_high_efficiency,range_held,8H,3,78,"-0.0294,-0.0300,0.0065",False
bb_squeeze_low_and_high_efficiency,realized_over_range_width_ge_1,12H,3,78,"0.1262,0.0814,0.0101",True
bb_squeeze_low_and_high_efficiency,realized_over_range_width_ge_1,1H,3,78,"0.0554,0.0386,0.0221",True
bb_squeeze_low_and_high_efficiency,realized_over_range_width_ge_1,24H,3,78,"0.1021,0.0942,0.0554",True
bb_squeeze_low_and_high_efficiency,realized_over_range_width_ge_1,2H,3,78,"0.0952,0.0351,-0.0340",False
bb_squeeze_low_and_high_efficiency,realized_over_range_width_ge_1,4H,3,78,"0.0476,0.0422,-0.0025",False
bb_squeeze_low_and_high_efficiency,realized_over_range_width_ge_1,8H,3,78,"0.0908,0.0843,0.0165",True
bb_squeeze_low_and_high_efficiency,trend_efficiency_high,12H,3,78,"-0.0287,-0.0259,-0.0940",True
bb_squeeze_low_and_high_efficiency,trend_efficiency_high,1H,3,78,"0.0459,-0.0024,0.0263",False
bb_squeeze_low_and_high_efficiency,trend_efficiency_high,24H,3,78,"-0.1110,-0.0359,-0.0091",True
bb_squeeze_low_and_high_efficiency,trend_efficiency_high,2H,3,78,"0.0046,0.0318,0.0041",True
bb_squeeze_low_and_high_efficiency,trend_efficiency_high,4H,3,78,"0.0118,0.0119,-0.0371",False
bb_squeeze_low_and_high_efficiency,trend_efficiency_high,8H,3,78,"-0.0521,0.0760,-0.0809",False
bb_squeeze_low_and_high_efficiency,upside_breakout_occurred,12H,3,78,"0.1391,0.0461,-0.0965",False
bb_squeeze_low_and_high_efficiency,upside_breakout_occurred,1H,3,78,"0.0319,0.0561,-0.0217",False
bb_squeeze_low_and_high_efficiency,upside_breakout_occurred,24H,3,78,"0.1562,0.0524,-0.0400",False
bb_squeeze_low_and_high_efficiency,upside_breakout_occurred,2H,3,78,"0.0356,0.0062,-0.0745",False
bb_squeeze_low_and_high_efficiency,upside_breakout_occurred,4H,3,78,"0.1158,-0.0372,-0.0146",False
bb_squeeze_low_and_high_efficiency,upside_breakout_occurred,8H,3,78,"0.1370,-0.0266,0.0409",False
bb_squeeze_low_and_low_efficiency,downside_breakdown_occurred,12H,3,134,"-0.0887,0.1403,-0.0914",False
bb_squeeze_low_and_low_efficiency,downside_breakdown_occurred,1H,3,134,"0.0138,0.0118,-0.0219",False
bb_squeeze_low_and_low_efficiency,downside_breakdown_occurred,24H,3,134,"-0.0953,0.0528,-0.0759",False
bb_squeeze_low_and_low_efficiency,downside_breakdown_occurred,2H,3,134,"-0.0290,0.0588,-0.0254",False
bb_squeeze_low_and_low_efficiency,downside_breakdown_occurred,4H,3,134,"-0.0398,0.0308,-0.0485",False
bb_squeeze_low_and_low_efficiency,downside_breakdown_occurred,8H,3,134,"-0.0955,0.0959,-0.1074",False
bb_squeeze_low_and_low_efficiency,fast_1atr_touch,1H,3,134,"0.0162,0.0022,0.0032",True
bb_squeeze_low_and_low_efficiency,fast_1atr_touch,2H,3,134,"0.0043,0.0114,0.0021",True
bb_squeeze_low_and_low_efficiency,fast_1atr_touch,4H,3,134,"0.0000,0.0014,0.0000",True
bb_squeeze_low_and_low_efficiency,max_abs_excursion_ge_1_5_atr,12H,3,134,"0.0007,0.0000,0.0000",True
bb_squeeze_low_and_low_efficiency,max_abs_excursion_ge_1_5_atr,1H,3,134,"0.0459,0.0499,0.0095",True
bb_squeeze_low_and_low_efficiency,max_abs_excursion_ge_1_5_atr,2H,3,134,"0.0182,0.0147,0.0212",True
bb_squeeze_low_and_low_efficiency,max_abs_excursion_ge_1_5_atr,4H,3,134,"0.0064,0.0071,0.0029",True
bb_squeeze_low_and_low_efficiency,max_abs_excursion_ge_1_5_atr,8H,3,134,"0.0007,0.0007,0.0007",True
bb_squeeze_low_and_low_efficiency,one_sided_runaway,12H,3,134,"0.1316,-0.0081,0.0864",False
bb_squeeze_low_and_low_efficiency,one_sided_runaway,1H,3,134,"0.0024,-0.0350,-0.0438",False
bb_squeeze_low_and_low_efficiency,one_sided_runaway,24H,3,134,"0.1196,0.0097,0.0655",True
bb_squeeze_low_and_low_efficiency,one_sided_runaway,2H,3,134,"0.0039,-0.0023,-0.0092",False
bb_squeeze_low_and_low_efficiency,one_sided_runaway,4H,3,134,"0.0678,-0.0237,0.0000",False
bb_squeeze_low_and_low_efficiency,one_sided_runaway,8H,3,134,"0.0637,-0.0258,0.0617",False
bb_squeeze_low_and_low_efficiency,oscillatory_path,12H,3,134,"-0.1067,-0.0021,-0.0417",True
bb_squeeze_low_and_low_efficiency,oscillatory_path,1H,3,134,"0.0174,0.0595,0.0124",True
bb_squeeze_low_and_low_efficiency,oscillatory_path,24H,3,134,"-0.0883,-0.0771,-0.0231",True
bb_squeeze_low_and_low_efficiency,oscillatory_path,2H,3,134,"0.0128,0.1069,-0.0539",False
bb_squeeze_low_and_low_efficiency,oscillatory_path,4H,3,134,"-0.0658,-0.0029,0.0040",False
bb_squeeze_low_and_low_efficiency,oscillatory_path,8H,3,134,"-0.0457,0.0514,-0.0601",False
bb_squeeze_low_and_low_efficiency,path_inside_70,12H,3,134,"-0.0215,-0.0162,-0.0097",True
bb_squeeze_low_and_low_efficiency,path_inside_70,1H,3,134,"-0.0177,-0.0076,-0.0072",True
bb_squeeze_low_and_low_efficiency,path_inside_70,24H,3,134,"-0.0391,-0.0230,-0.0227",True
bb_squeeze_low_and_low_efficiency,path_inside_70,2H,3,134,"-0.0318,-0.0187,-0.0239",True
bb_squeeze_low_and_low_efficiency,path_inside_70,4H,3,134,"-0.0047,-0.0218,-0.0282",True
bb_squeeze_low_and_low_efficiency,path_inside_70,8H,3,134,"-0.0112,-0.0183,-0.0053",True
bb_squeeze_low_and_low_efficiency,range_breached,12H,3,134,"0.0215,0.0162,0.0097",True
bb_squeeze_low_and_low_efficiency,range_breached,1H,3,134,"0.0177,0.0076,0.0072",True
bb_squeeze_low_and_low_efficiency,range_breached,24H,3,134,"0.0391,0.0230,0.0227",True
bb_squeeze_low_and_low_efficiency,range_breached,2H,3,134,"0.0318,0.0187,0.0239",True
bb_squeeze_low_and_low_efficiency,range_breached,4H,3,134,"0.0047,0.0218,0.0282",True
bb_squeeze_low_and_low_efficiency,range_breached,8H,3,134,"0.0112,0.0183,0.0053",True
bb_squeeze_low_and_low_efficiency,range_held,12H,3,134,"-0.0215,-0.0162,-0.0097",True
bb_squeeze_low_and_low_efficiency,range_held,1H,3,134,"-0.0177,-0.0076,-0.0072",True
bb_squeeze_low_and_low_efficiency,range_held,24H,3,134,"-0.0391,-0.0230,-0.0227",True
bb_squeeze_low_and_low_efficiency,range_held,2H,3,134,"-0.0318,-0.0187,-0.0239",True
bb_squeeze_low_and_low_efficiency,range_held,4H,3,134,"-0.0047,-0.0218,-0.0282",True
bb_squeeze_low_and_low_efficiency,range_held,8H,3,134,"-0.0112,-0.0183,-0.0053",True
bb_squeeze_low_and_low_efficiency,realized_over_range_width_ge_1,12H,3,134,"0.0605,0.0240,0.0025",True
bb_squeeze_low_and_low_efficiency,realized_over_range_width_ge_1,1H,3,134,"0.0484,0.0314,0.0226",True
bb_squeeze_low_and_low_efficiency,realized_over_range_width_ge_1,24H,3,134,"0.0272,0.0410,0.0687",True
bb_squeeze_low_and_low_efficiency,realized_over_range_width_ge_1,2H,3,134,"0.0234,0.0257,0.0457",True
bb_squeeze_low_and_low_efficiency,realized_over_range_width_ge_1,4H,3,134,"-0.0079,0.0403,0.0541",False
bb_squeeze_low_and_low_efficiency,realized_over_range_width_ge_1,8H,3,134,"0.0150,0.0269,-0.0042",False
bb_squeeze_low_and_low_efficiency,trend_efficiency_high,12H,3,134,"0.1316,-0.0081,0.0864",False
bb_squeeze_low_and_low_efficiency,trend_efficiency_high,1H,3,134,"-0.0090,-0.0368,-0.0502",True
bb_squeeze_low_and_low_efficiency,trend_efficiency_high,24H,3,134,"0.1196,0.0097,0.0655",True
bb_squeeze_low_and_low_efficiency,trend_efficiency_high,2H,3,134,"0.0039,-0.0038,-0.0099",False
bb_squeeze_low_and_low_efficiency,trend_efficiency_high,4H,3,134,"0.0678,-0.0237,0.0000",False
bb_squeeze_low_and_low_efficiency,trend_efficiency_high,8H,3,134,"0.0637,-0.0258,0.0617",False
bb_squeeze_low_and_low_efficiency,upside_breakout_occurred,12H,3,134,"0.0458,0.0072,0.1325",True
bb_squeeze_low_and_low_efficiency,upside_breakout_occurred,1H,3,134,"-0.0027,0.0429,0.0673",False
bb_squeeze_low_and_low_efficiency,upside_breakout_occurred,24H,3,134,"0.0456,0.0796,0.1325",True
bb_squeeze_low_and_low_efficiency,upside_breakout_occurred,2H,3,134,"0.0815,0.0667,0.0986",True
bb_squeeze_low_and_low_efficiency,upside_breakout_occurred,4H,3,134,"0.0255,0.0692,0.1205",True
bb_squeeze_low_and_low_efficiency,upside_breakout_occurred,8H,3,134,"0.0609,0.0094,0.1361",True
donchian_center_and_falling_rv,downside_breakdown_occurred,12H,3,263,"0.0372,0.0484,-0.0831",False
donchian_center_and_falling_rv,downside_breakdown_occurred,1H,3,263,"0.0298,0.0249,-0.0069",False
donchian_center_and_falling_rv,downside_breakdown_occurred,24H,3,263,"0.0228,0.0356,-0.0329",False
donchian_center_and_falling_rv,downside_breakdown_occurred,2H,3,263,"0.0354,0.0646,-0.0423",False
donchian_center_and_falling_rv,downside_breakdown_occurred,4H,3,263,"0.0306,0.0586,-0.0368",False
donchian_center_and_falling_rv,downside_breakdown_occurred,8H,3,263,"0.0543,0.0411,-0.1005",False
donchian_center_and_falling_rv,fast_1atr_touch,1H,3,263,"0.0157,0.0207,0.0128",True
donchian_center_and_falling_rv,fast_1atr_touch,2H,3,263,"0.0043,0.0114,0.0021",True
donchian_center_and_falling_rv,fast_1atr_touch,4H,3,263,"0.0000,0.0014,0.0000",True
donchian_center_and_falling_rv,max_abs_excursion_ge_1_5_atr,12H,3,263,"0.0007,0.0000,0.0000",True
donchian_center_and_falling_rv,max_abs_excursion_ge_1_5_atr,1H,3,263,"0.0293,0.0177,0.0422",True
donchian_center_and_falling_rv,max_abs_excursion_ge_1_5_atr,2H,3,263,"0.0135,0.0257,0.0169",True
donchian_center_and_falling_rv,max_abs_excursion_ge_1_5_atr,4H,3,263,"-0.0007,0.0071,0.0029",False
donchian_center_and_falling_rv,max_abs_excursion_ge_1_5_atr,8H,3,263,"0.0007,0.0007,0.0007",True
donchian_center_and_falling_rv,one_sided_runaway,12H,3,263,"0.0410,-0.0315,0.0739",False
donchian_center_and_falling_rv,one_sided_runaway,1H,3,263,"-0.0408,-0.0405,0.0073",False
donchian_center_and_falling_rv,one_sided_runaway,24H,3,263,"0.0225,-0.0058,0.0233",False
donchian_center_and_falling_rv,one_sided_runaway,2H,3,263,"-0.0256,-0.0412,0.0359",False
donchian_center_and_falling_rv,one_sided_runaway,4H,3,263,"0.0173,-0.0436,0.0224",False
donchian_center_and_falling_rv,one_sided_runaway,8H,3,263,"0.0532,-0.0117,0.0917",False
donchian_center_and_falling_rv,oscillatory_path,12H,3,263,"-0.0157,0.0642,-0.0138",False
donchian_center_and_falling_rv,oscillatory_path,1H,3,263,"0.0187,0.0121,-0.0270",False
donchian_center_and_falling_rv,oscillatory_path,24H,3,263,"-0.0230,0.0297,0.0265",False
donchian_center_and_falling_rv,oscillatory_path,2H,3,263,"0.0344,0.0333,-0.0341",False
donchian_center_and_falling_rv,oscillatory_path,4H,3,263,"0.0359,0.0431,0.0017",True
donchian_center_and_falling_rv,oscillatory_path,8H,3,263,"0.0159,0.0647,-0.0496",False
donchian_center_and_falling_rv,path_inside_70,12H,3,263,"-0.0299,-0.0305,-0.0274",True
donchian_center_and_falling_rv,path_inside_70,1H,3,263,"-0.0327,-0.0069,-0.0153",True
donchian_center_and_falling_rv,path_inside_70,24H,3,263,"-0.0456,-0.0335,-0.0256",True
donchian_center_and_falling_rv,path_inside_70,2H,3,263,"-0.0306,-0.0295,-0.0262",True
donchian_center_and_falling_rv,path_inside_70,4H,3,263,"-0.0263,-0.0176,-0.0341",True
donchian_center_and_falling_rv,path_inside_70,8H,3,263,"-0.0363,-0.0252,-0.0259",True
donchian_center_and_falling_rv,range_breached,12H,3,263,"0.0299,0.0305,0.0274",True
donchian_center_and_falling_rv,range_breached,1H,3,263,"0.0327,0.0069,0.0153",True
donchian_center_and_falling_rv,range_breached,24H,3,263,"0.0456,0.0335,0.0256",True
donchian_center_and_falling_rv,range_breached,2H,3,263,"0.0306,0.0295,0.0262",True
donchian_center_and_falling_rv,range_breached,4H,3,263,"0.0263,0.0176,0.0341",True
donchian_center_and_falling_rv,range_breached,8H,3,263,"0.0363,0.0252,0.0259",True
donchian_center_and_falling_rv,range_held,12H,3,263,"-0.0299,-0.0305,-0.0274",True
donchian_center_and_falling_rv,range_held,1H,3,263,"-0.0327,-0.0069,-0.0153",True
donchian_center_and_falling_rv,range_held,24H,3,263,"-0.0456,-0.0335,-0.0256",True
donchian_center_and_falling_rv,range_held,2H,3,263,"-0.0306,-0.0295,-0.0262",True
donchian_center_and_falling_rv,range_held,4H,3,263,"-0.0263,-0.0176,-0.0341",True
donchian_center_and_falling_rv,range_held,8H,3,263,"-0.0363,-0.0252,-0.0259",True
donchian_center_and_falling_rv,realized_over_range_width_ge_1,12H,3,263,"0.0832,0.0329,0.0541",True
donchian_center_and_falling_rv,realized_over_range_width_ge_1,1H,3,263,"0.0473,0.0219,0.0449",True
donchian_center_and_falling_rv,realized_over_range_width_ge_1,24H,3,263,"0.0876,0.0771,0.0739",True
donchian_center_and_falling_rv,realized_over_range_width_ge_1,2H,3,263,"0.0372,0.0502,0.0622",True
donchian_center_and_falling_rv,realized_over_range_width_ge_1,4H,3,263,"0.0538,0.0459,0.0699",True
donchian_center_and_falling_rv,realized_over_range_width_ge_1,8H,3,263,"0.0689,0.0319,0.0351",True
donchian_center_and_falling_rv,trend_efficiency_high,12H,3,263,"0.0410,-0.0315,0.0739",False
donchian_center_and_falling_rv,trend_efficiency_high,1H,3,263,"-0.0486,-0.0497,0.0081",False
donchian_center_and_falling_rv,trend_efficiency_high,24H,3,263,"0.0225,-0.0058,0.0233",False
donchian_center_and_falling_rv,trend_efficiency_high,2H,3,263,"-0.0256,-0.0426,0.0352",False
donchian_center_and_falling_rv,trend_efficiency_high,4H,3,263,"0.0173,-0.0436,0.0224",False
donchian_center_and_falling_rv,trend_efficiency_high,8H,3,263,"0.0532,-0.0117,0.0917",False
donchian_center_and_falling_rv,upside_breakout_occurred,12H,3,263,"0.0468,0.0810,0.1385",True
donchian_center_and_falling_rv,upside_breakout_occurred,1H,3,263,"0.0390,-0.0013,0.0848",False
donchian_center_and_falling_rv,upside_breakout_occurred,24H,3,263,"0.0675,0.1021,0.1302",True
donchian_center_and_falling_rv,upside_breakout_occurred,2H,3,263,"0.0281,0.0306,0.1152",True
donchian_center_and_falling_rv,upside_breakout_occurred,4H,3,263,"0.0409,0.0484,0.1392",True
donchian_center_and_falling_rv,upside_breakout_occurred,8H,3,263,"0.0768,0.0753,0.1612",True
donchian_edge_and_rising_rv,downside_breakdown_occurred,12H,3,213,"-0.1025,-0.0738,-0.0177",True
donchian_edge_and_rising_rv,downside_breakdown_occurred,1H,3,213,"-0.0525,-0.0416,-0.0129",True
donchian_edge_and_rising_rv,downside_breakdown_occurred,24H,3,213,"-0.0931,-0.0910,-0.0390",True
donchian_edge_and_rising_rv,downside_breakdown_occurred,2H,3,213,"-0.0549,-0.0400,-0.0156",True
donchian_edge_and_rising_rv,downside_breakdown_occurred,4H,3,213,"-0.0685,-0.0264,-0.0205",True
donchian_edge_and_rising_rv,downside_breakdown_occurred,8H,3,213,"-0.0726,-0.0267,-0.0205",True
donchian_edge_and_rising_rv,fast_1atr_touch,1H,3,213,"-0.0100,-0.0203,-0.0176",True
donchian_edge_and_rising_rv,fast_1atr_touch,2H,3,213,"-0.0051,-0.0061,-0.0021",True
donchian_edge_and_rising_rv,fast_1atr_touch,4H,3,213,"0.0000,-0.0029,0.0000",True
donchian_edge_and_rising_rv,max_abs_excursion_ge_1_5_atr,12H,3,213,"-0.0040,0.0000,0.0000",True
donchian_edge_and_rising_rv,max_abs_excursion_ge_1_5_atr,1H,3,213,"-0.0507,-0.0583,-0.0524",True
donchian_edge_and_rising_rv,max_abs_excursion_ge_1_5_atr,2H,3,213,"-0.0343,-0.0284,-0.0147",True
donchian_edge_and_rising_rv,max_abs_excursion_ge_1_5_atr,4H,3,213,"-0.0124,-0.0191,-0.0057",True
donchian_edge_and_rising_rv,max_abs_excursion_ge_1_5_atr,8H,3,213,"-0.0040,-0.0037,0.0007",False
donchian_edge_and_rising_rv,one_sided_runaway,12H,3,213,"-0.0039,-0.0400,-0.0608",True
donchian_edge_and_rising_rv,one_sided_runaway,1H,3,213,"0.0323,-0.0334,-0.0044",False
donchian_edge_and_rising_rv,one_sided_runaway,24H,3,213,"-0.0412,-0.0022,-0.0155",True
donchian_edge_and_rising_rv,one_sided_runaway,2H,3,213,"0.0338,-0.0368,-0.0030",False
donchian_edge_and_rising_rv,one_sided_runaway,4H,3,213,"0.0047,-0.0276,0.0054",False
donchian_edge_and_rising_rv,one_sided_runaway,8H,3,213,"-0.0248,-0.0148,-0.0266",True
donchian_edge_and_rising_rv,oscillatory_path,12H,3,213,"-0.0197,-0.0024,0.0537",False
donchian_edge_and_rising_rv,oscillatory_path,1H,3,213,"-0.0093,0.0019,0.0393",False
donchian_edge_and_rising_rv,oscillatory_path,24H,3,213,"0.0147,-0.0321,-0.0286",False
donchian_edge_and_rising_rv,oscillatory_path,2H,3,213,"-0.0242,0.0661,0.0237",False
donchian_edge_and_rising_rv,oscillatory_path,4H,3,213,"-0.0183,0.0683,0.0031",False
donchian_edge_and_rising_rv,oscillatory_path,8H,3,213,"-0.0170,-0.0338,0.0841",False
donchian_edge_and_rising_rv,path_inside_70,12H,3,213,"0.0508,0.0451,0.0444",True
donchian_edge_and_rising_rv,path_inside_70,1H,3,213,"0.0339,0.0162,0.0133",True
donchian_edge_and_rising_rv,path_inside_70,24H,3,213,"0.0389,0.0327,0.0431",True
donchian_edge_and_rising_rv,path_inside_70,2H,3,213,"0.0396,0.0432,0.0055",True
donchian_edge_and_rising_rv,path_inside_70,4H,3,213,"0.0262,0.0431,0.0225",True
donchian_edge_and_rising_rv,path_inside_70,8H,3,213,"0.0292,0.0579,0.0252",True
donchian_edge_and_rising_rv,range_breached,12H,3,213,"-0.0508,-0.0451,-0.0444",True
donchian_edge_and_rising_rv,range_breached,1H,3,213,"-0.0339,-0.0162,-0.0133",True
donchian_edge_and_rising_rv,range_breached,24H,3,213,"-0.0389,-0.0327,-0.0431",True
donchian_edge_and_rising_rv,range_breached,2H,3,213,"-0.0396,-0.0432,-0.0055",True
donchian_edge_and_rising_rv,range_breached,4H,3,213,"-0.0262,-0.0431,-0.0225",True
donchian_edge_and_rising_rv,range_breached,8H,3,213,"-0.0292,-0.0579,-0.0252",True
donchian_edge_and_rising_rv,range_held,12H,3,213,"0.0508,0.0451,0.0444",True
donchian_edge_and_rising_rv,range_held,1H,3,213,"0.0339,0.0162,0.0133",True
donchian_edge_and_rising_rv,range_held,24H,3,213,"0.0389,0.0327,0.0431",True
donchian_edge_and_rising_rv,range_held,2H,3,213,"0.0396,0.0432,0.0055",True
donchian_edge_and_rising_rv,range_held,4H,3,213,"0.0262,0.0431,0.0225",True
donchian_edge_and_rising_rv,range_held,8H,3,213,"0.0292,0.0579,0.0252",True
donchian_edge_and_rising_rv,realized_over_range_width_ge_1,12H,3,213,"-0.1085,-0.0993,-0.1127",True
donchian_edge_and_rising_rv,realized_over_range_width_ge_1,1H,3,213,"-0.0520,-0.0419,-0.0362",True
donchian_edge_and_rising_rv,realized_over_range_width_ge_1,24H,3,213,"-0.0939,-0.0990,-0.1116",True
donchian_edge_and_rising_rv,realized_over_range_width_ge_1,2H,3,213,"-0.0347,-0.0632,-0.0560",True
donchian_edge_and_rising_rv,realized_over_range_width_ge_1,4H,3,213,"-0.0210,-0.0692,-0.0665",True
donchian_edge_and_rising_rv,realized_over_range_width_ge_1,8H,3,213,"-0.1061,-0.0790,-0.0552",True
donchian_edge_and_rising_rv,trend_efficiency_high,12H,3,213,"-0.0039,-0.0400,-0.0608",True
donchian_edge_and_rising_rv,trend_efficiency_high,1H,3,213,"0.0303,-0.0296,-0.0066",False
donchian_edge_and_rising_rv,trend_efficiency_high,24H,3,213,"-0.0412,-0.0022,-0.0155",True
donchian_edge_and_rising_rv,trend_efficiency_high,2H,3,213,"0.0338,-0.0338,-0.0038",False
donchian_edge_and_rising_rv,trend_efficiency_high,4H,3,213,"0.0047,-0.0276,0.0054",False
donchian_edge_and_rising_rv,trend_efficiency_high,8H,3,213,"-0.0248,-0.0148,-0.0266",True
donchian_edge_and_rising_rv,upside_breakout_occurred,12H,3,213,"-0.0610,-0.0998,-0.1003",True
donchian_edge_and_rising_rv,upside_breakout_occurred,1H,3,213,"0.0108,0.0188,-0.0455",False
donchian_edge_and_rising_rv,upside_breakout_occurred,24H,3,213,"-0.0170,-0.0533,-0.1127",True
donchian_edge_and_rising_rv,upside_breakout_occurred,2H,3,213,"-0.0065,-0.0147,-0.0533",True
donchian_edge_and_rising_rv,upside_breakout_occurred,4H,3,213,"-0.0417,-0.0634,-0.0639",True
donchian_edge_and_rising_rv,upside_breakout_occurred,8H,3,213,"-0.0665,-0.1133,-0.1129",True
ema_spread_high_and_rising_atr,downside_breakdown_occurred,12H,3,261,"-0.1056,-0.1226,-0.0157",True
ema_spread_high_and_rising_atr,downside_breakdown_occurred,1H,3,261,"-0.0881,-0.0656,-0.0650",True
ema_spread_high_and_rising_atr,downside_breakdown_occurred,24H,3,261,"-0.0875,-0.1048,-0.0467",True
ema_spread_high_and_rising_atr,downside_breakdown_occurred,2H,3,261,"-0.0789,-0.0756,-0.0622",True
ema_spread_high_and_rising_atr,downside_breakdown_occurred,4H,3,261,"-0.0835,-0.1161,-0.0559",True
ema_spread_high_and_rising_atr,downside_breakdown_occurred,8H,3,261,"-0.0739,-0.0995,-0.0219",True
ema_spread_high_and_rising_atr,fast_1atr_touch,1H,3,261,"-0.0385,-0.0599,-0.0137",True
ema_spread_high_and_rising_atr,fast_1atr_touch,2H,3,261,"-0.0138,-0.0269,-0.0079",True
ema_spread_high_and_rising_atr,fast_1atr_touch,4H,3,261,"0.0000,-0.0024,0.0000",True
ema_spread_high_and_rising_atr,max_abs_excursion_ge_1_5_atr,12H,3,261,"-0.0029,0.0000,0.0000",True
ema_spread_high_and_rising_atr,max_abs_excursion_ge_1_5_atr,1H,3,261,"-0.0690,-0.0906,-0.0731",True
ema_spread_high_and_rising_atr,max_abs_excursion_ge_1_5_atr,2H,3,261,"-0.0300,-0.0664,-0.0257",True
ema_spread_high_and_rising_atr,max_abs_excursion_ge_1_5_atr,4H,3,261,"-0.0080,-0.0235,-0.0072",True
ema_spread_high_and_rising_atr,max_abs_excursion_ge_1_5_atr,8H,3,261,"-0.0029,-0.0031,-0.0026",True
ema_spread_high_and_rising_atr,one_sided_runaway,12H,3,261,"-0.0224,0.0157,-0.0358",False
ema_spread_high_and_rising_atr,one_sided_runaway,1H,3,261,"0.0070,-0.0205,-0.0086",False
ema_spread_high_and_rising_atr,one_sided_runaway,24H,3,261,"-0.0337,0.0262,-0.0200",False
ema_spread_high_and_rising_atr,one_sided_runaway,2H,3,261,"0.0153,-0.0365,-0.0066",False
ema_spread_high_and_rising_atr,one_sided_runaway,4H,3,261,"-0.0282,0.0073,-0.0271",False
ema_spread_high_and_rising_atr,one_sided_runaway,8H,3,261,"-0.0173,0.0316,-0.0077",False
ema_spread_high_and_rising_atr,oscillatory_path,12H,3,261,"0.0235,-0.0159,0.0079",False
ema_spread_high_and_rising_atr,oscillatory_path,1H,3,261,"0.0472,-0.0111,-0.0067",False
ema_spread_high_and_rising_atr,oscillatory_path,24H,3,261,"-0.0238,-0.0659,-0.0364",True
ema_spread_high_and_rising_atr,oscillatory_path,2H,3,261,"0.0089,0.0368,0.0430",True
ema_spread_high_and_rising_atr,oscillatory_path,4H,3,261,"-0.0148,0.0160,0.0251",False
ema_spread_high_and_rising_atr,oscillatory_path,8H,3,261,"0.0193,-0.0463,0.0231",False
ema_spread_high_and_rising_atr,path_inside_70,12H,3,261,"0.0786,0.0618,0.0511",True
ema_spread_high_and_rising_atr,path_inside_70,1H,3,261,"0.0685,0.0432,0.0367",True
ema_spread_high_and_rising_atr,path_inside_70,24H,3,261,"0.0771,0.0472,0.0510",True
ema_spread_high_and_rising_atr,path_inside_70,2H,3,261,"0.0598,0.0626,0.0465",True
ema_spread_high_and_rising_atr,path_inside_70,4H,3,261,"0.0388,0.0669,0.0657",True
ema_spread_high_and_rising_atr,path_inside_70,8H,3,261,"0.0613,0.0555,0.0423",True
ema_spread_high_and_rising_atr,range_breached,12H,3,261,"-0.0786,-0.0618,-0.0511",True
ema_spread_high_and_rising_atr,range_breached,1H,3,261,"-0.0685,-0.0432,-0.0367",True
ema_spread_high_and_rising_atr,range_breached,24H,3,261,"-0.0771,-0.0472,-0.0510",True
ema_spread_high_and_rising_atr,range_breached,2H,3,261,"-0.0598,-0.0626,-0.0465",True
ema_spread_high_and_rising_atr,range_breached,4H,3,261,"-0.0388,-0.0669,-0.0657",True
ema_spread_high_and_rising_atr,range_breached,8H,3,261,"-0.0613,-0.0555,-0.0423",True
ema_spread_high_and_rising_atr,range_held,12H,3,261,"0.0786,0.0618,0.0511",True
ema_spread_high_and_rising_atr,range_held,1H,3,261,"0.0685,0.0432,0.0367",True
ema_spread_high_and_rising_atr,range_held,24H,3,261,"0.0771,0.0472,0.0510",True
ema_spread_high_and_rising_atr,range_held,2H,3,261,"0.0598,0.0626,0.0465",True
ema_spread_high_and_rising_atr,range_held,4H,3,261,"0.0388,0.0669,0.0657",True
ema_spread_high_and_rising_atr,range_held,8H,3,261,"0.0613,0.0555,0.0423",True
ema_spread_high_and_rising_atr,realized_over_range_width_ge_1,12H,3,261,"-0.1590,-0.1137,-0.1034",True
ema_spread_high_and_rising_atr,realized_over_range_width_ge_1,1H,3,261,"-0.1230,-0.0823,-0.0961",True
ema_spread_high_and_rising_atr,realized_over_range_width_ge_1,24H,3,261,"-0.1545,-0.0997,-0.1289",True
ema_spread_high_and_rising_atr,realized_over_range_width_ge_1,2H,3,261,"-0.1007,-0.1190,-0.1096",True
ema_spread_high_and_rising_atr,realized_over_range_width_ge_1,4H,3,261,"-0.0949,-0.1081,-0.1314",True
ema_spread_high_and_rising_atr,realized_over_range_width_ge_1,8H,3,261,"-0.1446,-0.1070,-0.0769",True
ema_spread_high_and_rising_atr,trend_efficiency_high,12H,3,261,"-0.0224,0.0157,-0.0358",False
ema_spread_high_and_rising_atr,trend_efficiency_high,1H,3,261,"0.0172,-0.0068,-0.0050",False
ema_spread_high_and_rising_atr,trend_efficiency_high,24H,3,261,"-0.0337,0.0262,-0.0200",False
ema_spread_high_and_rising_atr,trend_efficiency_high,2H,3,261,"0.0153,-0.0340,-0.0074",False
ema_spread_high_and_rising_atr,trend_efficiency_high,4H,3,261,"-0.0282,0.0073,-0.0271",False
ema_spread_high_and_rising_atr,trend_efficiency_high,8H,3,261,"-0.0173,0.0316,-0.0077",False
ema_spread_high_and_rising_atr,upside_breakout_occurred,12H,3,261,"-0.1001,-0.0819,-0.1181",True
ema_spread_high_and_rising_atr,upside_breakout_occurred,1H,3,261,"-0.0681,-0.0155,-0.0478",True
ema_spread_high_and_rising_atr,upside_breakout_occurred,24H,3,261,"-0.1009,-0.0527,-0.1372",True
ema_spread_high_and_rising_atr,upside_breakout_occurred,2H,3,261,"-0.0359,-0.0448,-0.0662",True
ema_spread_high_and_rising_atr,upside_breakout_occurred,4H,3,261,"-0.0448,-0.0574,-0.0942",True
ema_spread_high_and_rising_atr,upside_breakout_occurred,8H,3,261,"-0.1096,-0.0839,-0.1316",True
ema_spread_low_and_falling_atr,downside_breakdown_occurred,12H,3,244,"0.0569,0.1175,-0.0320",False
ema_spread_low_and_falling_atr,downside_breakdown_occurred,1H,3,244,"0.0226,0.0671,-0.0055",False
ema_spread_low_and_falling_atr,downside_breakdown_occurred,24H,3,244,"0.0349,0.0924,0.0195",True
ema_spread_low_and_falling_atr,downside_breakdown_occurred,2H,3,244,"0.0134,0.1114,0.0213",True
ema_spread_low_and_falling_atr,downside_breakdown_occurred,4H,3,244,"0.0092,0.1330,-0.0021",False
ema_spread_low_and_falling_atr,downside_breakdown_occurred,8H,3,244,"0.0560,0.1172,-0.0548",False
ema_spread_low_and_falling_atr,fast_1atr_touch,1H,3,244,"0.0192,0.0198,0.0084",True
ema_spread_low_and_falling_atr,fast_1atr_touch,2H,3,244,"0.0043,0.0114,0.0021",True
ema_spread_low_and_falling_atr,fast_1atr_touch,4H,3,244,"0.0000,0.0014,0.0000",True
ema_spread_low_and_falling_atr,max_abs_excursion_ge_1_5_atr,12H,3,244,"0.0007,0.0000,0.0000",True
ema_spread_low_and_falling_atr,max_abs_excursion_ge_1_5_atr,1H,3,244,"0.0633,0.0445,0.0241",True
ema_spread_low_and_falling_atr,max_abs_excursion_ge_1_5_atr,2H,3,244,"0.0204,0.0166,0.0198",True
ema_spread_low_and_falling_atr,max_abs_excursion_ge_1_5_atr,4H,3,244,"0.0064,0.0071,0.0029",True
ema_spread_low_and_falling_atr,max_abs_excursion_ge_1_5_atr,8H,3,244,"0.0007,0.0007,0.0007",True
ema_spread_low_and_falling_atr,one_sided_runaway,12H,3,244,"0.0495,-0.0404,0.0532",False
ema_spread_low_and_falling_atr,one_sided_runaway,1H,3,244,"-0.0273,-0.0076,-0.0296",True
ema_spread_low_and_falling_atr,one_sided_runaway,24H,3,244,"0.0273,-0.0212,0.0470",False
ema_spread_low_and_falling_atr,one_sided_runaway,2H,3,244,"-0.0367,-0.0279,0.0068",False
ema_spread_low_and_falling_atr,one_sided_runaway,4H,3,244,"0.0361,-0.0493,0.0575",False
ema_spread_low_and_falling_atr,one_sided_runaway,8H,3,244,"0.0510,-0.0283,0.0707",False
ema_spread_low_and_falling_atr,oscillatory_path,12H,3,244,"-0.0430,0.0579,-0.0635",False
ema_spread_low_and_falling_atr,oscillatory_path,1H,3,244,"0.0104,-0.0381,0.0167",False
ema_spread_low_and_falling_atr,oscillatory_path,24H,3,244,"-0.0143,0.0173,0.0338",False
ema_spread_low_and_falling_atr,oscillatory_path,2H,3,244,"0.0336,0.0033,-0.0343",False
ema_spread_low_and_falling_atr,oscillatory_path,4H,3,244,"0.0171,0.0587,-0.0621",False
ema_spread_low_and_falling_atr,oscillatory_path,8H,3,244,"0.0042,0.0677,-0.0805",False
ema_spread_low_and_falling_atr,path_inside_70,12H,3,244,"-0.0405,-0.0398,-0.0213",True
ema_spread_low_and_falling_atr,path_inside_70,1H,3,244,"-0.0397,-0.0244,-0.0096",True
ema_spread_low_and_falling_atr,path_inside_70,24H,3,244,"-0.0456,-0.0350,-0.0292",True
ema_spread_low_and_falling_atr,path_inside_70,2H,3,244,"-0.0339,-0.0198,-0.0251",True
ema_spread_low_and_falling_atr,path_inside_70,4H,3,244,"-0.0296,-0.0196,-0.0294",True
ema_spread_low_and_falling_atr,path_inside_70,8H,3,244,"-0.0360,-0.0269,-0.0314",True
ema_spread_low_and_falling_atr,range_breached,12H,3,244,"0.0405,0.0398,0.0213",True
ema_spread_low_and_falling_atr,range_breached,1H,3,244,"0.0397,0.0244,0.0096",True
ema_spread_low_and_falling_atr,range_breached,24H,3,244,"0.0456,0.0350,0.0292",True
ema_spread_low_and_falling_atr,range_breached,2H,3,244,"0.0339,0.0198,0.0251",True
ema_spread_low_and_falling_atr,range_breached,4H,3,244,"0.0296,0.0196,0.0294",True
ema_spread_low_and_falling_atr,range_breached,8H,3,244,"0.0360,0.0269,0.0314",True
ema_spread_low_and_falling_atr,range_held,12H,3,244,"-0.0405,-0.0398,-0.0213",True
ema_spread_low_and_falling_atr,range_held,1H,3,244,"-0.0397,-0.0244,-0.0096",True
ema_spread_low_and_falling_atr,range_held,24H,3,244,"-0.0456,-0.0350,-0.0292",True
ema_spread_low_and_falling_atr,range_held,2H,3,244,"-0.0339,-0.0198,-0.0251",True
ema_spread_low_and_falling_atr,range_held,4H,3,244,"-0.0296,-0.0196,-0.0294",True
ema_spread_low_and_falling_atr,range_held,8H,3,244,"-0.0360,-0.0269,-0.0314",True
ema_spread_low_and_falling_atr,realized_over_range_width_ge_1,12H,3,244,"0.0969,0.0600,0.0464",True
ema_spread_low_and_falling_atr,realized_over_range_width_ge_1,1H,3,244,"0.0782,0.0423,0.0416",True
ema_spread_low_and_falling_atr,realized_over_range_width_ge_1,24H,3,244,"0.0944,0.0881,0.0725",True
ema_spread_low_and_falling_atr,realized_over_range_width_ge_1,2H,3,244,"0.0568,0.0516,0.0595",True
ema_spread_low_and_falling_atr,realized_over_range_width_ge_1,4H,3,244,"0.0591,0.0710,0.0705",True
ema_spread_low_and_falling_atr,realized_over_range_width_ge_1,8H,3,244,"0.0821,0.0792,0.0409",True
ema_spread_low_and_falling_atr,trend_efficiency_high,12H,3,244,"0.0495,-0.0404,0.0532",False
ema_spread_low_and_falling_atr,trend_efficiency_high,1H,3,244,"-0.0350,-0.0128,-0.0320",True
ema_spread_low_and_falling_atr,trend_efficiency_high,24H,3,244,"0.0273,-0.0212,0.0470",False
ema_spread_low_and_falling_atr,trend_efficiency_high,2H,3,244,"-0.0367,-0.0293,0.0061",False
ema_spread_low_and_falling_atr,trend_efficiency_high,4H,3,244,"0.0361,-0.0493,0.0575",False
ema_spread_low_and_falling_atr,trend_efficiency_high,8H,3,244,"0.0510,-0.0283,0.0707",False
ema_spread_low_and_falling_atr,upside_breakout_occurred,12H,3,244,"0.0721,0.0699,0.1175",True
ema_spread_low_and_falling_atr,upside_breakout_occurred,1H,3,244,"0.0427,-0.0010,0.0634",False
ema_spread_low_and_falling_atr,upside_breakout_occurred,24H,3,244,"0.0895,0.0829,0.0941",True
ema_spread_low_and_falling_atr,upside_breakout_occurred,2H,3,244,"0.0786,-0.0242,0.0962",False
ema_spread_low_and_falling_atr,upside_breakout_occurred,4H,3,244,"0.0584,0.0159,0.1024",True
ema_spread_low_and_falling_atr,upside_breakout_occurred,8H,3,244,"0.0660,0.0419,0.1435",True
falling_atr_and_low_efficiency,downside_breakdown_occurred,12H,3,217,"-0.0147,0.1307,-0.0370",False
falling_atr_and_low_efficiency,downside_breakdown_occurred,1H,3,217,"0.0352,0.0625,0.0028",True
falling_atr_and_low_efficiency,downside_breakdown_occurred,24H,3,217,"-0.0273,0.1179,-0.0459",False
falling_atr_and_low_efficiency,downside_breakdown_occurred,2H,3,217,"0.0306,0.0946,0.0164",True
falling_atr_and_low_efficiency,downside_breakdown_occurred,4H,3,217,"0.0188,0.1148,0.0098",True
falling_atr_and_low_efficiency,downside_breakdown_occurred,8H,3,217,"0.0044,0.1276,-0.0768",False
falling_atr_and_low_efficiency,fast_1atr_touch,1H,3,217,"0.0186,0.0175,0.0118",True
falling_atr_and_low_efficiency,fast_1atr_touch,2H,3,217,"0.0043,0.0114,0.0021",True
falling_atr_and_low_efficiency,fast_1atr_touch,4H,3,217,"0.0000,0.0014,0.0000",True
falling_atr_and_low_efficiency,max_abs_excursion_ge_1_5_atr,12H,3,217,"0.0007,0.0000,0.0000",True
falling_atr_and_low_efficiency,max_abs_excursion_ge_1_5_atr,1H,3,217,"0.0668,0.0411,0.0417",True
falling_atr_and_low_efficiency,max_abs_excursion_ge_1_5_atr,2H,3,217,"0.0272,0.0152,0.0232",True
falling_atr_and_low_efficiency,max_abs_excursion_ge_1_5_atr,4H,3,217,"0.0022,0.0071,0.0029",True
falling_atr_and_low_efficiency,max_abs_excursion_ge_1_5_atr,8H,3,217,"0.0007,0.0007,0.0007",True
falling_atr_and_low_efficiency,one_sided_runaway,12H,3,217,"0.0629,-0.0411,0.0714",False
falling_atr_and_low_efficiency,one_sided_runaway,1H,3,217,"-0.0205,-0.0046,-0.0339",True
falling_atr_and_low_efficiency,one_sided_runaway,24H,3,217,"0.0570,-0.0346,0.0387",False
falling_atr_and_low_efficiency,one_sided_runaway,2H,3,217,"-0.0308,-0.0313,-0.0176",True
falling_atr_and_low_efficiency,one_sided_runaway,4H,3,217,"0.0040,-0.0418,0.0067",False
falling_atr_and_low_efficiency,one_sided_runaway,8H,3,217,"0.0734,-0.0253,0.0421",False
falling_atr_and_low_efficiency,oscillatory_path,12H,3,217,"-0.0751,0.0128,-0.0599",False
falling_atr_and_low_efficiency,oscillatory_path,1H,3,217,"0.0150,0.0411,-0.0129",False
falling_atr_and_low_efficiency,oscillatory_path,24H,3,217,"-0.0966,0.0342,0.0272",False
falling_atr_and_low_efficiency,oscillatory_path,2H,3,217,"0.0488,0.0259,-0.0293",False
falling_atr_and_low_efficiency,oscillatory_path,4H,3,217,"0.0065,0.0609,-0.0003",False
falling_atr_and_low_efficiency,oscillatory_path,8H,3,217,"-0.0106,0.0441,-0.0756",False
falling_atr_and_low_efficiency,path_inside_70,12H,3,217,"-0.0394,-0.0466,-0.0446",True
falling_atr_and_low_efficiency,path_inside_70,1H,3,217,"-0.0338,-0.0230,-0.0105",True
falling_atr_and_low_efficiency,path_inside_70,24H,3,217,"-0.0456,-0.0459,-0.0292",True
falling_atr_and_low_efficiency,path_inside_70,2H,3,217,"-0.0365,-0.0339,-0.0371",True
falling_atr_and_low_efficiency,path_inside_70,4H,3,217,"-0.0231,-0.0369,-0.0368",True
falling_atr_and_low_efficiency,path_inside_70,8H,3,217,"-0.0295,-0.0447,-0.0375",True
falling_atr_and_low_efficiency,range_breached,12H,3,217,"0.0394,0.0466,0.0446",True
falling_atr_and_low_efficiency,range_breached,1H,3,217,"0.0338,0.0230,0.0105",True
falling_atr_and_low_efficiency,range_breached,24H,3,217,"0.0456,0.0459,0.0292",True
falling_atr_and_low_efficiency,range_breached,2H,3,217,"0.0365,0.0339,0.0371",True
falling_atr_and_low_efficiency,range_breached,4H,3,217,"0.0231,0.0369,0.0368",True
falling_atr_and_low_efficiency,range_breached,8H,3,217,"0.0295,0.0447,0.0375",True
falling_atr_and_low_efficiency,range_held,12H,3,217,"-0.0394,-0.0466,-0.0446",True
falling_atr_and_low_efficiency,range_held,1H,3,217,"-0.0338,-0.0230,-0.0105",True
falling_atr_and_low_efficiency,range_held,24H,3,217,"-0.0456,-0.0459,-0.0292",True
falling_atr_and_low_efficiency,range_held,2H,3,217,"-0.0365,-0.0339,-0.0371",True
falling_atr_and_low_efficiency,range_held,4H,3,217,"-0.0231,-0.0369,-0.0368",True
falling_atr_and_low_efficiency,range_held,8H,3,217,"-0.0295,-0.0447,-0.0375",True
falling_atr_and_low_efficiency,realized_over_range_width_ge_1,12H,3,217,"0.0841,0.0817,0.0880",True
falling_atr_and_low_efficiency,realized_over_range_width_ge_1,1H,3,217,"0.0772,0.0408,0.0567",True
falling_atr_and_low_efficiency,realized_over_range_width_ge_1,24H,3,217,"0.0916,0.0835,0.0838",True
falling_atr_and_low_efficiency,realized_over_range_width_ge_1,2H,3,217,"0.0640,0.0720,0.0805",True
falling_atr_and_low_efficiency,realized_over_range_width_ge_1,4H,3,217,"0.0505,0.0973,0.0955",True
falling_atr_and_low_efficiency,realized_over_range_width_ge_1,8H,3,217,"0.0701,0.1028,0.0530",True
falling_atr_and_low_efficiency,trend_efficiency_high,12H,3,217,"0.0629,-0.0411,0.0714",False
falling_atr_and_low_efficiency,trend_efficiency_high,1H,3,217,"-0.0319,-0.0102,-0.0357",True
falling_atr_and_low_efficiency,trend_efficiency_high,24H,3,217,"0.0570,-0.0346,0.0387",False
falling_atr_and_low_efficiency,trend_efficiency_high,2H,3,217,"-0.0308,-0.0327,-0.0183",True
falling_atr_and_low_efficiency,trend_efficiency_high,4H,3,217,"0.0040,-0.0418,0.0067",False
falling_atr_and_low_efficiency,trend_efficiency_high,8H,3,217,"0.0734,-0.0253,0.0421",False
falling_atr_and_low_efficiency,upside_breakout_occurred,12H,3,217,"0.0738,0.0799,0.1646",True
falling_atr_and_low_efficiency,upside_breakout_occurred,1H,3,217,"0.0179,0.0280,0.0691",True
falling_atr_and_low_efficiency,upside_breakout_occurred,24H,3,217,"0.0549,0.0807,0.1146",True
falling_atr_and_low_efficiency,upside_breakout_occurred,2H,3,217,"0.0513,0.0440,0.1340",True
falling_atr_and_low_efficiency,upside_breakout_occurred,4H,3,217,"0.0424,0.0500,0.1776",True
falling_atr_and_low_efficiency,upside_breakout_occurred,8H,3,217,"0.0739,0.0678,0.1854",True
high_adx_and_rising_atr,downside_breakdown_occurred,12H,3,229,"-0.0084,-0.1882,0.0190",False
high_adx_and_rising_atr,downside_breakdown_occurred,1H,3,229,"-0.0589,-0.0480,-0.0318",True
high_adx_and_rising_atr,downside_breakdown_occurred,24H,3,229,"-0.0084,-0.1729,-0.0105",True
high_adx_and_rising_atr,downside_breakdown_occurred,2H,3,229,"-0.0469,-0.0441,-0.0306",True
high_adx_and_rising_atr,downside_breakdown_occurred,4H,3,229,"-0.0490,-0.0806,0.0254",False
high_adx_and_rising_atr,downside_breakdown_occurred,8H,3,229,"-0.0020,-0.1381,0.0233",False
high_adx_and_rising_atr,fast_1atr_touch,1H,3,229,"-0.0296,-0.0278,-0.0088",True
high_adx_and_rising_atr,fast_1atr_touch,2H,3,229,"-0.0088,-0.0203,0.0021",False
high_adx_and_rising_atr,fast_1atr_touch,4H,3,229,"0.0000,-0.0021,0.0000",True
high_adx_and_rising_atr,max_abs_excursion_ge_1_5_atr,12H,3,229,"-0.0037,0.0000,0.0000",True
high_adx_and_rising_atr,max_abs_excursion_ge_1_5_atr,1H,3,229,"-0.0715,-0.0749,-0.0394",True
high_adx_and_rising_atr,max_abs_excursion_ge_1_5_atr,2H,3,229,"-0.0123,-0.0439,-0.0046",True
high_adx_and_rising_atr,max_abs_excursion_ge_1_5_atr,4H,3,229,"-0.0067,-0.0140,-0.0043",True
high_adx_and_rising_atr,max_abs_excursion_ge_1_5_atr,8H,3,229,"-0.0037,0.0007,-0.0029",False
high_adx_and_rising_atr,one_sided_runaway,12H,3,229,"-0.0029,0.0174,-0.0478",False
high_adx_and_rising_atr,one_sided_runaway,1H,3,229,"-0.0114,0.0010,-0.0052",False
high_adx_and_rising_atr,one_sided_runaway,24H,3,229,"-0.0477,0.0555,0.0027",False
high_adx_and_rising_atr,one_sided_runaway,2H,3,229,"0.0271,0.0240,-0.0166",False
high_adx_and_rising_atr,one_sided_runaway,4H,3,229,"-0.0206,0.0519,-0.0553",False
high_adx_and_rising_atr,one_sided_runaway,8H,3,229,"-0.0007,0.0753,-0.0696",False
high_adx_and_rising_atr,oscillatory_path,12H,3,229,"-0.0012,-0.0189,0.0323",False
high_adx_and_rising_atr,oscillatory_path,1H,3,229,"0.0220,-0.0289,0.0081",False
high_adx_and_rising_atr,oscillatory_path,24H,3,229,"0.0151,-0.0830,-0.0107",False
high_adx_and_rising_atr,oscillatory_path,2H,3,229,"-0.0131,-0.0286,0.0370",False
high_adx_and_rising_atr,oscillatory_path,4H,3,229,"0.0090,-0.0159,0.0255",False
high_adx_and_rising_atr,oscillatory_path,8H,3,229,"-0.0039,-0.0508,0.0469",False
high_adx_and_rising_atr,path_inside_70,12H,3,229,"0.0133,0.0759,0.0803",True
high_adx_and_rising_atr,path_inside_70,1H,3,229,"0.0454,0.0325,0.0204",True
high_adx_and_rising_atr,path_inside_70,24H,3,229,"0.0242,0.0801,0.0427",True
high_adx_and_rising_atr,path_inside_70,2H,3,229,"0.0555,0.0395,0.0277",True
high_adx_and_rising_atr,path_inside_70,4H,3,229,"0.0387,0.0332,0.0306",True
high_adx_and_rising_atr,path_inside_70,8H,3,229,"0.0454,0.0500,0.0817",True
high_adx_and_rising_atr,range_breached,12H,3,229,"-0.0133,-0.0759,-0.0803",True
high_adx_and_rising_atr,range_breached,1H,3,229,"-0.0454,-0.0325,-0.0204",True
high_adx_and_rising_atr,range_breached,24H,3,229,"-0.0242,-0.0801,-0.0427",True
high_adx_and_rising_atr,range_breached,2H,3,229,"-0.0555,-0.0395,-0.0277",True
high_adx_and_rising_atr,range_breached,4H,3,229,"-0.0387,-0.0332,-0.0306",True
high_adx_and_rising_atr,range_breached,8H,3,229,"-0.0454,-0.0500,-0.0817",True
high_adx_and_rising_atr,range_held,12H,3,229,"0.0133,0.0759,0.0803",True
high_adx_and_rising_atr,range_held,1H,3,229,"0.0454,0.0325,0.0204",True
high_adx_and_rising_atr,range_held,24H,3,229,"0.0242,0.0801,0.0427",True
high_adx_and_rising_atr,range_held,2H,3,229,"0.0555,0.0395,0.0277",True
high_adx_and_rising_atr,range_held,4H,3,229,"0.0387,0.0332,0.0306",True
high_adx_and_rising_atr,range_held,8H,3,229,"0.0454,0.0500,0.0817",True
high_adx_and_rising_atr,realized_over_range_width_ge_1,12H,3,229,"-0.0397,-0.1198,-0.1285",True
high_adx_and_rising_atr,realized_over_range_width_ge_1,1H,3,229,"-0.0822,-0.0688,-0.0658",True
high_adx_and_rising_atr,realized_over_range_width_ge_1,24H,3,229,"-0.0576,-0.0834,-0.1094",True
high_adx_and_rising_atr,realized_over_range_width_ge_1,2H,3,229,"-0.0612,-0.0842,-0.0810",True
high_adx_and_rising_atr,realized_over_range_width_ge_1,4H,3,229,"-0.0662,-0.1017,-0.1236",True
high_adx_and_rising_atr,realized_over_range_width_ge_1,8H,3,229,"-0.0806,-0.0994,-0.1041",True
high_adx_and_rising_atr,trend_efficiency_high,12H,3,229,"-0.0029,0.0174,-0.0478",False
high_adx_and_rising_atr,trend_efficiency_high,1H,3,229,"-0.0010,0.0093,0.0028",False
high_adx_and_rising_atr,trend_efficiency_high,24H,3,229,"-0.0477,0.0555,0.0027",False
high_adx_and_rising_atr,trend_efficiency_high,2H,3,229,"0.0271,0.0226,-0.0173",False
high_adx_and_rising_atr,trend_efficiency_high,4H,3,229,"-0.0206,0.0519,-0.0553",False
high_adx_and_rising_atr,trend_efficiency_high,8H,3,229,"-0.0007,0.0753,-0.0696",False
high_adx_and_rising_atr,upside_breakout_occurred,12H,3,229,"-0.0859,-0.0733,-0.1689",True
high_adx_and_rising_atr,upside_breakout_occurred,1H,3,229,"-0.0469,-0.0376,-0.0311",True
high_adx_and_rising_atr,upside_breakout_occurred,24H,3,229,"-0.0620,-0.0279,-0.1742",True
high_adx_and_rising_atr,upside_breakout_occurred,2H,3,229,"-0.0438,-0.0503,-0.0441",True
high_adx_and_rising_atr,upside_breakout_occurred,4H,3,229,"-0.0841,-0.0412,-0.0815",True
high_adx_and_rising_atr,upside_breakout_occurred,8H,3,229,"-0.1341,-0.0421,-0.1785",True
high_atr_pct_and_falling_atr_slope,downside_breakdown_occurred,12H,3,16,"0.0008,-0.1909,-0.0427",False
high_atr_pct_and_falling_atr_slope,downside_breakdown_occurred,1H,3,16,"0.0132,0.0127,0.0406",False
high_atr_pct_and_falling_atr_slope,downside_breakdown_occurred,24H,3,16,"-0.0039,-0.1412,0.0030",False
high_atr_pct_and_falling_atr_slope,downside_breakdown_occurred,2H,3,16,"0.0343,0.1698,0.0259",False
high_atr_pct_and_falling_atr_slope,downside_breakdown_occurred,4H,3,16,"0.0113,0.1166,-0.0202",False
high_atr_pct_and_falling_atr_slope,downside_breakdown_occurred,8H,3,16,"0.0119,0.0670,0.0045",False
high_atr_pct_and_falling_atr_slope,fast_1atr_touch,1H,3,16,"0.0134,-0.0929,-0.0086",False
high_atr_pct_and_falling_atr_slope,fast_1atr_touch,2H,3,16,"0.0043,-0.0511,0.0021",False
high_atr_pct_and_falling_atr_slope,fast_1atr_touch,4H,3,16,"0.0000,-0.0611,0.0000",False
high_atr_pct_and_falling_atr_slope,max_abs_excursion_ge_1_5_atr,12H,3,16,"0.0007,0.0000,0.0000",False
high_atr_pct_and_falling_atr_slope,max_abs_excursion_ge_1_5_atr,1H,3,16,"0.0385,-0.2281,-0.0399",False
high_atr_pct_and_falling_atr_slope,max_abs_excursion_ge_1_5_atr,2H,3,16,"0.0079,-0.0879,0.0153",False
high_atr_pct_and_falling_atr_slope,max_abs_excursion_ge_1_5_atr,4H,3,16,"0.0017,-0.0554,0.0029",False
high_atr_pct_and_falling_atr_slope,max_abs_excursion_ge_1_5_atr,8H,3,16,"0.0007,0.0007,0.0007",False
high_atr_pct_and_falling_atr_slope,one_sided_runaway,12H,3,16,"-0.0274,-0.1172,0.0528",False
high_atr_pct_and_falling_atr_slope,one_sided_runaway,1H,3,16,"-0.0100,-0.0219,0.0009",False
high_atr_pct_and_falling_atr_slope,one_sided_runaway,24H,3,16,"0.1043,-0.0519,-0.0490",False
high_atr_pct_and_falling_atr_slope,one_sided_runaway,2H,3,16,"0.0197,-0.1591,0.0145",False
high_atr_pct_and_falling_atr_slope,one_sided_runaway,4H,3,16,"0.0281,-0.1805,0.0099",False
high_atr_pct_and_falling_atr_slope,one_sided_runaway,8H,3,16,"0.0315,-0.1051,-0.0133",False
high_atr_pct_and_falling_atr_slope,oscillatory_path,12H,3,16,"-0.0197,-0.1747,-0.0851",False
high_atr_pct_and_falling_atr_slope,oscillatory_path,1H,3,16,"-0.0375,-0.0104,-0.0040",False
high_atr_pct_and_falling_atr_slope,oscillatory_path,24H,3,16,"-0.1590,0.1300,-0.0744",False
high_atr_pct_and_falling_atr_slope,oscillatory_path,2H,3,16,"-0.0242,-0.0480,-0.0611",False
high_atr_pct_and_falling_atr_slope,oscillatory_path,4H,3,16,"0.0005,0.1417,-0.0190",False
high_atr_pct_and_falling_atr_slope,oscillatory_path,8H,3,16,"0.0158,0.3639,0.0649",False
high_atr_pct_and_falling_atr_slope,path_inside_70,12H,3,16,"-0.0384,0.1815,0.0008",False
high_atr_pct_and_falling_atr_slope,path_inside_70,1H,3,16,"-0.0131,0.0801,-0.0085",False
high_atr_pct_and_falling_atr_slope,path_inside_70,24H,3,16,"-0.0456,0.1822,-0.0167",False
high_atr_pct_and_falling_atr_slope,path_inside_70,2H,3,16,"-0.0121,0.0140,0.0004",False
high_atr_pct_and_falling_atr_slope,path_inside_70,4H,3,16,"-0.0020,0.0808,0.0086",False
high_atr_pct_and_falling_atr_slope,path_inside_70,8H,3,16,"-0.0272,0.1319,-0.0139",False
high_atr_pct_and_falling_atr_slope,range_breached,12H,3,16,"0.0384,-0.1815,-0.0008",False
high_atr_pct_and_falling_atr_slope,range_breached,1H,3,16,"0.0131,-0.0801,0.0085",False
high_atr_pct_and_falling_atr_slope,range_breached,24H,3,16,"0.0456,-0.1822,0.0167",False
high_atr_pct_and_falling_atr_slope,range_breached,2H,3,16,"0.0121,-0.0140,-0.0004",False
high_atr_pct_and_falling_atr_slope,range_breached,4H,3,16,"0.0020,-0.0808,-0.0086",False
high_atr_pct_and_falling_atr_slope,range_breached,8H,3,16,"0.0272,-0.1319,0.0139",False
high_atr_pct_and_falling_atr_slope,range_held,12H,3,16,"-0.0384,0.1815,0.0008",False
high_atr_pct_and_falling_atr_slope,range_held,1H,3,16,"-0.0131,0.0801,-0.0085",False
high_atr_pct_and_falling_atr_slope,range_held,24H,3,16,"-0.0456,0.1822,-0.0167",False
high_atr_pct_and_falling_atr_slope,range_held,2H,3,16,"-0.0121,0.0140,0.0004",False
high_atr_pct_and_falling_atr_slope,range_held,4H,3,16,"-0.0020,0.0808,0.0086",False
high_atr_pct_and_falling_atr_slope,range_held,8H,3,16,"-0.0272,0.1319,-0.0139",False
high_atr_pct_and_falling_atr_slope,realized_over_range_width_ge_1,12H,3,16,"0.0511,-0.4042,-0.0159",False
high_atr_pct_and_falling_atr_slope,realized_over_range_width_ge_1,1H,3,16,"0.0419,-0.2466,-0.0037",False
high_atr_pct_and_falling_atr_slope,realized_over_range_width_ge_1,24H,3,16,"0.0751,-0.2295,-0.0616",False
high_atr_pct_and_falling_atr_slope,realized_over_range_width_ge_1,2H,3,16,"0.0451,-0.2373,-0.0563",False
high_atr_pct_and_falling_atr_slope,realized_over_range_width_ge_1,4H,3,16,"-0.0022,-0.2927,-0.0788",False
high_atr_pct_and_falling_atr_slope,realized_over_range_width_ge_1,8H,3,16,"0.0348,-0.3388,-0.0220",False
high_atr_pct_and_falling_atr_slope,trend_efficiency_high,12H,3,16,"-0.0274,-0.1172,0.0528",False
high_atr_pct_and_falling_atr_slope,trend_efficiency_high,1H,3,16,"-0.0167,-0.0312,-0.0055",False
high_atr_pct_and_falling_atr_slope,trend_efficiency_high,24H,3,16,"0.1043,-0.0519,-0.0490",False
high_atr_pct_and_falling_atr_slope,trend_efficiency_high,2H,3,16,"0.0197,-0.0980,0.0138",False
high_atr_pct_and_falling_atr_slope,trend_efficiency_high,4H,3,16,"0.0281,-0.1805,0.0099",False
high_atr_pct_and_falling_atr_slope,trend_efficiency_high,8H,3,16,"0.0315,-0.1051,-0.0133",False
high_atr_pct_and_falling_atr_slope,upside_breakout_occurred,12H,3,16,"-0.0422,-0.2969,-0.0958",False
high_atr_pct_and_falling_atr_slope,upside_breakout_occurred,1H,3,16,"-0.0080,-0.1362,-0.0748",False
high_atr_pct_and_falling_atr_slope,upside_breakout_occurred,24H,3,16,"-0.0827,-0.1415,-0.0800",False
high_atr_pct_and_falling_atr_slope,upside_breakout_occurred,2H,3,16,"-0.0346,-0.3848,-0.0823",False
high_atr_pct_and_falling_atr_slope,upside_breakout_occurred,4H,3,16,"-0.0511,-0.3273,-0.1052",False
high_atr_pct_and_falling_atr_slope,upside_breakout_occurred,8H,3,16,"-0.0336,-0.3423,-0.0659",False
high_atr_pct_and_rising_atr_slope,downside_breakdown_occurred,12H,3,167,"-0.0907,-0.2092,-0.0944",True
high_atr_pct_and_rising_atr_slope,downside_breakdown_occurred,1H,3,167,"-0.0360,-0.0460,-0.0497",True
high_atr_pct_and_rising_atr_slope,downside_breakdown_occurred,24H,3,167,"-0.1121,-0.2400,-0.1535",True
high_atr_pct_and_rising_atr_slope,downside_breakdown_occurred,2H,3,167,"-0.0457,-0.1636,-0.0652",True
high_atr_pct_and_rising_atr_slope,downside_breakdown_occurred,4H,3,167,"-0.0472,-0.1843,-0.0872",True
high_atr_pct_and_rising_atr_slope,downside_breakdown_occurred,8H,3,167,"-0.0914,-0.2014,-0.0863",True
high_atr_pct_and_rising_atr_slope,fast_1atr_touch,1H,3,167,"-0.0199,-0.0637,-0.0192",True
high_atr_pct_and_rising_atr_slope,fast_1atr_touch,2H,3,167,"-0.0052,-0.0425,-0.0061",True
high_atr_pct_and_rising_atr_slope,fast_1atr_touch,4H,3,167,"0.0000,-0.0046,0.0000",True
high_atr_pct_and_rising_atr_slope,max_abs_excursion_ge_1_5_atr,12H,3,167,"-0.0017,0.0000,0.0000",True
high_atr_pct_and_rising_atr_slope,max_abs_excursion_ge_1_5_atr,1H,3,167,"-0.0792,-0.1525,-0.0606",True
high_atr_pct_and_rising_atr_slope,max_abs_excursion_ge_1_5_atr,2H,3,167,"-0.0280,-0.0887,-0.0297",True
high_atr_pct_and_rising_atr_slope,max_abs_excursion_ge_1_5_atr,4H,3,167,"-0.0078,-0.0408,-0.0081",True
high_atr_pct_and_rising_atr_slope,max_abs_excursion_ge_1_5_atr,8H,3,167,"-0.0017,0.0007,-0.0020",False
high_atr_pct_and_rising_atr_slope,one_sided_runaway,12H,3,167,"-0.0042,-0.0121,-0.0289",True
high_atr_pct_and_rising_atr_slope,one_sided_runaway,1H,3,167,"0.0155,-0.0152,-0.0093",False
high_atr_pct_and_rising_atr_slope,one_sided_runaway,24H,3,167,"-0.0180,0.0387,0.0281",False
high_atr_pct_and_rising_atr_slope,one_sided_runaway,2H,3,167,"0.0293,0.0206,-0.0043",False
high_atr_pct_and_rising_atr_slope,one_sided_runaway,4H,3,167,"-0.0313,-0.0008,-0.0050",True
high_atr_pct_and_rising_atr_slope,one_sided_runaway,8H,3,167,"-0.0491,-0.0059,-0.0568",True
high_atr_pct_and_rising_atr_slope,oscillatory_path,12H,3,167,"-0.0004,-0.0500,0.0501",False
high_atr_pct_and_rising_atr_slope,oscillatory_path,1H,3,167,"0.0148,0.0251,0.0188",True
high_atr_pct_and_rising_atr_slope,oscillatory_path,24H,3,167,"-0.0182,-0.0998,-0.1121",True
high_atr_pct_and_rising_atr_slope,oscillatory_path,2H,3,167,"-0.0123,0.0681,0.0116",False
high_atr_pct_and_rising_atr_slope,oscillatory_path,4H,3,167,"-0.0204,0.0343,-0.0127",False
high_atr_pct_and_rising_atr_slope,oscillatory_path,8H,3,167,"0.0119,-0.0235,0.0581",False
high_atr_pct_and_rising_atr_slope,path_inside_70,12H,3,167,"0.0900,0.2249,0.0878",True
high_atr_pct_and_rising_atr_slope,path_inside_70,1H,3,167,"0.0396,0.0628,0.0377",True
high_atr_pct_and_rising_atr_slope,path_inside_70,24H,3,167,"0.0992,0.2197,0.0749",True
high_atr_pct_and_rising_atr_slope,path_inside_70,2H,3,167,"0.0525,0.1252,0.0478",True
high_atr_pct_and_rising_atr_slope,path_inside_70,4H,3,167,"0.0484,0.1474,0.0545",True
high_atr_pct_and_rising_atr_slope,path_inside_70,8H,3,167,"0.0847,0.1719,0.0911",True
high_atr_pct_and_rising_atr_slope,range_breached,12H,3,167,"-0.0900,-0.2249,-0.0878",True
high_atr_pct_and_rising_atr_slope,range_breached,1H,3,167,"-0.0396,-0.0628,-0.0377",True
high_atr_pct_and_rising_atr_slope,range_breached,24H,3,167,"-0.0992,-0.2197,-0.0749",True
high_atr_pct_and_rising_atr_slope,range_breached,2H,3,167,"-0.0525,-0.1252,-0.0478",True
high_atr_pct_and_rising_atr_slope,range_breached,4H,3,167,"-0.0484,-0.1474,-0.0545",True
high_atr_pct_and_rising_atr_slope,range_breached,8H,3,167,"-0.0847,-0.1719,-0.0911",True
high_atr_pct_and_rising_atr_slope,range_held,12H,3,167,"0.0900,0.2249,0.0878",True
high_atr_pct_and_rising_atr_slope,range_held,1H,3,167,"0.0396,0.0628,0.0377",True
high_atr_pct_and_rising_atr_slope,range_held,24H,3,167,"0.0992,0.2197,0.0749",True
high_atr_pct_and_rising_atr_slope,range_held,2H,3,167,"0.0525,0.1252,0.0478",True
high_atr_pct_and_rising_atr_slope,range_held,4H,3,167,"0.0484,0.1474,0.0545",True
high_atr_pct_and_rising_atr_slope,range_held,8H,3,167,"0.0847,0.1719,0.0911",True
high_atr_pct_and_rising_atr_slope,realized_over_range_width_ge_1,12H,3,167,"-0.1778,-0.3566,-0.2056",True
high_atr_pct_and_rising_atr_slope,realized_over_range_width_ge_1,1H,3,167,"-0.0970,-0.1471,-0.0952",True
high_atr_pct_and_rising_atr_slope,realized_over_range_width_ge_1,24H,3,167,"-0.1937,-0.3695,-0.1773",True
high_atr_pct_and_rising_atr_slope,realized_over_range_width_ge_1,2H,3,167,"-0.0915,-0.2516,-0.1044",True
high_atr_pct_and_rising_atr_slope,realized_over_range_width_ge_1,4H,3,167,"-0.0965,-0.2804,-0.1552",True
high_atr_pct_and_rising_atr_slope,realized_over_range_width_ge_1,8H,3,167,"-0.1778,-0.3358,-0.1992",True
high_atr_pct_and_rising_atr_slope,trend_efficiency_high,12H,3,167,"-0.0042,-0.0121,-0.0289",True
high_atr_pct_and_rising_atr_slope,trend_efficiency_high,1H,3,167,"0.0302,-0.0065,-0.0103",False
high_atr_pct_and_rising_atr_slope,trend_efficiency_high,24H,3,167,"-0.0180,0.0387,0.0281",False
high_atr_pct_and_rising_atr_slope,trend_efficiency_high,2H,3,167,"0.0293,0.0251,-0.0050",False
high_atr_pct_and_rising_atr_slope,trend_efficiency_high,4H,3,167,"-0.0313,-0.0008,-0.0050",True
high_atr_pct_and_rising_atr_slope,trend_efficiency_high,8H,3,167,"-0.0491,-0.0059,-0.0568",True
high_atr_pct_and_rising_atr_slope,upside_breakout_occurred,12H,3,167,"-0.1614,-0.3186,-0.1408",True
high_atr_pct_and_rising_atr_slope,upside_breakout_occurred,1H,3,167,"-0.0529,-0.1033,-0.0580",True
high_atr_pct_and_rising_atr_slope,upside_breakout_occurred,24H,3,167,"-0.2025,-0.3327,-0.1206",True
high_atr_pct_and_rising_atr_slope,upside_breakout_occurred,2H,3,167,"-0.0588,-0.1198,-0.0914",True
high_atr_pct_and_rising_atr_slope,upside_breakout_occurred,4H,3,167,"-0.0827,-0.1488,-0.1029",True
high_atr_pct_and_rising_atr_slope,upside_breakout_occurred,8H,3,167,"-0.1409,-0.1817,-0.1602",True
high_vwap_displacement_and_rising_atr,downside_breakdown_occurred,12H,3,254,"-0.0798,-0.1488,-0.0107",True
high_vwap_displacement_and_rising_atr,downside_breakdown_occurred,1H,3,254,"-0.0653,-0.0353,-0.0540",True
high_vwap_displacement_and_rising_atr,downside_breakdown_occurred,24H,3,254,"-0.0798,-0.1208,-0.0395",True
high_vwap_displacement_and_rising_atr,downside_breakdown_occurred,2H,3,254,"-0.0529,-0.0776,-0.0487",True
high_vwap_displacement_and_rising_atr,downside_breakdown_occurred,4H,3,254,"-0.0506,-0.1055,-0.0428",True
high_vwap_displacement_and_rising_atr,downside_breakdown_occurred,8H,3,254,"-0.0459,-0.1001,-0.0135",True
high_vwap_displacement_and_rising_atr,fast_1atr_touch,1H,3,254,"-0.0323,-0.0534,-0.0082",True
high_vwap_displacement_and_rising_atr,fast_1atr_touch,2H,3,254,"-0.0075,-0.0295,-0.0049",True
high_vwap_displacement_and_rising_atr,fast_1atr_touch,4H,3,254,"0.0000,-0.0023,0.0000",True
high_vwap_displacement_and_rising_atr,max_abs_excursion_ge_1_5_atr,12H,3,254,"-0.0032,0.0000,0.0000",True
high_vwap_displacement_and_rising_atr,max_abs_excursion_ge_1_5_atr,1H,3,254,"-0.0535,-0.0910,-0.0559",True
high_vwap_displacement_and_rising_atr,max_abs_excursion_ge_1_5_atr,2H,3,254,"-0.0237,-0.0670,-0.0178",True
high_vwap_displacement_and_rising_atr,max_abs_excursion_ge_1_5_atr,4H,3,254,"-0.0133,-0.0226,-0.0077",True
high_vwap_displacement_and_rising_atr,max_abs_excursion_ge_1_5_atr,8H,3,254,"-0.0032,-0.0030,-0.0028",True
high_vwap_displacement_and_rising_atr,one_sided_runaway,12H,3,254,"-0.0201,0.0210,-0.0588",False
high_vwap_displacement_and_rising_atr,one_sided_runaway,1H,3,254,"-0.0019,-0.0280,-0.0157",True
high_vwap_displacement_and_rising_atr,one_sided_runaway,24H,3,254,"-0.0623,0.0387,-0.0345",False
high_vwap_displacement_and_rising_atr,one_sided_runaway,2H,3,254,"0.0060,-0.0215,-0.0236",False
high_vwap_displacement_and_rising_atr,one_sided_runaway,4H,3,254,"-0.0312,0.0240,-0.0408",False
high_vwap_displacement_and_rising_atr,one_sided_runaway,8H,3,254,"-0.0223,0.0294,-0.0374",False
high_vwap_displacement_and_rising_atr,oscillatory_path,12H,3,254,"0.0223,-0.0113,0.0425",False
high_vwap_displacement_and_rising_atr,oscillatory_path,1H,3,254,"0.0044,-0.0018,0.0216",False
high_vwap_displacement_and_rising_atr,oscillatory_path,24H,3,254,"0.0197,-0.0787,-0.0139",False
high_vwap_displacement_and_rising_atr,oscillatory_path,2H,3,254,"0.0248,0.0454,0.0601",True
high_vwap_displacement_and_rising_atr,oscillatory_path,4H,3,254,"-0.0235,0.0030,0.0523",False
high_vwap_displacement_and_rising_atr,oscillatory_path,8H,3,254,"0.0070,-0.0806,0.0526",False
high_vwap_displacement_and_rising_atr,path_inside_70,12H,3,254,"0.0703,0.0542,0.0631",True
high_vwap_displacement_and_rising_atr,path_inside_70,1H,3,254,"0.0438,0.0331,0.0367",True
high_vwap_displacement_and_rising_atr,path_inside_70,24H,3,254,"0.0803,0.0326,0.0515",True
high_vwap_displacement_and_rising_atr,path_inside_70,2H,3,254,"0.0574,0.0779,0.0436",True
high_vwap_displacement_and_rising_atr,path_inside_70,4H,3,254,"0.0345,0.0747,0.0674",True
high_vwap_displacement_and_rising_atr,path_inside_70,8H,3,254,"0.0557,0.0522,0.0574",True
high_vwap_displacement_and_rising_atr,range_breached,12H,3,254,"-0.0703,-0.0542,-0.0631",True
high_vwap_displacement_and_rising_atr,range_breached,1H,3,254,"-0.0438,-0.0331,-0.0367",True
high_vwap_displacement_and_rising_atr,range_breached,24H,3,254,"-0.0803,-0.0326,-0.0515",True
high_vwap_displacement_and_rising_atr,range_breached,2H,3,254,"-0.0574,-0.0779,-0.0436",True
high_vwap_displacement_and_rising_atr,range_breached,4H,3,254,"-0.0345,-0.0747,-0.0674",True
high_vwap_displacement_and_rising_atr,range_breached,8H,3,254,"-0.0557,-0.0522,-0.0574",True
high_vwap_displacement_and_rising_atr,range_held,12H,3,254,"0.0703,0.0542,0.0631",True
high_vwap_displacement_and_rising_atr,range_held,1H,3,254,"0.0438,0.0331,0.0367",True
high_vwap_displacement_and_rising_atr,range_held,24H,3,254,"0.0803,0.0326,0.0515",True
high_vwap_displacement_and_rising_atr,range_held,2H,3,254,"0.0574,0.0779,0.0436",True
high_vwap_displacement_and_rising_atr,range_held,4H,3,254,"0.0345,0.0747,0.0674",True
high_vwap_displacement_and_rising_atr,range_held,8H,3,254,"0.0557,0.0522,0.0574",True
high_vwap_displacement_and_rising_atr,realized_over_range_width_ge_1,12H,3,254,"-0.1493,-0.1019,-0.1326",True
high_vwap_displacement_and_rising_atr,realized_over_range_width_ge_1,1H,3,254,"-0.0918,-0.0649,-0.0858",True
high_vwap_displacement_and_rising_atr,realized_over_range_width_ge_1,24H,3,254,"-0.1550,-0.1073,-0.1291",True
high_vwap_displacement_and_rising_atr,realized_over_range_width_ge_1,2H,3,254,"-0.0760,-0.1337,-0.1074",True
high_vwap_displacement_and_rising_atr,realized_over_range_width_ge_1,4H,3,254,"-0.0495,-0.1154,-0.1415",True
high_vwap_displacement_and_rising_atr,realized_over_range_width_ge_1,8H,3,254,"-0.1265,-0.0916,-0.1016",True
high_vwap_displacement_and_rising_atr,trend_efficiency_high,12H,3,254,"-0.0201,0.0210,-0.0588",False
high_vwap_displacement_and_rising_atr,trend_efficiency_high,1H,3,254,"0.0063,-0.0149,-0.0151",False
high_vwap_displacement_and_rising_atr,trend_efficiency_high,24H,3,254,"-0.0623,0.0387,-0.0345",False
high_vwap_displacement_and_rising_atr,trend_efficiency_high,2H,3,254,"0.0060,-0.0192,-0.0244",False
high_vwap_displacement_and_rising_atr,trend_efficiency_high,4H,3,254,"-0.0312,0.0240,-0.0408",False
high_vwap_displacement_and_rising_atr,trend_efficiency_high,8H,3,254,"-0.0223,0.0294,-0.0374",False
high_vwap_displacement_and_rising_atr,upside_breakout_occurred,12H,3,254,"-0.0938,-0.0883,-0.1324",True
high_vwap_displacement_and_rising_atr,upside_breakout_occurred,1H,3,254,"-0.0174,-0.0117,-0.0393",True
high_vwap_displacement_and_rising_atr,upside_breakout_occurred,24H,3,254,"-0.0676,-0.0460,-0.1495",True
high_vwap_displacement_and_rising_atr,upside_breakout_occurred,2H,3,254,"-0.0397,-0.0474,-0.0588",True
high_vwap_displacement_and_rising_atr,upside_breakout_occurred,4H,3,254,"-0.0391,-0.0599,-0.0848",True
high_vwap_displacement_and_rising_atr,upside_breakout_occurred,8H,3,254,"-0.1088,-0.0897,-0.1516",True
keltner_compressed_and_falling_atr_slope,downside_breakdown_occurred,12H,3,179,"0.0196,0.0992,0.0080",True
keltner_compressed_and_falling_atr_slope,downside_breakdown_occurred,1H,3,179,"-0.0033,0.0470,0.0235",False
keltner_compressed_and_falling_atr_slope,downside_breakdown_occurred,24H,3,179,"0.0293,0.1234,0.1043",True
keltner_compressed_and_falling_atr_slope,downside_breakdown_occurred,2H,3,179,"-0.0209,0.0519,0.0463",False
keltner_compressed_and_falling_atr_slope,downside_breakdown_occurred,4H,3,179,"-0.0337,0.0670,-0.0267",False
keltner_compressed_and_falling_atr_slope,downside_breakdown_occurred,8H,3,179,"0.0066,0.0896,-0.0898",False
keltner_compressed_and_falling_atr_slope,fast_1atr_touch,1H,3,179,"0.0083,0.0224,0.0164",True
keltner_compressed_and_falling_atr_slope,fast_1atr_touch,2H,3,179,"0.0043,0.0095,0.0021",True
keltner_compressed_and_falling_atr_slope,fast_1atr_touch,4H,3,179,"0.0000,0.0014,0.0000",True
keltner_compressed_and_falling_atr_slope,max_abs_excursion_ge_1_5_atr,12H,3,179,"0.0007,0.0000,0.0000",True
keltner_compressed_and_falling_atr_slope,max_abs_excursion_ge_1_5_atr,1H,3,179,"0.0638,0.0458,0.0806",True
keltner_compressed_and_falling_atr_slope,max_abs_excursion_ge_1_5_atr,2H,3,179,"0.0265,0.0215,0.0222",True
keltner_compressed_and_falling_atr_slope,max_abs_excursion_ge_1_5_atr,4H,3,179,"0.0064,0.0071,0.0029",True
keltner_compressed_and_falling_atr_slope,max_abs_excursion_ge_1_5_atr,8H,3,179,"0.0007,0.0007,0.0007",True
keltner_compressed_and_falling_atr_slope,one_sided_runaway,12H,3,179,"0.0117,0.0051,-0.0477",False
keltner_compressed_and_falling_atr_slope,one_sided_runaway,1H,3,179,"-0.0390,0.0126,-0.0373",False
keltner_compressed_and_falling_atr_slope,one_sided_runaway,24H,3,179,"-0.0748,-0.0329,-0.1234",True
keltner_compressed_and_falling_atr_slope,one_sided_runaway,2H,3,179,"-0.0607,-0.0015,-0.0264",True
keltner_compressed_and_falling_atr_slope,one_sided_runaway,4H,3,179,"-0.0380,-0.0190,0.0123",False
keltner_compressed_and_falling_atr_slope,one_sided_runaway,8H,3,179,"0.0290,0.0075,0.0519",True
keltner_compressed_and_falling_atr_slope,oscillatory_path,12H,3,179,"0.0092,0.0284,0.0703",True
keltner_compressed_and_falling_atr_slope,oscillatory_path,1H,3,179,"0.0149,-0.0005,0.0278",False
keltner_compressed_and_falling_atr_slope,oscillatory_path,24H,3,179,"0.1313,0.0711,0.1454",True
keltner_compressed_and_falling_atr_slope,oscillatory_path,2H,3,179,"0.0429,-0.0202,0.0430",False
keltner_compressed_and_falling_atr_slope,oscillatory_path,4H,3,179,"0.0398,0.0130,0.0240",True
keltner_compressed_and_falling_atr_slope,oscillatory_path,8H,3,179,"0.0075,0.0261,-0.0273",False
keltner_compressed_and_falling_atr_slope,path_inside_70,12H,3,179,"-0.0478,-0.0587,-0.0380",True
keltner_compressed_and_falling_atr_slope,path_inside_70,1H,3,179,"-0.0312,-0.0274,-0.0056",True
keltner_compressed_and_falling_atr_slope,path_inside_70,24H,3,179,"-0.0456,-0.0541,-0.0292",True
keltner_compressed_and_falling_atr_slope,path_inside_70,2H,3,179,"-0.0401,-0.0290,-0.0315",True
keltner_compressed_and_falling_atr_slope,path_inside_70,4H,3,179,"-0.0442,-0.0364,-0.0358",True
keltner_compressed_and_falling_atr_slope,path_inside_70,8H,3,179,"-0.0506,-0.0440,-0.0346",True
keltner_compressed_and_falling_atr_slope,range_breached,12H,3,179,"0.0478,0.0587,0.0380",True
keltner_compressed_and_falling_atr_slope,range_breached,1H,3,179,"0.0312,0.0274,0.0056",True
keltner_compressed_and_falling_atr_slope,range_breached,24H,3,179,"0.0456,0.0541,0.0292",True
keltner_compressed_and_falling_atr_slope,range_breached,2H,3,179,"0.0401,0.0290,0.0315",True
keltner_compressed_and_falling_atr_slope,range_breached,4H,3,179,"0.0442,0.0364,0.0358",True
keltner_compressed_and_falling_atr_slope,range_breached,8H,3,179,"0.0506,0.0440,0.0346",True
keltner_compressed_and_falling_atr_slope,range_held,12H,3,179,"-0.0478,-0.0587,-0.0380",True
keltner_compressed_and_falling_atr_slope,range_held,1H,3,179,"-0.0312,-0.0274,-0.0056",True
keltner_compressed_and_falling_atr_slope,range_held,24H,3,179,"-0.0456,-0.0541,-0.0292",True
keltner_compressed_and_falling_atr_slope,range_held,2H,3,179,"-0.0401,-0.0290,-0.0315",True
keltner_compressed_and_falling_atr_slope,range_held,4H,3,179,"-0.0442,-0.0364,-0.0358",True
keltner_compressed_and_falling_atr_slope,range_held,8H,3,179,"-0.0506,-0.0440,-0.0346",True
keltner_compressed_and_falling_atr_slope,realized_over_range_width_ge_1,12H,3,179,"0.1262,0.1039,0.0894",True
keltner_compressed_and_falling_atr_slope,realized_over_range_width_ge_1,1H,3,179,"0.0628,0.0525,0.0486",True
keltner_compressed_and_falling_atr_slope,realized_over_range_width_ge_1,24H,3,179,"0.1127,0.1066,0.0884",True
keltner_compressed_and_falling_atr_slope,realized_over_range_width_ge_1,2H,3,179,"0.0755,0.0832,0.0586",True
keltner_compressed_and_falling_atr_slope,realized_over_range_width_ge_1,4H,3,179,"0.1239,0.1039,0.0904",True
keltner_compressed_and_falling_atr_slope,realized_over_range_width_ge_1,8H,3,179,"0.1285,0.1028,0.0511",True
keltner_compressed_and_falling_atr_slope,trend_efficiency_high,12H,3,179,"0.0117,0.0051,-0.0477",False
keltner_compressed_and_falling_atr_slope,trend_efficiency_high,1H,3,179,"-0.0455,0.0072,-0.0438",False
keltner_compressed_and_falling_atr_slope,trend_efficiency_high,24H,3,179,"-0.0748,-0.0329,-0.1234",True
keltner_compressed_and_falling_atr_slope,trend_efficiency_high,2H,3,179,"-0.0607,-0.0029,-0.0271",True
keltner_compressed_and_falling_atr_slope,trend_efficiency_high,4H,3,179,"-0.0380,-0.0190,0.0123",False
keltner_compressed_and_falling_atr_slope,trend_efficiency_high,8H,3,179,"0.0290,0.0075,0.0519",True
keltner_compressed_and_falling_atr_slope,upside_breakout_occurred,12H,3,179,"0.1857,0.1083,0.1938",True
keltner_compressed_and_falling_atr_slope,upside_breakout_occurred,1H,3,179,"0.1053,0.0369,0.0988",True
keltner_compressed_and_falling_atr_slope,upside_breakout_occurred,24H,3,179,"0.2649,0.1112,0.2184",True
keltner_compressed_and_falling_atr_slope,upside_breakout_occurred,2H,3,179,"0.1400,0.0442,0.1541",True
keltner_compressed_and_falling_atr_slope,upside_breakout_occurred,4H,3,179,"0.1904,0.0489,0.1451",True
keltner_compressed_and_falling_atr_slope,upside_breakout_occurred,8H,3,179,"0.1700,0.0728,0.2237",True
keltner_compressed_and_rising_atr_slope,downside_breakdown_occurred,12H,3,43,"0.0851,-0.1241,-0.1991",False
keltner_compressed_and_rising_atr_slope,downside_breakdown_occurred,1H,3,43,"-0.0394,-0.0124,0.0042",False
keltner_compressed_and_rising_atr_slope,downside_breakdown_occurred,24H,3,43,"0.2013,-0.1028,0.0292",False
keltner_compressed_and_rising_atr_slope,downside_breakdown_occurred,2H,3,43,"0.0119,-0.0230,0.0271",False
keltner_compressed_and_rising_atr_slope,downside_breakdown_occurred,4H,3,43,"0.0910,-0.0522,0.0667",False
keltner_compressed_and_rising_atr_slope,downside_breakdown_occurred,8H,3,43,"0.1147,-0.0821,-0.1322",False
keltner_compressed_and_rising_atr_slope,fast_1atr_touch,1H,3,43,"0.0112,0.0022,0.0164",True
keltner_compressed_and_rising_atr_slope,fast_1atr_touch,2H,3,43,"0.0043,0.0071,0.0021",True
keltner_compressed_and_rising_atr_slope,fast_1atr_touch,4H,3,43,"0.0000,0.0014,0.0000",True
keltner_compressed_and_rising_atr_slope,max_abs_excursion_ge_1_5_atr,12H,3,43,"0.0007,0.0000,0.0000",True
keltner_compressed_and_rising_atr_slope,max_abs_excursion_ge_1_5_atr,1H,3,43,"0.0000,0.0230,-0.0151",False
keltner_compressed_and_rising_atr_slope,max_abs_excursion_ge_1_5_atr,2H,3,43,"0.0198,0.0157,-0.0187",False
keltner_compressed_and_rising_atr_slope,max_abs_excursion_ge_1_5_atr,4H,3,43,"0.0064,0.0071,0.0029",True
keltner_compressed_and_rising_atr_slope,max_abs_excursion_ge_1_5_atr,8H,3,43,"0.0007,0.0007,0.0007",True
keltner_compressed_and_rising_atr_slope,one_sided_runaway,12H,3,43,"0.0317,0.0809,-0.0237",False
keltner_compressed_and_rising_atr_slope,one_sided_runaway,1H,3,43,"-0.0276,-0.0273,-0.0095",True
keltner_compressed_and_rising_atr_slope,one_sided_runaway,24H,3,43,"0.0364,0.1265,-0.0379",False
keltner_compressed_and_rising_atr_slope,one_sided_runaway,2H,3,43,"0.0573,0.0033,-0.0442",False
keltner_compressed_and_rising_atr_slope,one_sided_runaway,4H,3,43,"-0.0063,0.0375,-0.0846",False
keltner_compressed_and_rising_atr_slope,one_sided_runaway,8H,3,43,"-0.0170,0.0290,0.0210",False
keltner_compressed_and_rising_atr_slope,oscillatory_path,12H,3,43,"0.0113,-0.0213,-0.2008",False
keltner_compressed_and_rising_atr_slope,oscillatory_path,1H,3,43,"0.0286,0.0179,0.0701",True
keltner_compressed_and_rising_atr_slope,oscillatory_path,24H,3,43,"-0.0452,-0.0719,0.1105",False
keltner_compressed_and_rising_atr_slope,oscillatory_path,2H,3,43,"-0.0791,-0.0469,-0.0766",True
keltner_compressed_and_rising_atr_slope,oscillatory_path,4H,3,43,"0.0592,-0.0277,-0.0611",False
keltner_compressed_and_rising_atr_slope,oscillatory_path,8H,3,43,"-0.0001,-0.0897,-0.0863",True
keltner_compressed_and_rising_atr_slope,path_inside_70,12H,3,43,"-0.0478,-0.0300,-0.0492",True
keltner_compressed_and_rising_atr_slope,path_inside_70,1H,3,43,"-0.0390,-0.0107,-0.0335",True
keltner_compressed_and_rising_atr_slope,path_inside_70,24H,3,43,"-0.0456,-0.0378,-0.0292",True
keltner_compressed_and_rising_atr_slope,path_inside_70,2H,3,43,"-0.0333,-0.0229,0.0094",False
keltner_compressed_and_rising_atr_slope,path_inside_70,4H,3,43,"-0.0326,-0.0271,-0.0414",True
keltner_compressed_and_rising_atr_slope,path_inside_70,8H,3,43,"-0.0390,-0.0214,-0.0514",True
keltner_compressed_and_rising_atr_slope,range_breached,12H,3,43,"0.0478,0.0300,0.0492",True
keltner_compressed_and_rising_atr_slope,range_breached,1H,3,43,"0.0390,0.0107,0.0335",True
keltner_compressed_and_rising_atr_slope,range_breached,24H,3,43,"0.0456,0.0378,0.0292",True
keltner_compressed_and_rising_atr_slope,range_breached,2H,3,43,"0.0333,0.0229,-0.0094",False
keltner_compressed_and_rising_atr_slope,range_breached,4H,3,43,"0.0326,0.0271,0.0414",True
keltner_compressed_and_rising_atr_slope,range_breached,8H,3,43,"0.0390,0.0214,0.0514",True
keltner_compressed_and_rising_atr_slope,range_held,12H,3,43,"-0.0478,-0.0300,-0.0492",True
keltner_compressed_and_rising_atr_slope,range_held,1H,3,43,"-0.0390,-0.0107,-0.0335",True
keltner_compressed_and_rising_atr_slope,range_held,24H,3,43,"-0.0456,-0.0378,-0.0292",True
keltner_compressed_and_rising_atr_slope,range_held,2H,3,43,"-0.0333,-0.0229,0.0094",False
keltner_compressed_and_rising_atr_slope,range_held,4H,3,43,"-0.0326,-0.0271,-0.0414",True
keltner_compressed_and_rising_atr_slope,range_held,8H,3,43,"-0.0390,-0.0214,-0.0514",True
keltner_compressed_and_rising_atr_slope,realized_over_range_width_ge_1,12H,3,43,"0.1146,0.0729,0.1341",True
keltner_compressed_and_rising_atr_slope,realized_over_range_width_ge_1,1H,3,43,"0.0707,0.0472,0.0282",True
keltner_compressed_and_rising_atr_slope,realized_over_range_width_ge_1,24H,3,43,"0.1127,0.0771,0.0884",True
keltner_compressed_and_rising_atr_slope,realized_over_range_width_ge_1,2H,3,43,"0.0437,0.0223,-0.0781",False
keltner_compressed_and_rising_atr_slope,realized_over_range_width_ge_1,4H,3,43,"0.1201,0.0166,0.0765",True
keltner_compressed_and_rising_atr_slope,realized_over_range_width_ge_1,8H,3,43,"0.1101,0.0458,0.1173",True
keltner_compressed_and_rising_atr_slope,trend_efficiency_high,12H,3,43,"0.0317,0.0809,-0.0237",False
keltner_compressed_and_rising_atr_slope,trend_efficiency_high,1H,3,43,"-0.0274,-0.0195,0.0073",False
keltner_compressed_and_rising_atr_slope,trend_efficiency_high,24H,3,43,"0.0364,0.1265,-0.0379",False
keltner_compressed_and_rising_atr_slope,trend_efficiency_high,2H,3,43,"0.0573,0.0019,-0.0449",False
keltner_compressed_and_rising_atr_slope,trend_efficiency_high,4H,3,43,"-0.0063,0.0375,-0.0846",False
keltner_compressed_and_rising_atr_slope,trend_efficiency_high,8H,3,43,"-0.0170,0.0290,0.0210",False
keltner_compressed_and_rising_atr_slope,upside_breakout_occurred,12H,3,43,"0.0805,0.1743,0.1539",True
keltner_compressed_and_rising_atr_slope,upside_breakout_occurred,1H,3,43,"0.0351,0.0475,-0.0219",False
keltner_compressed_and_rising_atr_slope,upside_breakout_occurred,24H,3,43,"0.1683,0.1849,0.0947",True
keltner_compressed_and_rising_atr_slope,upside_breakout_occurred,2H,3,43,"0.0833,0.0575,-0.0401",False
keltner_compressed_and_rising_atr_slope,upside_breakout_occurred,4H,3,43,"0.0416,0.0781,0.0550",True
keltner_compressed_and_rising_atr_slope,upside_breakout_occurred,8H,3,43,"-0.0156,0.1401,0.1373",False
low_adx_and_falling_atr,downside_breakdown_occurred,12H,3,254,"-0.0798,0.1254,-0.0242",False
low_adx_and_falling_atr,downside_breakdown_occurred,1H,3,254,"0.0410,0.0677,-0.0210",False
low_adx_and_falling_atr,downside_breakdown_occurred,24H,3,254,"-0.0956,0.0823,0.0435",False
low_adx_and_falling_atr,downside_breakdown_occurred,2H,3,254,"0.0180,0.0922,-0.0162",False
low_adx_and_falling_atr,downside_breakdown_occurred,4H,3,254,"-0.0270,0.1166,-0.0466",False
low_adx_and_falling_atr,downside_breakdown_occurred,8H,3,254,"-0.0380,0.1295,-0.0918",False
low_adx_and_falling_atr,fast_1atr_touch,1H,3,254,"0.0189,0.0245,0.0092",True
low_adx_and_falling_atr,fast_1atr_touch,2H,3,254,"0.0043,0.0076,0.0021",True
low_adx_and_falling_atr,fast_1atr_touch,4H,3,254,"0.0000,0.0014,0.0000",True
low_adx_and_falling_atr,max_abs_excursion_ge_1_5_atr,12H,3,254,"0.0007,0.0000,0.0000",True
low_adx_and_falling_atr,max_abs_excursion_ge_1_5_atr,1H,3,254,"0.0685,0.0560,0.0253",True
low_adx_and_falling_atr,max_abs_excursion_ge_1_5_atr,2H,3,254,"0.0235,0.0219,0.0134",True
low_adx_and_falling_atr,max_abs_excursion_ge_1_5_atr,4H,3,254,"0.0064,0.0071,0.0029",True
low_adx_and_falling_atr,max_abs_excursion_ge_1_5_atr,8H,3,254,"0.0007,0.0007,0.0007",True
low_adx_and_falling_atr,one_sided_runaway,12H,3,254,"0.0429,0.0210,0.0205",True
low_adx_and_falling_atr,one_sided_runaway,1H,3,254,"-0.0098,-0.0030,-0.0088",True
low_adx_and_falling_atr,one_sided_runaway,24H,3,254,"0.0440,0.0011,0.0063",True
low_adx_and_falling_atr,one_sided_runaway,2H,3,254,"-0.0373,0.0152,0.0086",False
low_adx_and_falling_atr,one_sided_runaway,4H,3,254,"-0.0155,-0.0138,0.0166",False
low_adx_and_falling_atr,one_sided_runaway,8H,3,254,"0.0289,-0.0388,0.0239",False
low_adx_and_falling_atr,oscillatory_path,12H,3,254,"-0.0131,-0.1046,-0.0288",True
low_adx_and_falling_atr,oscillatory_path,1H,3,254,"-0.0074,0.0180,0.0045",False
low_adx_and_falling_atr,oscillatory_path,24H,3,254,"-0.0314,-0.0859,0.1008",False
low_adx_and_falling_atr,oscillatory_path,2H,3,254,"0.0366,0.0202,-0.0206",False
low_adx_and_falling_atr,oscillatory_path,4H,3,254,"0.0316,0.0754,0.0219",True
low_adx_and_falling_atr,oscillatory_path,8H,3,254,"0.0109,0.0286,-0.0070",False
low_adx_and_falling_atr,path_inside_70,12H,3,254,"-0.0439,-0.0533,-0.0276",True
low_adx_and_falling_atr,path_inside_70,1H,3,254,"-0.0349,-0.0260,-0.0155",True
low_adx_and_falling_atr,path_inside_70,24H,3,254,"-0.0456,-0.0602,-0.0256",True
low_adx_and_falling_atr,path_inside_70,2H,3,254,"-0.0253,-0.0258,-0.0227",True
low_adx_and_falling_atr,path_inside_70,4H,3,254,"-0.0206,-0.0329,-0.0198",True
low_adx_and_falling_atr,path_inside_70,8H,3,254,"-0.0310,-0.0443,-0.0154",True
low_adx_and_falling_atr,range_breached,12H,3,254,"0.0439,0.0533,0.0276",True
low_adx_and_falling_atr,range_breached,1H,3,254,"0.0349,0.0260,0.0155",True
low_adx_and_falling_atr,range_breached,24H,3,254,"0.0456,0.0602,0.0256",True
low_adx_and_falling_atr,range_breached,2H,3,254,"0.0253,0.0258,0.0227",True
low_adx_and_falling_atr,range_breached,4H,3,254,"0.0206,0.0329,0.0198",True
low_adx_and_falling_atr,range_breached,8H,3,254,"0.0310,0.0443,0.0154",True
low_adx_and_falling_atr,range_held,12H,3,254,"-0.0439,-0.0533,-0.0276",True
low_adx_and_falling_atr,range_held,1H,3,254,"-0.0349,-0.0260,-0.0155",True
low_adx_and_falling_atr,range_held,24H,3,254,"-0.0456,-0.0602,-0.0256",True
low_adx_and_falling_atr,range_held,2H,3,254,"-0.0253,-0.0258,-0.0227",True
low_adx_and_falling_atr,range_held,4H,3,254,"-0.0206,-0.0329,-0.0198",True
low_adx_and_falling_atr,range_held,8H,3,254,"-0.0310,-0.0443,-0.0154",True
low_adx_and_falling_atr,realized_over_range_width_ge_1,12H,3,254,"0.0987,0.0674,0.0586",True
low_adx_and_falling_atr,realized_over_range_width_ge_1,1H,3,254,"0.0696,0.0564,0.0385",True
low_adx_and_falling_atr,realized_over_range_width_ge_1,24H,3,254,"0.0891,0.1228,0.0813",True
low_adx_and_falling_atr,realized_over_range_width_ge_1,2H,3,254,"0.0539,0.0846,0.0485",True
low_adx_and_falling_atr,realized_over_range_width_ge_1,4H,3,254,"0.0528,0.0804,0.0491",True
low_adx_and_falling_atr,realized_over_range_width_ge_1,8H,3,254,"0.0783,0.0817,-0.0034",False
low_adx_and_falling_atr,trend_efficiency_high,12H,3,254,"0.0429,0.0210,0.0205",True
low_adx_and_falling_atr,trend_efficiency_high,1H,3,254,"-0.0212,-0.0123,-0.0116",True
low_adx_and_falling_atr,trend_efficiency_high,24H,3,254,"0.0440,0.0011,0.0063",True
low_adx_and_falling_atr,trend_efficiency_high,2H,3,254,"-0.0373,0.0138,0.0079",False
low_adx_and_falling_atr,trend_efficiency_high,4H,3,254,"-0.0155,-0.0138,0.0166",False
low_adx_and_falling_atr,trend_efficiency_high,8H,3,254,"0.0289,-0.0388,0.0239",False
low_adx_and_falling_atr,upside_breakout_occurred,12H,3,254,"0.1622,0.0554,0.1440",True
low_adx_and_falling_atr,upside_breakout_occurred,1H,3,254,"0.0337,-0.0074,0.0804",False
low_adx_and_falling_atr,upside_breakout_occurred,24H,3,254,"0.1331,0.1256,0.1424",True
low_adx_and_falling_atr,upside_breakout_occurred,2H,3,254,"0.0666,0.0053,0.1106",True
low_adx_and_falling_atr,upside_breakout_occurred,4H,3,254,"0.1066,0.0117,0.1235",True
low_adx_and_falling_atr,upside_breakout_occurred,8H,3,254,"0.1510,-0.0108,0.1488",False
low_atr_and_donchian_edge,downside_breakdown_occurred,12H,3,41,"0.1242,0.0591,0.1628",True
low_atr_and_donchian_edge,downside_breakdown_occurred,1H,3,41,"0.0832,0.0224,0.1336",True
low_atr_and_donchian_edge,downside_breakdown_occurred,24H,3,41,"0.1605,0.1088,0.2317",True
low_atr_and_donchian_edge,downside_breakdown_occurred,2H,3,41,"0.0632,0.0256,0.0832",True
low_atr_and_donchian_edge,downside_breakdown_occurred,4H,3,41,"0.0625,0.0589,0.0508",True
low_atr_and_donchian_edge,downside_breakdown_occurred,8H,3,41,"0.1124,0.0814,0.0136",True
low_atr_and_donchian_edge,fast_1atr_touch,1H,3,41,"0.0046,0.0081,0.0164",True
low_atr_and_donchian_edge,fast_1atr_touch,2H,3,41,"0.0043,0.0066,0.0021",True
low_atr_and_donchian_edge,fast_1atr_touch,4H,3,41,"0.0000,0.0014,0.0000",True
low_atr_and_donchian_edge,max_abs_excursion_ge_1_5_atr,12H,3,41,"0.0007,0.0000,0.0000",True
low_atr_and_donchian_edge,max_abs_excursion_ge_1_5_atr,1H,3,41,"0.0785,0.0892,0.0501",True
low_atr_and_donchian_edge,max_abs_excursion_ge_1_5_atr,2H,3,41,"0.0132,0.0275,-0.0210",False
low_atr_and_donchian_edge,max_abs_excursion_ge_1_5_atr,4H,3,41,"0.0064,0.0071,0.0029",True
low_atr_and_donchian_edge,max_abs_excursion_ge_1_5_atr,8H,3,41,"0.0007,0.0007,0.0007",True
low_atr_and_donchian_edge,one_sided_runaway,12H,3,41,"-0.0867,0.0414,-0.0877",False
low_atr_and_donchian_edge,one_sided_runaway,1H,3,41,"-0.0100,0.0454,0.0704",False
low_atr_and_donchian_edge,one_sided_runaway,24H,3,41,"-0.0325,0.0106,-0.1752",False
low_atr_and_donchian_edge,one_sided_runaway,2H,3,41,"-0.0414,0.0044,0.0590",False
low_atr_and_donchian_edge,one_sided_runaway,4H,3,41,"-0.0600,0.0215,0.0419",False
low_atr_and_donchian_edge,one_sided_runaway,8H,3,41,"-0.0888,0.0103,-0.1151",False
low_atr_and_donchian_edge,oscillatory_path,12H,3,41,"0.0850,0.0273,0.0777",True
low_atr_and_donchian_edge,oscillatory_path,1H,3,41,"-0.0002,0.0376,0.0463",False
low_atr_and_donchian_edge,oscillatory_path,24H,3,41,"0.0373,0.0867,0.2098",True
low_atr_and_donchian_edge,oscillatory_path,2H,3,41,"-0.0643,-0.0816,0.0148",False
low_atr_and_donchian_edge,oscillatory_path,4H,3,41,"0.0865,-0.0218,-0.1394",False
low_atr_and_donchian_edge,oscillatory_path,8H,3,41,"0.0373,-0.0496,0.0527",False
low_atr_and_donchian_edge,path_inside_70,12H,3,41,"-0.0478,-0.0541,-0.0492",True
low_atr_and_donchian_edge,path_inside_70,1H,3,41,"-0.0325,-0.0161,-0.0335",True
low_atr_and_donchian_edge,path_inside_70,24H,3,41,"-0.0456,-0.0678,-0.0292",True
low_atr_and_donchian_edge,path_inside_70,2H,3,41,"-0.0449,-0.0245,-0.0127",True
low_atr_and_donchian_edge,path_inside_70,4H,3,41,"-0.0442,-0.0442,-0.0414",True
low_atr_and_donchian_edge,path_inside_70,8H,3,41,"-0.0506,-0.0460,-0.0270",True
low_atr_and_donchian_edge,range_breached,12H,3,41,"0.0478,0.0541,0.0492",True
low_atr_and_donchian_edge,range_breached,1H,3,41,"0.0325,0.0161,0.0335",True
low_atr_and_donchian_edge,range_breached,24H,3,41,"0.0456,0.0678,0.0292",True
low_atr_and_donchian_edge,range_breached,2H,3,41,"0.0449,0.0245,0.0127",True
low_atr_and_donchian_edge,range_breached,4H,3,41,"0.0442,0.0442,0.0414",True
low_atr_and_donchian_edge,range_breached,8H,3,41,"0.0506,0.0460,0.0270",True
low_atr_and_donchian_edge,range_held,12H,3,41,"-0.0478,-0.0541,-0.0492",True
low_atr_and_donchian_edge,range_held,1H,3,41,"-0.0325,-0.0161,-0.0335",True
low_atr_and_donchian_edge,range_held,24H,3,41,"-0.0456,-0.0678,-0.0292",True
low_atr_and_donchian_edge,range_held,2H,3,41,"-0.0449,-0.0245,-0.0127",True
low_atr_and_donchian_edge,range_held,4H,3,41,"-0.0442,-0.0442,-0.0414",True
low_atr_and_donchian_edge,range_held,8H,3,41,"-0.0506,-0.0460,-0.0270",True
low_atr_and_donchian_edge,realized_over_range_width_ge_1,12H,3,41,"0.1262,0.1151,0.1341",True
low_atr_and_donchian_edge,realized_over_range_width_ge_1,1H,3,41,"0.0860,0.0707,0.0969",True
low_atr_and_donchian_edge,realized_over_range_width_ge_1,24H,3,41,"0.1127,0.1070,0.0884",True
low_atr_and_donchian_edge,realized_over_range_width_ge_1,2H,3,41,"0.1120,0.0800,0.0337",True
low_atr_and_donchian_edge,realized_over_range_width_ge_1,4H,3,41,"0.1434,0.0919,0.1218",True
low_atr_and_donchian_edge,realized_over_range_width_ge_1,8H,3,41,"0.1334,0.1083,0.0430",True
low_atr_and_donchian_edge,trend_efficiency_high,12H,3,41,"-0.0867,0.0414,-0.0877",False
low_atr_and_donchian_edge,trend_efficiency_high,1H,3,41,"-0.0214,0.0409,0.0640",False
low_atr_and_donchian_edge,trend_efficiency_high,24H,3,41,"-0.0325,0.0106,-0.1752",False
low_atr_and_donchian_edge,trend_efficiency_high,2H,3,41,"-0.0414,0.0030,0.0583",False
low_atr_and_donchian_edge,trend_efficiency_high,4H,3,41,"-0.0600,0.0215,0.0419",False
low_atr_and_donchian_edge,trend_efficiency_high,8H,3,41,"-0.0888,0.0103,-0.1151",False
low_atr_and_donchian_edge,upside_breakout_occurred,12H,3,41,"0.1399,0.1166,0.0972",True
low_atr_and_donchian_edge,upside_breakout_occurred,1H,3,41,"0.1360,0.0753,0.0331",True
low_atr_and_donchian_edge,upside_breakout_occurred,24H,3,41,"0.2372,0.1277,0.1355",True
low_atr_and_donchian_edge,upside_breakout_occurred,2H,3,41,"0.1973,0.0046,0.0869",True
low_atr_and_donchian_edge,upside_breakout_occurred,4H,3,41,"0.1591,-0.0292,0.0159",False
low_atr_and_donchian_edge,upside_breakout_occurred,8H,3,41,"0.0939,0.0087,0.0784",True
low_atr_and_high_efficiency,downside_breakdown_occurred,12H,3,47,"0.2393,-0.0806,0.0206",False
low_atr_and_high_efficiency,downside_breakdown_occurred,1H,3,47,"-0.0274,0.0004,0.0977",False
low_atr_and_high_efficiency,downside_breakdown_occurred,24H,3,47,"0.2393,0.0148,0.0802",True
low_atr_and_high_efficiency,downside_breakdown_occurred,2H,3,47,"0.0557,0.0134,0.0355",True
low_atr_and_high_efficiency,downside_breakdown_occurred,4H,3,47,"0.0852,0.0099,0.1583",True
low_atr_and_high_efficiency,downside_breakdown_occurred,8H,3,47,"0.1291,-0.0537,0.0390",False
low_atr_and_high_efficiency,fast_1atr_touch,1H,3,47,"0.0062,0.0130,0.0164",True
low_atr_and_high_efficiency,fast_1atr_touch,2H,3,47,"0.0043,0.0050,0.0021",True
low_atr_and_high_efficiency,fast_1atr_touch,4H,3,47,"0.0000,0.0014,0.0000",True
low_atr_and_high_efficiency,max_abs_excursion_ge_1_5_atr,12H,3,47,"0.0007,0.0000,0.0000",True
low_atr_and_high_efficiency,max_abs_excursion_ge_1_5_atr,1H,3,47,"0.0512,0.0705,0.1264",True
low_atr_and_high_efficiency,max_abs_excursion_ge_1_5_atr,2H,3,47,"0.0147,0.0180,0.0065",True
low_atr_and_high_efficiency,max_abs_excursion_ge_1_5_atr,4H,3,47,"0.0064,0.0071,0.0029",True
low_atr_and_high_efficiency,max_abs_excursion_ge_1_5_atr,8H,3,47,"0.0007,0.0007,0.0007",True
low_atr_and_high_efficiency,one_sided_runaway,12H,3,47,"-0.1443,0.0304,-0.1033",False
low_atr_and_high_efficiency,one_sided_runaway,1H,3,47,"-0.0722,-0.0004,0.0424",False
low_atr_and_high_efficiency,one_sided_runaway,24H,3,47,"-0.1295,0.0524,-0.1176",False
low_atr_and_high_efficiency,one_sided_runaway,2H,3,47,"-0.0702,0.0002,-0.0541",False
low_atr_and_high_efficiency,one_sided_runaway,4H,3,47,"-0.0690,0.0680,-0.0712",False
low_atr_and_high_efficiency,one_sided_runaway,8H,3,47,"-0.0964,0.0999,-0.0394",False
low_atr_and_high_efficiency,oscillatory_path,12H,3,47,"0.1911,-0.0286,-0.1548",False
low_atr_and_high_efficiency,oscillatory_path,1H,3,47,"0.1135,0.0361,0.0478",True
low_atr_and_high_efficiency,oscillatory_path,24H,3,47,"0.2327,0.0400,0.1288",True
low_atr_and_high_efficiency,oscillatory_path,2H,3,47,"0.0220,-0.0535,-0.0444",False
low_atr_and_high_efficiency,oscillatory_path,4H,3,47,"0.0592,-0.1024,-0.0735",False
low_atr_and_high_efficiency,oscillatory_path,8H,3,47,"0.2630,-0.0665,-0.0096",False
low_atr_and_high_efficiency,path_inside_70,12H,3,47,"-0.0478,-0.0494,-0.0279",True
low_atr_and_high_efficiency,path_inside_70,1H,3,47,"0.0160,-0.0258,-0.0335",False
low_atr_and_high_efficiency,path_inside_70,24H,3,47,"-0.0456,-0.0614,-0.0292",True
low_atr_and_high_efficiency,path_inside_70,2H,3,47,"-0.0449,-0.0167,0.0055",False
low_atr_and_high_efficiency,path_inside_70,4H,3,47,"-0.0442,-0.0315,-0.0414",True
low_atr_and_high_efficiency,path_inside_70,8H,3,47,"-0.0506,-0.0493,-0.0514",True
low_atr_and_high_efficiency,range_breached,12H,3,47,"0.0478,0.0494,0.0279",True
low_atr_and_high_efficiency,range_breached,1H,3,47,"-0.0160,0.0258,0.0335",False
low_atr_and_high_efficiency,range_breached,24H,3,47,"0.0456,0.0614,0.0292",True
low_atr_and_high_efficiency,range_breached,2H,3,47,"0.0449,0.0167,-0.0055",False
low_atr_and_high_efficiency,range_breached,4H,3,47,"0.0442,0.0315,0.0414",True
low_atr_and_high_efficiency,range_breached,8H,3,47,"0.0506,0.0493,0.0514",True
low_atr_and_high_efficiency,range_held,12H,3,47,"-0.0478,-0.0494,-0.0279",True
low_atr_and_high_efficiency,range_held,1H,3,47,"0.0160,-0.0258,-0.0335",False
low_atr_and_high_efficiency,range_held,24H,3,47,"-0.0456,-0.0614,-0.0292",True
low_atr_and_high_efficiency,range_held,2H,3,47,"-0.0449,-0.0167,0.0055",False
low_atr_and_high_efficiency,range_held,4H,3,47,"-0.0442,-0.0315,-0.0414",True
low_atr_and_high_efficiency,range_held,8H,3,47,"-0.0506,-0.0493,-0.0514",True
low_atr_and_high_efficiency,realized_over_range_width_ge_1,12H,3,47,"0.1262,0.0947,0.1128",True
low_atr_and_high_efficiency,realized_over_range_width_ge_1,1H,3,47,"0.0405,0.0520,0.1000",True
low_atr_and_high_efficiency,realized_over_range_width_ge_1,24H,3,47,"0.1127,0.1200,0.0884",True
low_atr_and_high_efficiency,realized_over_range_width_ge_1,2H,3,47,"0.1317,0.0612,0.0249",True
low_atr_and_high_efficiency,realized_over_range_width_ge_1,4H,3,47,"0.1100,0.0811,0.1249",True
low_atr_and_high_efficiency,realized_over_range_width_ge_1,8H,3,47,"0.1167,0.0911,0.1405",True
low_atr_and_high_efficiency,trend_efficiency_high,12H,3,47,"-0.1443,0.0304,-0.1033",False
low_atr_and_high_efficiency,trend_efficiency_high,1H,3,47,"-0.0836,-0.0033,0.0360",False
low_atr_and_high_efficiency,trend_efficiency_high,24H,3,47,"-0.1295,0.0524,-0.1176",False
low_atr_and_high_efficiency,trend_efficiency_high,2H,3,47,"-0.0702,-0.0012,-0.0548",True
low_atr_and_high_efficiency,trend_efficiency_high,4H,3,47,"-0.0690,0.0680,-0.0712",False
low_atr_and_high_efficiency,trend_efficiency_high,8H,3,47,"-0.0964,0.0999,-0.0394",False
low_atr_and_high_efficiency,upside_breakout_occurred,12H,3,47,"0.3278,0.1179,0.0401",True
low_atr_and_high_efficiency,upside_breakout_occurred,1H,3,47,"0.0890,0.0262,0.0523",True
low_atr_and_high_efficiency,upside_breakout_occurred,24H,3,47,"0.2675,0.1750,0.0447",True
low_atr_and_high_efficiency,upside_breakout_occurred,2H,3,47,"0.1306,-0.0297,-0.0065",False
low_atr_and_high_efficiency,upside_breakout_occurred,4H,3,47,"0.2304,-0.0092,0.0382",False
low_atr_and_high_efficiency,upside_breakout_occurred,8H,3,47,"0.2530,0.0586,0.0701",True
low_atr_and_low_efficiency,downside_breakdown_occurred,12H,3,83,"-0.1239,0.1150,-0.1358",False
low_atr_and_low_efficiency,downside_breakdown_occurred,1H,3,83,"-0.0646,0.0120,-0.0927",False
low_atr_and_low_efficiency,downside_breakdown_occurred,24H,3,83,"-0.0772,0.1059,-0.0678",False
low_atr_and_low_efficiency,downside_breakdown_occurred,2H,3,83,"-0.1230,0.0328,-0.0819",False
low_atr_and_low_efficiency,downside_breakdown_occurred,4H,3,83,"-0.1414,0.0496,-0.1017",False
low_atr_and_low_efficiency,downside_breakdown_occurred,8H,3,83,"-0.0988,0.0927,-0.2350",False
low_atr_and_low_efficiency,fast_1atr_touch,1H,3,83,"0.0041,0.0095,0.0164",True
low_atr_and_low_efficiency,fast_1atr_touch,2H,3,83,"0.0043,0.0076,0.0021",True
low_atr_and_low_efficiency,fast_1atr_touch,4H,3,83,"0.0000,0.0014,0.0000",True
low_atr_and_low_efficiency,max_abs_excursion_ge_1_5_atr,12H,3,83,"0.0007,0.0000,0.0000",True
low_atr_and_low_efficiency,max_abs_excursion_ge_1_5_atr,1H,3,83,"0.0297,0.0262,0.0392",True
low_atr_and_low_efficiency,max_abs_excursion_ge_1_5_atr,2H,3,83,"0.0314,0.0107,0.0278",True
low_atr_and_low_efficiency,max_abs_excursion_ge_1_5_atr,4H,3,83,"0.0064,0.0071,0.0029",True
low_atr_and_low_efficiency,max_abs_excursion_ge_1_5_atr,8H,3,83,"0.0007,0.0007,0.0007",True
low_atr_and_low_efficiency,one_sided_runaway,12H,3,83,"0.0934,0.0052,-0.0049",False
low_atr_and_low_efficiency,one_sided_runaway,1H,3,83,"-0.0433,-0.0111,-0.0527",True
low_atr_and_low_efficiency,one_sided_runaway,24H,3,83,"-0.0279,0.0118,-0.0312",False
low_atr_and_low_efficiency,one_sided_runaway,2H,3,83,"-0.0280,-0.0119,-0.0400",True
low_atr_and_low_efficiency,one_sided_runaway,4H,3,83,"-0.0382,-0.0333,0.0152",False
low_atr_and_low_efficiency,one_sided_runaway,8H,3,83,"0.0819,0.0022,0.0768",True
low_atr_and_low_efficiency,oscillatory_path,12H,3,83,"-0.0217,0.0223,-0.0005",False
low_atr_and_low_efficiency,oscillatory_path,1H,3,83,"0.0401,0.0464,-0.0560",False
low_atr_and_low_efficiency,oscillatory_path,24H,3,83,"0.1061,0.0333,0.1057",True
low_atr_and_low_efficiency,oscillatory_path,2H,3,83,"0.0300,0.0185,0.0453",True
low_atr_and_low_efficiency,oscillatory_path,4H,3,83,"0.0078,0.0320,-0.0589",False
low_atr_and_low_efficiency,oscillatory_path,8H,3,83,"-0.0798,-0.0034,-0.1218",True
low_atr_and_low_efficiency,path_inside_70,12H,3,83,"-0.0478,-0.0421,-0.0492",True
low_atr_and_low_efficiency,path_inside_70,1H,3,83,"-0.0506,-0.0185,0.0026",False
low_atr_and_low_efficiency,path_inside_70,24H,3,83,"-0.0456,-0.0451,-0.0292",True
low_atr_and_low_efficiency,path_inside_70,2H,3,83,"-0.0356,-0.0259,-0.0371",True
low_atr_and_low_efficiency,path_inside_70,4H,3,83,"-0.0442,-0.0291,-0.0414",True
low_atr_and_low_efficiency,path_inside_70,8H,3,83,"-0.0506,-0.0330,-0.0514",True
low_atr_and_low_efficiency,range_breached,12H,3,83,"0.0478,0.0421,0.0492",True
low_atr_and_low_efficiency,range_breached,1H,3,83,"0.0506,0.0185,-0.0026",False
low_atr_and_low_efficiency,range_breached,24H,3,83,"0.0456,0.0451,0.0292",True
low_atr_and_low_efficiency,range_breached,2H,3,83,"0.0356,0.0259,0.0371",True
low_atr_and_low_efficiency,range_breached,4H,3,83,"0.0442,0.0291,0.0414",True
low_atr_and_low_efficiency,range_breached,8H,3,83,"0.0506,0.0330,0.0514",True
low_atr_and_low_efficiency,range_held,12H,3,83,"-0.0478,-0.0421,-0.0492",True
low_atr_and_low_efficiency,range_held,1H,3,83,"-0.0506,-0.0185,0.0026",False
low_atr_and_low_efficiency,range_held,24H,3,83,"-0.0456,-0.0451,-0.0292",True
low_atr_and_low_efficiency,range_held,2H,3,83,"-0.0356,-0.0259,-0.0371",True
low_atr_and_low_efficiency,range_held,4H,3,83,"-0.0442,-0.0291,-0.0414",True
low_atr_and_low_efficiency,range_held,8H,3,83,"-0.0506,-0.0330,-0.0514",True
low_atr_and_low_efficiency,realized_over_range_width_ge_1,12H,3,83,"0.1262,0.0753,0.1100",True
low_atr_and_low_efficiency,realized_over_range_width_ge_1,1H,3,83,"0.0751,0.0491,0.0369",True
low_atr_and_low_efficiency,realized_over_range_width_ge_1,24H,3,83,"0.1127,0.0851,0.0884",True
low_atr_and_low_efficiency,realized_over_range_width_ge_1,2H,3,83,"0.0642,0.0395,0.0349",True
low_atr_and_low_efficiency,realized_over_range_width_ge_1,4H,3,83,"0.1247,0.0731,0.1221",True
low_atr_and_low_efficiency,realized_over_range_width_ge_1,8H,3,83,"0.1240,0.0782,0.0682",True
low_atr_and_low_efficiency,trend_efficiency_high,12H,3,83,"0.0934,0.0052,-0.0049",False
low_atr_and_low_efficiency,trend_efficiency_high,1H,3,83,"-0.0548,-0.0128,-0.0471",True
low_atr_and_low_efficiency,trend_efficiency_high,24H,3,83,"-0.0279,0.0118,-0.0312",False
low_atr_and_low_efficiency,trend_efficiency_high,2H,3,83,"-0.0280,-0.0133,-0.0407",True
low_atr_and_low_efficiency,trend_efficiency_high,4H,3,83,"-0.0382,-0.0333,0.0152",False
low_atr_and_low_efficiency,trend_efficiency_high,8H,3,83,"0.0819,0.0022,0.0768",True
low_atr_and_low_efficiency,upside_breakout_occurred,12H,3,83,"0.2169,0.1168,0.2685",True
low_atr_and_low_efficiency,upside_breakout_occurred,1H,3,83,"0.1200,0.0468,0.1574",True
low_atr_and_low_efficiency,upside_breakout_occurred,24H,3,83,"0.2607,0.1111,0.2213",True
low_atr_and_low_efficiency,upside_breakout_occurred,2H,3,83,"0.1543,0.0746,0.2709",True
low_atr_and_low_efficiency,upside_breakout_occurred,4H,3,83,"0.2174,0.0772,0.2610",True
low_atr_and_low_efficiency,upside_breakout_occurred,8H,3,83,"0.2254,0.0735,0.2744",True
low_atr_and_mid_donchian,downside_breakdown_occurred,12H,3,111,"0.0159,0.0230,-0.0771",False
low_atr_and_mid_donchian,downside_breakdown_occurred,1H,3,111,"-0.0181,0.0072,-0.1064",False
low_atr_and_mid_donchian,downside_breakdown_occurred,24H,3,111,"0.0312,0.0446,0.0267",True
low_atr_and_mid_donchian,downside_breakdown_occurred,2H,3,111,"-0.0246,0.0164,-0.0475",False
low_atr_and_mid_donchian,downside_breakdown_occurred,4H,3,111,"-0.0159,0.0103,-0.0762",False
low_atr_and_mid_donchian,downside_breakdown_occurred,8H,3,111,"0.0071,0.0040,-0.1611",False
low_atr_and_mid_donchian,fast_1atr_touch,1H,3,111,"0.0076,0.0206,0.0164",True
low_atr_and_mid_donchian,fast_1atr_touch,2H,3,111,"0.0043,0.0114,0.0021",True
low_atr_and_mid_donchian,fast_1atr_touch,4H,3,111,"0.0000,0.0014,0.0000",True
low_atr_and_mid_donchian,max_abs_excursion_ge_1_5_atr,12H,3,111,"0.0007,0.0000,0.0000",True
low_atr_and_mid_donchian,max_abs_excursion_ge_1_5_atr,1H,3,111,"0.0214,0.0128,0.0576",True
low_atr_and_mid_donchian,max_abs_excursion_ge_1_5_atr,2H,3,111,"0.0314,0.0141,0.0188",True
low_atr_and_mid_donchian,max_abs_excursion_ge_1_5_atr,4H,3,111,"0.0064,0.0071,0.0029",True
low_atr_and_mid_donchian,max_abs_excursion_ge_1_5_atr,8H,3,111,"0.0007,0.0007,0.0007",True
low_atr_and_mid_donchian,one_sided_runaway,12H,3,111,"0.0972,-0.0112,-0.0205",False
low_atr_and_mid_donchian,one_sided_runaway,1H,3,111,"-0.0563,-0.0205,-0.0500",True
low_atr_and_mid_donchian,one_sided_runaway,24H,3,111,"-0.0129,0.0262,-0.0528",False
low_atr_and_mid_donchian,one_sided_runaway,2H,3,111,"0.0116,-0.0058,-0.0434",False
low_atr_and_mid_donchian,one_sided_runaway,4H,3,111,"0.0218,-0.0195,0.0296",False
low_atr_and_mid_donchian,one_sided_runaway,8H,3,111,"0.0645,0.0125,0.0910",True
low_atr_and_mid_donchian,oscillatory_path,12H,3,111,"-0.0758,0.0033,0.0403",False
low_atr_and_mid_donchian,oscillatory_path,1H,3,111,"0.0139,0.0042,-0.0001",False
low_atr_and_mid_donchian,oscillatory_path,24H,3,111,"0.0637,-0.0122,0.0891",False
low_atr_and_mid_donchian,oscillatory_path,2H,3,111,"0.0148,-0.0015,0.0198",False
low_atr_and_mid_donchian,oscillatory_path,4H,3,111,"0.0478,0.0389,-0.0331",False
low_atr_and_mid_donchian,oscillatory_path,8H,3,111,"-0.0491,0.0226,-0.0297",False
low_atr_and_mid_donchian,path_inside_70,12H,3,111,"-0.0478,-0.0570,-0.0492",True
low_atr_and_mid_donchian,path_inside_70,1H,3,111,"-0.0354,-0.0181,0.0025",False
low_atr_and_mid_donchian,path_inside_70,24H,3,111,"-0.0456,-0.0409,-0.0292",True
low_atr_and_mid_donchian,path_inside_70,2H,3,111,"-0.0373,-0.0293,-0.0281",True
low_atr_and_mid_donchian,path_inside_70,4H,3,111,"-0.0442,-0.0251,-0.0414",True
low_atr_and_mid_donchian,path_inside_70,8H,3,111,"-0.0506,-0.0288,-0.0423",True
low_atr_and_mid_donchian,range_breached,12H,3,111,"0.0478,0.0570,0.0492",True
low_atr_and_mid_donchian,range_breached,1H,3,111,"0.0354,0.0181,-0.0025",False
low_atr_and_mid_donchian,range_breached,24H,3,111,"0.0456,0.0409,0.0292",True
low_atr_and_mid_donchian,range_breached,2H,3,111,"0.0373,0.0293,0.0281",True
low_atr_and_mid_donchian,range_breached,4H,3,111,"0.0442,0.0251,0.0414",True
low_atr_and_mid_donchian,range_breached,8H,3,111,"0.0506,0.0288,0.0423",True
low_atr_and_mid_donchian,range_held,12H,3,111,"-0.0478,-0.0570,-0.0492",True
low_atr_and_mid_donchian,range_held,1H,3,111,"-0.0354,-0.0181,0.0025",False
low_atr_and_mid_donchian,range_held,24H,3,111,"-0.0456,-0.0409,-0.0292",True
low_atr_and_mid_donchian,range_held,2H,3,111,"-0.0373,-0.0293,-0.0281",True
low_atr_and_mid_donchian,range_held,4H,3,111,"-0.0442,-0.0251,-0.0414",True
low_atr_and_mid_donchian,range_held,8H,3,111,"-0.0506,-0.0288,-0.0423",True
low_atr_and_mid_donchian,realized_over_range_width_ge_1,12H,3,111,"0.1262,0.0702,0.0890",True
low_atr_and_mid_donchian,realized_over_range_width_ge_1,1H,3,111,"0.0489,0.0326,0.0402",True
low_atr_and_mid_donchian,realized_over_range_width_ge_1,24H,3,111,"0.1127,0.0957,0.0884",True
low_atr_and_mid_donchian,realized_over_range_width_ge_1,2H,3,111,"0.0491,0.0495,0.0321",True
low_atr_and_mid_donchian,realized_over_range_width_ge_1,4H,3,111,"0.1357,0.0720,0.0741",True
low_atr_and_mid_donchian,realized_over_range_width_ge_1,8H,3,111,"0.1257,0.0578,0.0684",True
low_atr_and_mid_donchian,trend_efficiency_high,12H,3,111,"0.0972,-0.0112,-0.0205",False
low_atr_and_mid_donchian,trend_efficiency_high,1H,3,111,"-0.0524,-0.0259,-0.0564",True
low_atr_and_mid_donchian,trend_efficiency_high,24H,3,111,"-0.0129,0.0262,-0.0528",False
low_atr_and_mid_donchian,trend_efficiency_high,2H,3,111,"0.0116,-0.0072,-0.0441",False
low_atr_and_mid_donchian,trend_efficiency_high,4H,3,111,"0.0218,-0.0195,0.0296",False
low_atr_and_mid_donchian,trend_efficiency_high,8H,3,111,"0.0645,0.0125,0.0910",True
low_atr_and_mid_donchian,upside_breakout_occurred,12H,3,111,"0.1654,0.1710,0.2626",True
low_atr_and_mid_donchian,upside_breakout_occurred,1H,3,111,"0.0899,0.0381,0.1700",True
low_atr_and_mid_donchian,upside_breakout_occurred,24H,3,111,"0.2711,0.1734,0.2124",True
low_atr_and_mid_donchian,upside_breakout_occurred,2H,3,111,"0.1148,0.0932,0.2291",True
low_atr_and_mid_donchian,upside_breakout_occurred,4H,3,111,"0.1465,0.1073,0.2673",True
low_atr_and_mid_donchian,upside_breakout_occurred,8H,3,111,"0.1664,0.1537,0.2566",True
low_atr_pct_and_falling_atr_slope,downside_breakdown_occurred,12H,3,186,"0.0203,0.1038,-0.0263",False
low_atr_pct_and_falling_atr_slope,downside_breakdown_occurred,1H,3,186,"-0.0114,0.0554,-0.0125",False
low_atr_pct_and_falling_atr_slope,downside_breakdown_occurred,24H,3,186,"0.0305,0.1266,0.0662",True
low_atr_pct_and_falling_atr_slope,downside_breakdown_occurred,2H,3,186,"-0.0103,0.0538,-0.0005",False
low_atr_pct_and_falling_atr_slope,downside_breakdown_occurred,4H,3,186,"-0.0270,0.0690,-0.0593",False
low_atr_pct_and_falling_atr_slope,downside_breakdown_occurred,8H,3,186,"0.0012,0.0918,-0.1367",False
low_atr_pct_and_falling_atr_slope,fast_1atr_touch,1H,3,186,"0.0075,0.0222,0.0164",True
low_atr_pct_and_falling_atr_slope,fast_1atr_touch,2H,3,186,"0.0043,0.0094,0.0021",True
low_atr_pct_and_falling_atr_slope,fast_1atr_touch,4H,3,186,"0.0000,0.0014,0.0000",True
low_atr_pct_and_falling_atr_slope,max_abs_excursion_ge_1_5_atr,12H,3,186,"0.0007,0.0000,0.0000",True
low_atr_pct_and_falling_atr_slope,max_abs_excursion_ge_1_5_atr,1H,3,186,"0.0645,0.0557,0.0831",True
low_atr_pct_and_falling_atr_slope,max_abs_excursion_ge_1_5_atr,2H,3,186,"0.0263,0.0212,0.0224",True
low_atr_pct_and_falling_atr_slope,max_abs_excursion_ge_1_5_atr,4H,3,186,"0.0064,0.0071,0.0029",True
low_atr_pct_and_falling_atr_slope,max_abs_excursion_ge_1_5_atr,8H,3,186,"0.0007,0.0007,0.0007",True
low_atr_pct_and_falling_atr_slope,one_sided_runaway,12H,3,186,"0.0163,-0.0012,-0.0430",False
low_atr_pct_and_falling_atr_slope,one_sided_runaway,1H,3,186,"-0.0432,0.0158,-0.0577",False
low_atr_pct_and_falling_atr_slope,one_sided_runaway,24H,3,186,"-0.0635,-0.0320,-0.1111",True
low_atr_pct_and_falling_atr_slope,one_sided_runaway,2H,3,186,"-0.0644,-0.0003,-0.0422",True
low_atr_pct_and_falling_atr_slope,one_sided_runaway,4H,3,186,"-0.0466,-0.0098,0.0159",False
low_atr_pct_and_falling_atr_slope,one_sided_runaway,8H,3,186,"0.0345,0.0070,0.0429",True
low_atr_pct_and_falling_atr_slope,oscillatory_path,12H,3,186,"0.0221,0.0228,0.0522",True
low_atr_pct_and_falling_atr_slope,oscillatory_path,1H,3,186,"0.0176,-0.0015,0.0262",False
low_atr_pct_and_falling_atr_slope,oscillatory_path,24H,3,186,"0.1338,0.0764,0.1455",True
low_atr_pct_and_falling_atr_slope,oscillatory_path,2H,3,186,"0.0618,-0.0261,0.0514",False
low_atr_pct_and_falling_atr_slope,oscillatory_path,4H,3,186,"0.0439,0.0058,0.0059",True
low_atr_pct_and_falling_atr_slope,oscillatory_path,8H,3,186,"0.0004,0.0236,-0.0372",False
low_atr_pct_and_falling_atr_slope,path_inside_70,12H,3,186,"-0.0478,-0.0625,-0.0438",True
low_atr_pct_and_falling_atr_slope,path_inside_70,1H,3,186,"-0.0302,-0.0310,-0.0066",True
low_atr_pct_and_falling_atr_slope,path_inside_70,24H,3,186,"-0.0456,-0.0559,-0.0292",True
low_atr_pct_and_falling_atr_slope,path_inside_70,2H,3,186,"-0.0398,-0.0306,-0.0317",True
low_atr_pct_and_falling_atr_slope,path_inside_70,4H,3,186,"-0.0442,-0.0363,-0.0414",True
low_atr_pct_and_falling_atr_slope,path_inside_70,8H,3,186,"-0.0506,-0.0457,-0.0406",True
low_atr_pct_and_falling_atr_slope,range_breached,12H,3,186,"0.0478,0.0625,0.0438",True
low_atr_pct_and_falling_atr_slope,range_breached,1H,3,186,"0.0302,0.0310,0.0066",True
low_atr_pct_and_falling_atr_slope,range_breached,24H,3,186,"0.0456,0.0559,0.0292",True
low_atr_pct_and_falling_atr_slope,range_breached,2H,3,186,"0.0398,0.0306,0.0317",True
low_atr_pct_and_falling_atr_slope,range_breached,4H,3,186,"0.0442,0.0363,0.0414",True
low_atr_pct_and_falling_atr_slope,range_breached,8H,3,186,"0.0506,0.0457,0.0406",True
low_atr_pct_and_falling_atr_slope,range_held,12H,3,186,"-0.0478,-0.0625,-0.0438",True
low_atr_pct_and_falling_atr_slope,range_held,1H,3,186,"-0.0302,-0.0310,-0.0066",True
low_atr_pct_and_falling_atr_slope,range_held,24H,3,186,"-0.0456,-0.0559,-0.0292",True
low_atr_pct_and_falling_atr_slope,range_held,2H,3,186,"-0.0398,-0.0306,-0.0317",True
low_atr_pct_and_falling_atr_slope,range_held,4H,3,186,"-0.0442,-0.0363,-0.0414",True
low_atr_pct_and_falling_atr_slope,range_held,8H,3,186,"-0.0506,-0.0457,-0.0406",True
low_atr_pct_and_falling_atr_slope,realized_over_range_width_ge_1,12H,3,186,"0.1262,0.1087,0.0911",True
low_atr_pct_and_falling_atr_slope,realized_over_range_width_ge_1,1H,3,186,"0.0691,0.0609,0.0567",True
low_atr_pct_and_falling_atr_slope,realized_over_range_width_ge_1,24H,3,186,"0.1127,0.1098,0.0884",True
low_atr_pct_and_falling_atr_slope,realized_over_range_width_ge_1,2H,3,186,"0.0871,0.0881,0.0613",True
low_atr_pct_and_falling_atr_slope,realized_over_range_width_ge_1,4H,3,186,"0.1230,0.1071,0.0978",True
low_atr_pct_and_falling_atr_slope,realized_over_range_width_ge_1,8H,3,186,"0.1283,0.1076,0.0491",True
low_atr_pct_and_falling_atr_slope,trend_efficiency_high,12H,3,186,"0.0163,-0.0012,-0.0430",False
low_atr_pct_and_falling_atr_slope,trend_efficiency_high,1H,3,186,"-0.0496,0.0105,-0.0641",False
low_atr_pct_and_falling_atr_slope,trend_efficiency_high,24H,3,186,"-0.0635,-0.0320,-0.1111",True
low_atr_pct_and_falling_atr_slope,trend_efficiency_high,2H,3,186,"-0.0644,-0.0018,-0.0429",True
low_atr_pct_and_falling_atr_slope,trend_efficiency_high,4H,3,186,"-0.0466,-0.0098,0.0159",False
low_atr_pct_and_falling_atr_slope,trend_efficiency_high,8H,3,186,"0.0345,0.0070,0.0429",True
low_atr_pct_and_falling_atr_slope,upside_breakout_occurred,12H,3,186,"0.1955,0.1098,0.2307",True
low_atr_pct_and_falling_atr_slope,upside_breakout_occurred,1H,3,186,"0.1172,0.0364,0.1459",True
low_atr_pct_and_falling_atr_slope,upside_breakout_occurred,24H,3,186,"0.2784,0.1194,0.2199",True
low_atr_pct_and_falling_atr_slope,upside_breakout_occurred,2H,3,186,"0.1524,0.0477,0.2154",True
low_atr_pct_and_falling_atr_slope,upside_breakout_occurred,4H,3,186,"0.2045,0.0408,0.2068",True
low_atr_pct_and_falling_atr_slope,upside_breakout_occurred,8H,3,186,"0.1836,0.0635,0.2445",True
low_atr_pct_and_rising_atr_slope,downside_breakdown_occurred,12H,3,52,"0.0689,-0.1174,-0.0792",False
low_atr_pct_and_rising_atr_slope,downside_breakdown_occurred,1H,3,52,"-0.0152,-0.0228,0.0261",False
low_atr_pct_and_rising_atr_slope,downside_breakdown_occurred,24H,3,52,"0.1720,-0.0774,0.1088",False
low_atr_pct_and_rising_atr_slope,downside_breakdown_occurred,2H,3,52,"-0.0194,-0.0215,0.0105",False
low_atr_pct_and_rising_atr_slope,downside_breakdown_occurred,4H,3,52,"0.0569,-0.0651,0.1038",False
low_atr_pct_and_rising_atr_slope,downside_breakdown_occurred,8H,3,52,"0.0959,-0.0831,-0.0436",False
low_atr_pct_and_rising_atr_slope,fast_1atr_touch,1H,3,52,"0.0125,0.0013,0.0164",True
low_atr_pct_and_rising_atr_slope,fast_1atr_touch,2H,3,52,"0.0043,0.0070,0.0021",True
low_atr_pct_and_rising_atr_slope,fast_1atr_touch,4H,3,52,"0.0000,0.0014,0.0000",True
low_atr_pct_and_rising_atr_slope,max_abs_excursion_ge_1_5_atr,12H,3,52,"0.0007,0.0000,0.0000",True
low_atr_pct_and_rising_atr_slope,max_abs_excursion_ge_1_5_atr,1H,3,52,"0.0275,0.0324,0.0130",True
low_atr_pct_and_rising_atr_slope,max_abs_excursion_ge_1_5_atr,2H,3,52,"0.0211,0.0151,-0.0106",False
low_atr_pct_and_rising_atr_slope,max_abs_excursion_ge_1_5_atr,4H,3,52,"0.0064,0.0071,0.0029",True
low_atr_pct_and_rising_atr_slope,max_abs_excursion_ge_1_5_atr,8H,3,52,"0.0007,0.0007,0.0007",True
low_atr_pct_and_rising_atr_slope,one_sided_runaway,12H,3,52,"0.0389,0.0846,-0.0366",False
low_atr_pct_and_rising_atr_slope,one_sided_runaway,1H,3,52,"-0.0215,-0.0236,0.0432",False
low_atr_pct_and_rising_atr_slope,one_sided_runaway,24H,3,52,"0.0410,0.1227,-0.0317",False
low_atr_pct_and_rising_atr_slope,one_sided_runaway,2H,3,52,"0.0709,0.0127,-0.0259",False
low_atr_pct_and_rising_atr_slope,one_sided_runaway,4H,3,52,"0.0268,0.0442,-0.0814",False
low_atr_pct_and_rising_atr_slope,one_sided_runaway,8H,3,52,"-0.0045,0.0218,-0.0152",False
low_atr_pct_and_rising_atr_slope,oscillatory_path,12H,3,52,"0.0320,-0.0246,-0.1409",False
low_atr_pct_and_rising_atr_slope,oscillatory_path,1H,3,52,"-0.0035,0.0366,0.0393",False
low_atr_pct_and_rising_atr_slope,oscillatory_path,24H,3,52,"-0.0255,-0.0765,0.1333",False
low_atr_pct_and_rising_atr_slope,oscillatory_path,2H,3,52,"-0.0981,-0.0441,-0.0063",True
low_atr_pct_and_rising_atr_slope,oscillatory_path,4H,3,52,"0.0231,-0.0244,-0.1296",False
low_atr_pct_and_rising_atr_slope,oscillatory_path,8H,3,52,"-0.0206,-0.0874,-0.0120",True
low_atr_pct_and_rising_atr_slope,path_inside_70,12H,3,52,"-0.0478,-0.0332,-0.0492",True
low_atr_pct_and_rising_atr_slope,path_inside_70,1H,3,52,"-0.0403,-0.0053,-0.0335",True
low_atr_pct_and_rising_atr_slope,path_inside_70,24H,3,52,"-0.0456,-0.0457,-0.0292",True
low_atr_pct_and_rising_atr_slope,path_inside_70,2H,3,52,"-0.0346,-0.0221,0.0014",False
low_atr_pct_and_rising_atr_slope,path_inside_70,4H,3,52,"-0.0339,-0.0266,-0.0414",True
low_atr_pct_and_rising_atr_slope,path_inside_70,8H,3,52,"-0.0506,-0.0292,-0.0514",True
low_atr_pct_and_rising_atr_slope,range_breached,12H,3,52,"0.0478,0.0332,0.0492",True
low_atr_pct_and_rising_atr_slope,range_breached,1H,3,52,"0.0403,0.0053,0.0335",True
low_atr_pct_and_rising_atr_slope,range_breached,24H,3,52,"0.0456,0.0457,0.0292",True
low_atr_pct_and_rising_atr_slope,range_breached,2H,3,52,"0.0346,0.0221,-0.0014",False
low_atr_pct_and_rising_atr_slope,range_breached,4H,3,52,"0.0339,0.0266,0.0414",True
low_atr_pct_and_rising_atr_slope,range_breached,8H,3,52,"0.0506,0.0292,0.0514",True
low_atr_pct_and_rising_atr_slope,range_held,12H,3,52,"-0.0478,-0.0332,-0.0492",True
low_atr_pct_and_rising_atr_slope,range_held,1H,3,52,"-0.0403,-0.0053,-0.0335",True
low_atr_pct_and_rising_atr_slope,range_held,24H,3,52,"-0.0456,-0.0457,-0.0292",True
low_atr_pct_and_rising_atr_slope,range_held,2H,3,52,"-0.0346,-0.0221,0.0014",False
low_atr_pct_and_rising_atr_slope,range_held,4H,3,52,"-0.0339,-0.0266,-0.0414",True
low_atr_pct_and_rising_atr_slope,range_held,8H,3,52,"-0.0506,-0.0292,-0.0514",True
low_atr_pct_and_rising_atr_slope,realized_over_range_width_ge_1,12H,3,52,"0.1262,0.0658,0.1341",True
low_atr_pct_and_rising_atr_slope,realized_over_range_width_ge_1,1H,3,52,"0.0683,0.0403,0.0443",True
low_atr_pct_and_rising_atr_slope,realized_over_range_width_ge_1,24H,3,52,"0.1127,0.0838,0.0884",True
low_atr_pct_and_rising_atr_slope,realized_over_range_width_ge_1,2H,3,52,"0.0556,0.0143,-0.0418",False
low_atr_pct_and_rising_atr_slope,realized_over_range_width_ge_1,4H,3,52,"0.1227,0.0259,0.0885",True
low_atr_pct_and_rising_atr_slope,realized_over_range_width_ge_1,8H,3,52,"0.1231,0.0467,0.1213",True
low_atr_pct_and_rising_atr_slope,trend_efficiency_high,12H,3,52,"0.0389,0.0846,-0.0366",False
low_atr_pct_and_rising_atr_slope,trend_efficiency_high,1H,3,52,"-0.0226,-0.0196,0.0560",False
low_atr_pct_and_rising_atr_slope,trend_efficiency_high,24H,3,52,"0.0410,0.1227,-0.0317",False
low_atr_pct_and_rising_atr_slope,trend_efficiency_high,2H,3,52,"0.0709,0.0113,-0.0266",False
low_atr_pct_and_rising_atr_slope,trend_efficiency_high,4H,3,52,"0.0268,0.0442,-0.0814",False
low_atr_pct_and_rising_atr_slope,trend_efficiency_high,8H,3,52,"-0.0045,0.0218,-0.0152",False
low_atr_pct_and_rising_atr_slope,upside_breakout_occurred,12H,3,52,"0.1161,0.1695,0.1244",True
low_atr_pct_and_rising_atr_slope,upside_breakout_occurred,1H,3,52,"0.0527,0.0334,0.0618",True
low_atr_pct_and_rising_atr_slope,upside_breakout_occurred,24H,3,52,"0.1844,0.1859,0.0652",True
low_atr_pct_and_rising_atr_slope,upside_breakout_occurred,2H,3,52,"0.0571,0.0392,0.0091",True
low_atr_pct_and_rising_atr_slope,upside_breakout_occurred,4H,3,52,"0.0426,0.0783,0.0497",True
low_atr_pct_and_rising_atr_slope,upside_breakout_occurred,8H,3,52,"0.0422,0.1382,0.0966",True
low_rv_and_falling_rv_slope,downside_breakdown_occurred,12H,3,197,"0.0167,0.0752,0.0265",True
low_rv_and_falling_rv_slope,downside_breakdown_occurred,1H,3,197,"-0.0096,0.0481,0.0406",False
low_rv_and_falling_rv_slope,downside_breakdown_occurred,24H,3,197,"0.0522,0.1008,0.0703",True
low_rv_and_falling_rv_slope,downside_breakdown_occurred,2H,3,197,"-0.0033,0.0460,0.0105",False
low_rv_and_falling_rv_slope,downside_breakdown_occurred,4H,3,197,"-0.0049,0.0489,-0.0019",False
low_rv_and_falling_rv_slope,downside_breakdown_occurred,8H,3,197,"-0.0125,0.0468,-0.0388",False
low_rv_and_falling_rv_slope,fast_1atr_touch,1H,3,197,"0.0127,0.0193,0.0164",True
low_rv_and_falling_rv_slope,fast_1atr_touch,2H,3,197,"0.0043,0.0093,0.0021",True
low_rv_and_falling_rv_slope,fast_1atr_touch,4H,3,197,"0.0000,0.0014,0.0000",True
low_rv_and_falling_rv_slope,max_abs_excursion_ge_1_5_atr,12H,3,197,"0.0007,0.0000,0.0000",True
low_rv_and_falling_rv_slope,max_abs_excursion_ge_1_5_atr,1H,3,197,"0.0446,0.0552,0.0948",True
low_rv_and_falling_rv_slope,max_abs_excursion_ge_1_5_atr,2H,3,197,"0.0263,0.0222,0.0230",True
low_rv_and_falling_rv_slope,max_abs_excursion_ge_1_5_atr,4H,3,197,"0.0064,0.0071,0.0029",True
low_rv_and_falling_rv_slope,max_abs_excursion_ge_1_5_atr,8H,3,197,"0.0007,0.0007,0.0007",True
low_rv_and_falling_rv_slope,one_sided_runaway,12H,3,197,"0.0001,0.0015,0.0163",True
low_rv_and_falling_rv_slope,one_sided_runaway,1H,3,197,"-0.0286,0.0108,-0.0193",False
low_rv_and_falling_rv_slope,one_sided_runaway,24H,3,197,"-0.0591,-0.0255,-0.0461",True
low_rv_and_falling_rv_slope,one_sided_runaway,2H,3,197,"-0.0549,0.0073,-0.0066",False
low_rv_and_falling_rv_slope,one_sided_runaway,4H,3,197,"-0.0523,0.0114,-0.0045",False
low_rv_and_falling_rv_slope,one_sided_runaway,8H,3,197,"0.0081,0.0158,0.0761",True
low_rv_and_falling_rv_slope,oscillatory_path,12H,3,197,"0.0400,0.0246,0.0226",True
low_rv_and_falling_rv_slope,oscillatory_path,1H,3,197,"-0.0101,0.0126,0.0441",False
low_rv_and_falling_rv_slope,oscillatory_path,24H,3,197,"0.1563,0.0508,0.0420",True
low_rv_and_falling_rv_slope,oscillatory_path,2H,3,197,"0.0441,-0.0242,0.0225",False
low_rv_and_falling_rv_slope,oscillatory_path,4H,3,197,"0.0161,-0.0136,0.0243",False
low_rv_and_falling_rv_slope,oscillatory_path,8H,3,197,"-0.0272,0.0034,-0.0168",False
low_rv_and_falling_rv_slope,path_inside_70,12H,3,197,"-0.0478,-0.0514,-0.0444",True
low_rv_and_falling_rv_slope,path_inside_70,1H,3,197,"-0.0253,-0.0364,-0.0191",True
low_rv_and_falling_rv_slope,path_inside_70,24H,3,197,"-0.0456,-0.0422,-0.0292",True
low_rv_and_falling_rv_slope,path_inside_70,2H,3,197,"-0.0399,-0.0293,-0.0275",True
low_rv_and_falling_rv_slope,path_inside_70,4H,3,197,"-0.0442,-0.0272,-0.0414",True
low_rv_and_falling_rv_slope,path_inside_70,8H,3,197,"-0.0506,-0.0428,-0.0417",True
low_rv_and_falling_rv_slope,range_breached,12H,3,197,"0.0478,0.0514,0.0444",True
low_rv_and_falling_rv_slope,range_breached,1H,3,197,"0.0253,0.0364,0.0191",True
low_rv_and_falling_rv_slope,range_breached,24H,3,197,"0.0456,0.0422,0.0292",True
low_rv_and_falling_rv_slope,range_breached,2H,3,197,"0.0399,0.0293,0.0275",True
low_rv_and_falling_rv_slope,range_breached,4H,3,197,"0.0442,0.0272,0.0414",True
low_rv_and_falling_rv_slope,range_breached,8H,3,197,"0.0506,0.0428,0.0417",True
low_rv_and_falling_rv_slope,range_held,12H,3,197,"-0.0478,-0.0514,-0.0444",True
low_rv_and_falling_rv_slope,range_held,1H,3,197,"-0.0253,-0.0364,-0.0191",True
low_rv_and_falling_rv_slope,range_held,24H,3,197,"-0.0456,-0.0422,-0.0292",True
low_rv_and_falling_rv_slope,range_held,2H,3,197,"-0.0399,-0.0293,-0.0275",True
low_rv_and_falling_rv_slope,range_held,4H,3,197,"-0.0442,-0.0272,-0.0414",True
low_rv_and_falling_rv_slope,range_held,8H,3,197,"-0.0506,-0.0428,-0.0417",True
low_rv_and_falling_rv_slope,realized_over_range_width_ge_1,12H,3,197,"0.1212,0.0859,0.1004",True
low_rv_and_falling_rv_slope,realized_over_range_width_ge_1,1H,3,197,"0.0694,0.0580,0.0732",True
low_rv_and_falling_rv_slope,realized_over_range_width_ge_1,24H,3,197,"0.1076,0.0901,0.0884",True
low_rv_and_falling_rv_slope,realized_over_range_width_ge_1,2H,3,197,"0.0874,0.0716,0.0735",True
low_rv_and_falling_rv_slope,realized_over_range_width_ge_1,4H,3,197,"0.1129,0.0808,0.1078",True
low_rv_and_falling_rv_slope,realized_over_range_width_ge_1,8H,3,197,"0.1131,0.0908,0.0588",True
low_rv_and_falling_rv_slope,trend_efficiency_high,12H,3,197,"0.0001,0.0015,0.0163",True
low_rv_and_falling_rv_slope,trend_efficiency_high,1H,3,197,"-0.0349,0.0058,-0.0257",False
low_rv_and_falling_rv_slope,trend_efficiency_high,24H,3,197,"-0.0591,-0.0255,-0.0461",True
low_rv_and_falling_rv_slope,trend_efficiency_high,2H,3,197,"-0.0549,0.0058,-0.0074",False
low_rv_and_falling_rv_slope,trend_efficiency_high,4H,3,197,"-0.0523,0.0114,-0.0045",False
low_rv_and_falling_rv_slope,trend_efficiency_high,8H,3,197,"0.0081,0.0158,0.0761",True
low_rv_and_falling_rv_slope,upside_breakout_occurred,12H,3,197,"0.1812,0.0786,0.1532",True
low_rv_and_falling_rv_slope,upside_breakout_occurred,1H,3,197,"0.0830,0.0290,0.1243",True
low_rv_and_falling_rv_slope,upside_breakout_occurred,24H,3,197,"0.2486,0.1020,0.1613",True
low_rv_and_falling_rv_slope,upside_breakout_occurred,2H,3,197,"0.1283,0.0347,0.1581",True
low_rv_and_falling_rv_slope,upside_breakout_occurred,4H,3,197,"0.1700,0.0254,0.1650",True
low_rv_and_falling_rv_slope,upside_breakout_occurred,8H,3,197,"0.1644,0.0467,0.1784",True
low_rv_and_rising_rv_slope,downside_breakdown_occurred,12H,3,62,"0.0407,-0.0363,-0.0532",False
low_rv_and_rising_rv_slope,downside_breakdown_occurred,1H,3,62,"-0.0216,0.0095,0.0144",False
low_rv_and_rising_rv_slope,downside_breakdown_occurred,24H,3,62,"0.1019,-0.0316,0.0877",False
low_rv_and_rising_rv_slope,downside_breakdown_occurred,2H,3,62,"-0.0154,0.0547,0.0694",False
low_rv_and_rising_rv_slope,downside_breakdown_occurred,4H,3,62,"0.0189,0.0114,0.0858",True
low_rv_and_rising_rv_slope,downside_breakdown_occurred,8H,3,62,"0.0675,0.0067,-0.0560",False
low_rv_and_rising_rv_slope,fast_1atr_touch,1H,3,62,"0.0024,0.0058,0.0003",True
low_rv_and_rising_rv_slope,fast_1atr_touch,2H,3,62,"0.0043,0.0114,0.0021",True
low_rv_and_rising_rv_slope,fast_1atr_touch,4H,3,62,"0.0000,0.0014,0.0000",True
low_rv_and_rising_rv_slope,max_abs_excursion_ge_1_5_atr,12H,3,62,"0.0007,0.0000,0.0000",True
low_rv_and_rising_rv_slope,max_abs_excursion_ge_1_5_atr,1H,3,62,"0.0186,0.0110,0.0347",True
low_rv_and_rising_rv_slope,max_abs_excursion_ge_1_5_atr,2H,3,62,"0.0314,0.0195,0.0278",True
low_rv_and_rising_rv_slope,max_abs_excursion_ge_1_5_atr,4H,3,62,"0.0064,0.0071,0.0029",True
low_rv_and_rising_rv_slope,max_abs_excursion_ge_1_5_atr,8H,3,62,"0.0007,0.0007,0.0007",True
low_rv_and_rising_rv_slope,one_sided_runaway,12H,3,62,"0.0265,0.0220,-0.0323",False
low_rv_and_rising_rv_slope,one_sided_runaway,1H,3,62,"-0.0535,-0.0110,-0.0039",True
low_rv_and_rising_rv_slope,one_sided_runaway,24H,3,62,"0.0181,0.0643,-0.0788",False
low_rv_and_rising_rv_slope,one_sided_runaway,2H,3,62,"0.0376,-0.0231,-0.0476",False
low_rv_and_rising_rv_slope,one_sided_runaway,4H,3,62,"0.0248,-0.0050,-0.0163",False
low_rv_and_rising_rv_slope,one_sided_runaway,8H,3,62,"-0.0063,0.0034,-0.0109",False
low_rv_and_rising_rv_slope,oscillatory_path,12H,3,62,"0.0068,-0.0222,-0.1037",False
low_rv_and_rising_rv_slope,oscillatory_path,1H,3,62,"0.0227,-0.0006,-0.0544",False
low_rv_and_rising_rv_slope,oscillatory_path,24H,3,62,"0.0113,-0.0433,0.1401",False
low_rv_and_rising_rv_slope,oscillatory_path,2H,3,62,"-0.0606,-0.0502,0.0030",False
low_rv_and_rising_rv_slope,oscillatory_path,4H,3,62,"0.0490,0.0002,-0.1017",False
low_rv_and_rising_rv_slope,oscillatory_path,8H,3,62,"0.0668,-0.0671,-0.1609",False
low_rv_and_rising_rv_slope,path_inside_70,12H,3,62,"-0.0478,-0.0334,-0.0492",True
low_rv_and_rising_rv_slope,path_inside_70,1H,3,62,"-0.0200,-0.0055,-0.0013",True
low_rv_and_rising_rv_slope,path_inside_70,24H,3,62,"-0.0354,-0.0458,-0.0292",True
low_rv_and_rising_rv_slope,path_inside_70,2H,3,62,"-0.0449,-0.0222,-0.0210",True
low_rv_and_rising_rv_slope,path_inside_70,4H,3,62,"-0.0340,-0.0355,-0.0252",True
low_rv_and_rising_rv_slope,path_inside_70,8H,3,62,"-0.0302,-0.0205,-0.0514",True
low_rv_and_rising_rv_slope,range_breached,12H,3,62,"0.0478,0.0334,0.0492",True
low_rv_and_rising_rv_slope,range_breached,1H,3,62,"0.0200,0.0055,0.0013",True
low_rv_and_rising_rv_slope,range_breached,24H,3,62,"0.0354,0.0458,0.0292",True
low_rv_and_rising_rv_slope,range_breached,2H,3,62,"0.0449,0.0222,0.0210",True
low_rv_and_rising_rv_slope,range_breached,4H,3,62,"0.0340,0.0355,0.0252",True
low_rv_and_rising_rv_slope,range_breached,8H,3,62,"0.0302,0.0205,0.0514",True
low_rv_and_rising_rv_slope,range_held,12H,3,62,"-0.0478,-0.0334,-0.0492",True
low_rv_and_rising_rv_slope,range_held,1H,3,62,"-0.0200,-0.0055,-0.0013",True
low_rv_and_rising_rv_slope,range_held,24H,3,62,"-0.0354,-0.0458,-0.0292",True
low_rv_and_rising_rv_slope,range_held,2H,3,62,"-0.0449,-0.0222,-0.0210",True
low_rv_and_rising_rv_slope,range_held,4H,3,62,"-0.0340,-0.0355,-0.0252",True
low_rv_and_rising_rv_slope,range_held,8H,3,62,"-0.0302,-0.0205,-0.0514",True
low_rv_and_rising_rv_slope,realized_over_range_width_ge_1,12H,3,62,"0.1058,0.0706,0.1018",True
low_rv_and_rising_rv_slope,realized_over_range_width_ge_1,1H,3,62,"0.0487,0.0363,0.0245",True
low_rv_and_rising_rv_slope,realized_over_range_width_ge_1,24H,3,62,"0.0821,0.0753,0.0723",True
low_rv_and_rising_rv_slope,realized_over_range_width_ge_1,2H,3,62,"0.0463,0.0499,-0.0300",False
low_rv_and_rising_rv_slope,realized_over_range_width_ge_1,4H,3,62,"0.0923,0.0527,0.0817",True
low_rv_and_rising_rv_slope,realized_over_range_width_ge_1,8H,3,62,"0.0926,0.0691,0.1244",True
low_rv_and_rising_rv_slope,trend_efficiency_high,12H,3,62,"0.0265,0.0220,-0.0323",False
low_rv_and_rising_rv_slope,trend_efficiency_high,1H,3,62,"-0.0547,-0.0115,0.0058",False
low_rv_and_rising_rv_slope,trend_efficiency_high,24H,3,62,"0.0181,0.0643,-0.0788",False
low_rv_and_rising_rv_slope,trend_efficiency_high,2H,3,62,"0.0376,-0.0245,-0.0483",False
low_rv_and_rising_rv_slope,trend_efficiency_high,4H,3,62,"0.0248,-0.0050,-0.0163",False
low_rv_and_rising_rv_slope,trend_efficiency_high,8H,3,62,"-0.0063,0.0034,-0.0109",False
low_rv_and_rising_rv_slope,upside_breakout_occurred,12H,3,62,"0.1904,0.1527,0.0264",True
low_rv_and_rising_rv_slope,upside_breakout_occurred,1H,3,62,"0.0356,0.0085,-0.0046",False
low_rv_and_rising_rv_slope,upside_breakout_occurred,24H,3,62,"0.2478,0.1732,0.0156",True
low_rv_and_rising_rv_slope,upside_breakout_occurred,2H,3,62,"0.1116,0.0187,-0.0319",False
low_rv_and_rising_rv_slope,upside_breakout_occurred,4H,3,62,"0.0566,0.0576,-0.0459",False
low_rv_and_rising_rv_slope,upside_breakout_occurred,8H,3,62,"0.0969,0.1172,0.0241",True
low_vwap_displacement_and_low_atr,downside_breakdown_occurred,12H,3,118,"-0.0245,0.0465,-0.1007",False
low_vwap_displacement_and_low_atr,downside_breakdown_occurred,1H,3,118,"-0.0678,0.0413,-0.1046",False
low_vwap_displacement_and_low_atr,downside_breakdown_occurred,24H,3,118,"-0.0076,0.0419,0.0560",False
low_vwap_displacement_and_low_atr,downside_breakdown_occurred,2H,3,118,"-0.0684,0.0528,-0.0478",False
low_vwap_displacement_and_low_atr,downside_breakdown_occurred,4H,3,118,"-0.0631,0.0415,-0.1162",False
low_vwap_displacement_and_low_atr,downside_breakdown_occurred,8H,3,118,"-0.0266,0.0379,-0.1799",False
low_vwap_displacement_and_low_atr,fast_1atr_touch,1H,3,118,"0.0143,0.0198,0.0164",True
low_vwap_displacement_and_low_atr,fast_1atr_touch,2H,3,118,"0.0043,0.0114,0.0021",True
low_vwap_displacement_and_low_atr,fast_1atr_touch,4H,3,118,"0.0000,0.0014,0.0000",True
low_vwap_displacement_and_low_atr,max_abs_excursion_ge_1_5_atr,12H,3,118,"0.0007,0.0000,0.0000",True
low_vwap_displacement_and_low_atr,max_abs_excursion_ge_1_5_atr,1H,3,118,"0.0326,0.0317,0.0544",True
low_vwap_displacement_and_low_atr,max_abs_excursion_ge_1_5_atr,2H,3,118,"0.0314,0.0206,0.0193",True
low_vwap_displacement_and_low_atr,max_abs_excursion_ge_1_5_atr,4H,3,118,"0.0064,0.0071,0.0029",True
low_vwap_displacement_and_low_atr,max_abs_excursion_ge_1_5_atr,8H,3,118,"0.0007,0.0007,0.0007",True
low_vwap_displacement_and_low_atr,one_sided_runaway,12H,3,118,"0.1021,-0.0028,0.0022",False
low_vwap_displacement_and_low_atr,one_sided_runaway,1H,3,118,"-0.0199,-0.0235,-0.0559",True
low_vwap_displacement_and_low_atr,one_sided_runaway,24H,3,118,"-0.0606,0.0330,-0.0545",False
low_vwap_displacement_and_low_atr,one_sided_runaway,2H,3,118,"0.0080,-0.0109,-0.0673",False
low_vwap_displacement_and_low_atr,one_sided_runaway,4H,3,118,"-0.0080,-0.0447,-0.0081",True
low_vwap_displacement_and_low_atr,one_sided_runaway,8H,3,118,"0.0491,0.0011,0.0659",True
low_vwap_displacement_and_low_atr,oscillatory_path,12H,3,118,"-0.0524,0.0067,-0.0033",False
low_vwap_displacement_and_low_atr,oscillatory_path,1H,3,118,"-0.0297,-0.0117,0.0246",False
low_vwap_displacement_and_low_atr,oscillatory_path,24H,3,118,"0.0827,-0.0300,0.1180",False
low_vwap_displacement_and_low_atr,oscillatory_path,2H,3,118,"0.0127,0.0091,0.0598",True
low_vwap_displacement_and_low_atr,oscillatory_path,4H,3,118,"0.0338,0.0442,-0.0158",False
low_vwap_displacement_and_low_atr,oscillatory_path,8H,3,118,"-0.0384,0.0164,-0.0453",False
low_vwap_displacement_and_low_atr,path_inside_70,12H,3,118,"-0.0478,-0.0602,-0.0492",True
low_vwap_displacement_and_low_atr,path_inside_70,1H,3,118,"-0.0422,-0.0244,0.0004",False
low_vwap_displacement_and_low_atr,path_inside_70,24H,3,118,"-0.0456,-0.0390,-0.0292",True
low_vwap_displacement_and_low_atr,path_inside_70,2H,3,118,"-0.0365,-0.0279,-0.0286",True
low_vwap_displacement_and_low_atr,path_inside_70,4H,3,118,"-0.0442,-0.0236,-0.0414",True
low_vwap_displacement_and_low_atr,path_inside_70,8H,3,118,"-0.0506,-0.0268,-0.0429",True
low_vwap_displacement_and_low_atr,range_breached,12H,3,118,"0.0478,0.0602,0.0492",True
low_vwap_displacement_and_low_atr,range_breached,1H,3,118,"0.0422,0.0244,-0.0004",False
low_vwap_displacement_and_low_atr,range_breached,24H,3,118,"0.0456,0.0390,0.0292",True
low_vwap_displacement_and_low_atr,range_breached,2H,3,118,"0.0365,0.0279,0.0286",True
low_vwap_displacement_and_low_atr,range_breached,4H,3,118,"0.0442,0.0236,0.0414",True
low_vwap_displacement_and_low_atr,range_breached,8H,3,118,"0.0506,0.0268,0.0429",True
low_vwap_displacement_and_low_atr,range_held,12H,3,118,"-0.0478,-0.0602,-0.0492",True
low_vwap_displacement_and_low_atr,range_held,1H,3,118,"-0.0422,-0.0244,0.0004",False
low_vwap_displacement_and_low_atr,range_held,24H,3,118,"-0.0456,-0.0390,-0.0292",True
low_vwap_displacement_and_low_atr,range_held,2H,3,118,"-0.0365,-0.0279,-0.0286",True
low_vwap_displacement_and_low_atr,range_held,4H,3,118,"-0.0442,-0.0236,-0.0414",True
low_vwap_displacement_and_low_atr,range_held,8H,3,118,"-0.0506,-0.0268,-0.0429",True
low_vwap_displacement_and_low_atr,realized_over_range_width_ge_1,12H,3,118,"0.1262,0.0719,0.0832",True
low_vwap_displacement_and_low_atr,realized_over_range_width_ge_1,1H,3,118,"0.0812,0.0337,0.0280",True
low_vwap_displacement_and_low_atr,realized_over_range_width_ge_1,24H,3,118,"0.1127,0.0920,0.0884",True
low_vwap_displacement_and_low_atr,realized_over_range_width_ge_1,2H,3,118,"0.0636,0.0512,0.0295",True
low_vwap_displacement_and_low_atr,realized_over_range_width_ge_1,4H,3,118,"0.1264,0.0789,0.0699",True
low_vwap_displacement_and_low_atr,realized_over_range_width_ge_1,8H,3,118,"0.1249,0.0624,0.0303",True
low_vwap_displacement_and_low_atr,trend_efficiency_high,12H,3,118,"0.1021,-0.0028,0.0022",False
low_vwap_displacement_and_low_atr,trend_efficiency_high,1H,3,118,"-0.0228,-0.0327,-0.0623",True
low_vwap_displacement_and_low_atr,trend_efficiency_high,24H,3,118,"-0.0606,0.0330,-0.0545",False
low_vwap_displacement_and_low_atr,trend_efficiency_high,2H,3,118,"0.0080,-0.0123,-0.0680",False
low_vwap_displacement_and_low_atr,trend_efficiency_high,4H,3,118,"-0.0080,-0.0447,-0.0081",True
low_vwap_displacement_and_low_atr,trend_efficiency_high,8H,3,118,"0.0491,0.0011,0.0659",True
low_vwap_displacement_and_low_atr,upside_breakout_occurred,12H,3,118,"0.2334,0.1388,0.2574",True
low_vwap_displacement_and_low_atr,upside_breakout_occurred,1H,3,118,"0.1011,0.0140,0.1977",True
low_vwap_displacement_and_low_atr,upside_breakout_occurred,24H,3,118,"0.3161,0.1684,0.2151",True
low_vwap_displacement_and_low_atr,upside_breakout_occurred,2H,3,118,"0.1431,0.0524,0.2535",True
low_vwap_displacement_and_low_atr,upside_breakout_occurred,4H,3,118,"0.1934,0.0845,0.2557",True
low_vwap_displacement_and_low_atr,upside_breakout_occurred,8H,3,118,"0.2250,0.1148,0.2619",True
rising_atr_and_high_efficiency,downside_breakdown_occurred,12H,3,235,"-0.0313,-0.1560,-0.0122",True
rising_atr_and_high_efficiency,downside_breakdown_occurred,1H,3,235,"-0.0755,-0.0705,-0.0760",True
rising_atr_and_high_efficiency,downside_breakdown_occurred,24H,3,235,"-0.0391,-0.1051,-0.0234",True
rising_atr_and_high_efficiency,downside_breakdown_occurred,2H,3,235,"-0.0787,-0.0937,-0.0670",True
rising_atr_and_high_efficiency,downside_breakdown_occurred,4H,3,235,"-0.0569,-0.1313,-0.0368",True
rising_atr_and_high_efficiency,downside_breakdown_occurred,8H,3,235,"-0.0209,-0.1397,-0.0115",True
rising_atr_and_high_efficiency,fast_1atr_touch,1H,3,235,"-0.0242,-0.0360,-0.0113",True
rising_atr_and_high_efficiency,fast_1atr_touch,2H,3,235,"-0.0036,-0.0184,-0.0082",True
rising_atr_and_high_efficiency,fast_1atr_touch,4H,3,235,"0.0000,-0.0028,0.0000",True
rising_atr_and_high_efficiency,max_abs_excursion_ge_1_5_atr,12H,3,235,"-0.0032,0.0000,0.0000",True
rising_atr_and_high_efficiency,max_abs_excursion_ge_1_5_atr,1H,3,235,"-0.0174,-0.0573,-0.0427",True
rising_atr_and_high_efficiency,max_abs_excursion_ge_1_5_atr,2H,3,235,"-0.0039,-0.0480,-0.0172",True
rising_atr_and_high_efficiency,max_abs_excursion_ge_1_5_atr,4H,3,235,"-0.0053,-0.0141,-0.0041",True
rising_atr_and_high_efficiency,max_abs_excursion_ge_1_5_atr,8H,3,235,"-0.0032,-0.0035,-0.0027",True
rising_atr_and_high_efficiency,one_sided_runaway,12H,3,235,"0.0146,0.0117,-0.0505",False
rising_atr_and_high_efficiency,one_sided_runaway,1H,3,235,"0.0327,0.0148,-0.0141",False
rising_atr_and_high_efficiency,one_sided_runaway,24H,3,235,"-0.0432,0.0614,-0.0233",False
rising_atr_and_high_efficiency,one_sided_runaway,2H,3,235,"0.0170,0.0069,-0.0186",False
rising_atr_and_high_efficiency,one_sided_runaway,4H,3,235,"-0.0200,0.0493,-0.0392",False
rising_atr_and_high_efficiency,one_sided_runaway,8H,3,235,"0.0006,0.1005,-0.0430",False
rising_atr_and_high_efficiency,oscillatory_path,12H,3,235,"0.0362,-0.0574,0.0016",False
rising_atr_and_high_efficiency,oscillatory_path,1H,3,235,"0.0223,0.0116,0.0395",True
rising_atr_and_high_efficiency,oscillatory_path,24H,3,235,"-0.0290,-0.1376,-0.0057",True
rising_atr_and_high_efficiency,oscillatory_path,2H,3,235,"0.0113,0.0281,0.0565",True
rising_atr_and_high_efficiency,oscillatory_path,4H,3,235,"-0.0016,-0.0166,0.0279",False
rising_atr_and_high_efficiency,oscillatory_path,8H,3,235,"-0.0223,-0.1082,0.0355",False
rising_atr_and_high_efficiency,path_inside_70,12H,3,235,"0.0267,0.0507,0.0546",True
rising_atr_and_high_efficiency,path_inside_70,1H,3,235,"0.0435,0.0189,0.0288",True
rising_atr_and_high_efficiency,path_inside_70,24H,3,235,"0.0171,0.0386,0.0296",True
rising_atr_and_high_efficiency,path_inside_70,2H,3,235,"0.0296,0.0536,0.0460",True
rising_atr_and_high_efficiency,path_inside_70,4H,3,235,"0.0224,0.0579,0.0521",True
rising_atr_and_high_efficiency,path_inside_70,8H,3,235,"0.0317,0.0380,0.0594",True
rising_atr_and_high_efficiency,range_breached,12H,3,235,"-0.0267,-0.0507,-0.0546",True
rising_atr_and_high_efficiency,range_breached,1H,3,235,"-0.0435,-0.0189,-0.0288",True
rising_atr_and_high_efficiency,range_breached,24H,3,235,"-0.0171,-0.0386,-0.0296",True
rising_atr_and_high_efficiency,range_breached,2H,3,235,"-0.0296,-0.0536,-0.0460",True
rising_atr_and_high_efficiency,range_breached,4H,3,235,"-0.0224,-0.0579,-0.0521",True
rising_atr_and_high_efficiency,range_breached,8H,3,235,"-0.0317,-0.0380,-0.0594",True
rising_atr_and_high_efficiency,range_held,12H,3,235,"0.0267,0.0507,0.0546",True
rising_atr_and_high_efficiency,range_held,1H,3,235,"0.0435,0.0189,0.0288",True
rising_atr_and_high_efficiency,range_held,24H,3,235,"0.0171,0.0386,0.0296",True
rising_atr_and_high_efficiency,range_held,2H,3,235,"0.0296,0.0536,0.0460",True
rising_atr_and_high_efficiency,range_held,4H,3,235,"0.0224,0.0579,0.0521",True
rising_atr_and_high_efficiency,range_held,8H,3,235,"0.0317,0.0380,0.0594",True
rising_atr_and_high_efficiency,realized_over_range_width_ge_1,12H,3,235,"-0.0502,-0.0714,-0.1393",True
rising_atr_and_high_efficiency,realized_over_range_width_ge_1,1H,3,235,"-0.0713,-0.0461,-0.0587",True
rising_atr_and_high_efficiency,realized_over_range_width_ge_1,24H,3,235,"-0.0599,-0.0587,-0.0984",True
rising_atr_and_high_efficiency,realized_over_range_width_ge_1,2H,3,235,"-0.0516,-0.0921,-0.0902",True
rising_atr_and_high_efficiency,realized_over_range_width_ge_1,4H,3,235,"-0.0331,-0.1063,-0.1444",True
rising_atr_and_high_efficiency,realized_over_range_width_ge_1,8H,3,235,"-0.0666,-0.0686,-0.1052",True
rising_atr_and_high_efficiency,trend_efficiency_high,12H,3,235,"0.0146,0.0117,-0.0505",False
rising_atr_and_high_efficiency,trend_efficiency_high,1H,3,235,"0.0409,0.0225,-0.0102",False
rising_atr_and_high_efficiency,trend_efficiency_high,24H,3,235,"-0.0432,0.0614,-0.0233",False
rising_atr_and_high_efficiency,trend_efficiency_high,2H,3,235,"0.0170,0.0097,-0.0193",False
rising_atr_and_high_efficiency,trend_efficiency_high,4H,3,235,"-0.0200,0.0493,-0.0392",False
rising_atr_and_high_efficiency,trend_efficiency_high,8H,3,235,"0.0006,0.1005,-0.0430",False
rising_atr_and_high_efficiency,upside_breakout_occurred,12H,3,235,"-0.0291,-0.0932,-0.1470",True
rising_atr_and_high_efficiency,upside_breakout_occurred,1H,3,235,"-0.0238,-0.0064,-0.0062",True
rising_atr_and_high_efficiency,upside_breakout_occurred,24H,3,235,"-0.0305,-0.0402,-0.1647",True
rising_atr_and_high_efficiency,upside_breakout_occurred,2H,3,235,"0.0130,-0.0220,-0.0323",False
rising_atr_and_high_efficiency,upside_breakout_occurred,4H,3,235,"0.0059,-0.0313,-0.0579",False
rising_atr_and_high_efficiency,upside_breakout_occurred,8H,3,235,"-0.0480,-0.0505,-0.1309",True
rising_atr_and_high_volume,downside_breakdown_occurred,12H,3,240,"-0.0440,-0.1142,-0.0285",True
rising_atr_and_high_volume,downside_breakdown_occurred,1H,3,240,"0.0101,0.0378,0.0159",True
rising_atr_and_high_volume,downside_breakdown_occurred,24H,3,240,"-0.0648,-0.1554,-0.0755",True
rising_atr_and_high_volume,downside_breakdown_occurred,2H,3,240,"-0.0110,-0.0313,-0.0427",True
rising_atr_and_high_volume,downside_breakdown_occurred,4H,3,240,"-0.0106,-0.0504,-0.0728",True
rising_atr_and_high_volume,downside_breakdown_occurred,8H,3,240,"-0.0334,-0.0861,-0.0391",True
rising_atr_and_high_volume,fast_1atr_touch,1H,3,240,"0.0020,0.0038,0.0009",True
rising_atr_and_high_volume,fast_1atr_touch,2H,3,240,"0.0043,-0.0048,0.0021",False
rising_atr_and_high_volume,fast_1atr_touch,4H,3,240,"0.0000,-0.0026,0.0000",True
rising_atr_and_high_volume,max_abs_excursion_ge_1_5_atr,12H,3,240,"0.0007,0.0000,0.0000",True
rising_atr_and_high_volume,max_abs_excursion_ge_1_5_atr,1H,3,240,"-0.0071,0.0133,-0.0190",False
rising_atr_and_high_volume,max_abs_excursion_ge_1_5_atr,2H,3,240,"-0.0019,-0.0155,-0.0187",True
rising_atr_and_high_volume,max_abs_excursion_ge_1_5_atr,4H,3,240,"0.0064,-0.0212,-0.0049",False
rising_atr_and_high_volume,max_abs_excursion_ge_1_5_atr,8H,3,240,"0.0007,-0.0033,-0.0032",False
rising_atr_and_high_volume,one_sided_runaway,12H,3,240,"0.0099,-0.0138,-0.0353",False
rising_atr_and_high_volume,one_sided_runaway,1H,3,240,"-0.0180,0.0029,-0.0057",False
rising_atr_and_high_volume,one_sided_runaway,24H,3,240,"0.0330,0.0377,0.0047",True
rising_atr_and_high_volume,one_sided_runaway,2H,3,240,"0.0048,-0.0052,-0.0326",False
rising_atr_and_high_volume,one_sided_runaway,4H,3,240,"-0.0482,-0.0064,-0.0032",True
rising_atr_and_high_volume,one_sided_runaway,8H,3,240,"-0.0464,-0.0300,-0.0565",True
rising_atr_and_high_volume,oscillatory_path,12H,3,240,"-0.0089,-0.0216,0.0201",False
rising_atr_and_high_volume,oscillatory_path,1H,3,240,"0.0760,0.0379,0.0003",True
rising_atr_and_high_volume,oscillatory_path,24H,3,240,"-0.0298,-0.0375,-0.0174",True
rising_atr_and_high_volume,oscillatory_path,2H,3,240,"0.0095,-0.0141,-0.0262",False
rising_atr_and_high_volume,oscillatory_path,4H,3,240,"-0.0075,-0.0200,-0.0495",True
rising_atr_and_high_volume,oscillatory_path,8H,3,240,"0.0047,-0.0033,0.0300",False
rising_atr_and_high_volume,path_inside_70,12H,3,240,"0.0605,0.0611,0.0244",True
rising_atr_and_high_volume,path_inside_70,1H,3,240,"0.0160,-0.0044,0.0169",False
rising_atr_and_high_volume,path_inside_70,24H,3,240,"0.0794,0.0658,0.0560",True
rising_atr_and_high_volume,path_inside_70,2H,3,240,"0.0217,0.0446,0.0133",True
rising_atr_and_high_volume,path_inside_70,4H,3,240,"0.0308,0.0529,0.0245",True
rising_atr_and_high_volume,path_inside_70,8H,3,240,"0.0369,0.0618,0.0223",True
rising_atr_and_high_volume,range_breached,12H,3,240,"-0.0605,-0.0611,-0.0244",True
rising_atr_and_high_volume,range_breached,1H,3,240,"-0.0160,0.0044,-0.0169",False
rising_atr_and_high_volume,range_breached,24H,3,240,"-0.0794,-0.0658,-0.0560",True
rising_atr_and_high_volume,range_breached,2H,3,240,"-0.0217,-0.0446,-0.0133",True
rising_atr_and_high_volume,range_breached,4H,3,240,"-0.0308,-0.0529,-0.0245",True
rising_atr_and_high_volume,range_breached,8H,3,240,"-0.0369,-0.0618,-0.0223",True
rising_atr_and_high_volume,range_held,12H,3,240,"0.0605,0.0611,0.0244",True
rising_atr_and_high_volume,range_held,1H,3,240,"0.0160,-0.0044,0.0169",False
rising_atr_and_high_volume,range_held,24H,3,240,"0.0794,0.0658,0.0560",True
rising_atr_and_high_volume,range_held,2H,3,240,"0.0217,0.0446,0.0133",True
rising_atr_and_high_volume,range_held,4H,3,240,"0.0308,0.0529,0.0245",True
rising_atr_and_high_volume,range_held,8H,3,240,"0.0369,0.0618,0.0223",True
rising_atr_and_high_volume,realized_over_range_width_ge_1,12H,3,240,"-0.1196,-0.1008,-0.0830",True
rising_atr_and_high_volume,realized_over_range_width_ge_1,1H,3,240,"-0.0178,0.0069,-0.0377",False
rising_atr_and_high_volume,realized_over_range_width_ge_1,24H,3,240,"-0.1331,-0.1581,-0.1209",True
rising_atr_and_high_volume,realized_over_range_width_ge_1,2H,3,240,"-0.0016,-0.0648,-0.0393",True
rising_atr_and_high_volume,realized_over_range_width_ge_1,4H,3,240,"-0.0483,-0.0738,-0.0592",True
rising_atr_and_high_volume,realized_over_range_width_ge_1,8H,3,240,"-0.1250,-0.0858,-0.0339",True
rising_atr_and_high_volume,trend_efficiency_high,12H,3,240,"0.0099,-0.0138,-0.0353",False
rising_atr_and_high_volume,trend_efficiency_high,1H,3,240,"-0.0127,0.0057,-0.0005",False
rising_atr_and_high_volume,trend_efficiency_high,24H,3,240,"0.0330,0.0377,0.0047",True
rising_atr_and_high_volume,trend_efficiency_high,2H,3,240,"0.0048,-0.0066,-0.0333",False
rising_atr_and_high_volume,trend_efficiency_high,4H,3,240,"-0.0482,-0.0064,-0.0032",True
rising_atr_and_high_volume,trend_efficiency_high,8H,3,240,"-0.0464,-0.0300,-0.0565",True
rising_atr_and_high_volume,upside_breakout_occurred,12H,3,240,"-0.1014,-0.0768,-0.0554",True
rising_atr_and_high_volume,upside_breakout_occurred,1H,3,240,"0.0140,0.0196,-0.0064",False
rising_atr_and_high_volume,upside_breakout_occurred,24H,3,240,"-0.1450,-0.0967,-0.0913",True
rising_atr_and_high_volume,upside_breakout_occurred,2H,3,240,"0.0015,-0.0032,-0.0246",False
rising_atr_and_high_volume,upside_breakout_occurred,4H,3,240,"-0.0613,-0.0487,-0.0225",True
rising_atr_and_high_volume,upside_breakout_occurred,8H,3,240,"-0.0887,-0.0637,-0.0720",True
rising_rv_and_high_volume,downside_breakdown_occurred,12H,3,240,"-0.0482,-0.1063,-0.0239",True
rising_rv_and_high_volume,downside_breakdown_occurred,1H,3,240,"-0.0107,0.0281,0.0288",False
rising_rv_and_high_volume,downside_breakdown_occurred,24H,3,240,"-0.0607,-0.1553,-0.0712",True
rising_rv_and_high_volume,downside_breakdown_occurred,2H,3,240,"-0.0318,-0.0322,-0.0225",True
rising_rv_and_high_volume,downside_breakdown_occurred,4H,3,240,"-0.0356,-0.0470,-0.0608",True
rising_rv_and_high_volume,downside_breakdown_occurred,8H,3,240,"-0.0459,-0.0744,-0.0268",True
rising_rv_and_high_volume,fast_1atr_touch,1H,3,240,"0.0062,0.0040,0.0008",True
rising_rv_and_high_volume,fast_1atr_touch,2H,3,240,"0.0043,-0.0047,0.0021",False
rising_rv_and_high_volume,fast_1atr_touch,4H,3,240,"0.0000,-0.0026,0.0000",True
rising_rv_and_high_volume,max_abs_excursion_ge_1_5_atr,12H,3,240,"0.0007,0.0000,0.0000",True
rising_rv_and_high_volume,max_abs_excursion_ge_1_5_atr,1H,3,240,"0.0054,0.0144,-0.0125",False
rising_rv_and_high_volume,max_abs_excursion_ge_1_5_atr,2H,3,240,"-0.0061,-0.0071,-0.0152",True
rising_rv_and_high_volume,max_abs_excursion_ge_1_5_atr,4H,3,240,"0.0064,-0.0210,-0.0050",False
rising_rv_and_high_volume,max_abs_excursion_ge_1_5_atr,8H,3,240,"0.0007,-0.0033,-0.0032",False
rising_rv_and_high_volume,one_sided_runaway,12H,3,240,"-0.0234,-0.0151,-0.0183",True
rising_rv_and_high_volume,one_sided_runaway,1H,3,240,"-0.0222,-0.0104,-0.0124",True
rising_rv_and_high_volume,one_sided_runaway,24H,3,240,"0.0080,0.0319,0.0182",True
rising_rv_and_high_volume,one_sided_runaway,2H,3,240,"-0.0160,-0.0024,-0.0316",True
rising_rv_and_high_volume,one_sided_runaway,4H,3,240,"-0.0274,-0.0158,-0.0018",True
rising_rv_and_high_volume,one_sided_runaway,8H,3,240,"-0.0422,-0.0311,-0.0399",True
rising_rv_and_high_volume,oscillatory_path,12H,3,240,"0.0161,-0.0574,-0.0039",False
rising_rv_and_high_volume,oscillatory_path,1H,3,240,"0.0968,0.0460,0.0311",True
rising_rv_and_high_volume,oscillatory_path,24H,3,240,"-0.0048,-0.0452,-0.0377",True
rising_rv_and_high_volume,oscillatory_path,2H,3,240,"0.0137,0.0108,-0.0190",False
rising_rv_and_high_volume,oscillatory_path,4H,3,240,"-0.0075,0.0009,-0.0424",False
rising_rv_and_high_volume,oscillatory_path,8H,3,240,"0.0089,0.0012,0.0141",True
rising_rv_and_high_volume,path_inside_70,12H,3,240,"0.0480,0.0560,0.0328",True
rising_rv_and_high_volume,path_inside_70,1H,3,240,"0.0160,-0.0088,0.0173",False
rising_rv_and_high_volume,path_inside_70,24H,3,240,"0.0752,0.0688,0.0606",True
rising_rv_and_high_volume,path_inside_70,2H,3,240,"0.0259,0.0399,0.0137",True
rising_rv_and_high_volume,path_inside_70,4H,3,240,"0.0433,0.0481,0.0328",True
rising_rv_and_high_volume,path_inside_70,8H,3,240,"0.0369,0.0568,0.0307",True
rising_rv_and_high_volume,range_breached,12H,3,240,"-0.0480,-0.0560,-0.0328",True
rising_rv_and_high_volume,range_breached,1H,3,240,"-0.0160,0.0088,-0.0173",False
rising_rv_and_high_volume,range_breached,24H,3,240,"-0.0752,-0.0688,-0.0606",True
rising_rv_and_high_volume,range_breached,2H,3,240,"-0.0259,-0.0399,-0.0137",True
rising_rv_and_high_volume,range_breached,4H,3,240,"-0.0433,-0.0481,-0.0328",True
rising_rv_and_high_volume,range_breached,8H,3,240,"-0.0369,-0.0568,-0.0307",True
rising_rv_and_high_volume,range_held,12H,3,240,"0.0480,0.0560,0.0328",True
rising_rv_and_high_volume,range_held,1H,3,240,"0.0160,-0.0088,0.0173",False
rising_rv_and_high_volume,range_held,24H,3,240,"0.0752,0.0688,0.0606",True
rising_rv_and_high_volume,range_held,2H,3,240,"0.0259,0.0399,0.0137",True
rising_rv_and_high_volume,range_held,4H,3,240,"0.0433,0.0481,0.0328",True
rising_rv_and_high_volume,range_held,8H,3,240,"0.0369,0.0568,0.0307",True
rising_rv_and_high_volume,realized_over_range_width_ge_1,12H,3,240,"-0.1029,-0.0907,-0.0964",True
rising_rv_and_high_volume,realized_over_range_width_ge_1,1H,3,240,"-0.0095,0.0159,-0.0311",False
rising_rv_and_high_volume,realized_over_range_width_ge_1,24H,3,240,"-0.1165,-0.1557,-0.1303",True
rising_rv_and_high_volume,realized_over_range_width_ge_1,2H,3,240,"-0.0100,-0.0511,-0.0406",True
rising_rv_and_high_volume,realized_over_range_width_ge_1,4H,3,240,"-0.0691,-0.0761,-0.0608",True
rising_rv_and_high_volume,realized_over_range_width_ge_1,8H,3,240,"-0.1083,-0.0838,-0.0353",True
rising_rv_and_high_volume,trend_efficiency_high,12H,3,240,"-0.0234,-0.0151,-0.0183",True
rising_rv_and_high_volume,trend_efficiency_high,1H,3,240,"-0.0169,-0.0076,-0.0110",True
rising_rv_and_high_volume,trend_efficiency_high,24H,3,240,"0.0080,0.0319,0.0182",True
rising_rv_and_high_volume,trend_efficiency_high,2H,3,240,"-0.0160,-0.0039,-0.0323",True
rising_rv_and_high_volume,trend_efficiency_high,4H,3,240,"-0.0274,-0.0158,-0.0018",True
rising_rv_and_high_volume,trend_efficiency_high,8H,3,240,"-0.0422,-0.0311,-0.0399",True
rising_rv_and_high_volume,upside_breakout_occurred,12H,3,240,"-0.0431,-0.0655,-0.0857",True
rising_rv_and_high_volume,upside_breakout_occurred,1H,3,240,"0.0598,0.0304,0.0026",True
rising_rv_and_high_volume,upside_breakout_occurred,24H,3,240,"-0.0991,-0.0815,-0.1175",True
rising_rv_and_high_volume,upside_breakout_occurred,2H,3,240,"0.0348,0.0198,-0.0237",False
rising_rv_and_high_volume,upside_breakout_occurred,4H,3,240,"-0.0321,-0.0374,-0.0294",True
rising_rv_and_high_volume,upside_breakout_occurred,8H,3,240,"-0.0512,-0.0484,-0.0869",True
