feature,target,regime,horizon,n,auc_oriented
atr_slope_96b,upside_breakout_occurred,HIGH_VOL,12H,163,0.6755238384451867
atr_slope_96b,upside_breakout_occurred,HIGH_VOL,1H,163,0.5485658409387223
atr_slope_96b,upside_breakout_occurred,HIGH_VOL,24H,163,0.6367521367521367
atr_slope_96b,upside_breakout_occurred,HIGH_VOL,2H,163,0.5474885844748858
atr_slope_96b,upside_breakout_occurred,HIGH_VOL,4H,163,0.5474683544303798
atr_slope_96b,upside_breakout_occurred,HIGH_VOL,8H,163,0.5903050437934159
atr_slope_96b,upside_breakout_occurred,LOW_VOL_RANGE,12H,1024,0.5656788566624632
atr_slope_96b,upside_breakout_occurred,LOW_VOL_RANGE,1H,1024,0.5341091154397504
atr_slope_96b,upside_breakout_occurred,LOW_VOL_RANGE,24H,1024,0.5704934393988317
atr_slope_96b,upside_breakout_occurred,LOW_VOL_RANGE,2H,1024,0.5284000993970783
atr_slope_96b,upside_breakout_occurred,LOW_VOL_RANGE,4H,1016,0.5312410841654779
atr_slope_96b,upside_breakout_occurred,LOW_VOL_RANGE,8H,1016,0.5374694933416415
atr_slope_96b,upside_breakout_occurred,NORMAL_RANGE,12H,2314,0.603343305963373
atr_slope_96b,upside_breakout_occurred,NORMAL_RANGE,1H,2314,0.5369046330699951
atr_slope_96b,upside_breakout_occurred,NORMAL_RANGE,24H,2314,0.6154004862680638
atr_slope_96b,upside_breakout_occurred,NORMAL_RANGE,2H,2314,0.5605227301562785
atr_slope_96b,upside_breakout_occurred,NORMAL_RANGE,4H,2303,0.5785662138141188
atr_slope_96b,upside_breakout_occurred,NORMAL_RANGE,8H,2303,0.6154545822047944
atr_slope_96b,upside_breakout_occurred,TREND_DOWN,12H,190,0.6570855614973262
atr_slope_96b,upside_breakout_occurred,TREND_DOWN,1H,190,0.61300754581387
atr_slope_96b,upside_breakout_occurred,TREND_DOWN,24H,190,0.643716577540107
atr_slope_96b,upside_breakout_occurred,TREND_DOWN,2H,190,0.5961090400745573
atr_slope_96b,upside_breakout_occurred,TREND_DOWN,4H,189,0.5734177215189873
atr_slope_96b,upside_breakout_occurred,TREND_DOWN,8H,189,0.6324257425742574
atr_slope_96b,upside_breakout_occurred,TREND_UP,12H,179,0.6461030718456461
atr_slope_96b,upside_breakout_occurred,TREND_UP,1H,179,0.5255994005994006
atr_slope_96b,upside_breakout_occurred,TREND_UP,24H,179,0.5936563436563437
atr_slope_96b,upside_breakout_occurred,TREND_UP,2H,179,0.5338345864661654
atr_slope_96b,upside_breakout_occurred,TREND_UP,4H,179,0.5911538461538461
atr_slope_96b,upside_breakout_occurred,TREND_UP,8H,179,0.6651282051282051
atr_slope_96b,upside_breakout_occurred,VOLATILITY_EXPANSION,12H,324,0.6874063308960443
atr_slope_96b,upside_breakout_occurred,VOLATILITY_EXPANSION,1H,324,0.6034934497816593
atr_slope_96b,upside_breakout_occurred,VOLATILITY_EXPANSION,24H,324,0.6872051886792453
atr_slope_96b,upside_breakout_occurred,VOLATILITY_EXPANSION,2H,324,0.5782011919812173
atr_slope_96b,upside_breakout_occurred,VOLATILITY_EXPANSION,4H,319,0.5993607305936073
atr_slope_96b,upside_breakout_occurred,VOLATILITY_EXPANSION,8H,319,0.6308856502242153
atr_slope_96b,downside_breakdown_occurred,HIGH_VOL,12H,163,0.5251444104655114
atr_slope_96b,downside_breakdown_occurred,HIGH_VOL,1H,163,0.6390572390572391
atr_slope_96b,downside_breakdown_occurred,HIGH_VOL,24H,163,0.5696568127760788
atr_slope_96b,downside_breakdown_occurred,HIGH_VOL,2H,163,0.6195540308747856
atr_slope_96b,downside_breakdown_occurred,HIGH_VOL,4H,163,0.5642678123881131
atr_slope_96b,downside_breakdown_occurred,HIGH_VOL,8H,163,0.5970873786407767
atr_slope_96b,downside_breakdown_occurred,LOW_VOL_RANGE,12H,1024,0.584199093899336
atr_slope_96b,downside_breakdown_occurred,LOW_VOL_RANGE,1H,1024,0.5454135255130492
atr_slope_96b,downside_breakdown_occurred,LOW_VOL_RANGE,24H,1024,0.5770513705296314
atr_slope_96b,downside_breakdown_occurred,LOW_VOL_RANGE,2H,1024,0.5482497092404213
atr_slope_96b,downside_breakdown_occurred,LOW_VOL_RANGE,4H,1016,0.5713141321896451
atr_slope_96b,downside_breakdown_occurred,LOW_VOL_RANGE,8H,1016,0.584042062236287
atr_slope_96b,downside_breakdown_occurred,NORMAL_RANGE,12H,2314,0.5573154305200341
atr_slope_96b,downside_breakdown_occurred,NORMAL_RANGE,1H,2314,0.5555671256059245
atr_slope_96b,downside_breakdown_occurred,NORMAL_RANGE,24H,2314,0.570227427630011
atr_slope_96b,downside_breakdown_occurred,NORMAL_RANGE,2H,2314,0.5636061589899825
atr_slope_96b,downside_breakdown_occurred,NORMAL_RANGE,4H,2303,0.5713036744685634
atr_slope_96b,downside_breakdown_occurred,NORMAL_RANGE,8H,2303,0.556830128270768
atr_slope_96b,downside_breakdown_occurred,TREND_DOWN,12H,190,0.583554964539007
atr_slope_96b,downside_breakdown_occurred,TREND_DOWN,1H,190,0.6
atr_slope_96b,downside_breakdown_occurred,TREND_DOWN,24H,190,0.6379654255319149
atr_slope_96b,downside_breakdown_occurred,TREND_DOWN,2H,190,0.6273726273726274
atr_slope_96b,downside_breakdown_occurred,TREND_DOWN,4H,189,0.6897131331241595
atr_slope_96b,downside_breakdown_occurred,TREND_DOWN,8H,189,0.6311085972850679
atr_slope_96b,downside_breakdown_occurred,TREND_UP,12H,179,0.619065752729119
atr_slope_96b,downside_breakdown_occurred,TREND_UP,1H,179,0.5711620469083156
atr_slope_96b,downside_breakdown_occurred,TREND_UP,24H,179,0.6382951973849635
atr_slope_96b,downside_breakdown_occurred,TREND_UP,2H,179,0.6033257171871034
atr_slope_96b,downside_breakdown_occurred,TREND_UP,4H,179,0.5748717948717949
atr_slope_96b,downside_breakdown_occurred,TREND_UP,8H,179,0.6213642213642214
atr_slope_96b,downside_breakdown_occurred,VOLATILITY_EXPANSION,12H,324,0.5708168120539254
atr_slope_96b,downside_breakdown_occurred,VOLATILITY_EXPANSION,1H,324,0.562786118631553
atr_slope_96b,downside_breakdown_occurred,VOLATILITY_EXPANSION,24H,324,0.6694935887031326
atr_slope_96b,downside_breakdown_occurred,VOLATILITY_EXPANSION,2H,324,0.578387210740152
atr_slope_96b,downside_breakdown_occurred,VOLATILITY_EXPANSION,4H,319,0.5732776793996122
atr_slope_96b,downside_breakdown_occurred,VOLATILITY_EXPANSION,8H,319,0.5397353748855788
atr_slope_96b,range_breached,HIGH_VOL,12H,163,0.7725225225225225
atr_slope_96b,range_breached,HIGH_VOL,1H,163,0.7430379746835443
atr_slope_96b,range_breached,HIGH_VOL,24H,163,0.9184615384615384
atr_slope_96b,range_breached,HIGH_VOL,2H,163,0.713375796178344
atr_slope_96b,range_breached,HIGH_VOL,4H,163,0.6556776556776557
atr_slope_96b,range_breached,HIGH_VOL,8H,163,0.6867132867132867
atr_slope_96b,range_breached,LOW_VOL_RANGE,12H,1024,0.8544535283993115
atr_slope_96b,range_breached,LOW_VOL_RANGE,1H,1024,0.6547550590103781
atr_slope_96b,range_breached,LOW_VOL_RANGE,24H,1024,0.7073380867498514
atr_slope_96b,range_breached,LOW_VOL_RANGE,2H,1024,0.6300044984255511
atr_slope_96b,range_breached,LOW_VOL_RANGE,4H,1016,0.6944404279930596
atr_slope_96b,range_breached,LOW_VOL_RANGE,8H,1016,0.8230552342394448
atr_slope_96b,range_breached,NORMAL_RANGE,12H,2314,0.7536937754822457
atr_slope_96b,range_breached,NORMAL_RANGE,1H,2314,0.6382543964828138
atr_slope_96b,range_breached,NORMAL_RANGE,24H,2314,0.8431595483914348
atr_slope_96b,range_breached,NORMAL_RANGE,2H,2314,0.7701820396492369
atr_slope_96b,range_breached,NORMAL_RANGE,4H,2303,0.7509443178117877
atr_slope_96b,range_breached,NORMAL_RANGE,8H,2303,0.7757740656373914
atr_slope_96b,range_breached,TREND_DOWN,12H,190,0.7621951219512195
atr_slope_96b,range_breached,TREND_DOWN,1H,190,0.7851071064263856
atr_slope_96b,range_breached,TREND_DOWN,24H,190,0.8960843373493976
atr_slope_96b,range_breached,TREND_DOWN,2H,190,0.7612600885186149
atr_slope_96b,range_breached,TREND_DOWN,4H,189,0.746456332876086
atr_slope_96b,range_breached,TREND_DOWN,8H,189,0.8058080808080808
atr_slope_96b,range_breached,TREND_UP,12H,179,0.806896551724138
atr_slope_96b,range_breached,TREND_UP,1H,179,0.5813823857302118
atr_slope_96b,range_breached,TREND_UP,24H,179,0.7594607379375591
atr_slope_96b,range_breached,TREND_UP,2H,179,0.6284946236559139
atr_slope_96b,range_breached,TREND_UP,4H,179,0.6239080459770114
atr_slope_96b,range_breached,TREND_UP,8H,179,0.7970272904483431
atr_slope_96b,range_breached,VOLATILITY_EXPANSION,12H,324,0.7836065573770492
atr_slope_96b,range_breached,VOLATILITY_EXPANSION,1H,324,0.8627865961199295
atr_slope_96b,range_breached,VOLATILITY_EXPANSION,24H,324,0.8493645484949832
atr_slope_96b,range_breached,VOLATILITY_EXPANSION,2H,324,0.7769265434880577
atr_slope_96b,range_breached,VOLATILITY_EXPANSION,4H,319,0.8818327974276527
atr_slope_96b,range_breached,VOLATILITY_EXPANSION,8H,319,0.7615112160566706
atr_slope_96b,path_inside_70,HIGH_VOL,12H,163,0.7725225225225225
atr_slope_96b,path_inside_70,HIGH_VOL,1H,163,0.7430379746835443
atr_slope_96b,path_inside_70,HIGH_VOL,24H,163,0.9184615384615384
atr_slope_96b,path_inside_70,HIGH_VOL,2H,163,0.7133757961783439
atr_slope_96b,path_inside_70,HIGH_VOL,4H,163,0.6556776556776557
atr_slope_96b,path_inside_70,HIGH_VOL,8H,163,0.6867132867132867
atr_slope_96b,path_inside_70,LOW_VOL_RANGE,12H,1024,0.8544535283993115
atr_slope_96b,path_inside_70,LOW_VOL_RANGE,1H,1024,0.6547550590103781
atr_slope_96b,path_inside_70,LOW_VOL_RANGE,24H,1024,0.7073380867498514
atr_slope_96b,path_inside_70,LOW_VOL_RANGE,2H,1024,0.6300044984255511
atr_slope_96b,path_inside_70,LOW_VOL_RANGE,4H,1016,0.6944404279930596
atr_slope_96b,path_inside_70,LOW_VOL_RANGE,8H,1016,0.8230552342394447
atr_slope_96b,path_inside_70,NORMAL_RANGE,12H,2314,0.7536937754822457
atr_slope_96b,path_inside_70,NORMAL_RANGE,1H,2314,0.6382543964828138
atr_slope_96b,path_inside_70,NORMAL_RANGE,24H,2314,0.8431595483914348
atr_slope_96b,path_inside_70,NORMAL_RANGE,2H,2314,0.7701820396492369
atr_slope_96b,path_inside_70,NORMAL_RANGE,4H,2303,0.7509443178117877
atr_slope_96b,path_inside_70,NORMAL_RANGE,8H,2303,0.7757740656373914
atr_slope_96b,path_inside_70,TREND_DOWN,12H,190,0.7621951219512195
atr_slope_96b,path_inside_70,TREND_DOWN,1H,190,0.7851071064263856
atr_slope_96b,path_inside_70,TREND_DOWN,24H,190,0.8960843373493976
atr_slope_96b,path_inside_70,TREND_DOWN,2H,190,0.7612600885186149
atr_slope_96b,path_inside_70,TREND_DOWN,4H,189,0.7464563328760859
atr_slope_96b,path_inside_70,TREND_DOWN,8H,189,0.8058080808080809
atr_slope_96b,path_inside_70,TREND_UP,12H,179,0.8068965517241379
atr_slope_96b,path_inside_70,TREND_UP,1H,179,0.5813823857302118
atr_slope_96b,path_inside_70,TREND_UP,24H,179,0.7594607379375591
atr_slope_96b,path_inside_70,TREND_UP,2H,179,0.628494623655914
atr_slope_96b,path_inside_70,TREND_UP,4H,179,0.6239080459770115
atr_slope_96b,path_inside_70,TREND_UP,8H,179,0.7970272904483431
atr_slope_96b,path_inside_70,VOLATILITY_EXPANSION,12H,324,0.7836065573770492
atr_slope_96b,path_inside_70,VOLATILITY_EXPANSION,1H,324,0.8627865961199295
atr_slope_96b,path_inside_70,VOLATILITY_EXPANSION,24H,324,0.8493645484949833
atr_slope_96b,path_inside_70,VOLATILITY_EXPANSION,2H,324,0.7769265434880577
atr_slope_96b,path_inside_70,VOLATILITY_EXPANSION,4H,319,0.8818327974276527
atr_slope_96b,path_inside_70,VOLATILITY_EXPANSION,8H,319,0.7615112160566706
atr_slope_96b,trend_efficiency_high,HIGH_VOL,12H,163,0.5824340527577938
atr_slope_96b,trend_efficiency_high,HIGH_VOL,1H,163,0.6477855477855478
atr_slope_96b,trend_efficiency_high,HIGH_VOL,24H,163,0.5094202898550725
atr_slope_96b,trend_efficiency_high,HIGH_VOL,2H,163,0.5273597811217511
atr_slope_96b,trend_efficiency_high,HIGH_VOL,4H,163,0.5493230174081238
atr_slope_96b,trend_efficiency_high,HIGH_VOL,8H,163,0.5603070175438596
atr_slope_96b,trend_efficiency_high,LOW_VOL_RANGE,12H,1024,0.5378458326083174
atr_slope_96b,trend_efficiency_high,LOW_VOL_RANGE,1H,1024,0.5198966482658356
atr_slope_96b,trend_efficiency_high,LOW_VOL_RANGE,24H,1024,0.579717528342305
atr_slope_96b,trend_efficiency_high,LOW_VOL_RANGE,2H,1024,0.5148798487657688
atr_slope_96b,trend_efficiency_high,LOW_VOL_RANGE,4H,1016,0.5113961729270021
atr_slope_96b,trend_efficiency_high,LOW_VOL_RANGE,8H,1016,0.5070744151319064
atr_slope_96b,trend_efficiency_high,NORMAL_RANGE,12H,2314,0.5286838340486408
atr_slope_96b,trend_efficiency_high,NORMAL_RANGE,1H,2314,0.5039778193187284
atr_slope_96b,trend_efficiency_high,NORMAL_RANGE,24H,2314,0.5070372496611956
atr_slope_96b,trend_efficiency_high,NORMAL_RANGE,2H,2314,0.5046615597458496
atr_slope_96b,trend_efficiency_high,NORMAL_RANGE,4H,2303,0.5021867424771236
atr_slope_96b,trend_efficiency_high,NORMAL_RANGE,8H,2303,0.529686647291003
atr_slope_96b,trend_efficiency_high,TREND_DOWN,12H,190,0.5772160664819945
atr_slope_96b,trend_efficiency_high,TREND_DOWN,1H,190,0.6444805194805194
atr_slope_96b,trend_efficiency_high,TREND_DOWN,24H,190,0.5717893217893217
atr_slope_96b,trend_efficiency_high,TREND_DOWN,2H,190,0.5700301204819277
atr_slope_96b,trend_efficiency_high,TREND_DOWN,4H,189,0.5875695732838591
atr_slope_96b,trend_efficiency_high,TREND_DOWN,8H,189,0.5756802721088435
atr_slope_96b,trend_efficiency_high,TREND_UP,12H,179,0.5148635477582846
atr_slope_96b,trend_efficiency_high,TREND_UP,1H,179,0.5751633986928104
atr_slope_96b,trend_efficiency_high,TREND_UP,24H,179,0.5440715883668904
atr_slope_96b,trend_efficiency_high,TREND_UP,2H,179,0.5151371807000946
atr_slope_96b,trend_efficiency_high,TREND_UP,4H,179,0.5937360178970917
atr_slope_96b,trend_efficiency_high,TREND_UP,8H,179,0.5420918367346939
atr_slope_96b,trend_efficiency_high,VOLATILITY_EXPANSION,12H,324,0.5176046380090498
atr_slope_96b,trend_efficiency_high,VOLATILITY_EXPANSION,1H,324,0.5097373188405797
atr_slope_96b,trend_efficiency_high,VOLATILITY_EXPANSION,24H,324,0.5474021177049988
atr_slope_96b,trend_efficiency_high,VOLATILITY_EXPANSION,2H,324,0.546159122085048
atr_slope_96b,trend_efficiency_high,VOLATILITY_EXPANSION,4H,319,0.5207093253968254
atr_slope_96b,trend_efficiency_high,VOLATILITY_EXPANSION,8H,319,0.5362462760675273
rv_slope_96b,upside_breakout_occurred,HIGH_VOL,12H,163,0.7110537503795931
rv_slope_96b,upside_breakout_occurred,HIGH_VOL,1H,163,0.535039113428944
rv_slope_96b,upside_breakout_occurred,HIGH_VOL,24H,163,0.6907814407814408
rv_slope_96b,upside_breakout_occurred,HIGH_VOL,2H,163,0.5229832572298325
rv_slope_96b,upside_breakout_occurred,HIGH_VOL,4H,163,0.5715792646172393
rv_slope_96b,upside_breakout_occurred,HIGH_VOL,8H,163,0.6452733313198429
rv_slope_96b,upside_breakout_occurred,LOW_VOL_RANGE,12H,1024,0.5309373686422867
rv_slope_96b,upside_breakout_occurred,LOW_VOL_RANGE,1H,1024,0.5283961548191247
rv_slope_96b,upside_breakout_occurred,LOW_VOL_RANGE,24H,1024,0.5383450259782194
rv_slope_96b,upside_breakout_occurred,LOW_VOL_RANGE,2H,1024,0.5119298291503729
rv_slope_96b,upside_breakout_occurred,LOW_VOL_RANGE,4H,1016,0.5067635803727102
rv_slope_96b,upside_breakout_occurred,LOW_VOL_RANGE,8H,1016,0.5055962311000335
rv_slope_96b,upside_breakout_occurred,NORMAL_RANGE,12H,2314,0.6044777027734298
rv_slope_96b,upside_breakout_occurred,NORMAL_RANGE,1H,2314,0.5263342271603157
rv_slope_96b,upside_breakout_occurred,NORMAL_RANGE,24H,2314,0.61962108759674
rv_slope_96b,upside_breakout_occurred,NORMAL_RANGE,2H,2314,0.5536359502676615
rv_slope_96b,upside_breakout_occurred,NORMAL_RANGE,4H,2303,0.5796803580497715
rv_slope_96b,upside_breakout_occurred,NORMAL_RANGE,8H,2303,0.6166624893883657
rv_slope_96b,upside_breakout_occurred,TREND_DOWN,12H,190,0.6460561497326203
rv_slope_96b,upside_breakout_occurred,TREND_DOWN,1H,190,0.6327703916636722
rv_slope_96b,upside_breakout_occurred,TREND_DOWN,24H,190,0.6627673796791445
rv_slope_96b,upside_breakout_occurred,TREND_DOWN,2H,190,0.6338536812674744
rv_slope_96b,upside_breakout_occurred,TREND_DOWN,4H,189,0.5924050632911393
rv_slope_96b,upside_breakout_occurred,TREND_DOWN,8H,189,0.6388388838883888
rv_slope_96b,upside_breakout_occurred,TREND_UP,12H,179,0.5982482863670983
rv_slope_96b,upside_breakout_occurred,TREND_UP,1H,179,0.56993006993007
rv_slope_96b,upside_breakout_occurred,TREND_UP,24H,179,0.5991508491508492
rv_slope_96b,upside_breakout_occurred,TREND_UP,2H,179,0.537092731829574
rv_slope_96b,upside_breakout_occurred,TREND_UP,4H,179,0.5794871794871794
rv_slope_96b,upside_breakout_occurred,TREND_UP,8H,179,0.6158974358974358
rv_slope_96b,upside_breakout_occurred,VOLATILITY_EXPANSION,12H,324,0.6676052500113538
rv_slope_96b,upside_breakout_occurred,VOLATILITY_EXPANSION,1H,324,0.5872213284302459
rv_slope_96b,upside_breakout_occurred,VOLATILITY_EXPANSION,24H,324,0.6658103099730458
rv_slope_96b,upside_breakout_occurred,VOLATILITY_EXPANSION,2H,324,0.54194509662272
rv_slope_96b,upside_breakout_occurred,VOLATILITY_EXPANSION,4H,319,0.5658904109589041
rv_slope_96b,upside_breakout_occurred,VOLATILITY_EXPANSION,8H,319,0.6109398355754858
rv_slope_96b,downside_breakdown_occurred,HIGH_VOL,12H,163,0.5764525993883792
rv_slope_96b,downside_breakdown_occurred,HIGH_VOL,1H,163,0.5944444444444444
rv_slope_96b,downside_breakdown_occurred,HIGH_VOL,24H,163,0.5166496772001359
rv_slope_96b,downside_breakdown_occurred,HIGH_VOL,2H,163,0.5711835334476845
rv_slope_96b,downside_breakdown_occurred,HIGH_VOL,4H,163,0.5148585750089509
rv_slope_96b,downside_breakdown_occurred,HIGH_VOL,8H,163,0.5312297734627831
rv_slope_96b,downside_breakdown_occurred,LOW_VOL_RANGE,12H,1024,0.5946999317321418
rv_slope_96b,downside_breakdown_occurred,LOW_VOL_RANGE,1H,1024,0.5435788505825412
rv_slope_96b,downside_breakdown_occurred,LOW_VOL_RANGE,24H,1024,0.5758303693086302
rv_slope_96b,downside_breakdown_occurred,LOW_VOL_RANGE,2H,1024,0.5533564302914148
rv_slope_96b,downside_breakdown_occurred,LOW_VOL_RANGE,4H,1016,0.5697900362743045
rv_slope_96b,downside_breakdown_occurred,LOW_VOL_RANGE,8H,1016,0.5731226925105486
rv_slope_96b,downside_breakdown_occurred,NORMAL_RANGE,12H,2314,0.5451645353793692
rv_slope_96b,downside_breakdown_occurred,NORMAL_RANGE,1H,2314,0.5487756882449017
rv_slope_96b,downside_breakdown_occurred,NORMAL_RANGE,24H,2314,0.5628447061086417
rv_slope_96b,downside_breakdown_occurred,NORMAL_RANGE,2H,2314,0.5464215635650109
rv_slope_96b,downside_breakdown_occurred,NORMAL_RANGE,4H,2303,0.547248519971024
rv_slope_96b,downside_breakdown_occurred,NORMAL_RANGE,8H,2303,0.5432034924600817
rv_slope_96b,downside_breakdown_occurred,TREND_DOWN,12H,190,0.5700354609929078
rv_slope_96b,downside_breakdown_occurred,TREND_DOWN,1H,190,0.595
rv_slope_96b,downside_breakdown_occurred,TREND_DOWN,24H,190,0.6082668439716312
rv_slope_96b,downside_breakdown_occurred,TREND_DOWN,2H,190,0.6143856143856143
rv_slope_96b,downside_breakdown_occurred,TREND_DOWN,4H,189,0.6921783953384133
rv_slope_96b,downside_breakdown_occurred,TREND_DOWN,8H,189,0.6062217194570136
rv_slope_96b,downside_breakdown_occurred,TREND_UP,12H,179,0.6101802487941101
rv_slope_96b,downside_breakdown_occurred,TREND_UP,1H,179,0.5611673773987207
rv_slope_96b,downside_breakdown_occurred,TREND_UP,24H,179,0.6120191098818204
rv_slope_96b,downside_breakdown_occurred,TREND_UP,2H,179,0.6040873318101041
rv_slope_96b,downside_breakdown_occurred,TREND_UP,4H,179,0.5564102564102564
rv_slope_96b,downside_breakdown_occurred,TREND_UP,8H,179,0.6213642213642214
rv_slope_96b,downside_breakdown_occurred,VOLATILITY_EXPANSION,12H,324,0.5767644726407612
rv_slope_96b,downside_breakdown_occurred,VOLATILITY_EXPANSION,1H,324,0.5562884568053162
rv_slope_96b,downside_breakdown_occurred,VOLATILITY_EXPANSION,24H,324,0.6678704755721474
rv_slope_96b,downside_breakdown_occurred,VOLATILITY_EXPANSION,2H,324,0.5599717364423247
rv_slope_96b,downside_breakdown_occurred,VOLATILITY_EXPANSION,4H,319,0.5731511931866093
rv_slope_96b,downside_breakdown_occurred,VOLATILITY_EXPANSION,8H,319,0.5417741532828493
rv_slope_96b,range_breached,HIGH_VOL,12H,163,0.7337837837837837
rv_slope_96b,range_breached,HIGH_VOL,1H,163,0.7430379746835443
rv_slope_96b,range_breached,HIGH_VOL,24H,163,0.8953846153846154
rv_slope_96b,range_breached,HIGH_VOL,2H,163,0.6571125265392781
rv_slope_96b,range_breached,HIGH_VOL,4H,163,0.6529304029304029
rv_slope_96b,range_breached,HIGH_VOL,8H,163,0.679020979020979
rv_slope_96b,range_breached,LOW_VOL_RANGE,12H,1024,0.8116394148020654
rv_slope_96b,range_breached,LOW_VOL_RANGE,1H,1024,0.6422410252197486
rv_slope_96b,range_breached,LOW_VOL_RANGE,24H,1024,0.6852941176470588
rv_slope_96b,range_breached,LOW_VOL_RANGE,2H,1024,0.6222728295096716
rv_slope_96b,range_breached,LOW_VOL_RANGE,4H,1016,0.6799812030075187
rv_slope_96b,range_breached,LOW_VOL_RANGE,8H,1016,0.7598684210526316
rv_slope_96b,range_breached,NORMAL_RANGE,12H,2314,0.7226141257008256
rv_slope_96b,range_breached,NORMAL_RANGE,1H,2314,0.6160221822541967
rv_slope_96b,range_breached,NORMAL_RANGE,24H,2314,0.815114338633071
rv_slope_96b,range_breached,NORMAL_RANGE,2H,2314,0.7491238664457622
rv_slope_96b,range_breached,NORMAL_RANGE,4H,2303,0.7382177358080972
rv_slope_96b,range_breached,NORMAL_RANGE,8H,2303,0.7376276048257825
rv_slope_96b,range_breached,TREND_DOWN,12H,190,0.7455440900562852
rv_slope_96b,range_breached,TREND_DOWN,1H,190,0.7776266575994559
rv_slope_96b,range_breached,TREND_DOWN,24H,190,0.8586847389558233
rv_slope_96b,range_breached,TREND_DOWN,2H,190,0.8013538141109087
rv_slope_96b,range_breached,TREND_DOWN,4H,189,0.8065843621399177
rv_slope_96b,range_breached,TREND_DOWN,8H,189,0.8138888888888889
rv_slope_96b,range_breached,TREND_UP,12H,179,0.7740229885057471
rv_slope_96b,range_breached,TREND_UP,1H,179,0.6131549609810479
rv_slope_96b,range_breached,TREND_UP,24H,179,0.728003784295175
rv_slope_96b,range_breached,TREND_UP,2H,179,0.6551075268817204
rv_slope_96b,range_breached,TREND_UP,4H,179,0.6262068965517241
rv_slope_96b,range_breached,TREND_UP,8H,179,0.7682748538011696
rv_slope_96b,range_breached,VOLATILITY_EXPANSION,12H,324,0.792234685073339
rv_slope_96b,range_breached,VOLATILITY_EXPANSION,1H,324,0.8437389770723104
rv_slope_96b,range_breached,VOLATILITY_EXPANSION,24H,324,0.8382608695652174
rv_slope_96b,range_breached,VOLATILITY_EXPANSION,2H,324,0.7417755745831456
rv_slope_96b,range_breached,VOLATILITY_EXPANSION,4H,319,0.8737942122186495
rv_slope_96b,range_breached,VOLATILITY_EXPANSION,8H,319,0.8040141676505312
rv_slope_96b,path_inside_70,HIGH_VOL,12H,163,0.7337837837837838
rv_slope_96b,path_inside_70,HIGH_VOL,1H,163,0.7430379746835443
rv_slope_96b,path_inside_70,HIGH_VOL,24H,163,0.8953846153846153
rv_slope_96b,path_inside_70,HIGH_VOL,2H,163,0.6571125265392781
rv_slope_96b,path_inside_70,HIGH_VOL,4H,163,0.6529304029304029
rv_slope_96b,path_inside_70,HIGH_VOL,8H,163,0.679020979020979
rv_slope_96b,path_inside_70,LOW_VOL_RANGE,12H,1024,0.8116394148020654
rv_slope_96b,path_inside_70,LOW_VOL_RANGE,1H,1024,0.6422410252197486
rv_slope_96b,path_inside_70,LOW_VOL_RANGE,24H,1024,0.6852941176470588
rv_slope_96b,path_inside_70,LOW_VOL_RANGE,2H,1024,0.6222728295096717
rv_slope_96b,path_inside_70,LOW_VOL_RANGE,4H,1016,0.6799812030075187
rv_slope_96b,path_inside_70,LOW_VOL_RANGE,8H,1016,0.7598684210526315
rv_slope_96b,path_inside_70,NORMAL_RANGE,12H,2314,0.7226141257008256
rv_slope_96b,path_inside_70,NORMAL_RANGE,1H,2314,0.6160221822541967
rv_slope_96b,path_inside_70,NORMAL_RANGE,24H,2314,0.8151143386330711
rv_slope_96b,path_inside_70,NORMAL_RANGE,2H,2314,0.7491238664457623
rv_slope_96b,path_inside_70,NORMAL_RANGE,4H,2303,0.7382177358080972
rv_slope_96b,path_inside_70,NORMAL_RANGE,8H,2303,0.7376276048257825
rv_slope_96b,path_inside_70,TREND_DOWN,12H,190,0.7455440900562852
rv_slope_96b,path_inside_70,TREND_DOWN,1H,190,0.7776266575994559
rv_slope_96b,path_inside_70,TREND_DOWN,24H,190,0.8586847389558233
rv_slope_96b,path_inside_70,TREND_DOWN,2H,190,0.8013538141109087
rv_slope_96b,path_inside_70,TREND_DOWN,4H,189,0.8065843621399177
rv_slope_96b,path_inside_70,TREND_DOWN,8H,189,0.8138888888888889
rv_slope_96b,path_inside_70,TREND_UP,12H,179,0.7740229885057471
rv_slope_96b,path_inside_70,TREND_UP,1H,179,0.6131549609810479
rv_slope_96b,path_inside_70,TREND_UP,24H,179,0.728003784295175
rv_slope_96b,path_inside_70,TREND_UP,2H,179,0.6551075268817205
rv_slope_96b,path_inside_70,TREND_UP,4H,179,0.6262068965517241
rv_slope_96b,path_inside_70,TREND_UP,8H,179,0.7682748538011696
rv_slope_96b,path_inside_70,VOLATILITY_EXPANSION,12H,324,0.792234685073339
rv_slope_96b,path_inside_70,VOLATILITY_EXPANSION,1H,324,0.8437389770723104
rv_slope_96b,path_inside_70,VOLATILITY_EXPANSION,24H,324,0.8382608695652174
rv_slope_96b,path_inside_70,VOLATILITY_EXPANSION,2H,324,0.7417755745831456
rv_slope_96b,path_inside_70,VOLATILITY_EXPANSION,4H,319,0.8737942122186495
rv_slope_96b,path_inside_70,VOLATILITY_EXPANSION,8H,319,0.8040141676505312
rv_slope_96b,trend_efficiency_high,HIGH_VOL,12H,163,0.560251798561151
rv_slope_96b,trend_efficiency_high,HIGH_VOL,1H,163,0.65990675990676
rv_slope_96b,trend_efficiency_high,HIGH_VOL,24H,163,0.5306159420289855
rv_slope_96b,trend_efficiency_high,HIGH_VOL,2H,163,0.5624715002279982
rv_slope_96b,trend_efficiency_high,HIGH_VOL,4H,163,0.5164410058027079
rv_slope_96b,trend_efficiency_high,HIGH_VOL,8H,163,0.5730994152046784
rv_slope_96b,trend_efficiency_high,LOW_VOL_RANGE,12H,1024,0.5314436917612188
rv_slope_96b,trend_efficiency_high,LOW_VOL_RANGE,1H,1024,0.5136926653375845
rv_slope_96b,trend_efficiency_high,LOW_VOL_RANGE,24H,1024,0.5508197325051098
rv_slope_96b,trend_efficiency_high,LOW_VOL_RANGE,2H,1024,0.5303740865961392
rv_slope_96b,trend_efficiency_high,LOW_VOL_RANGE,4H,1016,0.5159815733522325
rv_slope_96b,trend_efficiency_high,LOW_VOL_RANGE,8H,1016,0.5266674962667994
rv_slope_96b,trend_efficiency_high,NORMAL_RANGE,12H,2314,0.5251061039580354
rv_slope_96b,trend_efficiency_high,NORMAL_RANGE,1H,2314,0.5002814945996764
rv_slope_96b,trend_efficiency_high,NORMAL_RANGE,24H,2314,0.5261055846258094
rv_slope_96b,trend_efficiency_high,NORMAL_RANGE,2H,2314,0.5011644291863087
rv_slope_96b,trend_efficiency_high,NORMAL_RANGE,4H,2303,0.5148706103334052
rv_slope_96b,trend_efficiency_high,NORMAL_RANGE,8H,2303,0.5051590877362202
rv_slope_96b,trend_efficiency_high,TREND_DOWN,12H,190,0.6156509695290859
rv_slope_96b,trend_efficiency_high,TREND_DOWN,1H,190,0.6090367965367965
rv_slope_96b,trend_efficiency_high,TREND_DOWN,24H,190,0.6118326118326118
rv_slope_96b,trend_efficiency_high,TREND_DOWN,2H,190,0.5988955823293173
rv_slope_96b,trend_efficiency_high,TREND_DOWN,4H,189,0.5855287569573284
rv_slope_96b,trend_efficiency_high,TREND_DOWN,8H,189,0.5839002267573696
rv_slope_96b,trend_efficiency_high,TREND_UP,12H,179,0.5077972709551657
rv_slope_96b,trend_efficiency_high,TREND_UP,1H,179,0.5819507290095526
rv_slope_96b,trend_efficiency_high,TREND_UP,24H,179,0.5950782997762863
rv_slope_96b,trend_efficiency_high,TREND_UP,2H,179,0.5139545884578998
rv_slope_96b,trend_efficiency_high,TREND_UP,4H,179,0.5331096196868008
rv_slope_96b,trend_efficiency_high,TREND_UP,8H,179,0.514030612244898
rv_slope_96b,trend_efficiency_high,VOLATILITY_EXPANSION,12H,324,0.5109587104072398
rv_slope_96b,trend_efficiency_high,VOLATILITY_EXPANSION,1H,324,0.5145682367149759
rv_slope_96b,trend_efficiency_high,VOLATILITY_EXPANSION,24H,324,0.5608840187146024
rv_slope_96b,trend_efficiency_high,VOLATILITY_EXPANSION,2H,324,0.5162551440329218
rv_slope_96b,trend_efficiency_high,VOLATILITY_EXPANSION,4H,319,0.5052083333333334
rv_slope_96b,trend_efficiency_high,VOLATILITY_EXPANSION,8H,319,0.5496524329692155
atr_pct_12b,upside_breakout_occurred,HIGH_VOL,12H,163,0.7084725174612815
atr_pct_12b,upside_breakout_occurred,HIGH_VOL,1H,163,0.53748370273794
atr_pct_12b,upside_breakout_occurred,HIGH_VOL,24H,163,0.7168803418803419
atr_pct_12b,upside_breakout_occurred,HIGH_VOL,2H,163,0.5048706240487062
atr_pct_12b,upside_breakout_occurred,HIGH_VOL,4H,163,0.5792646172393008
atr_pct_12b,upside_breakout_occurred,HIGH_VOL,8H,163,0.6565992147387496
atr_pct_12b,upside_breakout_occurred,LOW_VOL_RANGE,12H,1024,0.6154108869272803
atr_pct_12b,upside_breakout_occurred,LOW_VOL_RANGE,1H,1024,0.5691668774770217
atr_pct_12b,upside_breakout_occurred,LOW_VOL_RANGE,24H,1024,0.6447764698975549
atr_pct_12b,upside_breakout_occurred,LOW_VOL_RANGE,2H,1024,0.5738415662886962
atr_pct_12b,upside_breakout_occurred,LOW_VOL_RANGE,4H,1016,0.5483617507868578
atr_pct_12b,upside_breakout_occurred,LOW_VOL_RANGE,8H,1016,0.5921997365924121
atr_pct_12b,upside_breakout_occurred,NORMAL_RANGE,12H,2314,0.6266657903086159
atr_pct_12b,upside_breakout_occurred,NORMAL_RANGE,1H,2314,0.5589561062812389
atr_pct_12b,upside_breakout_occurred,NORMAL_RANGE,24H,2314,0.6624349359632902
atr_pct_12b,upside_breakout_occurred,NORMAL_RANGE,2H,2314,0.5805069218481693
atr_pct_12b,upside_breakout_occurred,NORMAL_RANGE,4H,2303,0.5978597955815135
atr_pct_12b,upside_breakout_occurred,NORMAL_RANGE,8H,2303,0.6242066540000808
atr_pct_12b,upside_breakout_occurred,TREND_DOWN,12H,190,0.6288992869875223
atr_pct_12b,upside_breakout_occurred,TREND_DOWN,1H,190,0.6331297161336686
atr_pct_12b,upside_breakout_occurred,TREND_DOWN,24H,190,0.6274509803921569
atr_pct_12b,upside_breakout_occurred,TREND_DOWN,2H,190,0.6605312208760485
atr_pct_12b,upside_breakout_occurred,TREND_DOWN,4H,189,0.6019562715765248
atr_pct_12b,upside_breakout_occurred,TREND_DOWN,8H,189,0.6037353735373537
atr_pct_12b,upside_breakout_occurred,TREND_UP,12H,179,0.6466108149276466
atr_pct_12b,upside_breakout_occurred,TREND_UP,1H,179,0.6612137862137862
atr_pct_12b,upside_breakout_occurred,TREND_UP,24H,179,0.640984015984016
atr_pct_12b,upside_breakout_occurred,TREND_UP,2H,179,0.6174185463659148
atr_pct_12b,upside_breakout_occurred,TREND_UP,4H,179,0.648974358974359
atr_pct_12b,upside_breakout_occurred,TREND_UP,8H,179,0.678974358974359
atr_pct_12b,upside_breakout_occurred,VOLATILITY_EXPANSION,12H,324,0.681275262273491
atr_pct_12b,upside_breakout_occurred,VOLATILITY_EXPANSION,1H,324,0.5928292346586992
atr_pct_12b,upside_breakout_occurred,VOLATILITY_EXPANSION,24H,324,0.7114218328840971
atr_pct_12b,upside_breakout_occurred,VOLATILITY_EXPANSION,2H,324,0.5469116850279935
atr_pct_12b,upside_breakout_occurred,VOLATILITY_EXPANSION,4H,319,0.5329680365296804
atr_pct_12b,upside_breakout_occurred,VOLATILITY_EXPANSION,8H,319,0.570347533632287
atr_pct_12b,downside_breakdown_occurred,HIGH_VOL,12H,163,0.5781515460414544
atr_pct_12b,downside_breakdown_occurred,HIGH_VOL,1H,163,0.6025252525252525
atr_pct_12b,downside_breakdown_occurred,HIGH_VOL,24H,163,0.5609921848453958
atr_pct_12b,downside_breakdown_occurred,HIGH_VOL,2H,163,0.623156089193825
atr_pct_12b,downside_breakdown_occurred,HIGH_VOL,4H,163,0.5456498388829216
atr_pct_12b,downside_breakdown_occurred,HIGH_VOL,8H,163,0.5914239482200647
atr_pct_12b,downside_breakdown_occurred,LOW_VOL_RANGE,12H,1024,0.5519311528993153
atr_pct_12b,downside_breakdown_occurred,LOW_VOL_RANGE,1H,1024,0.5307595383940849
atr_pct_12b,downside_breakdown_occurred,LOW_VOL_RANGE,24H,1024,0.5834793226097574
atr_pct_12b,downside_breakdown_occurred,LOW_VOL_RANGE,2H,1024,0.5479917113044048
atr_pct_12b,downside_breakdown_occurred,LOW_VOL_RANGE,4H,1016,0.5692354461164311
atr_pct_12b,downside_breakdown_occurred,LOW_VOL_RANGE,8H,1016,0.5527096518987342
atr_pct_12b,downside_breakdown_occurred,NORMAL_RANGE,12H,2314,0.5568013640238705
atr_pct_12b,downside_breakdown_occurred,NORMAL_RANGE,1H,2314,0.5394531429358557
atr_pct_12b,downside_breakdown_occurred,NORMAL_RANGE,24H,2314,0.5864697494909117
atr_pct_12b,downside_breakdown_occurred,NORMAL_RANGE,2H,2314,0.5529939713931633
atr_pct_12b,downside_breakdown_occurred,NORMAL_RANGE,4H,2303,0.5516307379745043
atr_pct_12b,downside_breakdown_occurred,NORMAL_RANGE,8H,2303,0.5433178370776929
atr_pct_12b,downside_breakdown_occurred,TREND_DOWN,12H,190,0.5890957446808511
atr_pct_12b,downside_breakdown_occurred,TREND_DOWN,1H,190,0.6110227272727273
atr_pct_12b,downside_breakdown_occurred,TREND_DOWN,24H,190,0.5764627659574468
atr_pct_12b,downside_breakdown_occurred,TREND_DOWN,2H,190,0.5908535908535908
atr_pct_12b,downside_breakdown_occurred,TREND_DOWN,4H,189,0.6387270282384581
atr_pct_12b,downside_breakdown_occurred,TREND_DOWN,8H,189,0.601131221719457
atr_pct_12b,downside_breakdown_occurred,TREND_UP,12H,179,0.5696877380045697
atr_pct_12b,downside_breakdown_occurred,TREND_UP,1H,179,0.5505063965884862
atr_pct_12b,downside_breakdown_occurred,TREND_UP,24H,179,0.6046014583857179
atr_pct_12b,downside_breakdown_occurred,TREND_UP,2H,179,0.5714648387915715
atr_pct_12b,downside_breakdown_occurred,TREND_UP,4H,179,0.5576923076923077
atr_pct_12b,downside_breakdown_occurred,TREND_UP,8H,179,0.5760617760617761
atr_pct_12b,downside_breakdown_occurred,VOLATILITY_EXPANSION,12H,324,0.5892942109436955
atr_pct_12b,downside_breakdown_occurred,VOLATILITY_EXPANSION,1H,324,0.5570760521781934
atr_pct_12b,downside_breakdown_occurred,VOLATILITY_EXPANSION,24H,324,0.6748498620353839
atr_pct_12b,downside_breakdown_occurred,VOLATILITY_EXPANSION,2H,324,0.5553347465112171
atr_pct_12b,downside_breakdown_occurred,VOLATILITY_EXPANSION,4H,319,0.5635804030693987
atr_pct_12b,downside_breakdown_occurred,VOLATILITY_EXPANSION,8H,319,0.5688191728384788
atr_pct_12b,range_breached,HIGH_VOL,12H,163,0.8945945945945946
atr_pct_12b,range_breached,HIGH_VOL,1H,163,0.7518987341772152
atr_pct_12b,range_breached,HIGH_VOL,24H,163,0.8958974358974359
atr_pct_12b,range_breached,HIGH_VOL,2H,163,0.6932059447983014
atr_pct_12b,range_breached,HIGH_VOL,4H,163,0.6474358974358974
atr_pct_12b,range_breached,HIGH_VOL,8H,163,0.7143356643356643
atr_pct_12b,range_breached,LOW_VOL_RANGE,12H,1024,0.8327954675846242
atr_pct_12b,range_breached,LOW_VOL_RANGE,1H,1024,0.6697335633505846
atr_pct_12b,range_breached,LOW_VOL_RANGE,24H,1024,0.749554367201426
atr_pct_12b,range_breached,LOW_VOL_RANGE,2H,1024,0.7192139001349528
atr_pct_12b,range_breached,LOW_VOL_RANGE,4H,1016,0.7597238288027761
atr_pct_12b,range_breached,LOW_VOL_RANGE,8H,1016,0.8092466743782534
atr_pct_12b,range_breached,NORMAL_RANGE,12H,2314,0.7264949924959003
atr_pct_12b,range_breached,NORMAL_RANGE,1H,2314,0.6232164268585132
atr_pct_12b,range_breached,NORMAL_RANGE,24H,2314,0.8325111710158748
atr_pct_12b,range_breached,NORMAL_RANGE,2H,2314,0.7372012242643833
atr_pct_12b,range_breached,NORMAL_RANGE,4H,2303,0.7545099316183653
atr_pct_12b,range_breached,NORMAL_RANGE,8H,2303,0.7329452459293007
atr_pct_12b,range_breached,TREND_DOWN,12H,190,0.7361632270168856
atr_pct_12b,range_breached,TREND_DOWN,1H,190,0.7347840870452227
atr_pct_12b,range_breached,TREND_DOWN,24H,190,0.7136044176706827
atr_pct_12b,range_breached,TREND_DOWN,2H,190,0.7456391564696694
atr_pct_12b,range_breached,TREND_DOWN,4H,189,0.746456332876086
atr_pct_12b,range_breached,TREND_DOWN,8H,189,0.7381313131313132
atr_pct_12b,range_breached,TREND_UP,12H,179,0.6963218390804597
atr_pct_12b,range_breached,TREND_UP,1H,179,0.6733556298773691
atr_pct_12b,range_breached,TREND_UP,24H,179,0.6882686849574267
atr_pct_12b,range_breached,TREND_UP,2H,179,0.6913978494623656
atr_pct_12b,range_breached,TREND_UP,4H,179,0.6528735632183909
atr_pct_12b,range_breached,TREND_UP,8H,179,0.7453703703703703
atr_pct_12b,range_breached,VOLATILITY_EXPANSION,12H,324,0.8055220017256255
atr_pct_12b,range_breached,VOLATILITY_EXPANSION,1H,324,0.8578483245149912
atr_pct_12b,range_breached,VOLATILITY_EXPANSION,24H,324,0.8761204013377927
atr_pct_12b,range_breached,VOLATILITY_EXPANSION,2H,324,0.7007661108607481
atr_pct_12b,range_breached,VOLATILITY_EXPANSION,4H,319,0.8496784565916399
atr_pct_12b,range_breached,VOLATILITY_EXPANSION,8H,319,0.7801062573789846
atr_pct_12b,path_inside_70,HIGH_VOL,12H,163,0.8945945945945946
atr_pct_12b,path_inside_70,HIGH_VOL,1H,163,0.7518987341772152
atr_pct_12b,path_inside_70,HIGH_VOL,24H,163,0.8958974358974359
atr_pct_12b,path_inside_70,HIGH_VOL,2H,163,0.6932059447983014
atr_pct_12b,path_inside_70,HIGH_VOL,4H,163,0.6474358974358975
atr_pct_12b,path_inside_70,HIGH_VOL,8H,163,0.7143356643356643
atr_pct_12b,path_inside_70,LOW_VOL_RANGE,12H,1024,0.8327954675846242
atr_pct_12b,path_inside_70,LOW_VOL_RANGE,1H,1024,0.6697335633505846
atr_pct_12b,path_inside_70,LOW_VOL_RANGE,24H,1024,0.749554367201426
atr_pct_12b,path_inside_70,LOW_VOL_RANGE,2H,1024,0.7192139001349528
atr_pct_12b,path_inside_70,LOW_VOL_RANGE,4H,1016,0.7597238288027762
atr_pct_12b,path_inside_70,LOW_VOL_RANGE,8H,1016,0.8092466743782534
atr_pct_12b,path_inside_70,NORMAL_RANGE,12H,2314,0.7264949924959003
atr_pct_12b,path_inside_70,NORMAL_RANGE,1H,2314,0.6232164268585132
atr_pct_12b,path_inside_70,NORMAL_RANGE,24H,2314,0.8325111710158748
atr_pct_12b,path_inside_70,NORMAL_RANGE,2H,2314,0.7372012242643833
atr_pct_12b,path_inside_70,NORMAL_RANGE,4H,2303,0.7545099316183653
atr_pct_12b,path_inside_70,NORMAL_RANGE,8H,2303,0.7329452459293005
atr_pct_12b,path_inside_70,TREND_DOWN,12H,190,0.7361632270168855
atr_pct_12b,path_inside_70,TREND_DOWN,1H,190,0.7347840870452227
atr_pct_12b,path_inside_70,TREND_DOWN,24H,190,0.7136044176706827
atr_pct_12b,path_inside_70,TREND_DOWN,2H,190,0.7456391564696694
atr_pct_12b,path_inside_70,TREND_DOWN,4H,189,0.7464563328760859
atr_pct_12b,path_inside_70,TREND_DOWN,8H,189,0.7381313131313131
atr_pct_12b,path_inside_70,TREND_UP,12H,179,0.6963218390804597
atr_pct_12b,path_inside_70,TREND_UP,1H,179,0.673355629877369
atr_pct_12b,path_inside_70,TREND_UP,24H,179,0.6882686849574267
atr_pct_12b,path_inside_70,TREND_UP,2H,179,0.6913978494623656
atr_pct_12b,path_inside_70,TREND_UP,4H,179,0.6528735632183909
atr_pct_12b,path_inside_70,TREND_UP,8H,179,0.7453703703703703
atr_pct_12b,path_inside_70,VOLATILITY_EXPANSION,12H,324,0.8055220017256255
atr_pct_12b,path_inside_70,VOLATILITY_EXPANSION,1H,324,0.8578483245149912
atr_pct_12b,path_inside_70,VOLATILITY_EXPANSION,24H,324,0.8761204013377927
atr_pct_12b,path_inside_70,VOLATILITY_EXPANSION,2H,324,0.7007661108607481
atr_pct_12b,path_inside_70,VOLATILITY_EXPANSION,4H,319,0.8496784565916399
atr_pct_12b,path_inside_70,VOLATILITY_EXPANSION,8H,319,0.7801062573789846
atr_pct_12b,trend_efficiency_high,HIGH_VOL,12H,163,0.6106115107913669
atr_pct_12b,trend_efficiency_high,HIGH_VOL,1H,163,0.6237762237762238
atr_pct_12b,trend_efficiency_high,HIGH_VOL,24H,163,0.5253623188405797
atr_pct_12b,trend_efficiency_high,HIGH_VOL,2H,163,0.5857273141814866
atr_pct_12b,trend_efficiency_high,HIGH_VOL,4H,163,0.5357833655705997
atr_pct_12b,trend_efficiency_high,HIGH_VOL,8H,163,0.5902777777777778
atr_pct_12b,trend_efficiency_high,LOW_VOL_RANGE,12H,1024,0.5165273636019992
atr_pct_12b,trend_efficiency_high,LOW_VOL_RANGE,1H,1024,0.5288499600555624
atr_pct_12b,trend_efficiency_high,LOW_VOL_RANGE,24H,1024,0.5164099951509646
atr_pct_12b,trend_efficiency_high,LOW_VOL_RANGE,2H,1024,0.511986039917112
atr_pct_12b,trend_efficiency_high,LOW_VOL_RANGE,4H,1016,0.5099078667611623
atr_pct_12b,trend_efficiency_high,LOW_VOL_RANGE,8H,1016,0.5289385266301643
atr_pct_12b,trend_efficiency_high,NORMAL_RANGE,12H,2314,0.5013459704339532
atr_pct_12b,trend_efficiency_high,NORMAL_RANGE,1H,2314,0.5370425029515938
atr_pct_12b,trend_efficiency_high,NORMAL_RANGE,24H,2314,0.5620000282336998
atr_pct_12b,trend_efficiency_high,NORMAL_RANGE,2H,2314,0.536798011887682
atr_pct_12b,trend_efficiency_high,NORMAL_RANGE,4H,2303,0.504760575177998
atr_pct_12b,trend_efficiency_high,NORMAL_RANGE,8H,2303,0.5258855482085972
atr_pct_12b,trend_efficiency_high,TREND_DOWN,12H,190,0.5534972299168974
atr_pct_12b,trend_efficiency_high,TREND_DOWN,1H,190,0.551948051948052
atr_pct_12b,trend_efficiency_high,TREND_DOWN,24H,190,0.5918109668109668
atr_pct_12b,trend_efficiency_high,TREND_DOWN,2H,190,0.5276104417670683
atr_pct_12b,trend_efficiency_high,TREND_DOWN,4H,189,0.6064935064935064
atr_pct_12b,trend_efficiency_high,TREND_DOWN,8H,189,0.530045351473923
atr_pct_12b,trend_efficiency_high,TREND_UP,12H,179,0.5289961013645225
atr_pct_12b,trend_efficiency_high,TREND_UP,1H,179,0.5314228255404726
atr_pct_12b,trend_efficiency_high,TREND_UP,24H,179,0.6315436241610738
atr_pct_12b,trend_efficiency_high,TREND_UP,2H,179,0.5520340586565752
atr_pct_12b,trend_efficiency_high,TREND_UP,4H,179,0.5029082774049217
atr_pct_12b,trend_efficiency_high,TREND_UP,8H,179,0.5216836734693877
atr_pct_12b,trend_efficiency_high,VOLATILITY_EXPANSION,12H,324,0.5357041855203619
atr_pct_12b,trend_efficiency_high,VOLATILITY_EXPANSION,1H,324,0.5075483091787439
atr_pct_12b,trend_efficiency_high,VOLATILITY_EXPANSION,24H,324,0.5452474759911352
atr_pct_12b,trend_efficiency_high,VOLATILITY_EXPANSION,2H,324,0.5624142661179699
atr_pct_12b,trend_efficiency_high,VOLATILITY_EXPANSION,4H,319,0.5225074404761905
atr_pct_12b,trend_efficiency_high,VOLATILITY_EXPANSION,8H,319,0.5168108951624344
atr_12b,upside_breakout_occurred,HIGH_VOL,12H,163,0.7427877315517766
atr_12b,upside_breakout_occurred,HIGH_VOL,1H,163,0.5386245110821382
atr_12b,upside_breakout_occurred,HIGH_VOL,24H,163,0.7779304029304029
atr_12b,upside_breakout_occurred,HIGH_VOL,2H,163,0.5049467275494672
atr_12b,upside_breakout_occurred,HIGH_VOL,4H,163,0.5864978902953586
atr_12b,upside_breakout_occurred,HIGH_VOL,8H,163,0.6767592872244035
atr_12b,upside_breakout_occurred,LOW_VOL_RANGE,12H,1024,0.617026586801177
atr_12b,upside_breakout_occurred,LOW_VOL_RANGE,1H,1024,0.5665970992495151
atr_12b,upside_breakout_occurred,LOW_VOL_RANGE,24H,1024,0.6581618575160713
atr_12b,upside_breakout_occurred,LOW_VOL_RANGE,2H,1024,0.5734186927540401
atr_12b,upside_breakout_occurred,LOW_VOL_RANGE,4H,1016,0.5470122047868125
atr_12b,upside_breakout_occurred,LOW_VOL_RANGE,8H,1016,0.5925372570678675
atr_12b,upside_breakout_occurred,NORMAL_RANGE,12H,2314,0.646569261092218
atr_12b,upside_breakout_occurred,NORMAL_RANGE,1H,2314,0.5631558906404691
atr_12b,upside_breakout_occurred,NORMAL_RANGE,24H,2314,0.6881193925073625
atr_12b,upside_breakout_occurred,NORMAL_RANGE,2H,2314,0.5873424784054255
atr_12b,upside_breakout_occurred,NORMAL_RANGE,4H,2303,0.6083338623666836
atr_12b,upside_breakout_occurred,NORMAL_RANGE,8H,2303,0.6414520758378138
atr_12b,upside_breakout_occurred,TREND_DOWN,12H,190,0.6600378787878788
atr_12b,upside_breakout_occurred,TREND_DOWN,1H,190,0.6539106479817942
atr_12b,upside_breakout_occurred,TREND_DOWN,24H,190,0.6554144385026738
atr_12b,upside_breakout_occurred,TREND_DOWN,2H,190,0.6787628145386766
atr_12b,upside_breakout_occurred,TREND_DOWN,4H,189,0.6308400460299195
atr_12b,upside_breakout_occurred,TREND_DOWN,8H,189,0.6381638163816381
atr_12b,upside_breakout_occurred,TREND_UP,12H,179,0.6638740797156639
atr_12b,upside_breakout_occurred,TREND_UP,1H,179,0.6633366633366633
atr_12b,upside_breakout_occurred,TREND_UP,24H,179,0.6673326673326674
atr_12b,upside_breakout_occurred,TREND_UP,2H,179,0.6270676691729323
atr_12b,upside_breakout_occurred,TREND_UP,4H,179,0.6664102564102564
atr_12b,upside_breakout_occurred,TREND_UP,8H,179,0.698076923076923
atr_12b,upside_breakout_occurred,VOLATILITY_EXPANSION,12H,324,0.690585403515146
atr_12b,upside_breakout_occurred,VOLATILITY_EXPANSION,1H,324,0.6054929901172144
atr_12b,upside_breakout_occurred,VOLATILITY_EXPANSION,24H,324,0.7305845687331536
atr_12b,upside_breakout_occurred,VOLATILITY_EXPANSION,2H,324,0.5611341881885498
atr_12b,upside_breakout_occurred,VOLATILITY_EXPANSION,4H,319,0.5460730593607306
atr_12b,upside_breakout_occurred,VOLATILITY_EXPANSION,8H,319,0.5827027279521675
atr_12b,downside_breakdown_occurred,HIGH_VOL,12H,163,0.5463812436289501
atr_12b,downside_breakdown_occurred,HIGH_VOL,1H,163,0.5991582491582492
atr_12b,downside_breakdown_occurred,HIGH_VOL,24H,163,0.5160550458715596
atr_12b,downside_breakdown_occurred,HIGH_VOL,2H,163,0.610548885077187
atr_12b,downside_breakdown_occurred,HIGH_VOL,4H,163,0.5377730039384174
atr_12b,downside_breakdown_occurred,HIGH_VOL,8H,163,0.575242718446602
atr_12b,downside_breakdown_occurred,LOW_VOL_RANGE,12H,1024,0.5491776826165209
atr_12b,downside_breakdown_occurred,LOW_VOL_RANGE,1H,1024,0.5311958589982079
atr_12b,downside_breakdown_occurred,LOW_VOL_RANGE,24H,1024,0.5808891189325972
atr_12b,downside_breakdown_occurred,LOW_VOL_RANGE,2H,1024,0.5496625550805118
atr_12b,downside_breakdown_occurred,LOW_VOL_RANGE,4H,1016,0.5699132785316096
atr_12b,downside_breakdown_occurred,LOW_VOL_RANGE,8H,1016,0.55149615967827
atr_12b,downside_breakdown_occurred,NORMAL_RANGE,12H,2314,0.5424377664109121
atr_12b,downside_breakdown_occurred,NORMAL_RANGE,1H,2314,0.5330470702446
atr_12b,downside_breakdown_occurred,NORMAL_RANGE,24H,2314,0.5708931102683219
atr_12b,downside_breakdown_occurred,NORMAL_RANGE,2H,2314,0.5446094314778478
atr_12b,downside_breakdown_occurred,NORMAL_RANGE,4H,2303,0.5441015329020225
atr_12b,downside_breakdown_occurred,NORMAL_RANGE,8H,2303,0.5311345887348365
atr_12b,downside_breakdown_occurred,TREND_DOWN,12H,190,0.5789561170212766
atr_12b,downside_breakdown_occurred,TREND_DOWN,1H,190,0.6095454545454546
atr_12b,downside_breakdown_occurred,TREND_DOWN,24H,190,0.5598958333333333
atr_12b,downside_breakdown_occurred,TREND_DOWN,2H,190,0.5952935952935953
atr_12b,downside_breakdown_occurred,TREND_DOWN,4H,189,0.6380546839982071
atr_12b,downside_breakdown_occurred,TREND_DOWN,8H,189,0.5951923076923077
atr_12b,downside_breakdown_occurred,TREND_UP,12H,179,0.5827621223660828
atr_12b,downside_breakdown_occurred,TREND_UP,1H,179,0.5622334754797441
atr_12b,downside_breakdown_occurred,TREND_UP,24H,179,0.6052300729192859
atr_12b,downside_breakdown_occurred,TREND_UP,2H,179,0.5851739020055852
atr_12b,downside_breakdown_occurred,TREND_UP,4H,179,0.5712820512820513
atr_12b,downside_breakdown_occurred,TREND_UP,8H,179,0.5840411840411841
atr_12b,downside_breakdown_occurred,VOLATILITY_EXPANSION,12H,324,0.579996034892942
atr_12b,downside_breakdown_occurred,VOLATILITY_EXPANSION,1H,324,0.5491262613832144
atr_12b,downside_breakdown_occurred,VOLATILITY_EXPANSION,24H,324,0.6677487420873235
atr_12b,downside_breakdown_occurred,VOLATILITY_EXPANSION,2H,324,0.5449567214273097
atr_12b,downside_breakdown_occurred,VOLATILITY_EXPANSION,4H,319,0.5531874525676701
atr_12b,downside_breakdown_occurred,VOLATILITY_EXPANSION,8H,319,0.5616418407256387
atr_12b,range_breached,HIGH_VOL,12H,163,0.879054054054054
atr_12b,range_breached,HIGH_VOL,1H,163,0.7379746835443037
atr_12b,range_breached,HIGH_VOL,24H,163,0.9005128205128206
atr_12b,range_breached,HIGH_VOL,2H,163,0.6666666666666667
atr_12b,range_breached,HIGH_VOL,4H,163,0.6163003663003663
atr_12b,range_breached,HIGH_VOL,8H,163,0.7012237762237763
atr_12b,range_breached,LOW_VOL_RANGE,12H,1024,0.8352696500286861
atr_12b,range_breached,LOW_VOL_RANGE,1H,1024,0.6717188312932993
atr_12b,range_breached,LOW_VOL_RANGE,24H,1024,0.7506981580510992
atr_12b,range_breached,LOW_VOL_RANGE,2H,1024,0.7260318263607737
atr_12b,range_breached,LOW_VOL_RANGE,4H,1016,0.759506940427993
atr_12b,range_breached,LOW_VOL_RANGE,8H,1016,0.8118854829381146
atr_12b,range_breached,NORMAL_RANGE,12H,2314,0.732144536729194
atr_12b,range_breached,NORMAL_RANGE,1H,2314,0.647152278177458
atr_12b,range_breached,NORMAL_RANGE,24H,2314,0.8487618663390243
atr_12b,range_breached,NORMAL_RANGE,2H,2314,0.7450335227536657
atr_12b,range_breached,NORMAL_RANGE,4H,2303,0.7613996526647129
atr_12b,range_breached,NORMAL_RANGE,8H,2303,0.7406205180123175
atr_12b,range_breached,TREND_DOWN,12H,190,0.7654784240150094
atr_12b,range_breached,TREND_DOWN,1H,190,0.7492349540972458
atr_12b,range_breached,TREND_DOWN,24H,190,0.7392068273092369
atr_12b,range_breached,TREND_DOWN,2H,190,0.7585264254100494
atr_12b,range_breached,TREND_DOWN,4H,189,0.7804069501600366
atr_12b,range_breached,TREND_DOWN,8H,189,0.7696969696969697
atr_12b,range_breached,TREND_UP,12H,179,0.7142528735632183
atr_12b,range_breached,TREND_UP,1H,179,0.6808807134894092
atr_12b,range_breached,TREND_UP,24H,179,0.7121570482497634
atr_12b,range_breached,TREND_UP,2H,179,0.6948924731182795
atr_12b,range_breached,TREND_UP,4H,179,0.6708045977011494
atr_12b,range_breached,TREND_UP,8H,179,0.7607212475633528
atr_12b,range_breached,VOLATILITY_EXPANSION,12H,324,0.804314063848145
atr_12b,range_breached,VOLATILITY_EXPANSION,1H,324,0.8407407407407408
atr_12b,range_breached,VOLATILITY_EXPANSION,24H,324,0.885752508361204
atr_12b,range_breached,VOLATILITY_EXPANSION,2H,324,0.7034700315457414
atr_12b,range_breached,VOLATILITY_EXPANSION,4H,319,0.8472668810289389
atr_12b,range_breached,VOLATILITY_EXPANSION,8H,319,0.7789256198347108
atr_12b,path_inside_70,HIGH_VOL,12H,163,0.879054054054054
atr_12b,path_inside_70,HIGH_VOL,1H,163,0.7379746835443038
atr_12b,path_inside_70,HIGH_VOL,24H,163,0.9005128205128206
atr_12b,path_inside_70,HIGH_VOL,2H,163,0.6666666666666666
atr_12b,path_inside_70,HIGH_VOL,4H,163,0.6163003663003663
atr_12b,path_inside_70,HIGH_VOL,8H,163,0.7012237762237762
atr_12b,path_inside_70,LOW_VOL_RANGE,12H,1024,0.8352696500286861
atr_12b,path_inside_70,LOW_VOL_RANGE,1H,1024,0.6717188312932993
atr_12b,path_inside_70,LOW_VOL_RANGE,24H,1024,0.7506981580510992
atr_12b,path_inside_70,LOW_VOL_RANGE,2H,1024,0.7260318263607737
atr_12b,path_inside_70,LOW_VOL_RANGE,4H,1016,0.759506940427993
atr_12b,path_inside_70,LOW_VOL_RANGE,8H,1016,0.8118854829381145
atr_12b,path_inside_70,NORMAL_RANGE,12H,2314,0.732144536729194
atr_12b,path_inside_70,NORMAL_RANGE,1H,2314,0.647152278177458
atr_12b,path_inside_70,NORMAL_RANGE,24H,2314,0.8487618663390243
atr_12b,path_inside_70,NORMAL_RANGE,2H,2314,0.7450335227536659
atr_12b,path_inside_70,NORMAL_RANGE,4H,2303,0.7613996526647129
atr_12b,path_inside_70,NORMAL_RANGE,8H,2303,0.7406205180123175
atr_12b,path_inside_70,TREND_DOWN,12H,190,0.7654784240150094
atr_12b,path_inside_70,TREND_DOWN,1H,190,0.7492349540972458
atr_12b,path_inside_70,TREND_DOWN,24H,190,0.7392068273092369
atr_12b,path_inside_70,TREND_DOWN,2H,190,0.7585264254100494
atr_12b,path_inside_70,TREND_DOWN,4H,189,0.7804069501600366
atr_12b,path_inside_70,TREND_DOWN,8H,189,0.7696969696969697
atr_12b,path_inside_70,TREND_UP,12H,179,0.7142528735632184
atr_12b,path_inside_70,TREND_UP,1H,179,0.6808807134894092
atr_12b,path_inside_70,TREND_UP,24H,179,0.7121570482497634
atr_12b,path_inside_70,TREND_UP,2H,179,0.6948924731182796
atr_12b,path_inside_70,TREND_UP,4H,179,0.6708045977011494
atr_12b,path_inside_70,TREND_UP,8H,179,0.7607212475633528
atr_12b,path_inside_70,VOLATILITY_EXPANSION,12H,324,0.804314063848145
atr_12b,path_inside_70,VOLATILITY_EXPANSION,1H,324,0.8407407407407408
atr_12b,path_inside_70,VOLATILITY_EXPANSION,24H,324,0.885752508361204
atr_12b,path_inside_70,VOLATILITY_EXPANSION,2H,324,0.7034700315457413
atr_12b,path_inside_70,VOLATILITY_EXPANSION,4H,319,0.8472668810289389
atr_12b,path_inside_70,VOLATILITY_EXPANSION,8H,319,0.7789256198347108
atr_12b,trend_efficiency_high,HIGH_VOL,12H,163,0.5975719424460432
atr_12b,trend_efficiency_high,HIGH_VOL,1H,163,0.6173659673659674
atr_12b,trend_efficiency_high,HIGH_VOL,24H,163,0.5165760869565217
atr_12b,trend_efficiency_high,HIGH_VOL,2H,163,0.591655266757866
atr_12b,trend_efficiency_high,HIGH_VOL,4H,163,0.50177304964539
atr_12b,trend_efficiency_high,HIGH_VOL,8H,163,0.5572002923976609
atr_12b,trend_efficiency_high,LOW_VOL_RANGE,12H,1024,0.5200974421437272
atr_12b,trend_efficiency_high,LOW_VOL_RANGE,1H,1024,0.525445686360594
atr_12b,trend_efficiency_high,LOW_VOL_RANGE,24H,1024,0.5172232827355925
atr_12b,trend_efficiency_high,LOW_VOL_RANGE,2H,1024,0.5078489111862435
atr_12b,trend_efficiency_high,LOW_VOL_RANGE,4H,1016,0.5086782423812899
atr_12b,trend_efficiency_high,LOW_VOL_RANGE,8H,1016,0.5232609507217522
atr_12b,trend_efficiency_high,NORMAL_RANGE,12H,2314,0.5033476394849785
atr_12b,trend_efficiency_high,NORMAL_RANGE,1H,2314,0.5347618501027592
atr_12b,trend_efficiency_high,NORMAL_RANGE,24H,2314,0.5651774958590574
atr_12b,trend_efficiency_high,NORMAL_RANGE,2H,2314,0.5318616775978684
atr_12b,trend_efficiency_high,NORMAL_RANGE,4H,2303,0.5049141421192238
atr_12b,trend_efficiency_high,NORMAL_RANGE,8H,2303,0.5330016625842398
atr_12b,trend_efficiency_high,TREND_DOWN,12H,190,0.5631059556786704
atr_12b,trend_efficiency_high,TREND_DOWN,1H,190,0.5441017316017316
atr_12b,trend_efficiency_high,TREND_DOWN,24H,190,0.5968614718614719
atr_12b,trend_efficiency_high,TREND_DOWN,2H,190,0.5353915662650602
atr_12b,trend_efficiency_high,TREND_DOWN,4H,189,0.6331168831168832
atr_12b,trend_efficiency_high,TREND_DOWN,8H,189,0.5024092970521542
atr_12b,trend_efficiency_high,TREND_UP,12H,179,0.5484892787524367
atr_12b,trend_efficiency_high,TREND_UP,1H,179,0.5392156862745098
atr_12b,trend_efficiency_high,TREND_UP,24H,179,0.6427293064876958
atr_12b,trend_efficiency_high,TREND_UP,2H,179,0.5688268684957427
atr_12b,trend_efficiency_high,TREND_UP,4H,179,0.5161073825503355
atr_12b,trend_efficiency_high,TREND_UP,8H,179,0.5227465986394558
atr_12b,trend_efficiency_high,VOLATILITY_EXPANSION,12H,324,0.5339013009049773
atr_12b,trend_efficiency_high,VOLATILITY_EXPANSION,1H,324,0.5082653985507246
atr_12b,trend_efficiency_high,VOLATILITY_EXPANSION,24H,324,0.5536197980792908
atr_12b,trend_efficiency_high,VOLATILITY_EXPANSION,2H,324,0.5682441700960219
atr_12b,trend_efficiency_high,VOLATILITY_EXPANSION,4H,319,0.5217943948412698
atr_12b,trend_efficiency_high,VOLATILITY_EXPANSION,8H,319,0.5140445453255781
bollinger_bandwidth_20b,upside_breakout_occurred,HIGH_VOL,12H,163,0.698603097479502
bollinger_bandwidth_20b,upside_breakout_occurred,HIGH_VOL,1H,163,0.5092894393741851
bollinger_bandwidth_20b,upside_breakout_occurred,HIGH_VOL,24H,163,0.6898656898656899
bollinger_bandwidth_20b,upside_breakout_occurred,HIGH_VOL,2H,163,0.5257229832572299
bollinger_bandwidth_20b,upside_breakout_occurred,HIGH_VOL,4H,163,0.588456901748041
bollinger_bandwidth_20b,upside_breakout_occurred,HIGH_VOL,8H,163,0.6650558743582
bollinger_bandwidth_20b,upside_breakout_occurred,LOW_VOL_RANGE,12H,1024,0.6310477091214797
bollinger_bandwidth_20b,upside_breakout_occurred,LOW_VOL_RANGE,1H,1024,0.575040053967451
bollinger_bandwidth_20b,upside_breakout_occurred,LOW_VOL_RANGE,24H,1024,0.6397099832682656
bollinger_bandwidth_20b,upside_breakout_occurred,LOW_VOL_RANGE,2H,1024,0.5747330883282544
bollinger_bandwidth_20b,upside_breakout_occurred,LOW_VOL_RANGE,4H,1016,0.5363811335280665
bollinger_bandwidth_20b,upside_breakout_occurred,LOW_VOL_RANGE,8H,1016,0.5916427097937584
bollinger_bandwidth_20b,upside_breakout_occurred,NORMAL_RANGE,12H,2314,0.6081762583243872
bollinger_bandwidth_20b,upside_breakout_occurred,NORMAL_RANGE,1H,2314,0.5504459114429895
bollinger_bandwidth_20b,upside_breakout_occurred,NORMAL_RANGE,24H,2314,0.641785665365386
bollinger_bandwidth_20b,upside_breakout_occurred,NORMAL_RANGE,2H,2314,0.5705160080791014
bollinger_bandwidth_20b,upside_breakout_occurred,NORMAL_RANGE,4H,2303,0.5858097384459116
bollinger_bandwidth_20b,upside_breakout_occurred,NORMAL_RANGE,8H,2303,0.609161984072442
bollinger_bandwidth_20b,upside_breakout_occurred,TREND_DOWN,12H,190,0.6274509803921569
bollinger_bandwidth_20b,upside_breakout_occurred,TREND_DOWN,1H,190,0.6865492873398011
bollinger_bandwidth_20b,upside_breakout_occurred,TREND_DOWN,24H,190,0.6381461675579323
bollinger_bandwidth_20b,upside_breakout_occurred,TREND_DOWN,2H,190,0.673928238583411
bollinger_bandwidth_20b,upside_breakout_occurred,TREND_DOWN,4H,189,0.6220943613348677
bollinger_bandwidth_20b,upside_breakout_occurred,TREND_DOWN,8H,189,0.6067731773177318
bollinger_bandwidth_20b,upside_breakout_occurred,TREND_UP,12H,179,0.6101802487941101
bollinger_bandwidth_20b,upside_breakout_occurred,TREND_UP,1H,179,0.6590909090909092
bollinger_bandwidth_20b,upside_breakout_occurred,TREND_UP,24H,179,0.6257492507492508
bollinger_bandwidth_20b,upside_breakout_occurred,TREND_UP,2H,179,0.6134085213032581
bollinger_bandwidth_20b,upside_breakout_occurred,TREND_UP,4H,179,0.65
bollinger_bandwidth_20b,upside_breakout_occurred,TREND_UP,8H,179,0.655
bollinger_bandwidth_20b,upside_breakout_occurred,VOLATILITY_EXPANSION,12H,324,0.6442163585993914
bollinger_bandwidth_20b,upside_breakout_occurred,VOLATILITY_EXPANSION,1H,324,0.6034015168926683
bollinger_bandwidth_20b,upside_breakout_occurred,VOLATILITY_EXPANSION,24H,324,0.6757917789757413
bollinger_bandwidth_20b,upside_breakout_occurred,VOLATILITY_EXPANSION,2H,324,0.5586508939859129
bollinger_bandwidth_20b,upside_breakout_occurred,VOLATILITY_EXPANSION,4H,319,0.5433333333333333
bollinger_bandwidth_20b,upside_breakout_occurred,VOLATILITY_EXPANSION,8H,319,0.5539517937219731
bollinger_bandwidth_20b,downside_breakdown_occurred,HIGH_VOL,12H,163,0.5582738702004757
bollinger_bandwidth_20b,downside_breakdown_occurred,HIGH_VOL,1H,163,0.5405723905723906
bollinger_bandwidth_20b,downside_breakdown_occurred,HIGH_VOL,24H,163,0.5358477743798844
bollinger_bandwidth_20b,downside_breakdown_occurred,HIGH_VOL,2H,163,0.5799313893653517
bollinger_bandwidth_20b,downside_breakdown_occurred,HIGH_VOL,4H,163,0.512173290368779
bollinger_bandwidth_20b,downside_breakdown_occurred,HIGH_VOL,8H,163,0.5072815533980582
bollinger_bandwidth_20b,downside_breakdown_occurred,LOW_VOL_RANGE,12H,1024,0.529377935000724
bollinger_bandwidth_20b,downside_breakdown_occurred,LOW_VOL_RANGE,1H,1024,0.5247766251346209
bollinger_bandwidth_20b,downside_breakdown_occurred,LOW_VOL_RANGE,24H,1024,0.560970430535648
bollinger_bandwidth_20b,downside_breakdown_occurred,LOW_VOL_RANGE,2H,1024,0.5385276917784658
bollinger_bandwidth_20b,downside_breakdown_occurred,LOW_VOL_RANGE,4H,1016,0.5447143449879428
bollinger_bandwidth_20b,downside_breakdown_occurred,LOW_VOL_RANGE,8H,1016,0.5277558016877637
bollinger_bandwidth_20b,downside_breakdown_occurred,NORMAL_RANGE,12H,2314,0.545772378516624
bollinger_bandwidth_20b,downside_breakdown_occurred,NORMAL_RANGE,1H,2314,0.5396884613618623
bollinger_bandwidth_20b,downside_breakdown_occurred,NORMAL_RANGE,24H,2314,0.5689587837075011
bollinger_bandwidth_20b,downside_breakdown_occurred,NORMAL_RANGE,2H,2314,0.5494657195600536
bollinger_bandwidth_20b,downside_breakdown_occurred,NORMAL_RANGE,4H,2303,0.541203507106637
bollinger_bandwidth_20b,downside_breakdown_occurred,NORMAL_RANGE,8H,2303,0.5349339873162806
bollinger_bandwidth_20b,downside_breakdown_occurred,TREND_DOWN,12H,190,0.5601728723404256
bollinger_bandwidth_20b,downside_breakdown_occurred,TREND_DOWN,1H,190,0.5762499999999999
bollinger_bandwidth_20b,downside_breakdown_occurred,TREND_DOWN,24H,190,0.5422207446808511
bollinger_bandwidth_20b,downside_breakdown_occurred,TREND_DOWN,2H,190,0.5193695193695194
bollinger_bandwidth_20b,downside_breakdown_occurred,TREND_DOWN,4H,189,0.5503137606454505
bollinger_bandwidth_20b,downside_breakdown_occurred,TREND_DOWN,8H,189,0.5278280542986425
bollinger_bandwidth_20b,downside_breakdown_occurred,TREND_UP,12H,179,0.570957095709571
bollinger_bandwidth_20b,downside_breakdown_occurred,TREND_UP,1H,179,0.5919509594882729
bollinger_bandwidth_20b,downside_breakdown_occurred,TREND_UP,24H,179,0.5842343474981142
bollinger_bandwidth_20b,downside_breakdown_occurred,TREND_UP,2H,179,0.5856816450875857
bollinger_bandwidth_20b,downside_breakdown_occurred,TREND_UP,4H,179,0.5761538461538461
bollinger_bandwidth_20b,downside_breakdown_occurred,TREND_UP,8H,179,0.5494208494208495
bollinger_bandwidth_20b,downside_breakdown_occurred,VOLATILITY_EXPANSION,12H,324,0.5803727200634416
bollinger_bandwidth_20b,downside_breakdown_occurred,VOLATILITY_EXPANSION,1H,324,0.557469849864632
bollinger_bandwidth_20b,downside_breakdown_occurred,VOLATILITY_EXPANSION,24H,324,0.671319590975491
bollinger_bandwidth_20b,downside_breakdown_occurred,VOLATILITY_EXPANSION,2H,324,0.59238650415121
bollinger_bandwidth_20b,downside_breakdown_occurred,VOLATILITY_EXPANSION,4H,319,0.5874862973269247
bollinger_bandwidth_20b,downside_breakdown_occurred,VOLATILITY_EXPANSION,8H,319,0.5632021303153865
bollinger_bandwidth_20b,range_breached,HIGH_VOL,12H,163,0.8698198198198198
bollinger_bandwidth_20b,range_breached,HIGH_VOL,1H,163,0.8569620253164557
bollinger_bandwidth_20b,range_breached,HIGH_VOL,24H,163,0.8676923076923077
bollinger_bandwidth_20b,range_breached,HIGH_VOL,2H,163,0.6252653927813163
bollinger_bandwidth_20b,range_breached,HIGH_VOL,4H,163,0.5860805860805861
bollinger_bandwidth_20b,range_breached,HIGH_VOL,8H,163,0.6115384615384616
bollinger_bandwidth_20b,range_breached,LOW_VOL_RANGE,12H,1024,0.8329747561675273
bollinger_bandwidth_20b,range_breached,LOW_VOL_RANGE,1H,1024,0.6793723815000411
bollinger_bandwidth_20b,range_breached,LOW_VOL_RANGE,24H,1024,0.7362745098039216
bollinger_bandwidth_20b,range_breached,LOW_VOL_RANGE,2H,1024,0.6557860998650472
bollinger_bandwidth_20b,range_breached,LOW_VOL_RANGE,4H,1016,0.6899580682475419
bollinger_bandwidth_20b,range_breached,LOW_VOL_RANGE,8H,1016,0.7993059572006941
bollinger_bandwidth_20b,range_breached,NORMAL_RANGE,12H,2314,0.6722937190481448
bollinger_bandwidth_20b,range_breached,NORMAL_RANGE,1H,2314,0.6245553557154276
bollinger_bandwidth_20b,range_breached,NORMAL_RANGE,24H,2314,0.7910485167458265
bollinger_bandwidth_20b,range_breached,NORMAL_RANGE,2H,2314,0.7206798486701866
bollinger_bandwidth_20b,range_breached,NORMAL_RANGE,4H,2303,0.7238793009877347
bollinger_bandwidth_20b,range_breached,NORMAL_RANGE,8H,2303,0.7038513456508901
bollinger_bandwidth_20b,range_breached,TREND_DOWN,12H,190,0.7150562851782364
bollinger_bandwidth_20b,range_breached,TREND_DOWN,1H,190,0.7980278816729004
bollinger_bandwidth_20b,range_breached,TREND_DOWN,24H,190,0.6990461847389557
bollinger_bandwidth_20b,range_breached,TREND_DOWN,2H,190,0.7076282218172352
bollinger_bandwidth_20b,range_breached,TREND_DOWN,4H,189,0.7411979881115683
bollinger_bandwidth_20b,range_breached,TREND_DOWN,8H,189,0.6252525252525252
bollinger_bandwidth_20b,range_breached,TREND_UP,12H,179,0.6186206896551725
bollinger_bandwidth_20b,range_breached,TREND_UP,1H,179,0.7488851727982162
bollinger_bandwidth_20b,range_breached,TREND_UP,24H,179,0.5993377483443709
bollinger_bandwidth_20b,range_breached,TREND_UP,2H,179,0.7303763440860215
bollinger_bandwidth_20b,range_breached,TREND_UP,4H,179,0.6926436781609195
bollinger_bandwidth_20b,range_breached,TREND_UP,8H,179,0.6761695906432749
bollinger_bandwidth_20b,range_breached,VOLATILITY_EXPANSION,12H,324,0.7644521138912856
bollinger_bandwidth_20b,range_breached,VOLATILITY_EXPANSION,1H,324,0.836331569664903
bollinger_bandwidth_20b,range_breached,VOLATILITY_EXPANSION,24H,324,0.8473578595317726
bollinger_bandwidth_20b,range_breached,VOLATILITY_EXPANSION,2H,324,0.726002703920685
bollinger_bandwidth_20b,range_breached,VOLATILITY_EXPANSION,4H,319,0.8641479099678456
bollinger_bandwidth_20b,range_breached,VOLATILITY_EXPANSION,8H,319,0.7145808736717827
bollinger_bandwidth_20b,path_inside_70,HIGH_VOL,12H,163,0.8698198198198198
bollinger_bandwidth_20b,path_inside_70,HIGH_VOL,1H,163,0.8569620253164557
bollinger_bandwidth_20b,path_inside_70,HIGH_VOL,24H,163,0.8676923076923077
bollinger_bandwidth_20b,path_inside_70,HIGH_VOL,2H,163,0.6252653927813163
bollinger_bandwidth_20b,path_inside_70,HIGH_VOL,4H,163,0.5860805860805861
bollinger_bandwidth_20b,path_inside_70,HIGH_VOL,8H,163,0.6115384615384616
bollinger_bandwidth_20b,path_inside_70,LOW_VOL_RANGE,12H,1024,0.8329747561675273
bollinger_bandwidth_20b,path_inside_70,LOW_VOL_RANGE,1H,1024,0.6793723815000411
bollinger_bandwidth_20b,path_inside_70,LOW_VOL_RANGE,24H,1024,0.7362745098039216
bollinger_bandwidth_20b,path_inside_70,LOW_VOL_RANGE,2H,1024,0.6557860998650472
bollinger_bandwidth_20b,path_inside_70,LOW_VOL_RANGE,4H,1016,0.6899580682475419
bollinger_bandwidth_20b,path_inside_70,LOW_VOL_RANGE,8H,1016,0.7993059572006941
bollinger_bandwidth_20b,path_inside_70,NORMAL_RANGE,12H,2314,0.6722937190481448
bollinger_bandwidth_20b,path_inside_70,NORMAL_RANGE,1H,2314,0.6245553557154276
bollinger_bandwidth_20b,path_inside_70,NORMAL_RANGE,24H,2314,0.7910485167458265
bollinger_bandwidth_20b,path_inside_70,NORMAL_RANGE,2H,2314,0.7206798486701866
bollinger_bandwidth_20b,path_inside_70,NORMAL_RANGE,4H,2303,0.7238793009877347
bollinger_bandwidth_20b,path_inside_70,NORMAL_RANGE,8H,2303,0.70385134565089
bollinger_bandwidth_20b,path_inside_70,TREND_DOWN,12H,190,0.7150562851782364
bollinger_bandwidth_20b,path_inside_70,TREND_DOWN,1H,190,0.7980278816729004
bollinger_bandwidth_20b,path_inside_70,TREND_DOWN,24H,190,0.6990461847389559
bollinger_bandwidth_20b,path_inside_70,TREND_DOWN,2H,190,0.7076282218172351
bollinger_bandwidth_20b,path_inside_70,TREND_DOWN,4H,189,0.7411979881115683
bollinger_bandwidth_20b,path_inside_70,TREND_DOWN,8H,189,0.6252525252525253
bollinger_bandwidth_20b,path_inside_70,TREND_UP,12H,179,0.6186206896551724
bollinger_bandwidth_20b,path_inside_70,TREND_UP,1H,179,0.7488851727982163
bollinger_bandwidth_20b,path_inside_70,TREND_UP,24H,179,0.5993377483443708
bollinger_bandwidth_20b,path_inside_70,TREND_UP,2H,179,0.7303763440860215
bollinger_bandwidth_20b,path_inside_70,TREND_UP,4H,179,0.6926436781609195
bollinger_bandwidth_20b,path_inside_70,TREND_UP,8H,179,0.6761695906432749
bollinger_bandwidth_20b,path_inside_70,VOLATILITY_EXPANSION,12H,324,0.7644521138912856
bollinger_bandwidth_20b,path_inside_70,VOLATILITY_EXPANSION,1H,324,0.836331569664903
bollinger_bandwidth_20b,path_inside_70,VOLATILITY_EXPANSION,24H,324,0.8473578595317726
bollinger_bandwidth_20b,path_inside_70,VOLATILITY_EXPANSION,2H,324,0.726002703920685
bollinger_bandwidth_20b,path_inside_70,VOLATILITY_EXPANSION,4H,319,0.8641479099678456
bollinger_bandwidth_20b,path_inside_70,VOLATILITY_EXPANSION,8H,319,0.7145808736717828
bollinger_bandwidth_20b,trend_efficiency_high,HIGH_VOL,12H,163,0.6879496402877698
bollinger_bandwidth_20b,trend_efficiency_high,HIGH_VOL,1H,163,0.6151515151515151
bollinger_bandwidth_20b,trend_efficiency_high,HIGH_VOL,24H,163,0.5760869565217391
bollinger_bandwidth_20b,trend_efficiency_high,HIGH_VOL,2H,163,0.6092111263109895
bollinger_bandwidth_20b,trend_efficiency_high,HIGH_VOL,4H,163,0.6170212765957447
bollinger_bandwidth_20b,trend_efficiency_high,HIGH_VOL,8H,163,0.5043859649122807
bollinger_bandwidth_20b,trend_efficiency_high,LOW_VOL_RANGE,12H,1024,0.5164193612259469
bollinger_bandwidth_20b,trend_efficiency_high,LOW_VOL_RANGE,1H,1024,0.5383574559351677
bollinger_bandwidth_20b,trend_efficiency_high,LOW_VOL_RANGE,24H,1024,0.5025257950269766
bollinger_bandwidth_20b,trend_efficiency_high,LOW_VOL_RANGE,2H,1024,0.5028610899043879
bollinger_bandwidth_20b,trend_efficiency_high,LOW_VOL_RANGE,4H,1016,0.5074415308291992
bollinger_bandwidth_20b,trend_efficiency_high,LOW_VOL_RANGE,8H,1016,0.5317633150821304
bollinger_bandwidth_20b,trend_efficiency_high,NORMAL_RANGE,12H,2314,0.5044670958512161
bollinger_bandwidth_20b,trend_efficiency_high,NORMAL_RANGE,1H,2314,0.5254889260571078
bollinger_bandwidth_20b,trend_efficiency_high,NORMAL_RANGE,24H,2314,0.5557227356572805
bollinger_bandwidth_20b,trend_efficiency_high,NORMAL_RANGE,2H,2314,0.5268817893010863
bollinger_bandwidth_20b,trend_efficiency_high,NORMAL_RANGE,4H,2303,0.5018136128843933
bollinger_bandwidth_20b,trend_efficiency_high,NORMAL_RANGE,8H,2303,0.5089462261876054
bollinger_bandwidth_20b,trend_efficiency_high,TREND_DOWN,12H,190,0.5349722991689752
bollinger_bandwidth_20b,trend_efficiency_high,TREND_DOWN,1H,190,0.5262445887445888
bollinger_bandwidth_20b,trend_efficiency_high,TREND_DOWN,24H,190,0.652056277056277
bollinger_bandwidth_20b,trend_efficiency_high,TREND_DOWN,2H,190,0.5386546184738956
bollinger_bandwidth_20b,trend_efficiency_high,TREND_DOWN,4H,189,0.6322820037105752
bollinger_bandwidth_20b,trend_efficiency_high,TREND_DOWN,8H,189,0.5385487528344671
bollinger_bandwidth_20b,trend_efficiency_high,TREND_UP,12H,179,0.574317738791423
bollinger_bandwidth_20b,trend_efficiency_high,TREND_UP,1H,179,0.5490196078431373
bollinger_bandwidth_20b,trend_efficiency_high,TREND_UP,24H,179,0.6295302013422819
bollinger_bandwidth_20b,trend_efficiency_high,TREND_UP,2H,179,0.5962630085146642
bollinger_bandwidth_20b,trend_efficiency_high,TREND_UP,4H,179,0.5058165548098434
bollinger_bandwidth_20b,trend_efficiency_high,TREND_UP,8H,179,0.5599489795918368
bollinger_bandwidth_20b,trend_efficiency_high,VOLATILITY_EXPANSION,12H,324,0.5492788461538461
bollinger_bandwidth_20b,trend_efficiency_high,VOLATILITY_EXPANSION,1H,324,0.5350996376811594
bollinger_bandwidth_20b,trend_efficiency_high,VOLATILITY_EXPANSION,24H,324,0.5059098744151687
bollinger_bandwidth_20b,trend_efficiency_high,VOLATILITY_EXPANSION,2H,324,0.5528120713305898
bollinger_bandwidth_20b,trend_efficiency_high,VOLATILITY_EXPANSION,4H,319,0.5046502976190477
bollinger_bandwidth_20b,trend_efficiency_high,VOLATILITY_EXPANSION,8H,319,0.533479926230671
keltner_width_20b,upside_breakout_occurred,HIGH_VOL,12H,163,0.7518979653811114
keltner_width_20b,upside_breakout_occurred,HIGH_VOL,1H,163,0.5340612777053455
keltner_width_20b,upside_breakout_occurred,HIGH_VOL,24H,163,0.7351953601953602
keltner_width_20b,upside_breakout_occurred,HIGH_VOL,2H,163,0.513089802130898
keltner_width_20b,upside_breakout_occurred,HIGH_VOL,4H,163,0.6063893911995177
keltner_width_20b,upside_breakout_occurred,HIGH_VOL,8H,163,0.6875566294170945
keltner_width_20b,upside_breakout_occurred,LOW_VOL_RANGE,12H,1024,0.6158154686843211
keltner_width_20b,upside_breakout_occurred,LOW_VOL_RANGE,1H,1024,0.5652078590100346
keltner_width_20b,upside_breakout_occurred,LOW_VOL_RANGE,24H,1024,0.6405612469545308
keltner_width_20b,upside_breakout_occurred,LOW_VOL_RANGE,2H,1024,0.5707964408870754
keltner_width_20b,upside_breakout_occurred,LOW_VOL_RANGE,4H,1016,0.5485587482734415
keltner_width_20b,upside_breakout_occurred,LOW_VOL_RANGE,8H,1016,0.5852841072701438
keltner_width_20b,upside_breakout_occurred,NORMAL_RANGE,12H,2314,0.6325106116411183
keltner_width_20b,upside_breakout_occurred,NORMAL_RANGE,1H,2314,0.5524267602980493
keltner_width_20b,upside_breakout_occurred,NORMAL_RANGE,24H,2314,0.6626035887952879
keltner_width_20b,upside_breakout_occurred,NORMAL_RANGE,2H,2314,0.575557171936234
keltner_width_20b,upside_breakout_occurred,NORMAL_RANGE,4H,2303,0.5992802501269681
keltner_width_20b,upside_breakout_occurred,NORMAL_RANGE,8H,2303,0.6315988195820026
keltner_width_20b,upside_breakout_occurred,TREND_DOWN,12H,190,0.6130793226381461
keltner_width_20b,upside_breakout_occurred,TREND_DOWN,1H,190,0.6013893879506528
keltner_width_20b,upside_breakout_occurred,TREND_DOWN,24H,190,0.6058377896613191
keltner_width_20b,upside_breakout_occurred,TREND_DOWN,2H,190,0.6344361602982292
keltner_width_20b,upside_breakout_occurred,TREND_DOWN,4H,189,0.5575373993095512
keltner_width_20b,upside_breakout_occurred,TREND_DOWN,8H,189,0.5844959495949595
keltner_width_20b,upside_breakout_occurred,TREND_UP,12H,179,0.6449606499111449
keltner_width_20b,upside_breakout_occurred,TREND_UP,1H,179,0.6167582417582418
keltner_width_20b,upside_breakout_occurred,TREND_UP,24H,179,0.6191308691308691
keltner_width_20b,upside_breakout_occurred,TREND_UP,2H,179,0.5769423558897243
keltner_width_20b,upside_breakout_occurred,TREND_UP,4H,179,0.6144871794871796
keltner_width_20b,upside_breakout_occurred,TREND_UP,8H,179,0.6597435897435897
keltner_width_20b,upside_breakout_occurred,VOLATILITY_EXPANSION,12H,324,0.681139016304101
keltner_width_20b,upside_breakout_occurred,VOLATILITY_EXPANSION,1H,324,0.5945299931050334
keltner_width_20b,upside_breakout_occurred,VOLATILITY_EXPANSION,24H,324,0.7191290431266846
keltner_width_20b,upside_breakout_occurred,VOLATILITY_EXPANSION,2H,324,0.5479050027090482
keltner_width_20b,upside_breakout_occurred,VOLATILITY_EXPANSION,4H,319,0.5336986301369864
keltner_width_20b,upside_breakout_occurred,VOLATILITY_EXPANSION,8H,319,0.5635276532137519
keltner_width_20b,downside_breakdown_occurred,HIGH_VOL,12H,163,0.5477404009514102
keltner_width_20b,downside_breakdown_occurred,HIGH_VOL,1H,163,0.5914141414141414
keltner_width_20b,downside_breakdown_occurred,HIGH_VOL,24H,163,0.5378865103635746
keltner_width_20b,downside_breakdown_occurred,HIGH_VOL,2H,163,0.6137221269296741
keltner_width_20b,downside_breakdown_occurred,HIGH_VOL,4H,163,0.5241675617615467
keltner_width_20b,downside_breakdown_occurred,HIGH_VOL,8H,163,0.5713592233009709
keltner_width_20b,downside_breakdown_occurred,LOW_VOL_RANGE,12H,1024,0.5501851507064689
keltner_width_20b,downside_breakdown_occurred,LOW_VOL_RANGE,1H,1024,0.5311022096978107
keltner_width_20b,downside_breakdown_occurred,LOW_VOL_RANGE,24H,1024,0.5780334802073932
keltner_width_20b,downside_breakdown_occurred,LOW_VOL_RANGE,2H,1024,0.5402190115812406
keltner_width_20b,downside_breakdown_occurred,LOW_VOL_RANGE,4H,1016,0.5585667747090456
keltner_width_20b,downside_breakdown_occurred,LOW_VOL_RANGE,8H,1016,0.5513746044303798
keltner_width_20b,downside_breakdown_occurred,NORMAL_RANGE,12H,2314,0.5520341005967604
keltner_width_20b,downside_breakdown_occurred,NORMAL_RANGE,1H,2314,0.5503384649695315
keltner_width_20b,downside_breakdown_occurred,NORMAL_RANGE,24H,2314,0.5822122239737741
keltner_width_20b,downside_breakdown_occurred,NORMAL_RANGE,2H,2314,0.5601585897965506
keltner_width_20b,downside_breakdown_occurred,NORMAL_RANGE,4H,2303,0.5549854703203191
keltner_width_20b,downside_breakdown_occurred,NORMAL_RANGE,8H,2303,0.542267402568146
keltner_width_20b,downside_breakdown_occurred,TREND_DOWN,12H,190,0.583554964539007
keltner_width_20b,downside_breakdown_occurred,TREND_DOWN,1H,190,0.5882954545454546
keltner_width_20b,downside_breakdown_occurred,TREND_DOWN,24H,190,0.5939716312056738
keltner_width_20b,downside_breakdown_occurred,TREND_DOWN,2H,190,0.5736485736485737
keltner_width_20b,downside_breakdown_occurred,TREND_DOWN,4H,189,0.6395114298520843
keltner_width_20b,downside_breakdown_occurred,TREND_DOWN,8H,189,0.5961538461538461
keltner_width_20b,downside_breakdown_occurred,TREND_UP,12H,179,0.5855547093170855
keltner_width_20b,downside_breakdown_occurred,TREND_UP,1H,179,0.5255863539445629
keltner_width_20b,downside_breakdown_occurred,TREND_UP,24H,179,0.5916519989942167
keltner_width_20b,downside_breakdown_occurred,TREND_UP,2H,179,0.5578827113480579
keltner_width_20b,downside_breakdown_occurred,TREND_UP,4H,179,0.5308974358974359
keltner_width_20b,downside_breakdown_occurred,TREND_UP,8H,179,0.5832689832689832
keltner_width_20b,downside_breakdown_occurred,VOLATILITY_EXPANSION,12H,324,0.5729183187946074
keltner_width_20b,downside_breakdown_occurred,VOLATILITY_EXPANSION,1H,324,0.5525966034949545
keltner_width_20b,downside_breakdown_occurred,VOLATILITY_EXPANSION,24H,324,0.6539928583022236
keltner_width_20b,downside_breakdown_occurred,VOLATILITY_EXPANSION,2H,324,0.5511393746687865
keltner_width_20b,downside_breakdown_occurred,VOLATILITY_EXPANSION,4H,319,0.561135002951345
keltner_width_20b,downside_breakdown_occurred,VOLATILITY_EXPANSION,8H,319,0.5585004576849464
keltner_width_20b,range_breached,HIGH_VOL,12H,163,0.9072072072072073
keltner_width_20b,range_breached,HIGH_VOL,1H,163,0.7784810126582279
keltner_width_20b,range_breached,HIGH_VOL,24H,163,0.8928205128205128
keltner_width_20b,range_breached,HIGH_VOL,2H,163,0.6666666666666667
keltner_width_20b,range_breached,HIGH_VOL,4H,163,0.6346153846153846
keltner_width_20b,range_breached,HIGH_VOL,8H,163,0.7041958041958042
keltner_width_20b,range_breached,LOW_VOL_RANGE,12H,1024,0.8313970166379805
keltner_width_20b,range_breached,LOW_VOL_RANGE,1H,1024,0.6730195240833539
keltner_width_20b,range_breached,LOW_VOL_RANGE,24H,1024,0.741711229946524
keltner_width_20b,range_breached,LOW_VOL_RANGE,2H,1024,0.6769568151147098
keltner_width_20b,range_breached,LOW_VOL_RANGE,4H,1016,0.7443247541931752
keltner_width_20b,range_breached,LOW_VOL_RANGE,8H,1016,0.7983299595141701
keltner_width_20b,range_breached,NORMAL_RANGE,12H,2314,0.7220375164088282
keltner_width_20b,range_breached,NORMAL_RANGE,1H,2314,0.6081085131894484
keltner_width_20b,range_breached,NORMAL_RANGE,24H,2314,0.8233909763865201
keltner_width_20b,range_breached,NORMAL_RANGE,2H,2314,0.7299082833975917
keltner_width_20b,range_breached,NORMAL_RANGE,4H,2303,0.7562248995983936
keltner_width_20b,range_breached,NORMAL_RANGE,8H,2303,0.7343204252088079
keltner_width_20b,range_breached,TREND_DOWN,12H,190,0.6913696060037524
keltner_width_20b,range_breached,TREND_DOWN,1H,190,0.675960557633458
keltner_width_20b,range_breached,TREND_DOWN,24H,190,0.7055722891566265
keltner_width_20b,range_breached,TREND_DOWN,2H,190,0.6802915907315803
keltner_width_20b,range_breached,TREND_DOWN,4H,189,0.6762688614540466
keltner_width_20b,range_breached,TREND_DOWN,8H,189,0.6984848484848485
keltner_width_20b,range_breached,TREND_UP,12H,179,0.7094252873563218
keltner_width_20b,range_breached,TREND_UP,1H,179,0.6173355629877368
keltner_width_20b,range_breached,TREND_UP,24H,179,0.6702932828760644
keltner_width_20b,range_breached,TREND_UP,2H,179,0.6274193548387097
keltner_width_20b,range_breached,TREND_UP,4H,179,0.5983908045977011
keltner_width_20b,range_breached,TREND_UP,8H,179,0.7378167641325536
keltner_width_20b,range_breached,VOLATILITY_EXPANSION,12H,324,0.7520276100086282
keltner_width_20b,range_breached,VOLATILITY_EXPANSION,1H,324,0.837389770723104
keltner_width_20b,range_breached,VOLATILITY_EXPANSION,24H,324,0.8593979933110367
keltner_width_20b,range_breached,VOLATILITY_EXPANSION,2H,324,0.67598017124831
keltner_width_20b,range_breached,VOLATILITY_EXPANSION,4H,319,0.8303858520900321
keltner_width_20b,range_breached,VOLATILITY_EXPANSION,8H,319,0.724616292798111
keltner_width_20b,path_inside_70,HIGH_VOL,12H,163,0.9072072072072072
keltner_width_20b,path_inside_70,HIGH_VOL,1H,163,0.7784810126582279
keltner_width_20b,path_inside_70,HIGH_VOL,24H,163,0.8928205128205128
keltner_width_20b,path_inside_70,HIGH_VOL,2H,163,0.6666666666666666
keltner_width_20b,path_inside_70,HIGH_VOL,4H,163,0.6346153846153846
keltner_width_20b,path_inside_70,HIGH_VOL,8H,163,0.7041958041958042
keltner_width_20b,path_inside_70,LOW_VOL_RANGE,12H,1024,0.8313970166379805
keltner_width_20b,path_inside_70,LOW_VOL_RANGE,1H,1024,0.6730195240833539
keltner_width_20b,path_inside_70,LOW_VOL_RANGE,24H,1024,0.741711229946524
keltner_width_20b,path_inside_70,LOW_VOL_RANGE,2H,1024,0.6769568151147098
keltner_width_20b,path_inside_70,LOW_VOL_RANGE,4H,1016,0.7443247541931752
keltner_width_20b,path_inside_70,LOW_VOL_RANGE,8H,1016,0.7983299595141701
keltner_width_20b,path_inside_70,NORMAL_RANGE,12H,2314,0.7220375164088283
keltner_width_20b,path_inside_70,NORMAL_RANGE,1H,2314,0.6081085131894485
keltner_width_20b,path_inside_70,NORMAL_RANGE,24H,2314,0.8233909763865203
keltner_width_20b,path_inside_70,NORMAL_RANGE,2H,2314,0.7299082833975917
keltner_width_20b,path_inside_70,NORMAL_RANGE,4H,2303,0.7562248995983936
keltner_width_20b,path_inside_70,NORMAL_RANGE,8H,2303,0.7343204252088079
keltner_width_20b,path_inside_70,TREND_DOWN,12H,190,0.6913696060037523
keltner_width_20b,path_inside_70,TREND_DOWN,1H,190,0.675960557633458
keltner_width_20b,path_inside_70,TREND_DOWN,24H,190,0.7055722891566265
keltner_width_20b,path_inside_70,TREND_DOWN,2H,190,0.6802915907315803
keltner_width_20b,path_inside_70,TREND_DOWN,4H,189,0.6762688614540466
keltner_width_20b,path_inside_70,TREND_DOWN,8H,189,0.6984848484848485
keltner_width_20b,path_inside_70,TREND_UP,12H,179,0.7094252873563218
keltner_width_20b,path_inside_70,TREND_UP,1H,179,0.617335562987737
keltner_width_20b,path_inside_70,TREND_UP,24H,179,0.6702932828760644
keltner_width_20b,path_inside_70,TREND_UP,2H,179,0.6274193548387097
keltner_width_20b,path_inside_70,TREND_UP,4H,179,0.5983908045977011
keltner_width_20b,path_inside_70,TREND_UP,8H,179,0.7378167641325536
keltner_width_20b,path_inside_70,VOLATILITY_EXPANSION,12H,324,0.7520276100086282
keltner_width_20b,path_inside_70,VOLATILITY_EXPANSION,1H,324,0.837389770723104
keltner_width_20b,path_inside_70,VOLATILITY_EXPANSION,24H,324,0.8593979933110368
keltner_width_20b,path_inside_70,VOLATILITY_EXPANSION,2H,324,0.67598017124831
keltner_width_20b,path_inside_70,VOLATILITY_EXPANSION,4H,319,0.8303858520900321
keltner_width_20b,path_inside_70,VOLATILITY_EXPANSION,8H,319,0.724616292798111
keltner_width_20b,trend_efficiency_high,HIGH_VOL,12H,163,0.6196043165467626
keltner_width_20b,trend_efficiency_high,HIGH_VOL,1H,163,0.6396270396270396
keltner_width_20b,trend_efficiency_high,HIGH_VOL,24H,163,0.5166666666666666
keltner_width_20b,trend_efficiency_high,HIGH_VOL,2H,163,0.5994072047423621
keltner_width_20b,trend_efficiency_high,HIGH_VOL,4H,163,0.5222437137330754
keltner_width_20b,trend_efficiency_high,HIGH_VOL,8H,163,0.5888157894736843
keltner_width_20b,trend_efficiency_high,LOW_VOL_RANGE,12H,1024,0.5161433551538134
keltner_width_20b,trend_efficiency_high,LOW_VOL_RANGE,1H,1024,0.519133745492756
keltner_width_20b,trend_efficiency_high,LOW_VOL_RANGE,24H,1024,0.5222104235847261
keltner_width_20b,trend_efficiency_high,LOW_VOL_RANGE,2H,1024,0.5074490129785145
keltner_width_20b,trend_efficiency_high,LOW_VOL_RANGE,4H,1016,0.5052445074415308
keltner_width_20b,trend_efficiency_high,LOW_VOL_RANGE,8H,1016,0.5273643603782977
keltner_width_20b,trend_efficiency_high,NORMAL_RANGE,12H,2314,0.5014282308059133
keltner_width_20b,trend_efficiency_high,NORMAL_RANGE,1H,2314,0.5450555336918973
keltner_width_20b,trend_efficiency_high,NORMAL_RANGE,24H,2314,0.5601448388796868
keltner_width_20b,trend_efficiency_high,NORMAL_RANGE,2H,2314,0.5407153105144497
keltner_width_20b,trend_efficiency_high,NORMAL_RANGE,4H,2303,0.5023948827941569
keltner_width_20b,trend_efficiency_high,NORMAL_RANGE,8H,2303,0.5159836533702232
keltner_width_20b,trend_efficiency_high,TREND_DOWN,12H,190,0.5550554016620499
keltner_width_20b,trend_efficiency_high,TREND_DOWN,1H,190,0.5489718614718615
keltner_width_20b,trend_efficiency_high,TREND_DOWN,24H,190,0.5624098124098125
keltner_width_20b,trend_efficiency_high,TREND_DOWN,2H,190,0.5230923694779117
keltner_width_20b,trend_efficiency_high,TREND_DOWN,4H,189,0.5432282003710576
keltner_width_20b,trend_efficiency_high,TREND_DOWN,8H,189,0.5598072562358276
keltner_width_20b,trend_efficiency_high,TREND_UP,12H,179,0.5209551656920077
keltner_width_20b,trend_efficiency_high,TREND_UP,1H,179,0.5274007038712921
keltner_width_20b,trend_efficiency_high,TREND_UP,24H,179,0.6069351230425056
keltner_width_20b,trend_efficiency_high,TREND_UP,2H,179,0.5342951750236519
keltner_width_20b,trend_efficiency_high,TREND_UP,4H,179,0.5281879194630872
keltner_width_20b,trend_efficiency_high,TREND_UP,8H,179,0.5167942176870748
keltner_width_20b,trend_efficiency_high,VOLATILITY_EXPANSION,12H,324,0.5188065610859729
keltner_width_20b,trend_efficiency_high,VOLATILITY_EXPANSION,1H,324,0.5051328502415459
keltner_width_20b,trend_efficiency_high,VOLATILITY_EXPANSION,24H,324,0.5618074365919724
keltner_width_20b,trend_efficiency_high,VOLATILITY_EXPANSION,2H,324,0.5676268861454047
keltner_width_20b,trend_efficiency_high,VOLATILITY_EXPANSION,4H,319,0.5161210317460317
keltner_width_20b,trend_efficiency_high,VOLATILITY_EXPANSION,8H,319,0.5107107391119308
atr_24b,upside_breakout_occurred,HIGH_VOL,12H,163,0.8017005769814759
atr_24b,upside_breakout_occurred,HIGH_VOL,1H,163,0.5342242503259452
atr_24b,upside_breakout_occurred,HIGH_VOL,24H,163,0.7941086691086692
atr_24b,upside_breakout_occurred,HIGH_VOL,2H,163,0.50441400304414
atr_24b,upside_breakout_occurred,HIGH_VOL,4H,163,0.6098553345388789
atr_24b,upside_breakout_occurred,HIGH_VOL,8H,163,0.7114164904862579
atr_24b,upside_breakout_occurred,LOW_VOL_RANGE,12H,1024,0.6118353299705759
atr_24b,upside_breakout_occurred,LOW_VOL_RANGE,1H,1024,0.5593030609663547
atr_24b,upside_breakout_occurred,LOW_VOL_RANGE,24H,1024,0.6492999090028473
atr_24b,upside_breakout_occurred,LOW_VOL_RANGE,2H,1024,0.567657585784474
atr_24b,upside_breakout_occurred,LOW_VOL_RANGE,4H,1016,0.5424925842900166
atr_24b,upside_breakout_occurred,LOW_VOL_RANGE,8H,1016,0.5794943329604085
atr_24b,upside_breakout_occurred,NORMAL_RANGE,12H,2314,0.6513815216659242
atr_24b,upside_breakout_occurred,NORMAL_RANGE,1H,2314,0.5514235096537322
atr_24b,upside_breakout_occurred,NORMAL_RANGE,24H,2314,0.6863232826518731
atr_24b,upside_breakout_occurred,NORMAL_RANGE,2H,2314,0.5779386628188751
atr_24b,upside_breakout_occurred,NORMAL_RANGE,4H,2303,0.610459782884713
atr_24b,upside_breakout_occurred,NORMAL_RANGE,8H,2303,0.6477725674091441
atr_24b,upside_breakout_occurred,TREND_DOWN,12H,190,0.6502896613190731
atr_24b,upside_breakout_occurred,TREND_DOWN,1H,190,0.6181578632171518
atr_24b,upside_breakout_occurred,TREND_DOWN,24H,190,0.6402629233511586
atr_24b,upside_breakout_occurred,TREND_DOWN,2H,190,0.6507455731593663
atr_24b,upside_breakout_occurred,TREND_DOWN,4H,189,0.5851553509781358
atr_24b,upside_breakout_occurred,TREND_DOWN,8H,189,0.6257875787578757
atr_24b,upside_breakout_occurred,TREND_UP,12H,179,0.6653973089616654
atr_24b,upside_breakout_occurred,TREND_UP,1H,179,0.5939060939060938
atr_24b,upside_breakout_occurred,TREND_UP,24H,179,0.6437937062937062
atr_24b,upside_breakout_occurred,TREND_UP,2H,179,0.562155388471178
atr_24b,upside_breakout_occurred,TREND_UP,4H,179,0.6178205128205128
atr_24b,upside_breakout_occurred,TREND_UP,8H,179,0.6717948717948719
atr_24b,upside_breakout_occurred,VOLATILITY_EXPANSION,12H,324,0.6900404196375858
atr_24b,upside_breakout_occurred,VOLATILITY_EXPANSION,1H,324,0.606205470006895
atr_24b,upside_breakout_occurred,VOLATILITY_EXPANSION,24H,324,0.7390919811320755
atr_24b,upside_breakout_occurred,VOLATILITY_EXPANSION,2H,324,0.5663716814159292
atr_24b,upside_breakout_occurred,VOLATILITY_EXPANSION,4H,319,0.5474885844748858
atr_24b,upside_breakout_occurred,VOLATILITY_EXPANSION,8H,319,0.5751588191330343
atr_24b,downside_breakdown_occurred,HIGH_VOL,12H,163,0.5030581039755352
atr_24b,downside_breakdown_occurred,HIGH_VOL,1H,163,0.5760942760942761
atr_24b,downside_breakdown_occurred,HIGH_VOL,24H,163,0.5275229357798165
atr_24b,downside_breakdown_occurred,HIGH_VOL,2H,163,0.5807890222984562
atr_24b,downside_breakdown_occurred,HIGH_VOL,4H,163,0.519155030433226
atr_24b,downside_breakdown_occurred,HIGH_VOL,8H,163,0.5362459546925566
atr_24b,downside_breakdown_occurred,LOW_VOL_RANGE,12H,1024,0.5495997021038912
atr_24b,downside_breakdown_occurred,LOW_VOL_RANGE,1H,1024,0.5314980908313078
atr_24b,downside_breakdown_occurred,LOW_VOL_RANGE,24H,1024,0.5774097078444904
atr_24b,downside_breakdown_occurred,LOW_VOL_RANGE,2H,1024,0.5437245073467984
atr_24b,downside_breakdown_occurred,LOW_VOL_RANGE,4H,1016,0.5595157400902955
atr_24b,downside_breakdown_occurred,LOW_VOL_RANGE,8H,1016,0.5543887625263713
atr_24b,downside_breakdown_occurred,NORMAL_RANGE,12H,2314,0.5346300085251492
atr_24b,downside_breakdown_occurred,NORMAL_RANGE,1H,2314,0.5437565184023929
atr_24b,downside_breakdown_occurred,NORMAL_RANGE,24H,2314,0.5651093651344536
atr_24b,downside_breakdown_occurred,NORMAL_RANGE,2H,2314,0.5525812796912114
atr_24b,downside_breakdown_occurred,NORMAL_RANGE,4H,2303,0.5478517722878625
atr_24b,downside_breakdown_occurred,NORMAL_RANGE,8H,2303,0.5261947305904278
atr_24b,downside_breakdown_occurred,TREND_DOWN,12H,190,0.5612810283687943
atr_24b,downside_breakdown_occurred,TREND_DOWN,1H,190,0.5751136363636364
atr_24b,downside_breakdown_occurred,TREND_DOWN,24H,190,0.5653812056737588
atr_24b,downside_breakdown_occurred,TREND_DOWN,2H,190,0.5656010656010656
atr_24b,downside_breakdown_occurred,TREND_DOWN,4H,189,0.6296503809950695
atr_24b,downside_breakdown_occurred,TREND_DOWN,8H,189,0.586764705882353
atr_24b,downside_breakdown_occurred,TREND_UP,12H,179,0.5945671490225946
atr_24b,downside_breakdown_occurred,TREND_UP,1H,179,0.5369136460554371
atr_24b,downside_breakdown_occurred,TREND_UP,24H,179,0.579519738496354
atr_24b,downside_breakdown_occurred,TREND_UP,2H,179,0.5643564356435644
atr_24b,downside_breakdown_occurred,TREND_UP,4H,179,0.5244871794871795
atr_24b,downside_breakdown_occurred,TREND_UP,8H,179,0.5913770913770914
atr_24b,downside_breakdown_occurred,VOLATILITY_EXPANSION,12H,324,0.5529540047581285
atr_24b,downside_breakdown_occurred,VOLATILITY_EXPANSION,1H,324,0.5486094019197637
atr_24b,downside_breakdown_occurred,VOLATILITY_EXPANSION,24H,324,0.6367878591137802
atr_24b,downside_breakdown_occurred,VOLATILITY_EXPANSION,2H,324,0.5429915209326974
atr_24b,downside_breakdown_occurred,VOLATILITY_EXPANSION,4H,319,0.5467155746690278
atr_24b,downside_breakdown_occurred,VOLATILITY_EXPANSION,8H,319,0.544665889989182
atr_24b,range_breached,HIGH_VOL,12H,163,0.8900900900900901
atr_24b,range_breached,HIGH_VOL,1H,163,0.7379746835443037
atr_24b,range_breached,HIGH_VOL,24H,163,0.8748717948717949
atr_24b,range_breached,HIGH_VOL,2H,163,0.6104033970276008
atr_24b,range_breached,HIGH_VOL,4H,163,0.5915750915750916
atr_24b,range_breached,HIGH_VOL,8H,163,0.686013986013986
atr_24b,range_breached,LOW_VOL_RANGE,12H,1024,0.8263231497418244
atr_24b,range_breached,LOW_VOL_RANGE,1H,1024,0.6662559215750705
atr_24b,range_breached,LOW_VOL_RANGE,24H,1024,0.7386363636363636
atr_24b,range_breached,LOW_VOL_RANGE,2H,1024,0.6700545434098066
atr_24b,range_breached,LOW_VOL_RANGE,4H,1016,0.7350889242336611
atr_24b,range_breached,LOW_VOL_RANGE,8H,1016,0.7983299595141701
atr_24b,range_breached,NORMAL_RANGE,12H,2314,0.7269100693975864
atr_24b,range_breached,NORMAL_RANGE,1H,2314,0.6131195043964828
atr_24b,range_breached,NORMAL_RANGE,24H,2314,0.8344825267584799
atr_24b,range_breached,NORMAL_RANGE,2H,2314,0.7209533984691534
atr_24b,range_breached,NORMAL_RANGE,4H,2303,0.7530418973190057
atr_24b,range_breached,NORMAL_RANGE,8H,2303,0.7341010714587024
atr_24b,range_breached,TREND_DOWN,12H,190,0.7225609756097561
atr_24b,range_breached,TREND_DOWN,1H,190,0.689901394083645
atr_24b,range_breached,TREND_DOWN,24H,190,0.7266566265060241
atr_24b,range_breached,TREND_DOWN,2H,190,0.6933090341057017
atr_24b,range_breached,TREND_DOWN,4H,189,0.7023319615912209
atr_24b,range_breached,TREND_DOWN,8H,189,0.7348484848484849
atr_24b,range_breached,TREND_UP,12H,179,0.7314942528735633
atr_24b,range_breached,TREND_UP,1H,179,0.5883500557413601
atr_24b,range_breached,TREND_UP,24H,179,0.6911069063386944
atr_24b,range_breached,TREND_UP,2H,179,0.5836021505376344
atr_24b,range_breached,TREND_UP,4H,179,0.5728735632183908
atr_24b,range_breached,TREND_UP,8H,179,0.753167641325536
atr_24b,range_breached,VOLATILITY_EXPANSION,12H,324,0.7373597929249354
atr_24b,range_breached,VOLATILITY_EXPANSION,1H,324,0.8208112874779542
atr_24b,range_breached,VOLATILITY_EXPANSION,24H,324,0.8589966555183947
atr_24b,range_breached,VOLATILITY_EXPANSION,2H,324,0.6967102298332581
atr_24b,range_breached,VOLATILITY_EXPANSION,4H,319,0.8239549839228296
atr_24b,range_breached,VOLATILITY_EXPANSION,8H,319,0.7051357733175915
atr_24b,path_inside_70,HIGH_VOL,12H,163,0.8900900900900901
atr_24b,path_inside_70,HIGH_VOL,1H,163,0.7379746835443038
atr_24b,path_inside_70,HIGH_VOL,24H,163,0.8748717948717949
atr_24b,path_inside_70,HIGH_VOL,2H,163,0.6104033970276008
atr_24b,path_inside_70,HIGH_VOL,4H,163,0.5915750915750916
atr_24b,path_inside_70,HIGH_VOL,8H,163,0.686013986013986
atr_24b,path_inside_70,LOW_VOL_RANGE,12H,1024,0.8263231497418244
atr_24b,path_inside_70,LOW_VOL_RANGE,1H,1024,0.6662559215750705
atr_24b,path_inside_70,LOW_VOL_RANGE,24H,1024,0.7386363636363636
atr_24b,path_inside_70,LOW_VOL_RANGE,2H,1024,0.6700545434098065
atr_24b,path_inside_70,LOW_VOL_RANGE,4H,1016,0.7350889242336611
atr_24b,path_inside_70,LOW_VOL_RANGE,8H,1016,0.7983299595141701
atr_24b,path_inside_70,NORMAL_RANGE,12H,2314,0.7269100693975864
atr_24b,path_inside_70,NORMAL_RANGE,1H,2314,0.6131195043964828
atr_24b,path_inside_70,NORMAL_RANGE,24H,2314,0.8344825267584799
atr_24b,path_inside_70,NORMAL_RANGE,2H,2314,0.7209533984691534
atr_24b,path_inside_70,NORMAL_RANGE,4H,2303,0.7530418973190057
atr_24b,path_inside_70,NORMAL_RANGE,8H,2303,0.7341010714587024
atr_24b,path_inside_70,TREND_DOWN,12H,190,0.7225609756097561
atr_24b,path_inside_70,TREND_DOWN,1H,190,0.689901394083645
atr_24b,path_inside_70,TREND_DOWN,24H,190,0.7266566265060241
atr_24b,path_inside_70,TREND_DOWN,2H,190,0.6933090341057017
atr_24b,path_inside_70,TREND_DOWN,4H,189,0.7023319615912208
atr_24b,path_inside_70,TREND_DOWN,8H,189,0.7348484848484849
atr_24b,path_inside_70,TREND_UP,12H,179,0.7314942528735632
atr_24b,path_inside_70,TREND_UP,1H,179,0.5883500557413601
atr_24b,path_inside_70,TREND_UP,24H,179,0.6911069063386944
atr_24b,path_inside_70,TREND_UP,2H,179,0.5836021505376344
atr_24b,path_inside_70,TREND_UP,4H,179,0.5728735632183908
atr_24b,path_inside_70,TREND_UP,8H,179,0.753167641325536
atr_24b,path_inside_70,VOLATILITY_EXPANSION,12H,324,0.7373597929249353
atr_24b,path_inside_70,VOLATILITY_EXPANSION,1H,324,0.8208112874779542
atr_24b,path_inside_70,VOLATILITY_EXPANSION,24H,324,0.8589966555183947
atr_24b,path_inside_70,VOLATILITY_EXPANSION,2H,324,0.6967102298332583
atr_24b,path_inside_70,VOLATILITY_EXPANSION,4H,319,0.8239549839228296
atr_24b,path_inside_70,VOLATILITY_EXPANSION,8H,319,0.7051357733175915
atr_24b,trend_efficiency_high,HIGH_VOL,12H,163,0.6160071942446044
atr_24b,trend_efficiency_high,HIGH_VOL,1H,163,0.6160839160839161
atr_24b,trend_efficiency_high,HIGH_VOL,24H,163,0.5063405797101449
atr_24b,trend_efficiency_high,HIGH_VOL,2H,163,0.6003191974464205
atr_24b,trend_efficiency_high,HIGH_VOL,4H,163,0.5551257253384912
atr_24b,trend_efficiency_high,HIGH_VOL,8H,163,0.5646929824561404
atr_24b,trend_efficiency_high,LOW_VOL_RANGE,12H,1024,0.515849348685671
atr_24b,trend_efficiency_high,LOW_VOL_RANGE,1H,1024,0.5125015294041442
atr_24b,trend_efficiency_high,LOW_VOL_RANGE,24H,1024,0.5207894720689422
atr_24b,trend_efficiency_high,LOW_VOL_RANGE,2H,1024,0.505456792816374
atr_24b,trend_efficiency_high,LOW_VOL_RANGE,4H,1016,0.5047448618001418
atr_24b,trend_efficiency_high,LOW_VOL_RANGE,8H,1016,0.520706819313091
atr_24b,trend_efficiency_high,NORMAL_RANGE,12H,2314,0.502172150691464
atr_24b,trend_efficiency_high,NORMAL_RANGE,1H,2314,0.5404101895579169
atr_24b,trend_efficiency_high,NORMAL_RANGE,24H,2314,0.5657021721126336
atr_24b,trend_efficiency_high,NORMAL_RANGE,2H,2314,0.538830318712851
atr_24b,trend_efficiency_high,NORMAL_RANGE,4H,2303,0.5045130912644524
atr_24b,trend_efficiency_high,NORMAL_RANGE,8H,2303,0.5186863046209689
atr_24b,trend_efficiency_high,TREND_DOWN,12H,190,0.5641447368421053
atr_24b,trend_efficiency_high,TREND_DOWN,1H,190,0.5378787878787878
atr_24b,trend_efficiency_high,TREND_DOWN,24H,190,0.5755772005772006
atr_24b,trend_efficiency_high,TREND_DOWN,2H,190,0.5427961847389557
atr_24b,trend_efficiency_high,TREND_DOWN,4H,189,0.5473098330241187
atr_24b,trend_efficiency_high,TREND_DOWN,8H,189,0.5310374149659864
atr_24b,trend_efficiency_high,TREND_UP,12H,179,0.5124269005847953
atr_24b,trend_efficiency_high,TREND_UP,1H,179,0.5306686777275013
atr_24b,trend_efficiency_high,TREND_UP,24H,179,0.5998881431767338
atr_24b,trend_efficiency_high,TREND_UP,2H,179,0.548131504257332
atr_24b,trend_efficiency_high,TREND_UP,4H,179,0.5544742729306488
atr_24b,trend_efficiency_high,TREND_UP,8H,179,0.5251913265306123
atr_24b,trend_efficiency_high,VOLATILITY_EXPANSION,12H,324,0.5084134615384616
atr_24b,trend_efficiency_high,VOLATILITY_EXPANSION,1H,324,0.5006793478260869
atr_24b,trend_efficiency_high,VOLATILITY_EXPANSION,24H,324,0.5754124599852253
atr_24b,trend_efficiency_high,VOLATILITY_EXPANSION,2H,324,0.5720850480109739
atr_24b,trend_efficiency_high,VOLATILITY_EXPANSION,4H,319,0.5252666170634921
atr_24b,trend_efficiency_high,VOLATILITY_EXPANSION,8H,319,0.5062420201447013
rv_12b,upside_breakout_occurred,HIGH_VOL,12H,163,0.7086243546917704
rv_12b,upside_breakout_occurred,HIGH_VOL,1H,163,0.5466101694915254
rv_12b,upside_breakout_occurred,HIGH_VOL,24H,163,0.7277167277167278
rv_12b,upside_breakout_occurred,HIGH_VOL,2H,163,0.5080669710806698
rv_12b,upside_breakout_occurred,HIGH_VOL,4H,163,0.6091018685955395
rv_12b,upside_breakout_occurred,HIGH_VOL,8H,163,0.6620356387798249
rv_12b,upside_breakout_occurred,LOW_VOL_RANGE,12H,1024,0.6066624632198403
rv_12b,upside_breakout_occurred,LOW_VOL_RANGE,1H,1024,0.5511257272957248
rv_12b,upside_breakout_occurred,LOW_VOL_RANGE,24H,1024,0.6416121172982652
rv_12b,upside_breakout_occurred,LOW_VOL_RANGE,2H,1024,0.5561789670551001
rv_12b,upside_breakout_occurred,LOW_VOL_RANGE,4H,1016,0.5291307202862124
rv_12b,upside_breakout_occurred,LOW_VOL_RANGE,8H,1016,0.5821449308201039
rv_12b,upside_breakout_occurred,NORMAL_RANGE,12H,2314,0.622643469144488
rv_12b,upside_breakout_occurred,NORMAL_RANGE,1H,2314,0.5501573215652794
rv_12b,upside_breakout_occurred,NORMAL_RANGE,24H,2314,0.6563899732895007
rv_12b,upside_breakout_occurred,NORMAL_RANGE,2H,2314,0.5743191434198114
rv_12b,upside_breakout_occurred,NORMAL_RANGE,4H,2303,0.5899298501777552
rv_12b,upside_breakout_occurred,NORMAL_RANGE,8H,2303,0.619545619921575
rv_12b,upside_breakout_occurred,TREND_DOWN,12H,190,0.6213235294117647
rv_12b,upside_breakout_occurred,TREND_DOWN,1H,190,0.670499461013295
rv_12b,upside_breakout_occurred,TREND_DOWN,24H,190,0.6326871657754011
rv_12b,upside_breakout_occurred,TREND_DOWN,2H,190,0.6837138863000932
rv_12b,upside_breakout_occurred,TREND_DOWN,4H,189,0.6063291139240506
rv_12b,upside_breakout_occurred,TREND_DOWN,8H,189,0.6015976597659767
rv_12b,upside_breakout_occurred,TREND_UP,12H,179,0.6130997715156131
rv_12b,upside_breakout_occurred,TREND_UP,1H,179,0.6704545454545454
rv_12b,upside_breakout_occurred,TREND_UP,24H,179,0.6768231768231768
rv_12b,upside_breakout_occurred,TREND_UP,2H,179,0.6053884711779449
rv_12b,upside_breakout_occurred,TREND_UP,4H,179,0.6352564102564102
rv_12b,upside_breakout_occurred,TREND_UP,8H,179,0.6446153846153846
rv_12b,upside_breakout_occurred,VOLATILITY_EXPANSION,12H,324,0.6583405240928288
rv_12b,upside_breakout_occurred,VOLATILITY_EXPANSION,1H,324,0.5824408182027121
rv_12b,upside_breakout_occurred,VOLATILITY_EXPANSION,24H,324,0.6785293126684636
rv_12b,upside_breakout_occurred,VOLATILITY_EXPANSION,2H,324,0.5195502979953044
rv_12b,upside_breakout_occurred,VOLATILITY_EXPANSION,4H,319,0.5012785388127854
rv_12b,upside_breakout_occurred,VOLATILITY_EXPANSION,8H,319,0.5588097907324365
rv_12b,downside_breakdown_occurred,HIGH_VOL,12H,163,0.5385660890248046
rv_12b,downside_breakdown_occurred,HIGH_VOL,1H,163,0.5936026936026936
rv_12b,downside_breakdown_occurred,HIGH_VOL,24H,163,0.5168195718654434
rv_12b,downside_breakdown_occurred,HIGH_VOL,2H,163,0.5941680960548885
rv_12b,downside_breakdown_occurred,HIGH_VOL,4H,163,0.5474400286430361
rv_12b,downside_breakdown_occurred,HIGH_VOL,8H,163,0.5273462783171521
rv_12b,downside_breakdown_occurred,LOW_VOL_RANGE,12H,1024,0.5556424419206024
rv_12b,downside_breakdown_occurred,LOW_VOL_RANGE,1H,1024,0.5471460375703966
rv_12b,downside_breakdown_occurred,LOW_VOL_RANGE,24H,1024,0.5731494753233883
rv_12b,downside_breakdown_occurred,LOW_VOL_RANGE,2H,1024,0.5661662325749013
rv_12b,downside_breakdown_occurred,LOW_VOL_RANGE,4H,1016,0.5822744769393196
rv_12b,downside_breakdown_occurred,LOW_VOL_RANGE,8H,1016,0.5545226793248945
rv_12b,downside_breakdown_occurred,NORMAL_RANGE,12H,2314,0.5441355498721228
rv_12b,downside_breakdown_occurred,NORMAL_RANGE,1H,2314,0.5340449187618479
rv_12b,downside_breakdown_occurred,NORMAL_RANGE,24H,2314,0.5706815302337833
rv_12b,downside_breakdown_occurred,NORMAL_RANGE,2H,2314,0.5438477873592895
rv_12b,downside_breakdown_occurred,NORMAL_RANGE,4H,2303,0.5397388820889433
rv_12b,downside_breakdown_occurred,NORMAL_RANGE,8H,2303,0.5305479325810482
rv_12b,downside_breakdown_occurred,TREND_DOWN,12H,190,0.5630540780141844
rv_12b,downside_breakdown_occurred,TREND_DOWN,1H,190,0.5981818181818181
rv_12b,downside_breakdown_occurred,TREND_DOWN,24H,190,0.5617242907801419
rv_12b,downside_breakdown_occurred,TREND_DOWN,2H,190,0.5861915861915862
rv_12b,downside_breakdown_occurred,TREND_DOWN,4H,189,0.6418646346929628
rv_12b,downside_breakdown_occurred,TREND_DOWN,8H,189,0.5679864253393665
rv_12b,downside_breakdown_occurred,TREND_UP,12H,179,0.5406194465600407
rv_12b,downside_breakdown_occurred,TREND_UP,1H,179,0.5589019189765458
rv_12b,downside_breakdown_occurred,TREND_UP,24H,179,0.5831028413376917
rv_12b,downside_breakdown_occurred,TREND_UP,2H,179,0.5627062706270627
rv_12b,downside_breakdown_occurred,TREND_UP,4H,179,0.5405128205128205
rv_12b,downside_breakdown_occurred,TREND_UP,8H,179,0.558043758043758
rv_12b,downside_breakdown_occurred,VOLATILITY_EXPANSION,12H,324,0.6001982553528945
rv_12b,downside_breakdown_occurred,VOLATILITY_EXPANSION,1H,324,0.5500861432439084
rv_12b,downside_breakdown_occurred,VOLATILITY_EXPANSION,24H,324,0.6643402045122545
rv_12b,downside_breakdown_occurred,VOLATILITY_EXPANSION,2H,324,0.5359477124183006
rv_12b,downside_breakdown_occurred,VOLATILITY_EXPANSION,4H,319,0.5570874441352559
rv_12b,downside_breakdown_occurred,VOLATILITY_EXPANSION,8H,319,0.5613713905300823
rv_12b,range_breached,HIGH_VOL,12H,163,0.8274774774774775
rv_12b,range_breached,HIGH_VOL,1H,163,0.7544303797468355
rv_12b,range_breached,HIGH_VOL,24H,163,0.9056410256410257
rv_12b,range_breached,HIGH_VOL,2H,163,0.6581740976645436
rv_12b,range_breached,HIGH_VOL,4H,163,0.6932234432234432
rv_12b,range_breached,HIGH_VOL,8H,163,0.6010489510489511
rv_12b,range_breached,LOW_VOL_RANGE,12H,1024,0.8237951807228916
rv_12b,range_breached,LOW_VOL_RANGE,1H,1024,0.6798105095977436
rv_12b,range_breached,LOW_VOL_RANGE,24H,1024,0.7271836007130125
rv_12b,range_breached,LOW_VOL_RANGE,2H,1024,0.7368139901034638
rv_12b,range_breached,LOW_VOL_RANGE,4H,1016,0.7531087333718913
rv_12b,range_breached,LOW_VOL_RANGE,8H,1016,0.8100057836899942
rv_12b,range_breached,NORMAL_RANGE,12H,2314,0.7103172168991506
rv_12b,range_breached,NORMAL_RANGE,1H,2314,0.600779376498801
rv_12b,range_breached,NORMAL_RANGE,24H,2314,0.7926317140708954
rv_12b,range_breached,NORMAL_RANGE,2H,2314,0.7189146782693072
rv_12b,range_breached,NORMAL_RANGE,4H,2303,0.7446380115054814
rv_12b,range_breached,NORMAL_RANGE,8H,2303,0.7114106133468321
rv_12b,range_breached,TREND_DOWN,12H,190,0.724906191369606
rv_12b,range_breached,TREND_DOWN,1H,190,0.7460047602856171
rv_12b,range_breached,TREND_DOWN,24H,190,0.7146084337349398
rv_12b,range_breached,TREND_DOWN,2H,190,0.7922416037490236
rv_12b,range_breached,TREND_DOWN,4H,189,0.764288980338363
rv_12b,range_breached,TREND_DOWN,8H,189,0.7305555555555556
rv_12b,range_breached,TREND_UP,12H,179,0.6395402298850574
rv_12b,range_breached,TREND_UP,1H,179,0.717948717948718
rv_12b,range_breached,TREND_UP,24H,179,0.695127719962157
rv_12b,range_breached,TREND_UP,2H,179,0.6806451612903226
rv_12b,range_breached,TREND_UP,4H,179,0.652183908045977
rv_12b,range_breached,TREND_UP,8H,179,0.7029727095516569
rv_12b,range_breached,VOLATILITY_EXPANSION,12H,324,0.8132873166522865
rv_12b,range_breached,VOLATILITY_EXPANSION,1H,324,0.834920634920635
rv_12b,range_breached,VOLATILITY_EXPANSION,24H,324,0.8378595317725752
rv_12b,range_breached,VOLATILITY_EXPANSION,2H,324,0.6462370437133844
rv_12b,range_breached,VOLATILITY_EXPANSION,4H,319,0.8577170418006431
rv_12b,range_breached,VOLATILITY_EXPANSION,8H,319,0.8022432113341205
rv_12b,path_inside_70,HIGH_VOL,12H,163,0.8274774774774775
rv_12b,path_inside_70,HIGH_VOL,1H,163,0.7544303797468355
rv_12b,path_inside_70,HIGH_VOL,24H,163,0.9056410256410257
rv_12b,path_inside_70,HIGH_VOL,2H,163,0.6581740976645435
rv_12b,path_inside_70,HIGH_VOL,4H,163,0.6932234432234432
rv_12b,path_inside_70,HIGH_VOL,8H,163,0.6010489510489511
rv_12b,path_inside_70,LOW_VOL_RANGE,12H,1024,0.8237951807228916
rv_12b,path_inside_70,LOW_VOL_RANGE,1H,1024,0.6798105095977437
rv_12b,path_inside_70,LOW_VOL_RANGE,24H,1024,0.7271836007130125
rv_12b,path_inside_70,LOW_VOL_RANGE,2H,1024,0.7368139901034638
rv_12b,path_inside_70,LOW_VOL_RANGE,4H,1016,0.7531087333718912
rv_12b,path_inside_70,LOW_VOL_RANGE,8H,1016,0.8100057836899942
rv_12b,path_inside_70,NORMAL_RANGE,12H,2314,0.7103172168991506
rv_12b,path_inside_70,NORMAL_RANGE,1H,2314,0.600779376498801
rv_12b,path_inside_70,NORMAL_RANGE,24H,2314,0.7926317140708955
rv_12b,path_inside_70,NORMAL_RANGE,2H,2314,0.7189146782693072
rv_12b,path_inside_70,NORMAL_RANGE,4H,2303,0.7446380115054814
rv_12b,path_inside_70,NORMAL_RANGE,8H,2303,0.711410613346832
rv_12b,path_inside_70,TREND_DOWN,12H,190,0.724906191369606
rv_12b,path_inside_70,TREND_DOWN,1H,190,0.7460047602856171
rv_12b,path_inside_70,TREND_DOWN,24H,190,0.7146084337349398
rv_12b,path_inside_70,TREND_DOWN,2H,190,0.7922416037490236
rv_12b,path_inside_70,TREND_DOWN,4H,189,0.764288980338363
rv_12b,path_inside_70,TREND_DOWN,8H,189,0.7305555555555555
rv_12b,path_inside_70,TREND_UP,12H,179,0.6395402298850574
rv_12b,path_inside_70,TREND_UP,1H,179,0.717948717948718
rv_12b,path_inside_70,TREND_UP,24H,179,0.695127719962157
rv_12b,path_inside_70,TREND_UP,2H,179,0.6806451612903226
rv_12b,path_inside_70,TREND_UP,4H,179,0.652183908045977
rv_12b,path_inside_70,TREND_UP,8H,179,0.7029727095516569
rv_12b,path_inside_70,VOLATILITY_EXPANSION,12H,324,0.8132873166522865
rv_12b,path_inside_70,VOLATILITY_EXPANSION,1H,324,0.834920634920635
rv_12b,path_inside_70,VOLATILITY_EXPANSION,24H,324,0.8378595317725752
rv_12b,path_inside_70,VOLATILITY_EXPANSION,2H,324,0.6462370437133844
rv_12b,path_inside_70,VOLATILITY_EXPANSION,4H,319,0.8577170418006431
rv_12b,path_inside_70,VOLATILITY_EXPANSION,8H,319,0.8022432113341205
rv_12b,trend_efficiency_high,HIGH_VOL,12H,163,0.5347721822541966
rv_12b,trend_efficiency_high,HIGH_VOL,1H,163,0.5848484848484848
rv_12b,trend_efficiency_high,HIGH_VOL,24H,163,0.5228260869565218
rv_12b,trend_efficiency_high,HIGH_VOL,2H,163,0.5893752849977201
rv_12b,trend_efficiency_high,HIGH_VOL,4H,163,0.5399742101869761
rv_12b,trend_efficiency_high,HIGH_VOL,8H,163,0.5533625730994152
rv_12b,trend_efficiency_high,LOW_VOL_RANGE,12H,1024,0.5010590232985126
rv_12b,trend_efficiency_high,LOW_VOL_RANGE,1H,1024,0.5235096406440051
rv_12b,trend_efficiency_high,LOW_VOL_RANGE,24H,1024,0.5062147447504588
rv_12b,trend_efficiency_high,LOW_VOL_RANGE,2H,1024,0.5125386265314283
rv_12b,trend_efficiency_high,LOW_VOL_RANGE,4H,1016,0.508185683912119
rv_12b,trend_efficiency_high,LOW_VOL_RANGE,8H,1016,0.5200099552015929
rv_12b,trend_efficiency_high,NORMAL_RANGE,12H,2314,0.5052026704816404
rv_12b,trend_efficiency_high,NORMAL_RANGE,1H,2314,0.5276247321701867
rv_12b,trend_efficiency_high,NORMAL_RANGE,24H,2314,0.5548780774732721
rv_12b,trend_efficiency_high,NORMAL_RANGE,2H,2314,0.5096497745439639
rv_12b,trend_efficiency_high,NORMAL_RANGE,4H,2303,0.5059573820009391
rv_12b,trend_efficiency_high,NORMAL_RANGE,8H,2303,0.5166461487695607
rv_12b,trend_efficiency_high,TREND_DOWN,12H,190,0.592797783933518
rv_12b,trend_efficiency_high,TREND_DOWN,1H,190,0.5010822510822511
rv_12b,trend_efficiency_high,TREND_DOWN,24H,190,0.593975468975469
rv_12b,trend_efficiency_high,TREND_DOWN,2H,190,0.5256024096385542
rv_12b,trend_efficiency_high,TREND_DOWN,4H,189,0.6090909090909091
rv_12b,trend_efficiency_high,TREND_DOWN,8H,189,0.5328798185941044
rv_12b,trend_efficiency_high,TREND_UP,12H,179,0.554093567251462
rv_12b,trend_efficiency_high,TREND_UP,1H,179,0.5180995475113123
rv_12b,trend_efficiency_high,TREND_UP,24H,179,0.636241610738255
rv_12b,trend_efficiency_high,TREND_UP,2H,179,0.5598391674550615
rv_12b,trend_efficiency_high,TREND_UP,4H,179,0.5512304250559285
rv_12b,trend_efficiency_high,TREND_UP,8H,179,0.5693027210884354
rv_12b,trend_efficiency_high,VOLATILITY_EXPANSION,12H,324,0.5517533936651584
rv_12b,trend_efficiency_high,VOLATILITY_EXPANSION,1H,324,0.5275513285024155
rv_12b,trend_efficiency_high,VOLATILITY_EXPANSION,24H,324,0.5358901748337848
rv_12b,trend_efficiency_high,VOLATILITY_EXPANSION,2H,324,0.5492455418381345
rv_12b,trend_efficiency_high,VOLATILITY_EXPANSION,4H,319,0.5264136904761905
rv_12b,trend_efficiency_high,VOLATILITY_EXPANSION,8H,319,0.5122712441481061
atr_pct_24b,upside_breakout_occurred,HIGH_VOL,12H,163,0.7720923170361372
atr_pct_24b,upside_breakout_occurred,HIGH_VOL,1H,163,0.5352020860495437
atr_pct_24b,upside_breakout_occurred,HIGH_VOL,24H,163,0.7355006105006106
atr_pct_24b,upside_breakout_occurred,HIGH_VOL,2H,163,0.5150684931506849
atr_pct_24b,upside_breakout_occurred,HIGH_VOL,4H,163,0.6089511754068716
atr_pct_24b,upside_breakout_occurred,HIGH_VOL,8H,163,0.6949562065841135
atr_pct_24b,upside_breakout_occurred,LOW_VOL_RANGE,12H,1024,0.6100987810004204
atr_pct_24b,upside_breakout_occurred,LOW_VOL_RANGE,1H,1024,0.5629564044185851
atr_pct_24b,upside_breakout_occurred,LOW_VOL_RANGE,24H,1024,0.6347198168315378
atr_pct_24b,upside_breakout_occurred,LOW_VOL_RANGE,2H,1024,0.5688390159689254
atr_pct_24b,upside_breakout_occurred,LOW_VOL_RANGE,4H,1016,0.5443697212598781
atr_pct_24b,upside_breakout_occurred,LOW_VOL_RANGE,8H,1016,0.580129249099552
atr_pct_24b,upside_breakout_occurred,NORMAL_RANGE,12H,2314,0.6326493683324772
atr_pct_24b,upside_breakout_occurred,NORMAL_RANGE,1H,2314,0.5480057236992413
atr_pct_24b,upside_breakout_occurred,NORMAL_RANGE,24H,2314,0.6610155126361208
atr_pct_24b,upside_breakout_occurred,NORMAL_RANGE,2H,2314,0.5726067080498647
atr_pct_24b,upside_breakout_occurred,NORMAL_RANGE,4H,2303,0.6009221051295074
atr_pct_24b,upside_breakout_occurred,NORMAL_RANGE,8H,2303,0.6317500101063185
atr_pct_24b,upside_breakout_occurred,TREND_DOWN,12H,190,0.6086229946524064
atr_pct_24b,upside_breakout_occurred,TREND_DOWN,1H,190,0.5944424481973889
atr_pct_24b,upside_breakout_occurred,TREND_DOWN,24H,190,0.598819073083779
atr_pct_24b,upside_breakout_occurred,TREND_DOWN,2H,190,0.6288443616029823
atr_pct_24b,upside_breakout_occurred,TREND_DOWN,4H,189,0.549367088607595
atr_pct_24b,upside_breakout_occurred,TREND_DOWN,8H,189,0.581008100810081
atr_pct_24b,upside_breakout_occurred,TREND_UP,12H,179,0.6393754760091394
atr_pct_24b,upside_breakout_occurred,TREND_UP,1H,179,0.5945304695304695
atr_pct_24b,upside_breakout_occurred,TREND_UP,24H,179,0.6122627372627373
atr_pct_24b,upside_breakout_occurred,TREND_UP,2H,179,0.5536340852130326
atr_pct_24b,upside_breakout_occurred,TREND_UP,4H,179,0.602948717948718
atr_pct_24b,upside_breakout_occurred,TREND_UP,8H,179,0.6488461538461539
atr_pct_24b,upside_breakout_occurred,VOLATILITY_EXPANSION,12H,324,0.6790044961169899
atr_pct_24b,upside_breakout_occurred,VOLATILITY_EXPANSION,1H,324,0.5930590668811768
atr_pct_24b,upside_breakout_occurred,VOLATILITY_EXPANSION,24H,324,0.7179076819407009
atr_pct_24b,upside_breakout_occurred,VOLATILITY_EXPANSION,2H,324,0.5502076936969478
atr_pct_24b,upside_breakout_occurred,VOLATILITY_EXPANSION,4H,319,0.5336986301369864
atr_pct_24b,upside_breakout_occurred,VOLATILITY_EXPANSION,8H,319,0.5618460388639761
atr_pct_24b,downside_breakdown_occurred,HIGH_VOL,12H,163,0.5288820931022766
atr_pct_24b,downside_breakdown_occurred,HIGH_VOL,1H,163,0.577946127946128
atr_pct_24b,downside_breakdown_occurred,HIGH_VOL,24H,163,0.519028202514441
atr_pct_24b,downside_breakdown_occurred,HIGH_VOL,2H,163,0.590566037735849
atr_pct_24b,downside_breakdown_occurred,HIGH_VOL,4H,163,0.5103831006086645
atr_pct_24b,downside_breakdown_occurred,HIGH_VOL,8H,163,0.550485436893204
atr_pct_24b,downside_breakdown_occurred,LOW_VOL_RANGE,12H,1024,0.5525807319141893
atr_pct_24b,downside_breakdown_occurred,LOW_VOL_RANGE,1H,1024,0.5311830886390628
atr_pct_24b,downside_breakdown_occurred,LOW_VOL_RANGE,24H,1024,0.5796791775052645
atr_pct_24b,downside_breakdown_occurred,LOW_VOL_RANGE,2H,1024,0.5414762396186545
atr_pct_24b,downside_breakdown_occurred,LOW_VOL_RANGE,4H,1016,0.5588502319008475
atr_pct_24b,downside_breakdown_occurred,LOW_VOL_RANGE,8H,1016,0.5564716838080168
atr_pct_24b,downside_breakdown_occurred,NORMAL_RANGE,12H,2314,0.548999147485081
atr_pct_24b,downside_breakdown_occurred,NORMAL_RANGE,1H,2314,0.5486067837300677
atr_pct_24b,downside_breakdown_occurred,NORMAL_RANGE,24H,2314,0.5807328363014472
atr_pct_24b,downside_breakdown_occurred,NORMAL_RANGE,2H,2314,0.5590838970360426
atr_pct_24b,downside_breakdown_occurred,NORMAL_RANGE,4H,2303,0.5542094438754694
atr_pct_24b,downside_breakdown_occurred,NORMAL_RANGE,8H,2303,0.5375314874357451
atr_pct_24b,downside_breakdown_occurred,TREND_DOWN,12H,190,0.5810062056737588
atr_pct_24b,downside_breakdown_occurred,TREND_DOWN,1H,190,0.581590909090909
atr_pct_24b,downside_breakdown_occurred,TREND_DOWN,24H,190,0.5875443262411347
atr_pct_24b,downside_breakdown_occurred,TREND_DOWN,2H,190,0.5598845598845599
atr_pct_24b,downside_breakdown_occurred,TREND_DOWN,4H,189,0.6322277005826984
atr_pct_24b,downside_breakdown_occurred,TREND_DOWN,8H,189,0.5957013574660633
atr_pct_24b,downside_breakdown_occurred,TREND_UP,12H,179,0.5842853516120843
atr_pct_24b,downside_breakdown_occurred,TREND_UP,1H,179,0.5309168443496801
atr_pct_24b,downside_breakdown_occurred,TREND_UP,24H,179,0.5852401307518229
atr_pct_24b,downside_breakdown_occurred,TREND_UP,2H,179,0.556994160954557
atr_pct_24b,downside_breakdown_occurred,TREND_UP,4H,179,0.5188461538461538
atr_pct_24b,downside_breakdown_occurred,TREND_UP,8H,179,0.5840411840411841
atr_pct_24b,downside_breakdown_occurred,VOLATILITY_EXPANSION,12H,324,0.5662172878667724
atr_pct_24b,downside_breakdown_occurred,VOLATILITY_EXPANSION,1H,324,0.5551070637460005
atr_pct_24b,downside_breakdown_occurred,VOLATILITY_EXPANSION,24H,324,0.6469728940107126
atr_pct_24b,downside_breakdown_occurred,VOLATILITY_EXPANSION,2H,324,0.5523759053170818
atr_pct_24b,downside_breakdown_occurred,VOLATILITY_EXPANSION,4H,319,0.5570874441352559
atr_pct_24b,downside_breakdown_occurred,VOLATILITY_EXPANSION,8H,319,0.5554214862278439
atr_pct_24b,range_breached,HIGH_VOL,12H,163,0.904054054054054
atr_pct_24b,range_breached,HIGH_VOL,1H,163,0.7506329113924051
atr_pct_24b,range_breached,HIGH_VOL,24H,163,0.8702564102564103
atr_pct_24b,range_breached,HIGH_VOL,2H,163,0.6337579617834395
atr_pct_24b,range_breached,HIGH_VOL,4H,163,0.61996336996337
atr_pct_24b,range_breached,HIGH_VOL,8H,163,0.6968531468531469
atr_pct_24b,range_breached,LOW_VOL_RANGE,12H,1024,0.8253370625358577
atr_pct_24b,range_breached,LOW_VOL_RANGE,1H,1024,0.6645307921903667
atr_pct_24b,range_breached,LOW_VOL_RANGE,24H,1024,0.7379679144385027
atr_pct_24b,range_breached,LOW_VOL_RANGE,2H,1024,0.6623088169140801
atr_pct_24b,range_breached,LOW_VOL_RANGE,4H,1016,0.733877964141122
atr_pct_24b,range_breached,LOW_VOL_RANGE,8H,1016,0.7967394447657605
atr_pct_24b,range_breached,NORMAL_RANGE,12H,2314,0.7215099802480647
atr_pct_24b,range_breached,NORMAL_RANGE,1H,2314,0.5885441646682654
atr_pct_24b,range_breached,NORMAL_RANGE,24H,2314,0.8175533182960151
atr_pct_24b,range_breached,NORMAL_RANGE,2H,2314,0.7121998049022189
atr_pct_24b,range_breached,NORMAL_RANGE,4H,2303,0.7425105828720286
atr_pct_24b,range_breached,NORMAL_RANGE,8H,2303,0.726415253522315
atr_pct_24b,range_breached,TREND_DOWN,12H,190,0.6862101313320825
atr_pct_24b,range_breached,TREND_DOWN,1H,190,0.6603196191771507
atr_pct_24b,range_breached,TREND_DOWN,24H,190,0.6935240963855422
atr_pct_24b,range_breached,TREND_DOWN,2H,190,0.6662327518875293
atr_pct_24b,range_breached,TREND_DOWN,4H,189,0.6540923639689071
atr_pct_24b,range_breached,TREND_DOWN,8H,189,0.6952020202020202
atr_pct_24b,range_breached,TREND_UP,12H,179,0.704367816091954
atr_pct_24b,range_breached,TREND_UP,1H,179,0.5930880713489409
atr_pct_24b,range_breached,TREND_UP,24H,179,0.6572847682119205
atr_pct_24b,range_breached,TREND_UP,2H,179,0.5908602150537634
atr_pct_24b,range_breached,TREND_UP,4H,179,0.5678160919540229
atr_pct_24b,range_breached,TREND_UP,8H,179,0.7290448343079923
atr_pct_24b,range_breached,VOLATILITY_EXPANSION,12H,324,0.7382226056945642
atr_pct_24b,range_breached,VOLATILITY_EXPANSION,1H,324,0.8317460317460317
atr_pct_24b,range_breached,VOLATILITY_EXPANSION,24H,324,0.8481605351170569
atr_pct_24b,range_breached,VOLATILITY_EXPANSION,2H,324,0.6800360522757999
atr_pct_24b,range_breached,VOLATILITY_EXPANSION,4H,319,0.8243569131832797
atr_pct_24b,range_breached,VOLATILITY_EXPANSION,8H,319,0.7074970484061394
atr_pct_24b,path_inside_70,HIGH_VOL,12H,163,0.904054054054054
atr_pct_24b,path_inside_70,HIGH_VOL,1H,163,0.7506329113924051
atr_pct_24b,path_inside_70,HIGH_VOL,24H,163,0.8702564102564102
atr_pct_24b,path_inside_70,HIGH_VOL,2H,163,0.6337579617834395
atr_pct_24b,path_inside_70,HIGH_VOL,4H,163,0.61996336996337
atr_pct_24b,path_inside_70,HIGH_VOL,8H,163,0.6968531468531468
atr_pct_24b,path_inside_70,LOW_VOL_RANGE,12H,1024,0.8253370625358577
atr_pct_24b,path_inside_70,LOW_VOL_RANGE,1H,1024,0.6645307921903667
atr_pct_24b,path_inside_70,LOW_VOL_RANGE,24H,1024,0.7379679144385026
atr_pct_24b,path_inside_70,LOW_VOL_RANGE,2H,1024,0.6623088169140801
atr_pct_24b,path_inside_70,LOW_VOL_RANGE,4H,1016,0.733877964141122
atr_pct_24b,path_inside_70,LOW_VOL_RANGE,8H,1016,0.7967394447657605
atr_pct_24b,path_inside_70,NORMAL_RANGE,12H,2314,0.7215099802480647
atr_pct_24b,path_inside_70,NORMAL_RANGE,1H,2314,0.5885441646682654
atr_pct_24b,path_inside_70,NORMAL_RANGE,24H,2314,0.8175533182960151
atr_pct_24b,path_inside_70,NORMAL_RANGE,2H,2314,0.7121998049022189
atr_pct_24b,path_inside_70,NORMAL_RANGE,4H,2303,0.7425105828720286
atr_pct_24b,path_inside_70,NORMAL_RANGE,8H,2303,0.7264152535223151
atr_pct_24b,path_inside_70,TREND_DOWN,12H,190,0.6862101313320825
atr_pct_24b,path_inside_70,TREND_DOWN,1H,190,0.6603196191771507
atr_pct_24b,path_inside_70,TREND_DOWN,24H,190,0.6935240963855421
atr_pct_24b,path_inside_70,TREND_DOWN,2H,190,0.6662327518875293
atr_pct_24b,path_inside_70,TREND_DOWN,4H,189,0.6540923639689071
atr_pct_24b,path_inside_70,TREND_DOWN,8H,189,0.6952020202020202
atr_pct_24b,path_inside_70,TREND_UP,12H,179,0.704367816091954
atr_pct_24b,path_inside_70,TREND_UP,1H,179,0.5930880713489409
atr_pct_24b,path_inside_70,TREND_UP,24H,179,0.6572847682119205
atr_pct_24b,path_inside_70,TREND_UP,2H,179,0.5908602150537634
atr_pct_24b,path_inside_70,TREND_UP,4H,179,0.5678160919540229
atr_pct_24b,path_inside_70,TREND_UP,8H,179,0.7290448343079922
atr_pct_24b,path_inside_70,VOLATILITY_EXPANSION,12H,324,0.7382226056945643
atr_pct_24b,path_inside_70,VOLATILITY_EXPANSION,1H,324,0.8317460317460318
atr_pct_24b,path_inside_70,VOLATILITY_EXPANSION,24H,324,0.8481605351170568
atr_pct_24b,path_inside_70,VOLATILITY_EXPANSION,2H,324,0.6800360522757999
atr_pct_24b,path_inside_70,VOLATILITY_EXPANSION,4H,319,0.8243569131832797
atr_pct_24b,path_inside_70,VOLATILITY_EXPANSION,8H,319,0.7074970484061394
atr_pct_24b,trend_efficiency_high,HIGH_VOL,12H,163,0.6276978417266187
atr_pct_24b,trend_efficiency_high,HIGH_VOL,1H,163,0.6219114219114219
atr_pct_24b,trend_efficiency_high,HIGH_VOL,24H,163,0.5269927536231884
atr_pct_24b,trend_efficiency_high,HIGH_VOL,2H,163,0.5994072047423621
atr_pct_24b,trend_efficiency_high,HIGH_VOL,4H,163,0.5254674403610574
atr_pct_24b,trend_efficiency_high,HIGH_VOL,8H,163,0.5855263157894737
atr_pct_24b,trend_efficiency_high,LOW_VOL_RANGE,12H,1024,0.5115472540395889
atr_pct_24b,trend_efficiency_high,LOW_VOL_RANGE,1H,1024,0.5158590213252917
atr_pct_24b,trend_efficiency_high,LOW_VOL_RANGE,24H,1024,0.5207864030591889
atr_pct_24b,trend_efficiency_high,LOW_VOL_RANGE,2H,1024,0.508808666884793
atr_pct_24b,trend_efficiency_high,LOW_VOL_RANGE,4H,1016,0.5057122608079376
atr_pct_24b,trend_efficiency_high,LOW_VOL_RANGE,8H,1016,0.5259892981582877
atr_pct_24b,trend_efficiency_high,NORMAL_RANGE,12H,2314,0.5037195994277539
atr_pct_24b,trend_efficiency_high,NORMAL_RANGE,1H,2314,0.5436589925226288
atr_pct_24b,trend_efficiency_high,NORMAL_RANGE,24H,2314,0.5621482551573558
atr_pct_24b,trend_efficiency_high,NORMAL_RANGE,2H,2314,0.5444148391063742
atr_pct_24b,trend_efficiency_high,NORMAL_RANGE,4H,2303,0.5031538334623634
atr_pct_24b,trend_efficiency_high,NORMAL_RANGE,8H,2303,0.5114984833678118
atr_pct_24b,trend_efficiency_high,TREND_DOWN,12H,190,0.5541897506925209
atr_pct_24b,trend_efficiency_high,TREND_DOWN,1H,190,0.5416666666666667
atr_pct_24b,trend_efficiency_high,TREND_DOWN,24H,190,0.5580808080808081
atr_pct_24b,trend_efficiency_high,TREND_DOWN,2H,190,0.5248493975903614
atr_pct_24b,trend_efficiency_high,TREND_DOWN,4H,189,0.5218923933209647
atr_pct_24b,trend_efficiency_high,TREND_DOWN,8H,189,0.5683106575963719
atr_pct_24b,trend_efficiency_high,TREND_UP,12H,179,0.5231481481481481
atr_pct_24b,trend_efficiency_high,TREND_UP,1H,179,0.5213675213675214
atr_pct_24b,trend_efficiency_high,TREND_UP,24H,179,0.5937360178970917
atr_pct_24b,trend_efficiency_high,TREND_UP,2H,179,0.5203405865657521
atr_pct_24b,trend_efficiency_high,TREND_UP,4H,179,0.5395973154362417
atr_pct_24b,trend_efficiency_high,TREND_UP,8H,179,0.5214710884353742
atr_pct_24b,trend_efficiency_high,VOLATILITY_EXPANSION,12H,324,0.5083427601809956
atr_pct_24b,trend_efficiency_high,VOLATILITY_EXPANSION,1H,324,0.5014341787439613
atr_pct_24b,trend_efficiency_high,VOLATILITY_EXPANSION,24H,324,0.563592711154888
atr_pct_24b,trend_efficiency_high,VOLATILITY_EXPANSION,2H,324,0.5627572016460906
atr_pct_24b,trend_efficiency_high,VOLATILITY_EXPANSION,4H,319,0.5236235119047619
atr_pct_24b,trend_efficiency_high,VOLATILITY_EXPANSION,8H,319,0.5092211661228543
rv_24b,upside_breakout_occurred,HIGH_VOL,12H,163,0.7859095050106286
rv_24b,upside_breakout_occurred,HIGH_VOL,1H,163,0.5210234680573663
rv_24b,upside_breakout_occurred,HIGH_VOL,24H,163,0.7432844932844933
rv_24b,upside_breakout_occurred,HIGH_VOL,2H,163,0.501978691019787
rv_24b,upside_breakout_occurred,HIGH_VOL,4H,163,0.603827606992164
rv_24b,upside_breakout_occurred,HIGH_VOL,8H,163,0.7029598308668077
rv_24b,upside_breakout_occurred,LOW_VOL_RANGE,12H,1024,0.6132145859604876
rv_24b,upside_breakout_occurred,LOW_VOL_RANGE,1H,1024,0.5582553335019816
rv_24b,upside_breakout_occurred,LOW_VOL_RANGE,24H,1024,0.6382657703936361
rv_24b,upside_breakout_occurred,LOW_VOL_RANGE,2H,1024,0.5632195934310738
rv_24b,upside_breakout_occurred,LOW_VOL_RANGE,4H,1016,0.5398727441523448
rv_24b,upside_breakout_occurred,LOW_VOL_RANGE,8H,1016,0.5715142159847809
rv_24b,upside_breakout_occurred,NORMAL_RANGE,12H,2314,0.6352102813028199
rv_24b,upside_breakout_occurred,NORMAL_RANGE,1H,2314,0.5434468052699718
rv_24b,upside_breakout_occurred,NORMAL_RANGE,24H,2314,0.6645786247517294
rv_24b,upside_breakout_occurred,NORMAL_RANGE,2H,2314,0.5700589383531147
rv_24b,upside_breakout_occurred,NORMAL_RANGE,4H,2303,0.6051366493143728
rv_24b,upside_breakout_occurred,NORMAL_RANGE,8H,2303,0.6366907870800824
rv_24b,upside_breakout_occurred,TREND_DOWN,12H,190,0.6072860962566845
rv_24b,upside_breakout_occurred,TREND_DOWN,1H,190,0.6266618756737334
rv_24b,upside_breakout_occurred,TREND_DOWN,24H,190,0.6135249554367201
rv_24b,upside_breakout_occurred,TREND_DOWN,2H,190,0.6637931034482758
rv_24b,upside_breakout_occurred,TREND_DOWN,4H,189,0.5637514384349828
rv_24b,upside_breakout_occurred,TREND_DOWN,8H,189,0.5884338433843384
rv_24b,upside_breakout_occurred,TREND_UP,12H,179,0.6403909621731404
rv_24b,upside_breakout_occurred,TREND_UP,1H,179,0.6492257742257742
rv_24b,upside_breakout_occurred,TREND_UP,24H,179,0.6555944055944056
rv_24b,upside_breakout_occurred,TREND_UP,2H,179,0.5976190476190476
rv_24b,upside_breakout_occurred,TREND_UP,4H,179,0.6382051282051282
rv_24b,upside_breakout_occurred,TREND_UP,8H,179,0.6574358974358974
rv_24b,upside_breakout_occurred,VOLATILITY_EXPANSION,12H,324,0.6830010445524319
rv_24b,upside_breakout_occurred,VOLATILITY_EXPANSION,1H,324,0.5924615031027349
rv_24b,upside_breakout_occurred,VOLATILITY_EXPANSION,24H,324,0.7088106469002695
rv_24b,upside_breakout_occurred,VOLATILITY_EXPANSION,2H,324,0.5403196676900849
rv_24b,upside_breakout_occurred,VOLATILITY_EXPANSION,4H,319,0.5241095890410958
rv_24b,upside_breakout_occurred,VOLATILITY_EXPANSION,8H,319,0.5737574738415545
rv_24b,downside_breakdown_occurred,HIGH_VOL,12H,163,0.5137614678899083
rv_24b,downside_breakdown_occurred,HIGH_VOL,1H,163,0.5557239057239057
rv_24b,downside_breakdown_occurred,HIGH_VOL,24H,163,0.5045871559633027
rv_24b,downside_breakdown_occurred,HIGH_VOL,2H,163,0.5818181818181818
rv_24b,downside_breakdown_occurred,HIGH_VOL,4H,163,0.50859291084855
rv_24b,downside_breakdown_occurred,HIGH_VOL,8H,163,0.5079288025889968
rv_24b,downside_breakdown_occurred,LOW_VOL_RANGE,12H,1024,0.5510209147893006
rv_24b,downside_breakdown_occurred,LOW_VOL_RANGE,1H,1024,0.5406374111927941
rv_24b,downside_breakdown_occurred,LOW_VOL_RANGE,24H,1024,0.5604041690998213
rv_24b,downside_breakdown_occurred,LOW_VOL_RANGE,2H,1024,0.5482783756777565
rv_24b,downside_breakdown_occurred,LOW_VOL_RANGE,4H,1016,0.5623708523845323
rv_24b,downside_breakdown_occurred,LOW_VOL_RANGE,8H,1016,0.5466730946729959
rv_24b,downside_breakdown_occurred,NORMAL_RANGE,12H,2314,0.5345379369138961
rv_24b,downside_breakdown_occurred,NORMAL_RANGE,1H,2314,0.54637002879576
rv_24b,downside_breakdown_occurred,NORMAL_RANGE,24H,2314,0.5661982078418418
rv_24b,downside_breakdown_occurred,NORMAL_RANGE,2H,2314,0.5519547789941134
rv_24b,downside_breakdown_occurred,NORMAL_RANGE,4H,2303,0.5441668956444267
rv_24b,downside_breakdown_occurred,NORMAL_RANGE,8H,2303,0.5285426351826442
rv_24b,downside_breakdown_occurred,TREND_DOWN,12H,190,0.5701462765957447
rv_24b,downside_breakdown_occurred,TREND_DOWN,1H,190,0.5868181818181818
rv_24b,downside_breakdown_occurred,TREND_DOWN,24H,190,0.5728058510638299
rv_24b,downside_breakdown_occurred,TREND_DOWN,2H,190,0.5628815628815629
rv_24b,downside_breakdown_occurred,TREND_DOWN,4H,189,0.6391752577319587
rv_24b,downside_breakdown_occurred,TREND_DOWN,8H,189,0.5768099547511312
rv_24b,downside_breakdown_occurred,TREND_UP,12H,179,0.56004061944656
rv_24b,downside_breakdown_occurred,TREND_UP,1H,179,0.5295842217484008
rv_24b,downside_breakdown_occurred,TREND_UP,24H,179,0.5686447070656273
rv_24b,downside_breakdown_occurred,TREND_UP,2H,179,0.5392231530845393
rv_24b,downside_breakdown_occurred,TREND_UP,4H,179,0.5037179487179487
rv_24b,downside_breakdown_occurred,TREND_UP,8H,179,0.5626769626769627
rv_24b,downside_breakdown_occurred,VOLATILITY_EXPANSION,12H,324,0.5706185567010309
rv_24b,downside_breakdown_occurred,VOLATILITY_EXPANSION,1H,324,0.5471818853064239
rv_24b,downside_breakdown_occurred,VOLATILITY_EXPANSION,24H,324,0.6486365849699725
rv_24b,downside_breakdown_occurred,VOLATILITY_EXPANSION,2H,324,0.5395689807454513
rv_24b,downside_breakdown_occurred,VOLATILITY_EXPANSION,4H,319,0.5531663715321697
rv_24b,downside_breakdown_occurred,VOLATILITY_EXPANSION,8H,319,0.5505117749854374
rv_24b,range_breached,HIGH_VOL,12H,163,0.8788288288288288
rv_24b,range_breached,HIGH_VOL,1H,163,0.8050632911392405
rv_24b,range_breached,HIGH_VOL,24H,163,0.898974358974359
rv_24b,range_breached,HIGH_VOL,2H,163,0.6305732484076434
rv_24b,range_breached,HIGH_VOL,4H,163,0.6593406593406593
rv_24b,range_breached,HIGH_VOL,8H,163,0.6206293706293706
rv_24b,range_breached,LOW_VOL_RANGE,12H,1024,0.8222174411933448
rv_24b,range_breached,LOW_VOL_RANGE,1H,1024,0.6922150113639476
rv_24b,range_breached,LOW_VOL_RANGE,24H,1024,0.7158051099227569
rv_24b,range_breached,LOW_VOL_RANGE,2H,1024,0.6848290598290598
rv_24b,range_breached,LOW_VOL_RANGE,4H,1016,0.7362637362637363
rv_24b,range_breached,LOW_VOL_RANGE,8H,1016,0.7883530942741469
rv_24b,range_breached,NORMAL_RANGE,12H,2314,0.6989445187357126
rv_24b,range_breached,NORMAL_RANGE,1H,2314,0.5940497601918465
rv_24b,range_breached,NORMAL_RANGE,24H,2314,0.8032250768675921
rv_24b,range_breached,NORMAL_RANGE,2H,2314,0.7025326582330748
rv_24b,range_breached,NORMAL_RANGE,4H,2303,0.7506566807771627
rv_24b,range_breached,NORMAL_RANGE,8H,2303,0.7139711465451785
rv_24b,range_breached,TREND_DOWN,12H,190,0.6808161350844277
rv_24b,range_breached,TREND_DOWN,1H,190,0.7205032301938117
rv_24b,range_breached,TREND_DOWN,24H,190,0.695281124497992
rv_24b,range_breached,TREND_DOWN,2H,190,0.7391304347826086
rv_24b,range_breached,TREND_DOWN,4H,189,0.709419295839049
rv_24b,range_breached,TREND_DOWN,8H,189,0.6901515151515152
rv_24b,range_breached,TREND_UP,12H,179,0.6806896551724138
rv_24b,range_breached,TREND_UP,1H,179,0.6753065774804905
rv_24b,range_breached,TREND_UP,24H,179,0.6762062440870388
rv_24b,range_breached,TREND_UP,2H,179,0.6311827956989247
rv_24b,range_breached,TREND_UP,4H,179,0.6091954022988506
rv_24b,range_breached,TREND_UP,8H,179,0.7183235867446394
rv_24b,range_breached,VOLATILITY_EXPANSION,12H,324,0.7660051768766177
rv_24b,range_breached,VOLATILITY_EXPANSION,1H,324,0.8211640211640212
rv_24b,range_breached,VOLATILITY_EXPANSION,24H,324,0.8448160535117057
rv_24b,range_breached,VOLATILITY_EXPANSION,2H,324,0.6687697160883281
rv_24b,range_breached,VOLATILITY_EXPANSION,4H,319,0.8641479099678456
rv_24b,range_breached,VOLATILITY_EXPANSION,8H,319,0.7511806375442739
rv_24b,path_inside_70,HIGH_VOL,12H,163,0.8788288288288288
rv_24b,path_inside_70,HIGH_VOL,1H,163,0.8050632911392405
rv_24b,path_inside_70,HIGH_VOL,24H,163,0.898974358974359
rv_24b,path_inside_70,HIGH_VOL,2H,163,0.6305732484076433
rv_24b,path_inside_70,HIGH_VOL,4H,163,0.6593406593406593
rv_24b,path_inside_70,HIGH_VOL,8H,163,0.6206293706293706
rv_24b,path_inside_70,LOW_VOL_RANGE,12H,1024,0.8222174411933448
rv_24b,path_inside_70,LOW_VOL_RANGE,1H,1024,0.6922150113639476
rv_24b,path_inside_70,LOW_VOL_RANGE,24H,1024,0.715805109922757
rv_24b,path_inside_70,LOW_VOL_RANGE,2H,1024,0.6848290598290598
rv_24b,path_inside_70,LOW_VOL_RANGE,4H,1016,0.7362637362637363
rv_24b,path_inside_70,LOW_VOL_RANGE,8H,1016,0.7883530942741469
rv_24b,path_inside_70,NORMAL_RANGE,12H,2314,0.6989445187357126
rv_24b,path_inside_70,NORMAL_RANGE,1H,2314,0.5940497601918465
rv_24b,path_inside_70,NORMAL_RANGE,24H,2314,0.8032250768675921
rv_24b,path_inside_70,NORMAL_RANGE,2H,2314,0.7025326582330748
rv_24b,path_inside_70,NORMAL_RANGE,4H,2303,0.7506566807771627
rv_24b,path_inside_70,NORMAL_RANGE,8H,2303,0.7139711465451785
rv_24b,path_inside_70,TREND_DOWN,12H,190,0.6808161350844277
rv_24b,path_inside_70,TREND_DOWN,1H,190,0.7205032301938117
rv_24b,path_inside_70,TREND_DOWN,24H,190,0.695281124497992
rv_24b,path_inside_70,TREND_DOWN,2H,190,0.7391304347826086
rv_24b,path_inside_70,TREND_DOWN,4H,189,0.709419295839049
rv_24b,path_inside_70,TREND_DOWN,8H,189,0.6901515151515152
rv_24b,path_inside_70,TREND_UP,12H,179,0.6806896551724138
rv_24b,path_inside_70,TREND_UP,1H,179,0.6753065774804905
rv_24b,path_inside_70,TREND_UP,24H,179,0.6762062440870388
rv_24b,path_inside_70,TREND_UP,2H,179,0.6311827956989248
rv_24b,path_inside_70,TREND_UP,4H,179,0.6091954022988506
rv_24b,path_inside_70,TREND_UP,8H,179,0.7183235867446394
rv_24b,path_inside_70,VOLATILITY_EXPANSION,12H,324,0.7660051768766177
rv_24b,path_inside_70,VOLATILITY_EXPANSION,1H,324,0.8211640211640212
rv_24b,path_inside_70,VOLATILITY_EXPANSION,24H,324,0.8448160535117056
rv_24b,path_inside_70,VOLATILITY_EXPANSION,2H,324,0.668769716088328
rv_24b,path_inside_70,VOLATILITY_EXPANSION,4H,319,0.8641479099678456
rv_24b,path_inside_70,VOLATILITY_EXPANSION,8H,319,0.7511806375442739
rv_24b,trend_efficiency_high,HIGH_VOL,12H,163,0.5749400479616307
rv_24b,trend_efficiency_high,HIGH_VOL,1H,163,0.6326340326340326
rv_24b,trend_efficiency_high,HIGH_VOL,24H,163,0.5355072463768116
rv_24b,trend_efficiency_high,HIGH_VOL,2H,163,0.6080711354309165
rv_24b,trend_efficiency_high,HIGH_VOL,4H,163,0.6015473887814313
rv_24b,trend_efficiency_high,HIGH_VOL,8H,163,0.5416666666666667
rv_24b,trend_efficiency_high,LOW_VOL_RANGE,12H,1024,0.5045631003882085
rv_24b,trend_efficiency_high,LOW_VOL_RANGE,1H,1024,0.5175431651828447
rv_24b,trend_efficiency_high,LOW_VOL_RANGE,24H,1024,0.5183434712955517
rv_24b,trend_efficiency_high,LOW_VOL_RANGE,2H,1024,0.5170029447049842
rv_24b,trend_efficiency_high,LOW_VOL_RANGE,4H,1016,0.5152374202693125
rv_24b,trend_efficiency_high,LOW_VOL_RANGE,8H,1016,0.5161896465903435
rv_24b,trend_efficiency_high,NORMAL_RANGE,12H,2314,0.5079268001907487
rv_24b,trend_efficiency_high,NORMAL_RANGE,1H,2314,0.5357908085180813
rv_24b,trend_efficiency_high,NORMAL_RANGE,24H,2314,0.5672750244692064
rv_24b,trend_efficiency_high,NORMAL_RANGE,2H,2314,0.5294501947120311
rv_24b,trend_efficiency_high,NORMAL_RANGE,4H,2303,0.5040600053304227
rv_24b,trend_efficiency_high,NORMAL_RANGE,8H,2303,0.5036526087342784
rv_24b,trend_efficiency_high,TREND_DOWN,12H,190,0.5770429362880887
rv_24b,trend_efficiency_high,TREND_DOWN,1H,190,0.5108225108225108
rv_24b,trend_efficiency_high,TREND_DOWN,24H,190,0.5975829725829727
rv_24b,trend_efficiency_high,TREND_DOWN,2H,190,0.5549698795180723
rv_24b,trend_efficiency_high,TREND_DOWN,4H,189,0.5282003710575139
rv_24b,trend_efficiency_high,TREND_DOWN,8H,189,0.5572562358276645
rv_24b,trend_efficiency_high,TREND_UP,12H,179,0.5087719298245614
rv_24b,trend_efficiency_high,TREND_UP,1H,179,0.5082956259426847
rv_24b,trend_efficiency_high,TREND_UP,24H,179,0.6293064876957495
rv_24b,trend_efficiency_high,TREND_UP,2H,179,0.5465941343424787
rv_24b,trend_efficiency_high,TREND_UP,4H,179,0.519910514541387
rv_24b,trend_efficiency_high,TREND_UP,8H,179,0.5221088435374149
rv_24b,trend_efficiency_high,VOLATILITY_EXPANSION,12H,324,0.5199377828054299
rv_24b,trend_efficiency_high,VOLATILITY_EXPANSION,1H,324,0.5159269323671498
rv_24b,trend_efficiency_high,VOLATILITY_EXPANSION,24H,324,0.5533735533119921
rv_24b,trend_efficiency_high,VOLATILITY_EXPANSION,2H,324,0.5611111111111111
rv_24b,trend_efficiency_high,VOLATILITY_EXPANSION,4H,319,0.5203373015873016
rv_24b,trend_efficiency_high,VOLATILITY_EXPANSION,8H,319,0.5187260604341041
rv_48b,upside_breakout_occurred,HIGH_VOL,12H,163,0.8325235347707258
rv_48b,upside_breakout_occurred,HIGH_VOL,1H,163,0.5138526727509778
rv_48b,upside_breakout_occurred,HIGH_VOL,24H,163,0.7493894993894994
rv_48b,upside_breakout_occurred,HIGH_VOL,2H,163,0.5372907153729072
rv_48b,upside_breakout_occurred,HIGH_VOL,4H,163,0.666365280289331
rv_48b,upside_breakout_occurred,HIGH_VOL,8H,163,0.7517366354575656
rv_48b,upside_breakout_occurred,LOW_VOL_RANGE,12H,1024,0.6131672971836906
rv_48b,upside_breakout_occurred,LOW_VOL_RANGE,1H,1024,0.5584408466143858
rv_48b,upside_breakout_occurred,LOW_VOL_RANGE,24H,1024,0.6461971996360114
rv_48b,upside_breakout_occurred,LOW_VOL_RANGE,2H,1024,0.5683027948888977
rv_48b,upside_breakout_occurred,LOW_VOL_RANGE,4H,1016,0.5369608042931866
rv_48b,upside_breakout_occurred,LOW_VOL_RANGE,8H,1016,0.5672279419748016
rv_48b,upside_breakout_occurred,NORMAL_RANGE,12H,2314,0.6375553505310486
rv_48b,upside_breakout_occurred,NORMAL_RANGE,1H,2314,0.5479055188805919
rv_48b,upside_breakout_occurred,NORMAL_RANGE,24H,2314,0.6603545990000685
rv_48b,upside_breakout_occurred,NORMAL_RANGE,2H,2314,0.5764011748268061
rv_48b,upside_breakout_occurred,NORMAL_RANGE,4H,2303,0.6057968829355003
rv_48b,upside_breakout_occurred,NORMAL_RANGE,8H,2303,0.6263613210979504
rv_48b,upside_breakout_occurred,TREND_DOWN,12H,190,0.6082887700534759
rv_48b,upside_breakout_occurred,TREND_DOWN,1H,190,0.6066594801772667
rv_48b,upside_breakout_occurred,TREND_DOWN,24H,190,0.6055035650623886
rv_48b,upside_breakout_occurred,TREND_DOWN,2H,190,0.6479496738117427
rv_48b,upside_breakout_occurred,TREND_DOWN,4H,189,0.5397008055235903
rv_48b,upside_breakout_occurred,TREND_DOWN,8H,189,0.5824707470747075
rv_48b,upside_breakout_occurred,TREND_UP,12H,179,0.6381061183041381
rv_48b,upside_breakout_occurred,TREND_UP,1H,179,0.6147602397602397
rv_48b,upside_breakout_occurred,TREND_UP,24H,179,0.6277472527472527
rv_48b,upside_breakout_occurred,TREND_UP,2H,179,0.5798245614035088
rv_48b,upside_breakout_occurred,TREND_UP,4H,179,0.5944871794871796
rv_48b,upside_breakout_occurred,TREND_UP,8H,179,0.6414102564102564
rv_48b,upside_breakout_occurred,VOLATILITY_EXPANSION,12H,324,0.6673327580725736
rv_48b,upside_breakout_occurred,VOLATILITY_EXPANSION,1H,324,0.5746724890829694
rv_48b,upside_breakout_occurred,VOLATILITY_EXPANSION,24H,324,0.6977341644204852
rv_48b,upside_breakout_occurred,VOLATILITY_EXPANSION,2H,324,0.5321925230269099
rv_48b,upside_breakout_occurred,VOLATILITY_EXPANSION,4H,319,0.5231050228310502
rv_48b,upside_breakout_occurred,VOLATILITY_EXPANSION,8H,319,0.5612855007473841
rv_48b,downside_breakdown_occurred,HIGH_VOL,12H,163,0.5832483860006796
rv_48b,downside_breakdown_occurred,HIGH_VOL,1H,163,0.5457912457912457
rv_48b,downside_breakdown_occurred,HIGH_VOL,24H,163,0.5494393476044852
rv_48b,downside_breakdown_occurred,HIGH_VOL,2H,163,0.5248713550600344
rv_48b,downside_breakdown_occurred,HIGH_VOL,4H,163,0.5955961331901182
rv_48b,downside_breakdown_occurred,HIGH_VOL,8H,163,0.5498381877022653
rv_48b,downside_breakdown_occurred,LOW_VOL_RANGE,12H,1024,0.5430935683402636
rv_48b,downside_breakdown_occurred,LOW_VOL_RANGE,1H,1024,0.5328687760462116
rv_48b,downside_breakdown_occurred,LOW_VOL_RANGE,24H,1024,0.5461281874325352
rv_48b,downside_breakdown_occurred,LOW_VOL_RANGE,2H,1024,0.5414107163333169
rv_48b,downside_breakdown_occurred,LOW_VOL_RANGE,4H,1016,0.556866031558234
rv_48b,downside_breakdown_occurred,LOW_VOL_RANGE,8H,1016,0.5554827597573839
rv_48b,downside_breakdown_occurred,NORMAL_RANGE,12H,2314,0.5262097186700767
rv_48b,downside_breakdown_occurred,NORMAL_RANGE,1H,2314,0.536870379723587
rv_48b,downside_breakdown_occurred,NORMAL_RANGE,24H,2314,0.5573988200022579
rv_48b,downside_breakdown_occurred,NORMAL_RANGE,2H,2314,0.5364080411546008
rv_48b,downside_breakdown_occurred,NORMAL_RANGE,4H,2303,0.5410428063514268
rv_48b,downside_breakdown_occurred,NORMAL_RANGE,8H,2303,0.5158546492180194
rv_48b,downside_breakdown_occurred,TREND_DOWN,12H,190,0.5236037234042553
rv_48b,downside_breakdown_occurred,TREND_DOWN,1H,190,0.5590909090909091
rv_48b,downside_breakdown_occurred,TREND_DOWN,24H,190,0.5152925531914894
rv_48b,downside_breakdown_occurred,TREND_DOWN,2H,190,0.5377955377955378
rv_48b,downside_breakdown_occurred,TREND_DOWN,4H,189,0.5931196772747647
rv_48b,downside_breakdown_occurred,TREND_DOWN,8H,189,0.558710407239819
rv_48b,downside_breakdown_occurred,TREND_UP,12H,179,0.5265295760345265
rv_48b,downside_breakdown_occurred,TREND_UP,1H,179,0.5111940298507462
rv_48b,downside_breakdown_occurred,TREND_UP,24H,179,0.5262760875031431
rv_48b,downside_breakdown_occurred,TREND_UP,2H,179,0.5099009900990099
rv_48b,downside_breakdown_occurred,TREND_UP,4H,179,0.5484615384615384
rv_48b,downside_breakdown_occurred,TREND_UP,8H,179,0.5225225225225225
rv_48b,downside_breakdown_occurred,VOLATILITY_EXPANSION,12H,324,0.5482157018239493
rv_48b,downside_breakdown_occurred,VOLATILITY_EXPANSION,1H,324,0.5421117400935269
rv_48b,downside_breakdown_occurred,VOLATILITY_EXPANSION,24H,324,0.6162960558350917
rv_48b,downside_breakdown_occurred,VOLATILITY_EXPANSION,2H,324,0.5401430842607313
rv_48b,downside_breakdown_occurred,VOLATILITY_EXPANSION,4H,319,0.5417826123619192
rv_48b,downside_breakdown_occurred,VOLATILITY_EXPANSION,8H,319,0.5341183323624865
rv_48b,range_breached,HIGH_VOL,12H,163,0.7905405405405406
rv_48b,range_breached,HIGH_VOL,1H,163,0.8569620253164557
rv_48b,range_breached,HIGH_VOL,24H,163,0.8497435897435898
rv_48b,range_breached,HIGH_VOL,2H,163,0.6825902335456475
rv_48b,range_breached,HIGH_VOL,4H,163,0.5347985347985348
rv_48b,range_breached,HIGH_VOL,8H,163,0.6083916083916083
rv_48b,range_breached,LOW_VOL_RANGE,12H,1024,0.8128585771658061
rv_48b,range_breached,LOW_VOL_RANGE,1H,1024,0.662613981762918
rv_48b,range_breached,LOW_VOL_RANGE,24H,1024,0.7193404634581105
rv_48b,range_breached,LOW_VOL_RANGE,2H,1024,0.6656264057579847
rv_48b,range_breached,LOW_VOL_RANGE,4H,1016,0.7385049161364952
rv_48b,range_breached,LOW_VOL_RANGE,8H,1016,0.8070416425679583
rv_48b,range_breached,NORMAL_RANGE,12H,2314,0.7072746827626537
rv_48b,range_breached,NORMAL_RANGE,1H,2314,0.5446392885691447
rv_48b,range_breached,NORMAL_RANGE,24H,2314,0.7753449108458186
rv_48b,range_breached,NORMAL_RANGE,2H,2314,0.6640240723823091
rv_48b,range_breached,NORMAL_RANGE,4H,2303,0.7277596873982416
rv_48b,range_breached,NORMAL_RANGE,8H,2303,0.6984856154560026
rv_48b,range_breached,TREND_DOWN,12H,190,0.6165572232645403
rv_48b,range_breached,TREND_DOWN,1H,190,0.7065623937436246
rv_48b,range_breached,TREND_DOWN,24H,190,0.6380522088353413
rv_48b,range_breached,TREND_DOWN,2H,190,0.711273105961989
rv_48b,range_breached,TREND_DOWN,4H,189,0.6319158664837677
rv_48b,range_breached,TREND_DOWN,8H,189,0.6123737373737373
rv_48b,range_breached,TREND_UP,12H,179,0.6181609195402299
rv_48b,range_breached,TREND_UP,1H,179,0.5836120401337792
rv_48b,range_breached,TREND_UP,24H,179,0.6014664143803217
rv_48b,range_breached,TREND_UP,2H,179,0.5327956989247311
rv_48b,range_breached,TREND_UP,4H,179,0.5029885057471264
rv_48b,range_breached,TREND_UP,8H,179,0.6252436647173489
rv_48b,range_breached,VOLATILITY_EXPANSION,12H,324,0.7202761000862813
rv_48b,range_breached,VOLATILITY_EXPANSION,1H,324,0.7869488536155202
rv_48b,range_breached,VOLATILITY_EXPANSION,24H,324,0.800133779264214
rv_48b,range_breached,VOLATILITY_EXPANSION,2H,324,0.6516448850833709
rv_48b,range_breached,VOLATILITY_EXPANSION,4H,319,0.837620578778135
rv_48b,range_breached,VOLATILITY_EXPANSION,8H,319,0.6897874852420307
rv_48b,path_inside_70,HIGH_VOL,12H,163,0.7905405405405406
rv_48b,path_inside_70,HIGH_VOL,1H,163,0.8569620253164557
rv_48b,path_inside_70,HIGH_VOL,24H,163,0.8497435897435898
rv_48b,path_inside_70,HIGH_VOL,2H,163,0.6825902335456475
rv_48b,path_inside_70,HIGH_VOL,4H,163,0.5347985347985348
rv_48b,path_inside_70,HIGH_VOL,8H,163,0.6083916083916084
rv_48b,path_inside_70,LOW_VOL_RANGE,12H,1024,0.8128585771658061
rv_48b,path_inside_70,LOW_VOL_RANGE,1H,1024,0.662613981762918
rv_48b,path_inside_70,LOW_VOL_RANGE,24H,1024,0.7193404634581105
rv_48b,path_inside_70,LOW_VOL_RANGE,2H,1024,0.6656264057579847
rv_48b,path_inside_70,LOW_VOL_RANGE,4H,1016,0.738504916136495
rv_48b,path_inside_70,LOW_VOL_RANGE,8H,1016,0.8070416425679584
rv_48b,path_inside_70,NORMAL_RANGE,12H,2314,0.7072746827626537
rv_48b,path_inside_70,NORMAL_RANGE,1H,2314,0.5446392885691447
rv_48b,path_inside_70,NORMAL_RANGE,24H,2314,0.7753449108458186
rv_48b,path_inside_70,NORMAL_RANGE,2H,2314,0.6640240723823091
rv_48b,path_inside_70,NORMAL_RANGE,4H,2303,0.7277596873982416
rv_48b,path_inside_70,NORMAL_RANGE,8H,2303,0.6984856154560027
rv_48b,path_inside_70,TREND_DOWN,12H,190,0.6165572232645403
rv_48b,path_inside_70,TREND_DOWN,1H,190,0.7065623937436246
rv_48b,path_inside_70,TREND_DOWN,24H,190,0.6380522088353414
rv_48b,path_inside_70,TREND_DOWN,2H,190,0.7112731059619891
rv_48b,path_inside_70,TREND_DOWN,4H,189,0.6319158664837677
rv_48b,path_inside_70,TREND_DOWN,8H,189,0.6123737373737373
rv_48b,path_inside_70,TREND_UP,12H,179,0.6181609195402299
rv_48b,path_inside_70,TREND_UP,1H,179,0.5836120401337793
rv_48b,path_inside_70,TREND_UP,24H,179,0.6014664143803217
rv_48b,path_inside_70,TREND_UP,2H,179,0.5327956989247312
rv_48b,path_inside_70,TREND_UP,4H,179,0.5029885057471264
rv_48b,path_inside_70,TREND_UP,8H,179,0.6252436647173489
rv_48b,path_inside_70,VOLATILITY_EXPANSION,12H,324,0.7202761000862813
rv_48b,path_inside_70,VOLATILITY_EXPANSION,1H,324,0.7869488536155202
rv_48b,path_inside_70,VOLATILITY_EXPANSION,24H,324,0.800133779264214
rv_48b,path_inside_70,VOLATILITY_EXPANSION,2H,324,0.6516448850833709
rv_48b,path_inside_70,VOLATILITY_EXPANSION,4H,319,0.837620578778135
rv_48b,path_inside_70,VOLATILITY_EXPANSION,8H,319,0.6897874852420307
rv_48b,trend_efficiency_high,HIGH_VOL,12H,163,0.6498800959232613
rv_48b,trend_efficiency_high,HIGH_VOL,1H,163,0.6365967365967365
rv_48b,trend_efficiency_high,HIGH_VOL,24H,163,0.5434782608695652
rv_48b,trend_efficiency_high,HIGH_VOL,2H,163,0.5989512083903329
rv_48b,trend_efficiency_high,HIGH_VOL,4H,163,0.5254674403610574
rv_48b,trend_efficiency_high,HIGH_VOL,8H,163,0.6527777777777778
rv_48b,trend_efficiency_high,LOW_VOL_RANGE,12H,1024,0.5133712941684717
rv_48b,trend_efficiency_high,LOW_VOL_RANGE,1H,1024,0.5227539350668979
rv_48b,trend_efficiency_high,LOW_VOL_RANGE,24H,1024,0.5310982758303207
rv_48b,trend_efficiency_high,LOW_VOL_RANGE,2H,1024,0.5351655942123823
rv_48b,trend_efficiency_high,LOW_VOL_RANGE,4H,1016,0.517909284195606
rv_48b,trend_efficiency_high,LOW_VOL_RANGE,8H,1016,0.5252613240418118
rv_48b,trend_efficiency_high,NORMAL_RANGE,12H,2314,0.5039687649022413
rv_48b,trend_efficiency_high,NORMAL_RANGE,1H,2314,0.5476983033801216
rv_48b,trend_efficiency_high,NORMAL_RANGE,24H,2314,0.5476267222556844
rv_48b,trend_efficiency_high,NORMAL_RANGE,2H,2314,0.5253292170526748
rv_48b,trend_efficiency_high,NORMAL_RANGE,4H,2303,0.504308758392243
rv_48b,trend_efficiency_high,NORMAL_RANGE,8H,2303,0.5083065754572107
rv_48b,trend_efficiency_high,TREND_DOWN,12H,190,0.5649238227146814
rv_48b,trend_efficiency_high,TREND_DOWN,1H,190,0.5229978354978355
rv_48b,trend_efficiency_high,TREND_DOWN,24H,190,0.5400432900432901
rv_48b,trend_efficiency_high,TREND_DOWN,2H,190,0.5454317269076305
rv_48b,trend_efficiency_high,TREND_DOWN,4H,189,0.5048237476808906
rv_48b,trend_efficiency_high,TREND_DOWN,8H,189,0.5402494331065759
rv_48b,trend_efficiency_high,TREND_UP,12H,179,0.5277777777777778
rv_48b,trend_efficiency_high,TREND_UP,1H,179,0.5266465560583208
rv_48b,trend_efficiency_high,TREND_UP,24H,179,0.6064876957494407
rv_48b,trend_efficiency_high,TREND_UP,2H,179,0.5723746452223274
rv_48b,trend_efficiency_high,TREND_UP,4H,179,0.538255033557047
rv_48b,trend_efficiency_high,TREND_UP,8H,179,0.5469812925170068
rv_48b,trend_efficiency_high,VOLATILITY_EXPANSION,12H,324,0.5324519230769231
rv_48b,trend_efficiency_high,VOLATILITY_EXPANSION,1H,324,0.5194746376811594
rv_48b,trend_efficiency_high,VOLATILITY_EXPANSION,24H,324,0.5478946072395962
rv_48b,trend_efficiency_high,VOLATILITY_EXPANSION,2H,324,0.5494513031550069
rv_48b,trend_efficiency_high,VOLATILITY_EXPANSION,4H,319,0.5315600198412698
rv_48b,trend_efficiency_high,VOLATILITY_EXPANSION,8H,319,0.5092920981699531
rolling_high_dist_24b,upside_breakout_occurred,HIGH_VOL,12H,163,0.5344670513209839
rolling_high_dist_24b,upside_breakout_occurred,HIGH_VOL,1H,163,0.6476531942633638
rolling_high_dist_24b,upside_breakout_occurred,HIGH_VOL,24H,163,0.5128205128205128
rolling_high_dist_24b,upside_breakout_occurred,HIGH_VOL,2H,163,0.6066971080669711
rolling_high_dist_24b,upside_breakout_occurred,HIGH_VOL,4H,163,0.629746835443038
rolling_high_dist_24b,upside_breakout_occurred,HIGH_VOL,8H,163,0.5915131380247659
rolling_high_dist_24b,upside_breakout_occurred,LOW_VOL_RANGE,12H,1024,0.5668426860025221
rolling_high_dist_24b,upside_breakout_occurred,LOW_VOL_RANGE,1H,1024,0.5032823172274222
rolling_high_dist_24b,upside_breakout_occurred,LOW_VOL_RANGE,24H,1024,0.5560483752605161
rolling_high_dist_24b,upside_breakout_occurred,LOW_VOL_RANGE,2H,1024,0.5029840921079591
rolling_high_dist_24b,upside_breakout_occurred,LOW_VOL_RANGE,4H,1016,0.5049611665874149
rolling_high_dist_24b,upside_breakout_occurred,LOW_VOL_RANGE,8H,1016,0.5342359055697959
rolling_high_dist_24b,upside_breakout_occurred,NORMAL_RANGE,12H,2314,0.5602804508050728
rolling_high_dist_24b,upside_breakout_occurred,NORMAL_RANGE,1H,2314,0.5157722384554029
rolling_high_dist_24b,upside_breakout_occurred,NORMAL_RANGE,24H,2314,0.5792903739469899
rolling_high_dist_24b,upside_breakout_occurred,NORMAL_RANGE,2H,2314,0.5182989440901279
rolling_high_dist_24b,upside_breakout_occurred,NORMAL_RANGE,4H,2303,0.5307627602844083
rolling_high_dist_24b,upside_breakout_occurred,NORMAL_RANGE,8H,2303,0.5543497594696204
rolling_high_dist_24b,upside_breakout_occurred,TREND_DOWN,12H,190,0.6119652406417112
rolling_high_dist_24b,upside_breakout_occurred,TREND_DOWN,1H,190,0.5851000119774823
rolling_high_dist_24b,upside_breakout_occurred,TREND_DOWN,24H,190,0.6258912655971479
rolling_high_dist_24b,upside_breakout_occurred,TREND_DOWN,2H,190,0.6338536812674743
rolling_high_dist_24b,upside_breakout_occurred,TREND_DOWN,4H,189,0.5667433831990794
rolling_high_dist_24b,upside_breakout_occurred,TREND_DOWN,8H,189,0.5929342934293429
rolling_high_dist_24b,upside_breakout_occurred,TREND_UP,12H,179,0.5701954810865701
rolling_high_dist_24b,upside_breakout_occurred,TREND_UP,1H,179,0.6471653346653347
rolling_high_dist_24b,upside_breakout_occurred,TREND_UP,24H,179,0.6173826173826173
rolling_high_dist_24b,upside_breakout_occurred,TREND_UP,2H,179,0.6454260651629072
rolling_high_dist_24b,upside_breakout_occurred,TREND_UP,4H,179,0.6821794871794872
rolling_high_dist_24b,upside_breakout_occurred,TREND_UP,8H,179,0.6433333333333333
rolling_high_dist_24b,upside_breakout_occurred,VOLATILITY_EXPANSION,12H,324,0.5789091239384169
rolling_high_dist_24b,upside_breakout_occurred,VOLATILITY_EXPANSION,1H,324,0.574902321305447
rolling_high_dist_24b,upside_breakout_occurred,VOLATILITY_EXPANSION,24H,324,0.5731553234501348
rolling_high_dist_24b,upside_breakout_occurred,VOLATILITY_EXPANSION,2H,324,0.5836644392270183
rolling_high_dist_24b,upside_breakout_occurred,VOLATILITY_EXPANSION,4H,319,0.5752511415525114
rolling_high_dist_24b,upside_breakout_occurred,VOLATILITY_EXPANSION,8H,319,0.5009342301943198
rolling_high_dist_24b,downside_breakdown_occurred,HIGH_VOL,12H,163,0.5541963982330955
rolling_high_dist_24b,downside_breakdown_occurred,HIGH_VOL,1H,163,0.6483164983164983
rolling_high_dist_24b,downside_breakdown_occurred,HIGH_VOL,24H,163,0.5411145090044173
rolling_high_dist_24b,downside_breakdown_occurred,HIGH_VOL,2H,163,0.6029159519725558
rolling_high_dist_24b,downside_breakdown_occurred,HIGH_VOL,4H,163,0.5490511994271393
rolling_high_dist_24b,downside_breakdown_occurred,HIGH_VOL,8H,163,0.544336569579288
rolling_high_dist_24b,downside_breakdown_occurred,LOW_VOL_RANGE,12H,1024,0.559295806698525
rolling_high_dist_24b,downside_breakdown_occurred,LOW_VOL_RANGE,1H,1024,0.5571558707469383
rolling_high_dist_24b,downside_breakdown_occurred,LOW_VOL_RANGE,24H,1024,0.5438808373590982
rolling_high_dist_24b,downside_breakdown_occurred,LOW_VOL_RANGE,2H,1024,0.5728946549379986
rolling_high_dist_24b,downside_breakdown_occurred,LOW_VOL_RANGE,4H,1016,0.5739925972484112
rolling_high_dist_24b,downside_breakdown_occurred,LOW_VOL_RANGE,8H,1016,0.5732380669831224
rolling_high_dist_24b,downside_breakdown_occurred,NORMAL_RANGE,12H,2314,0.5536423699914749
rolling_high_dist_24b,downside_breakdown_occurred,NORMAL_RANGE,1H,2314,0.5673945412684565
rolling_high_dist_24b,downside_breakdown_occurred,NORMAL_RANGE,24H,2314,0.5729378264123803
rolling_high_dist_24b,downside_breakdown_occurred,NORMAL_RANGE,2H,2314,0.5600968675771971
rolling_high_dist_24b,downside_breakdown_occurred,NORMAL_RANGE,4H,2303,0.5533010266530113
rolling_high_dist_24b,downside_breakdown_occurred,NORMAL_RANGE,8H,2303,0.547226033709476
rolling_high_dist_24b,downside_breakdown_occurred,TREND_DOWN,12H,190,0.5688164893617021
rolling_high_dist_24b,downside_breakdown_occurred,TREND_DOWN,1H,190,0.5398295454545454
rolling_high_dist_24b,downside_breakdown_occurred,TREND_DOWN,24H,190,0.5429964539007093
rolling_high_dist_24b,downside_breakdown_occurred,TREND_DOWN,2H,190,0.5172605172605172
rolling_high_dist_24b,downside_breakdown_occurred,TREND_DOWN,4H,189,0.5642088749439713
rolling_high_dist_24b,downside_breakdown_occurred,TREND_DOWN,8H,189,0.5443438914027149
rolling_high_dist_24b,downside_breakdown_occurred,TREND_UP,12H,179,0.5644833714140645
rolling_high_dist_24b,downside_breakdown_occurred,TREND_UP,1H,179,0.5767590618336887
rolling_high_dist_24b,downside_breakdown_occurred,TREND_UP,24H,179,0.5910862459140055
rolling_high_dist_24b,downside_breakdown_occurred,TREND_UP,2H,179,0.5472201066260473
rolling_high_dist_24b,downside_breakdown_occurred,TREND_UP,4H,179,0.5603846153846154
rolling_high_dist_24b,downside_breakdown_occurred,TREND_UP,8H,179,0.5833976833976834
rolling_high_dist_24b,downside_breakdown_occurred,VOLATILITY_EXPANSION,12H,324,0.5772006344171292
rolling_high_dist_24b,downside_breakdown_occurred,VOLATILITY_EXPANSION,1H,324,0.6561653950283042
rolling_high_dist_24b,downside_breakdown_occurred,VOLATILITY_EXPANSION,24H,324,0.6242493101769193
rolling_high_dist_24b,downside_breakdown_occurred,VOLATILITY_EXPANSION,2H,324,0.6185744568097509
rolling_high_dist_24b,downside_breakdown_occurred,VOLATILITY_EXPANSION,4H,319,0.6046884222953032
rolling_high_dist_24b,downside_breakdown_occurred,VOLATILITY_EXPANSION,8H,319,0.5459765332445702
rolling_high_dist_24b,range_breached,HIGH_VOL,12H,163,0.6774774774774774
rolling_high_dist_24b,range_breached,HIGH_VOL,1H,163,0.6594936708860759
rolling_high_dist_24b,range_breached,HIGH_VOL,24H,163,0.6979487179487179
rolling_high_dist_24b,range_breached,HIGH_VOL,2H,163,0.524416135881104
rolling_high_dist_24b,range_breached,HIGH_VOL,4H,163,0.7637362637362637
rolling_high_dist_24b,range_breached,HIGH_VOL,8H,163,0.5304195804195804
rolling_high_dist_24b,range_breached,LOW_VOL_RANGE,12H,1024,0.6668459552495697
rolling_high_dist_24b,range_breached,LOW_VOL_RANGE,1H,1024,0.5525069142090419
rolling_high_dist_24b,range_breached,LOW_VOL_RANGE,24H,1024,0.6142156862745098
rolling_high_dist_24b,range_breached,LOW_VOL_RANGE,2H,1024,0.5566098740440846
rolling_high_dist_24b,range_breached,LOW_VOL_RANGE,4H,1016,0.6914762868710237
rolling_high_dist_24b,range_breached,LOW_VOL_RANGE,8H,1016,0.6465080971659919
rolling_high_dist_24b,range_breached,NORMAL_RANGE,12H,2314,0.5997554522293514
rolling_high_dist_24b,range_breached,NORMAL_RANGE,1H,2314,0.577283173461231
rolling_high_dist_24b,range_breached,NORMAL_RANGE,24H,2314,0.6482917973262915
rolling_high_dist_24b,range_breached,NORMAL_RANGE,2H,2314,0.653420146684628
rolling_high_dist_24b,range_breached,NORMAL_RANGE,4H,2303,0.6735862368392489
rolling_high_dist_24b,range_breached,NORMAL_RANGE,8H,2303,0.6143001771703366
rolling_high_dist_24b,range_breached,TREND_DOWN,12H,190,0.700750469043152
rolling_high_dist_24b,range_breached,TREND_DOWN,1H,190,0.6739204352261136
rolling_high_dist_24b,range_breached,TREND_DOWN,24H,190,0.6910140562248996
rolling_high_dist_24b,range_breached,TREND_DOWN,2H,190,0.6638896120801875
rolling_high_dist_24b,range_breached,TREND_DOWN,4H,189,0.6931870141746685
rolling_high_dist_24b,range_breached,TREND_DOWN,8H,189,0.6608585858585858
rolling_high_dist_24b,range_breached,TREND_UP,12H,179,0.6579310344827586
rolling_high_dist_24b,range_breached,TREND_UP,1H,179,0.7123745819397993
rolling_high_dist_24b,range_breached,TREND_UP,24H,179,0.7071901608325449
rolling_high_dist_24b,range_breached,TREND_UP,2H,179,0.660752688172043
rolling_high_dist_24b,range_breached,TREND_UP,4H,179,0.6958620689655173
rolling_high_dist_24b,range_breached,TREND_UP,8H,179,0.7146686159844055
rolling_high_dist_24b,range_breached,VOLATILITY_EXPANSION,12H,324,0.6084555651423641
rolling_high_dist_24b,range_breached,VOLATILITY_EXPANSION,1H,324,0.6846560846560846
rolling_high_dist_24b,range_breached,VOLATILITY_EXPANSION,24H,324,0.6723745819397994
rolling_high_dist_24b,range_breached,VOLATILITY_EXPANSION,2H,324,0.6750788643533123
rolling_high_dist_24b,range_breached,VOLATILITY_EXPANSION,4H,319,0.6579581993569131
rolling_high_dist_24b,range_breached,VOLATILITY_EXPANSION,8H,319,0.5059031877213696
rolling_high_dist_24b,path_inside_70,HIGH_VOL,12H,163,0.6774774774774774
rolling_high_dist_24b,path_inside_70,HIGH_VOL,1H,163,0.6594936708860759
rolling_high_dist_24b,path_inside_70,HIGH_VOL,24H,163,0.6979487179487179
rolling_high_dist_24b,path_inside_70,HIGH_VOL,2H,163,0.524416135881104
rolling_high_dist_24b,path_inside_70,HIGH_VOL,4H,163,0.7637362637362637
rolling_high_dist_24b,path_inside_70,HIGH_VOL,8H,163,0.5304195804195804
rolling_high_dist_24b,path_inside_70,LOW_VOL_RANGE,12H,1024,0.6668459552495697
rolling_high_dist_24b,path_inside_70,LOW_VOL_RANGE,1H,1024,0.5525069142090419
rolling_high_dist_24b,path_inside_70,LOW_VOL_RANGE,24H,1024,0.6142156862745098
rolling_high_dist_24b,path_inside_70,LOW_VOL_RANGE,2H,1024,0.5566098740440846
rolling_high_dist_24b,path_inside_70,LOW_VOL_RANGE,4H,1016,0.6914762868710237
rolling_high_dist_24b,path_inside_70,LOW_VOL_RANGE,8H,1016,0.6465080971659919
rolling_high_dist_24b,path_inside_70,NORMAL_RANGE,12H,2314,0.5997554522293514
rolling_high_dist_24b,path_inside_70,NORMAL_RANGE,1H,2314,0.577283173461231
rolling_high_dist_24b,path_inside_70,NORMAL_RANGE,24H,2314,0.6482917973262914
rolling_high_dist_24b,path_inside_70,NORMAL_RANGE,2H,2314,0.6534201466846281
rolling_high_dist_24b,path_inside_70,NORMAL_RANGE,4H,2303,0.6735862368392489
rolling_high_dist_24b,path_inside_70,NORMAL_RANGE,8H,2303,0.6143001771703367
rolling_high_dist_24b,path_inside_70,TREND_DOWN,12H,190,0.700750469043152
rolling_high_dist_24b,path_inside_70,TREND_DOWN,1H,190,0.6739204352261136
rolling_high_dist_24b,path_inside_70,TREND_DOWN,24H,190,0.6910140562248996
rolling_high_dist_24b,path_inside_70,TREND_DOWN,2H,190,0.6638896120801874
rolling_high_dist_24b,path_inside_70,TREND_DOWN,4H,189,0.6931870141746685
rolling_high_dist_24b,path_inside_70,TREND_DOWN,8H,189,0.6608585858585858
rolling_high_dist_24b,path_inside_70,TREND_UP,12H,179,0.6579310344827587
rolling_high_dist_24b,path_inside_70,TREND_UP,1H,179,0.7123745819397993
rolling_high_dist_24b,path_inside_70,TREND_UP,24H,179,0.7071901608325449
rolling_high_dist_24b,path_inside_70,TREND_UP,2H,179,0.660752688172043
rolling_high_dist_24b,path_inside_70,TREND_UP,4H,179,0.6958620689655173
rolling_high_dist_24b,path_inside_70,TREND_UP,8H,179,0.7146686159844055
rolling_high_dist_24b,path_inside_70,VOLATILITY_EXPANSION,12H,324,0.6084555651423641
rolling_high_dist_24b,path_inside_70,VOLATILITY_EXPANSION,1H,324,0.6846560846560846
rolling_high_dist_24b,path_inside_70,VOLATILITY_EXPANSION,24H,324,0.6723745819397993
rolling_high_dist_24b,path_inside_70,VOLATILITY_EXPANSION,2H,324,0.6750788643533123
rolling_high_dist_24b,path_inside_70,VOLATILITY_EXPANSION,4H,319,0.6579581993569132
rolling_high_dist_24b,path_inside_70,VOLATILITY_EXPANSION,8H,319,0.5059031877213696
rolling_high_dist_24b,trend_efficiency_high,HIGH_VOL,12H,163,0.6477817745803357
rolling_high_dist_24b,trend_efficiency_high,HIGH_VOL,1H,163,0.5853146853146853
rolling_high_dist_24b,trend_efficiency_high,HIGH_VOL,24H,163,0.5740942028985507
rolling_high_dist_24b,trend_efficiency_high,HIGH_VOL,2H,163,0.5182398540811674
rolling_high_dist_24b,trend_efficiency_high,HIGH_VOL,4H,163,0.6031592520954223
rolling_high_dist_24b,trend_efficiency_high,HIGH_VOL,8H,163,0.6341374269005848
rolling_high_dist_24b,trend_efficiency_high,LOW_VOL_RANGE,12H,1024,0.5105632323911126
rolling_high_dist_24b,trend_efficiency_high,LOW_VOL_RANGE,1H,1024,0.5311458655707737
rolling_high_dist_24b,trend_efficiency_high,LOW_VOL_RANGE,24H,1024,0.5244323866461248
rolling_high_dist_24b,trend_efficiency_high,LOW_VOL_RANGE,2H,1024,0.5102737485003818
rolling_high_dist_24b,trend_efficiency_high,LOW_VOL_RANGE,4H,1016,0.5109142452161588
rolling_high_dist_24b,trend_efficiency_high,LOW_VOL_RANGE,8H,1016,0.5372760079641612
rolling_high_dist_24b,trend_efficiency_high,NORMAL_RANGE,12H,2314,0.5211945636623748
rolling_high_dist_24b,trend_efficiency_high,NORMAL_RANGE,1H,2314,0.5220426669290306
rolling_high_dist_24b,trend_efficiency_high,NORMAL_RANGE,24H,2314,0.525357391582593
rolling_high_dist_24b,trend_efficiency_high,NORMAL_RANGE,2H,2314,0.5285957675753228
rolling_high_dist_24b,trend_efficiency_high,NORMAL_RANGE,4H,2303,0.5098301879608594
rolling_high_dist_24b,trend_efficiency_high,NORMAL_RANGE,8H,2303,0.5054059370756285
rolling_high_dist_24b,trend_efficiency_high,TREND_DOWN,12H,190,0.5697714681440443
rolling_high_dist_24b,trend_efficiency_high,TREND_DOWN,1H,190,0.5568181818181818
rolling_high_dist_24b,trend_efficiency_high,TREND_DOWN,24H,190,0.5764790764790765
rolling_high_dist_24b,trend_efficiency_high,TREND_DOWN,2H,190,0.5464357429718876
rolling_high_dist_24b,trend_efficiency_high,TREND_DOWN,4H,189,0.5840445269016697
rolling_high_dist_24b,trend_efficiency_high,TREND_DOWN,8H,189,0.5918367346938775
rolling_high_dist_24b,trend_efficiency_high,TREND_UP,12H,179,0.5210769980506822
rolling_high_dist_24b,trend_efficiency_high,TREND_UP,1H,179,0.5217445952740071
rolling_high_dist_24b,trend_efficiency_high,TREND_UP,24H,179,0.5629753914988814
rolling_high_dist_24b,trend_efficiency_high,TREND_UP,2H,179,0.510879848628193
rolling_high_dist_24b,trend_efficiency_high,TREND_UP,4H,179,0.5016778523489933
rolling_high_dist_24b,trend_efficiency_high,TREND_UP,8H,179,0.5077593537414966
rolling_high_dist_24b,trend_efficiency_high,VOLATILITY_EXPANSION,12H,324,0.5041713800904978
rolling_high_dist_24b,trend_efficiency_high,VOLATILITY_EXPANSION,1H,324,0.5088315217391305
rolling_high_dist_24b,trend_efficiency_high,VOLATILITY_EXPANSION,24H,324,0.5052327013050972
rolling_high_dist_24b,trend_efficiency_high,VOLATILITY_EXPANSION,2H,324,0.5467764060356652
rolling_high_dist_24b,trend_efficiency_high,VOLATILITY_EXPANSION,4H,319,0.5352802579365079
rolling_high_dist_24b,trend_efficiency_high,VOLATILITY_EXPANSION,8H,319,0.5478791317917435
atr_6b,upside_breakout_occurred,HIGH_VOL,12H,163,0.6881263285757668
atr_6b,upside_breakout_occurred,HIGH_VOL,1H,163,0.540661668839635
atr_6b,upside_breakout_occurred,HIGH_VOL,24H,163,0.7321428571428572
atr_6b,upside_breakout_occurred,HIGH_VOL,2H,163,0.5112633181126331
atr_6b,upside_breakout_occurred,HIGH_VOL,4H,163,0.5620855937311633
atr_6b,upside_breakout_occurred,HIGH_VOL,8H,163,0.6495016611295681
atr_6b,upside_breakout_occurred,LOW_VOL_RANGE,12H,1024,0.5985104035308954
atr_6b,upside_breakout_occurred,LOW_VOL_RANGE,1H,1024,0.5490218399527784
atr_6b,upside_breakout_occurred,LOW_VOL_RANGE,24H,1024,0.637531922388235
atr_6b,upside_breakout_occurred,LOW_VOL_RANGE,2H,1024,0.5616327277958698
atr_6b,upside_breakout_occurred,LOW_VOL_RANGE,4H,1016,0.5304191291352489
atr_6b,upside_breakout_occurred,LOW_VOL_RANGE,8H,1016,0.5788924607838972
atr_6b,upside_breakout_occurred,NORMAL_RANGE,12H,2314,0.6319377331376134
atr_6b,upside_breakout_occurred,NORMAL_RANGE,1H,2314,0.5488374236940305
atr_6b,upside_breakout_occurred,NORMAL_RANGE,24H,2314,0.6709189439079515
atr_6b,upside_breakout_occurred,NORMAL_RANGE,2H,2314,0.5782030540138208
atr_6b,upside_breakout_occurred,NORMAL_RANGE,4H,2303,0.5920212512696801
atr_6b,upside_breakout_occurred,NORMAL_RANGE,8H,2303,0.6220022638153373
atr_6b,upside_breakout_occurred,TREND_DOWN,12H,190,0.6477829768270944
atr_6b,upside_breakout_occurred,TREND_DOWN,1H,190,0.5898311174991017
atr_6b,upside_breakout_occurred,TREND_DOWN,24H,190,0.6425467914438503
atr_6b,upside_breakout_occurred,TREND_DOWN,2H,190,0.6188839701770736
atr_6b,upside_breakout_occurred,TREND_DOWN,4H,189,0.6155350978135788
atr_6b,upside_breakout_occurred,TREND_DOWN,8H,189,0.6118361836183619
atr_6b,upside_breakout_occurred,TREND_UP,12H,179,0.6612084285351612
atr_6b,upside_breakout_occurred,TREND_UP,1H,179,0.5932817182817183
atr_6b,upside_breakout_occurred,TREND_UP,24H,179,0.6507867132867133
atr_6b,upside_breakout_occurred,TREND_UP,2H,179,0.6082706766917294
atr_6b,upside_breakout_occurred,TREND_UP,4H,179,0.6552564102564102
atr_6b,upside_breakout_occurred,TREND_UP,8H,179,0.6637179487179488
atr_6b,upside_breakout_occurred,VOLATILITY_EXPANSION,12H,324,0.6941277987192879
atr_6b,upside_breakout_occurred,VOLATILITY_EXPANSION,1H,324,0.5700298781889221
atr_6b,upside_breakout_occurred,VOLATILITY_EXPANSION,24H,324,0.7203925202156334
atr_6b,upside_breakout_occurred,VOLATILITY_EXPANSION,2H,324,0.5507946541448439
atr_6b,upside_breakout_occurred,VOLATILITY_EXPANSION,4H,319,0.5236301369863013
atr_6b,upside_breakout_occurred,VOLATILITY_EXPANSION,8H,319,0.5891022047832586
atr_6b,downside_breakdown_occurred,HIGH_VOL,12H,163,0.5537716615698267
atr_6b,downside_breakdown_occurred,HIGH_VOL,1H,163,0.5752525252525252
atr_6b,downside_breakdown_occurred,HIGH_VOL,24H,163,0.5169045191980972
atr_6b,downside_breakdown_occurred,HIGH_VOL,2H,163,0.6013722126929675
atr_6b,downside_breakdown_occurred,HIGH_VOL,4H,163,0.5570175438596492
atr_6b,downside_breakdown_occurred,HIGH_VOL,8H,163,0.5577669902912621
atr_6b,downside_breakdown_occurred,LOW_VOL_RANGE,12H,1024,0.5450733362295455
atr_6b,downside_breakdown_occurred,LOW_VOL_RANGE,1H,1024,0.5060829477394335
atr_6b,downside_breakdown_occurred,LOW_VOL_RANGE,24H,1024,0.5746558192210366
atr_6b,downside_breakdown_occurred,LOW_VOL_RANGE,2H,1024,0.5290780054711943
atr_6b,downside_breakdown_occurred,LOW_VOL_RANGE,4H,1016,0.549962411111522
atr_6b,downside_breakdown_occurred,LOW_VOL_RANGE,8H,1016,0.5412360726529536
atr_6b,downside_breakdown_occurred,NORMAL_RANGE,12H,2314,0.5330404944586531
atr_6b,downside_breakdown_occurred,NORMAL_RANGE,1H,2314,0.5171110112624875
atr_6b,downside_breakdown_occurred,NORMAL_RANGE,24H,2314,0.5639594736423963
atr_6b,downside_breakdown_occurred,NORMAL_RANGE,2H,2314,0.5360445658628524
atr_6b,downside_breakdown_occurred,NORMAL_RANGE,4H,2303,0.5329665525941099
atr_6b,downside_breakdown_occurred,NORMAL_RANGE,8H,2303,0.5226095148374941
atr_6b,downside_breakdown_occurred,TREND_DOWN,12H,190,0.5213320035460993
atr_6b,downside_breakdown_occurred,TREND_DOWN,1H,190,0.5553977272727273
atr_6b,downside_breakdown_occurred,TREND_DOWN,24H,190,0.5057624113475176
atr_6b,downside_breakdown_occurred,TREND_DOWN,2H,190,0.5423465423465423
atr_6b,downside_breakdown_occurred,TREND_DOWN,4H,189,0.583650829224563
atr_6b,downside_breakdown_occurred,TREND_DOWN,8H,189,0.5454185520361992
atr_6b,downside_breakdown_occurred,TREND_UP,12H,179,0.53998476770754
atr_6b,downside_breakdown_occurred,TREND_UP,1H,179,0.5014658848614072
atr_6b,downside_breakdown_occurred,TREND_UP,24H,179,0.544694493336686
atr_6b,downside_breakdown_occurred,TREND_UP,2H,179,0.5192307692307692
atr_6b,downside_breakdown_occurred,TREND_UP,4H,179,0.507051282051282
atr_6b,downside_breakdown_occurred,TREND_UP,8H,179,0.5436293436293436
atr_6b,downside_breakdown_occurred,VOLATILITY_EXPANSION,12H,324,0.5753568596352101
atr_6b,downside_breakdown_occurred,VOLATILITY_EXPANSION,1H,324,0.5312330790056609
atr_6b,downside_breakdown_occurred,VOLATILITY_EXPANSION,24H,324,0.6570970621652329
atr_6b,downside_breakdown_occurred,VOLATILITY_EXPANSION,2H,324,0.5370517576399929
atr_6b,downside_breakdown_occurred,VOLATILITY_EXPANSION,4H,319,0.5488025971835737
atr_6b,downside_breakdown_occurred,VOLATILITY_EXPANSION,8H,319,0.5565448947324623
atr_6b,range_breached,HIGH_VOL,12H,163,0.8369369369369369
atr_6b,range_breached,HIGH_VOL,1H,163,0.6329113924050633
atr_6b,range_breached,HIGH_VOL,24H,163,0.857948717948718
atr_6b,range_breached,HIGH_VOL,2H,163,0.60828025477707
atr_6b,range_breached,HIGH_VOL,4H,163,0.6323260073260073
atr_6b,range_breached,HIGH_VOL,8H,163,0.6382867132867133
atr_6b,range_breached,LOW_VOL_RANGE,12H,1024,0.7989816408491107
atr_6b,range_breached,LOW_VOL_RANGE,1H,1024,0.6161587119033928
atr_6b,range_breached,LOW_VOL_RANGE,24H,1024,0.7177510398098633
atr_6b,range_breached,LOW_VOL_RANGE,2H,1024,0.6676928699955016
atr_6b,range_breached,LOW_VOL_RANGE,4H,1016,0.6649074609600926
atr_6b,range_breached,LOW_VOL_RANGE,8H,1016,0.8030653556969347
atr_6b,range_breached,NORMAL_RANGE,12H,2314,0.7129017351441318
atr_6b,range_breached,NORMAL_RANGE,1H,2314,0.6045113908872901
atr_6b,range_breached,NORMAL_RANGE,24H,2314,0.8168717487912074
atr_6b,range_breached,NORMAL_RANGE,2H,2314,0.7130281962745615
atr_6b,range_breached,NORMAL_RANGE,4H,2303,0.7100021708455444
atr_6b,range_breached,NORMAL_RANGE,8H,2303,0.715515059478613
atr_6b,range_breached,TREND_DOWN,12H,190,0.6654549718574109
atr_6b,range_breached,TREND_DOWN,1H,190,0.6368582114926895
atr_6b,range_breached,TREND_DOWN,24H,190,0.665035140562249
atr_6b,range_breached,TREND_DOWN,2H,190,0.6179380369695392
atr_6b,range_breached,TREND_DOWN,4H,189,0.7243941472336535
atr_6b,range_breached,TREND_DOWN,8H,189,0.6190656565656565
atr_6b,range_breached,TREND_UP,12H,179,0.688735632183908
atr_6b,range_breached,TREND_UP,1H,179,0.5879319955406912
atr_6b,range_breached,TREND_UP,24H,179,0.6443945127719962
atr_6b,range_breached,TREND_UP,2H,179,0.6473118279569893
atr_6b,range_breached,TREND_UP,4H,179,0.615632183908046
atr_6b,range_breached,TREND_UP,8H,179,0.6934697855750487
atr_6b,range_breached,VOLATILITY_EXPANSION,12H,324,0.804314063848145
atr_6b,range_breached,VOLATILITY_EXPANSION,1H,324,0.7499118165784833
atr_6b,range_breached,VOLATILITY_EXPANSION,24H,324,0.8593311036789297
atr_6b,range_breached,VOLATILITY_EXPANSION,2H,324,0.6629112212708428
atr_6b,range_breached,VOLATILITY_EXPANSION,4H,319,0.795016077170418
atr_6b,range_breached,VOLATILITY_EXPANSION,8H,319,0.7979634002361276
atr_6b,path_inside_70,HIGH_VOL,12H,163,0.8369369369369369
atr_6b,path_inside_70,HIGH_VOL,1H,163,0.6329113924050633
atr_6b,path_inside_70,HIGH_VOL,24H,163,0.857948717948718
atr_6b,path_inside_70,HIGH_VOL,2H,163,0.60828025477707
atr_6b,path_inside_70,HIGH_VOL,4H,163,0.6323260073260073
atr_6b,path_inside_70,HIGH_VOL,8H,163,0.6382867132867133
atr_6b,path_inside_70,LOW_VOL_RANGE,12H,1024,0.7989816408491107
atr_6b,path_inside_70,LOW_VOL_RANGE,1H,1024,0.6161587119033928
atr_6b,path_inside_70,LOW_VOL_RANGE,24H,1024,0.7177510398098633
atr_6b,path_inside_70,LOW_VOL_RANGE,2H,1024,0.6676928699955016
atr_6b,path_inside_70,LOW_VOL_RANGE,4H,1016,0.6649074609600926
atr_6b,path_inside_70,LOW_VOL_RANGE,8H,1016,0.8030653556969346
atr_6b,path_inside_70,NORMAL_RANGE,12H,2314,0.7129017351441319
atr_6b,path_inside_70,NORMAL_RANGE,1H,2314,0.6045113908872902
atr_6b,path_inside_70,NORMAL_RANGE,24H,2314,0.8168717487912075
atr_6b,path_inside_70,NORMAL_RANGE,2H,2314,0.7130281962745614
atr_6b,path_inside_70,NORMAL_RANGE,4H,2303,0.7100021708455443
atr_6b,path_inside_70,NORMAL_RANGE,8H,2303,0.715515059478613
atr_6b,path_inside_70,TREND_DOWN,12H,190,0.6654549718574109
atr_6b,path_inside_70,TREND_DOWN,1H,190,0.6368582114926895
atr_6b,path_inside_70,TREND_DOWN,24H,190,0.665035140562249
atr_6b,path_inside_70,TREND_DOWN,2H,190,0.6179380369695392
atr_6b,path_inside_70,TREND_DOWN,4H,189,0.7243941472336534
atr_6b,path_inside_70,TREND_DOWN,8H,189,0.6190656565656566
atr_6b,path_inside_70,TREND_UP,12H,179,0.6887356321839081
atr_6b,path_inside_70,TREND_UP,1H,179,0.5879319955406912
atr_6b,path_inside_70,TREND_UP,24H,179,0.6443945127719962
atr_6b,path_inside_70,TREND_UP,2H,179,0.6473118279569893
atr_6b,path_inside_70,TREND_UP,4H,179,0.615632183908046
atr_6b,path_inside_70,TREND_UP,8H,179,0.6934697855750487
atr_6b,path_inside_70,VOLATILITY_EXPANSION,12H,324,0.804314063848145
atr_6b,path_inside_70,VOLATILITY_EXPANSION,1H,324,0.7499118165784833
atr_6b,path_inside_70,VOLATILITY_EXPANSION,24H,324,0.8593311036789297
atr_6b,path_inside_70,VOLATILITY_EXPANSION,2H,324,0.6629112212708427
atr_6b,path_inside_70,VOLATILITY_EXPANSION,4H,319,0.795016077170418
atr_6b,path_inside_70,VOLATILITY_EXPANSION,8H,319,0.7979634002361276
atr_6b,trend_efficiency_high,HIGH_VOL,12H,163,0.6007194244604317
atr_6b,trend_efficiency_high,HIGH_VOL,1H,163,0.65
atr_6b,trend_efficiency_high,HIGH_VOL,24H,163,0.512409420289855
atr_6b,trend_efficiency_high,HIGH_VOL,2H,163,0.6100091199270405
atr_6b,trend_efficiency_high,HIGH_VOL,4H,163,0.5022566086395873
atr_6b,trend_efficiency_high,HIGH_VOL,8H,163,0.5911915204678362
atr_6b,trend_efficiency_high,LOW_VOL_RANGE,12H,1024,0.5165003630079862
atr_6b,trend_efficiency_high,LOW_VOL_RANGE,1H,1024,0.5243589097687541
atr_6b,trend_efficiency_high,LOW_VOL_RANGE,24H,1024,0.5091272350063529
atr_6b,trend_efficiency_high,LOW_VOL_RANGE,2H,1024,0.5137601337841277
atr_6b,trend_efficiency_high,LOW_VOL_RANGE,4H,1016,0.5119418851878101
atr_6b,trend_efficiency_high,LOW_VOL_RANGE,8H,1016,0.5349520905923345
atr_6b,trend_efficiency_high,NORMAL_RANGE,12H,2314,0.505332618025751
atr_6b,trend_efficiency_high,NORMAL_RANGE,1H,2314,0.5484355186059732
atr_6b,trend_efficiency_high,NORMAL_RANGE,24H,2314,0.5636246423731366
atr_6b,trend_efficiency_high,NORMAL_RANGE,2H,2314,0.5389174267267883
atr_6b,trend_efficiency_high,NORMAL_RANGE,4H,2303,0.5056889571408628
atr_6b,trend_efficiency_high,NORMAL_RANGE,8H,2303,0.5342289289657711
atr_6b,trend_efficiency_high,TREND_DOWN,12H,190,0.5209487534626038
atr_6b,trend_efficiency_high,TREND_DOWN,1H,190,0.574134199134199
atr_6b,trend_efficiency_high,TREND_DOWN,24H,190,0.5956890331890332
atr_6b,trend_efficiency_high,TREND_DOWN,2H,190,0.5499497991967872
atr_6b,trend_efficiency_high,TREND_DOWN,4H,189,0.587291280148423
atr_6b,trend_efficiency_high,TREND_DOWN,8H,189,0.5007086167800453
atr_6b,trend_efficiency_high,TREND_UP,12H,179,0.565911306042885
atr_6b,trend_efficiency_high,TREND_UP,1H,179,0.5087983911513323
atr_6b,trend_efficiency_high,TREND_UP,24H,179,0.5746085011185682
atr_6b,trend_efficiency_high,TREND_UP,2H,179,0.5931882686849574
atr_6b,trend_efficiency_high,TREND_UP,4H,179,0.5798657718120805
atr_6b,trend_efficiency_high,TREND_UP,8H,179,0.5578231292517006
atr_6b,trend_efficiency_high,VOLATILITY_EXPANSION,12H,324,0.5433045814479638
atr_6b,trend_efficiency_high,VOLATILITY_EXPANSION,1H,324,0.5076237922705313
atr_6b,trend_efficiency_high,VOLATILITY_EXPANSION,24H,324,0.5385065254863334
atr_6b,trend_efficiency_high,VOLATILITY_EXPANSION,2H,324,0.5779835390946502
atr_6b,trend_efficiency_high,VOLATILITY_EXPANSION,4H,319,0.5035652281746031
atr_6b,trend_efficiency_high,VOLATILITY_EXPANSION,8H,319,0.5239395658958718
atr_pct_6b,upside_breakout_occurred,HIGH_VOL,12H,163,0.6591254175523839
atr_pct_6b,upside_breakout_occurred,HIGH_VOL,1H,163,0.5316166883963495
atr_pct_6b,upside_breakout_occurred,HIGH_VOL,24H,163,0.6768925518925519
atr_pct_6b,upside_breakout_occurred,HIGH_VOL,2H,163,0.5021308980213091
atr_pct_6b,upside_breakout_occurred,HIGH_VOL,4H,163,0.5571127185051236
atr_pct_6b,upside_breakout_occurred,HIGH_VOL,8H,163,0.634098459679855
atr_pct_6b,upside_breakout_occurred,LOW_VOL_RANGE,12H,1024,0.5963535098781001
atr_pct_6b,upside_breakout_occurred,LOW_VOL_RANGE,1H,1024,0.551863563538241
atr_pct_6b,upside_breakout_occurred,LOW_VOL_RANGE,24H,1024,0.624580972788916
atr_pct_6b,upside_breakout_occurred,LOW_VOL_RANGE,2H,1024,0.5613667970163438
atr_pct_6b,upside_breakout_occurred,LOW_VOL_RANGE,4H,1016,0.531539976903743
atr_pct_6b,upside_breakout_occurred,LOW_VOL_RANGE,8H,1016,0.5784345658731396
atr_pct_6b,upside_breakout_occurred,NORMAL_RANGE,12H,2314,0.6134903961706399
atr_pct_6b,upside_breakout_occurred,NORMAL_RANGE,1H,2314,0.5449635054050479
atr_pct_6b,upside_breakout_occurred,NORMAL_RANGE,24H,2314,0.6468983288815835
atr_pct_6b,upside_breakout_occurred,NORMAL_RANGE,2H,2314,0.571875396488286
atr_pct_6b,upside_breakout_occurred,NORMAL_RANGE,4H,2303,0.5824093765871001
atr_pct_6b,upside_breakout_occurred,NORMAL_RANGE,8H,2303,0.6060168977644824
atr_pct_6b,upside_breakout_occurred,TREND_DOWN,12H,190,0.6184269162210339
atr_pct_6b,upside_breakout_occurred,TREND_DOWN,1H,190,0.5718050065876152
atr_pct_6b,upside_breakout_occurred,TREND_DOWN,24H,190,0.6128565062388591
atr_pct_6b,upside_breakout_occurred,TREND_DOWN,2H,190,0.6047297297297297
atr_pct_6b,upside_breakout_occurred,TREND_DOWN,4H,189,0.5867663981588032
atr_pct_6b,upside_breakout_occurred,TREND_DOWN,8H,189,0.5771827182718272
atr_pct_6b,upside_breakout_occurred,TREND_UP,12H,179,0.6426758060421427
atr_pct_6b,upside_breakout_occurred,TREND_UP,1H,179,0.5940309690309691
atr_pct_6b,upside_breakout_occurred,TREND_UP,24H,179,0.6246253746253747
atr_pct_6b,upside_breakout_occurred,TREND_UP,2H,179,0.5983709273182958
atr_pct_6b,upside_breakout_occurred,TREND_UP,4H,179,0.6438461538461538
atr_pct_6b,upside_breakout_occurred,TREND_UP,8H,179,0.6453846153846154
atr_pct_6b,upside_breakout_occurred,VOLATILITY_EXPANSION,12H,324,0.6847268268313729
atr_pct_6b,upside_breakout_occurred,VOLATILITY_EXPANSION,1H,324,0.5586761663985291
atr_pct_6b,upside_breakout_occurred,VOLATILITY_EXPANSION,24H,324,0.7030828840970351
atr_pct_6b,upside_breakout_occurred,VOLATILITY_EXPANSION,2H,324,0.5374300162542893
atr_pct_6b,upside_breakout_occurred,VOLATILITY_EXPANSION,4H,319,0.512283105022831
atr_pct_6b,upside_breakout_occurred,VOLATILITY_EXPANSION,8H,319,0.578288490284006
atr_pct_6b,downside_breakdown_occurred,HIGH_VOL,12H,163,0.582398912674142
atr_pct_6b,downside_breakdown_occurred,HIGH_VOL,1H,163,0.5764309764309764
atr_pct_6b,downside_breakdown_occurred,HIGH_VOL,24H,163,0.5601427115188583
atr_pct_6b,downside_breakdown_occurred,HIGH_VOL,2H,163,0.6096054888507718
atr_pct_6b,downside_breakdown_occurred,HIGH_VOL,4H,163,0.5606874328678839
atr_pct_6b,downside_breakdown_occurred,HIGH_VOL,8H,163,0.5687702265372168
atr_pct_6b,downside_breakdown_occurred,LOW_VOL_RANGE,12H,1024,0.5482777881213927
atr_pct_6b,downside_breakdown_occurred,LOW_VOL_RANGE,1H,1024,0.5070513666412678
atr_pct_6b,downside_breakdown_occurred,LOW_VOL_RANGE,24H,1024,0.5780069367025888
atr_pct_6b,downside_breakdown_occurred,LOW_VOL_RANGE,2H,1024,0.5282036791324717
atr_pct_6b,downside_breakdown_occurred,LOW_VOL_RANGE,4H,1016,0.5498494390423254
atr_pct_6b,downside_breakdown_occurred,LOW_VOL_RANGE,8H,1016,0.5432324630801688
atr_pct_6b,downside_breakdown_occurred,NORMAL_RANGE,12H,2314,0.5470583972719523
atr_pct_6b,downside_breakdown_occurred,NORMAL_RANGE,1H,2314,0.5231407384570983
atr_pct_6b,downside_breakdown_occurred,NORMAL_RANGE,24H,2314,0.5791882184208436
atr_pct_6b,downside_breakdown_occurred,NORMAL_RANGE,2H,2314,0.5435803244087576
atr_pct_6b,downside_breakdown_occurred,NORMAL_RANGE,4H,2303,0.540594426264998
atr_pct_6b,downside_breakdown_occurred,NORMAL_RANGE,8H,2303,0.5346297794343525
atr_pct_6b,downside_breakdown_occurred,TREND_DOWN,12H,190,0.5417774822695036
atr_pct_6b,downside_breakdown_occurred,TREND_DOWN,1H,190,0.5576136363636364
atr_pct_6b,downside_breakdown_occurred,TREND_DOWN,24H,190,0.5318040780141844
atr_pct_6b,downside_breakdown_occurred,TREND_DOWN,2H,190,0.5389055389055388
atr_pct_6b,downside_breakdown_occurred,TREND_DOWN,4H,189,0.5885253249663828
atr_pct_6b,downside_breakdown_occurred,TREND_DOWN,8H,189,0.5581447963800905
atr_pct_6b,downside_breakdown_occurred,TREND_UP,12H,179,0.5323686214775324
atr_pct_6b,downside_breakdown_occurred,TREND_UP,1H,179,0.5053304904051172
atr_pct_6b,downside_breakdown_occurred,TREND_UP,24H,179,0.5516721146592909
atr_pct_6b,downside_breakdown_occurred,TREND_UP,2H,179,0.5142168062960142
atr_pct_6b,downside_breakdown_occurred,TREND_UP,4H,179,0.5
atr_pct_6b,downside_breakdown_occurred,TREND_UP,8H,179,0.5415701415701415
atr_pct_6b,downside_breakdown_occurred,VOLATILITY_EXPANSION,12H,324,0.5842188739095955
atr_pct_6b,downside_breakdown_occurred,VOLATILITY_EXPANSION,1H,324,0.5396505045532858
atr_pct_6b,downside_breakdown_occurred,VOLATILITY_EXPANSION,24H,324,0.663082291835741
atr_pct_6b,downside_breakdown_occurred,VOLATILITY_EXPANSION,2H,324,0.5469440028263557
atr_pct_6b,downside_breakdown_occurred,VOLATILITY_EXPANSION,4H,319,0.5573825786322624
atr_pct_6b,downside_breakdown_occurred,VOLATILITY_EXPANSION,8H,319,0.5640758924856453
atr_pct_6b,range_breached,HIGH_VOL,12H,163,0.8563063063063063
atr_pct_6b,range_breached,HIGH_VOL,1H,163,0.6582278481012658
atr_pct_6b,range_breached,HIGH_VOL,24H,163,0.8564102564102565
atr_pct_6b,range_breached,HIGH_VOL,2H,163,0.6263269639065818
atr_pct_6b,range_breached,HIGH_VOL,4H,163,0.6419413919413919
atr_pct_6b,range_breached,HIGH_VOL,8H,163,0.65
atr_pct_6b,range_breached,LOW_VOL_RANGE,12H,1024,0.7950731497418244
atr_pct_6b,range_breached,LOW_VOL_RANGE,1H,1024,0.6151318491744024
atr_pct_6b,range_breached,LOW_VOL_RANGE,24H,1024,0.7174688057040999
atr_pct_6b,range_breached,LOW_VOL_RANGE,2H,1024,0.6605094466936572
atr_pct_6b,range_breached,LOW_VOL_RANGE,4H,1016,0.6655942741469058
atr_pct_6b,range_breached,LOW_VOL_RANGE,8H,1016,0.8000650665124349
atr_pct_6b,range_breached,NORMAL_RANGE,12H,2314,0.7081211942764372
atr_pct_6b,range_breached,NORMAL_RANGE,1H,2314,0.5794364508393286
atr_pct_6b,range_breached,NORMAL_RANGE,24H,2314,0.7999853294456365
atr_pct_6b,range_breached,NORMAL_RANGE,2H,2314,0.7044217002410336
atr_pct_6b,range_breached,NORMAL_RANGE,4H,2303,0.7020785846087051
atr_pct_6b,range_breached,NORMAL_RANGE,8H,2303,0.7076309794988611
atr_pct_6b,range_breached,TREND_DOWN,12H,190,0.6479831144465291
atr_pct_6b,range_breached,TREND_DOWN,1H,190,0.6239374362461747
atr_pct_6b,range_breached,TREND_DOWN,24H,190,0.651355421686747
atr_pct_6b,range_breached,TREND_DOWN,2H,190,0.6014058838844051
atr_pct_6b,range_breached,TREND_DOWN,4H,189,0.6890717878372199
atr_pct_6b,range_breached,TREND_DOWN,8H,189,0.6005050505050504
atr_pct_6b,range_breached,TREND_UP,12H,179,0.6705747126436782
atr_pct_6b,range_breached,TREND_UP,1H,179,0.5986622073578596
atr_pct_6b,range_breached,TREND_UP,24H,179,0.6196783349101229
atr_pct_6b,range_breached,TREND_UP,2H,179,0.6451612903225806
atr_pct_6b,range_breached,TREND_UP,4H,179,0.6068965517241379
atr_pct_6b,range_breached,TREND_UP,8H,179,0.6844541910331384
atr_pct_6b,range_breached,VOLATILITY_EXPANSION,12H,324,0.8062122519413287
atr_pct_6b,range_breached,VOLATILITY_EXPANSION,1H,324,0.7619047619047619
atr_pct_6b,range_breached,VOLATILITY_EXPANSION,24H,324,0.851371237458194
atr_pct_6b,range_breached,VOLATILITY_EXPANSION,2H,324,0.6525461919783686
atr_pct_6b,range_breached,VOLATILITY_EXPANSION,4H,319,0.7930064308681672
atr_pct_6b,range_breached,VOLATILITY_EXPANSION,8H,319,0.7987012987012987
atr_pct_6b,path_inside_70,HIGH_VOL,12H,163,0.8563063063063063
atr_pct_6b,path_inside_70,HIGH_VOL,1H,163,0.6582278481012658
atr_pct_6b,path_inside_70,HIGH_VOL,24H,163,0.8564102564102564
atr_pct_6b,path_inside_70,HIGH_VOL,2H,163,0.6263269639065817
atr_pct_6b,path_inside_70,HIGH_VOL,4H,163,0.641941391941392
atr_pct_6b,path_inside_70,HIGH_VOL,8H,163,0.65
atr_pct_6b,path_inside_70,LOW_VOL_RANGE,12H,1024,0.7950731497418244
atr_pct_6b,path_inside_70,LOW_VOL_RANGE,1H,1024,0.6151318491744023
atr_pct_6b,path_inside_70,LOW_VOL_RANGE,24H,1024,0.7174688057040999
atr_pct_6b,path_inside_70,LOW_VOL_RANGE,2H,1024,0.6605094466936572
atr_pct_6b,path_inside_70,LOW_VOL_RANGE,4H,1016,0.6655942741469058
atr_pct_6b,path_inside_70,LOW_VOL_RANGE,8H,1016,0.8000650665124349
atr_pct_6b,path_inside_70,NORMAL_RANGE,12H,2314,0.7081211942764372
atr_pct_6b,path_inside_70,NORMAL_RANGE,1H,2314,0.5794364508393285
atr_pct_6b,path_inside_70,NORMAL_RANGE,24H,2314,0.7999853294456364
atr_pct_6b,path_inside_70,NORMAL_RANGE,2H,2314,0.7044217002410335
atr_pct_6b,path_inside_70,NORMAL_RANGE,4H,2303,0.7020785846087051
atr_pct_6b,path_inside_70,NORMAL_RANGE,8H,2303,0.707630979498861
atr_pct_6b,path_inside_70,TREND_DOWN,12H,190,0.6479831144465291
atr_pct_6b,path_inside_70,TREND_DOWN,1H,190,0.6239374362461748
atr_pct_6b,path_inside_70,TREND_DOWN,24H,190,0.651355421686747
atr_pct_6b,path_inside_70,TREND_DOWN,2H,190,0.6014058838844051
atr_pct_6b,path_inside_70,TREND_DOWN,4H,189,0.6890717878372199
atr_pct_6b,path_inside_70,TREND_DOWN,8H,189,0.6005050505050505
atr_pct_6b,path_inside_70,TREND_UP,12H,179,0.6705747126436782
atr_pct_6b,path_inside_70,TREND_UP,1H,179,0.5986622073578596
atr_pct_6b,path_inside_70,TREND_UP,24H,179,0.619678334910123
atr_pct_6b,path_inside_70,TREND_UP,2H,179,0.6451612903225806
atr_pct_6b,path_inside_70,TREND_UP,4H,179,0.6068965517241379
atr_pct_6b,path_inside_70,TREND_UP,8H,179,0.6844541910331384
atr_pct_6b,path_inside_70,VOLATILITY_EXPANSION,12H,324,0.8062122519413287
atr_pct_6b,path_inside_70,VOLATILITY_EXPANSION,1H,324,0.7619047619047619
atr_pct_6b,path_inside_70,VOLATILITY_EXPANSION,24H,324,0.851371237458194
atr_pct_6b,path_inside_70,VOLATILITY_EXPANSION,2H,324,0.6525461919783686
atr_pct_6b,path_inside_70,VOLATILITY_EXPANSION,4H,319,0.7930064308681672
atr_pct_6b,path_inside_70,VOLATILITY_EXPANSION,8H,319,0.7987012987012987
atr_pct_6b,trend_efficiency_high,HIGH_VOL,12H,163,0.6097122302158273
atr_pct_6b,trend_efficiency_high,HIGH_VOL,1H,163,0.6538461538461539
atr_pct_6b,trend_efficiency_high,HIGH_VOL,24H,163,0.5273550724637681
atr_pct_6b,trend_efficiency_high,HIGH_VOL,2H,163,0.6048791609667122
atr_pct_6b,trend_efficiency_high,HIGH_VOL,4H,163,0.5228884590586718
atr_pct_6b,trend_efficiency_high,HIGH_VOL,8H,163,0.6154970760233918
atr_pct_6b,trend_efficiency_high,LOW_VOL_RANGE,12H,1024,0.5129632851922743
atr_pct_6b,trend_efficiency_high,LOW_VOL_RANGE,1H,1024,0.5285476778247195
atr_pct_6b,trend_efficiency_high,LOW_VOL_RANGE,24H,1024,0.508639262455576
atr_pct_6b,trend_efficiency_high,LOW_VOL_RANGE,2H,1024,0.5178390955029629
atr_pct_6b,trend_efficiency_high,LOW_VOL_RANGE,4H,1016,0.5131892274982282
atr_pct_6b,trend_efficiency_high,LOW_VOL_RANGE,8H,1016,0.5409469885515181
atr_pct_6b,trend_efficiency_high,NORMAL_RANGE,12H,2314,0.5033929422985217
atr_pct_6b,trend_efficiency_high,NORMAL_RANGE,1H,2314,0.548842046001137
atr_pct_6b,trend_efficiency_high,NORMAL_RANGE,24H,2314,0.560663633112483
atr_pct_6b,trend_efficiency_high,NORMAL_RANGE,2H,2314,0.543447043451527
atr_pct_6b,trend_efficiency_high,NORMAL_RANGE,4H,2303,0.5062753036437248
atr_pct_6b,trend_efficiency_high,NORMAL_RANGE,8H,2303,0.5269839960402574
atr_pct_6b,trend_efficiency_high,TREND_DOWN,12H,190,0.5147160664819945
atr_pct_6b,trend_efficiency_high,TREND_DOWN,1H,190,0.5865800865800865
atr_pct_6b,trend_efficiency_high,TREND_DOWN,24H,190,0.584054834054834
atr_pct_6b,trend_efficiency_high,TREND_DOWN,2H,190,0.5429216867469879
atr_pct_6b,trend_efficiency_high,TREND_DOWN,4H,189,0.574582560296846
atr_pct_6b,trend_efficiency_high,TREND_DOWN,8H,189,0.5266439909297052
atr_pct_6b,trend_efficiency_high,TREND_UP,12H,179,0.5543372319688109
atr_pct_6b,trend_efficiency_high,TREND_UP,1H,179,0.5133232780291603
atr_pct_6b,trend_efficiency_high,TREND_UP,24H,179,0.5680089485458613
atr_pct_6b,trend_efficiency_high,TREND_UP,2H,179,0.6028855250709555
atr_pct_6b,trend_efficiency_high,TREND_UP,4H,179,0.5599552572706935
atr_pct_6b,trend_efficiency_high,TREND_UP,8H,179,0.5503826530612245
atr_pct_6b,trend_efficiency_high,VOLATILITY_EXPANSION,12H,324,0.5461679864253394
atr_pct_6b,trend_efficiency_high,VOLATILITY_EXPANSION,1H,324,0.5055102657004831
atr_pct_6b,trend_efficiency_high,VOLATILITY_EXPANSION,24H,324,0.5323196257079537
atr_pct_6b,trend_efficiency_high,VOLATILITY_EXPANSION,2H,324,0.5715363511659808
atr_pct_6b,trend_efficiency_high,VOLATILITY_EXPANSION,4H,319,0.5026661706349206
atr_pct_6b,trend_efficiency_high,VOLATILITY_EXPANSION,8H,319,0.5263157894736842
atr_48b,upside_breakout_occurred,HIGH_VOL,12H,163,0.821287579714546
atr_48b,upside_breakout_occurred,HIGH_VOL,1H,163,0.5180899608865711
atr_48b,upside_breakout_occurred,HIGH_VOL,24H,163,0.7892246642246642
atr_48b,upside_breakout_occurred,HIGH_VOL,2H,163,0.5421613394216134
atr_48b,upside_breakout_occurred,HIGH_VOL,4H,163,0.6675708257986739
atr_48b,upside_breakout_occurred,HIGH_VOL,8H,163,0.7425249169435215
atr_48b,upside_breakout_occurred,LOW_VOL_RANGE,12H,1024,0.6067517864649012
atr_48b,upside_breakout_occurred,LOW_VOL_RANGE,1H,1024,0.5583839278185345
atr_48b,upside_breakout_occurred,LOW_VOL_RANGE,24H,1024,0.6540904687821059
atr_48b,upside_breakout_occurred,LOW_VOL_RANGE,2H,1024,0.5781683908572126
atr_48b,upside_breakout_occurred,LOW_VOL_RANGE,4H,1016,0.5415642053302538
atr_48b,upside_breakout_occurred,LOW_VOL_RANGE,8H,1016,0.5757320417864511
atr_48b,upside_breakout_occurred,NORMAL_RANGE,12H,2314,0.6524814321638011
atr_48b,upside_breakout_occurred,NORMAL_RANGE,1H,2314,0.5430916793926787
atr_48b,upside_breakout_occurred,NORMAL_RANGE,24H,2314,0.6783687761112253
atr_48b,upside_breakout_occurred,NORMAL_RANGE,2H,2314,0.5732304506155863
atr_48b,upside_breakout_occurred,NORMAL_RANGE,4H,2303,0.604718845226003
atr_48b,upside_breakout_occurred,NORMAL_RANGE,8H,2303,0.6378736305938473
atr_48b,upside_breakout_occurred,TREND_DOWN,12H,190,0.6140819964349375
atr_48b,upside_breakout_occurred,TREND_DOWN,1H,190,0.5708468080009582
atr_48b,upside_breakout_occurred,TREND_DOWN,24H,190,0.6044451871657754
atr_48b,upside_breakout_occurred,TREND_DOWN,2H,190,0.6123019571295434
atr_48b,upside_breakout_occurred,TREND_DOWN,4H,189,0.5440736478711162
atr_48b,upside_breakout_occurred,TREND_DOWN,8H,189,0.585058505850585
atr_48b,upside_breakout_occurred,TREND_UP,12H,179,0.6323940086316324
atr_48b,upside_breakout_occurred,TREND_UP,1H,179,0.5556318681318682
atr_48b,upside_breakout_occurred,TREND_UP,24H,179,0.6237512487512488
atr_48b,upside_breakout_occurred,TREND_UP,2H,179,0.5407894736842105
atr_48b,upside_breakout_occurred,TREND_UP,4H,179,0.5767948717948719
atr_48b,upside_breakout_occurred,TREND_UP,8H,179,0.6373076923076924
atr_48b,upside_breakout_occurred,VOLATILITY_EXPANSION,12H,324,0.6688087560742995
atr_48b,upside_breakout_occurred,VOLATILITY_EXPANSION,1H,324,0.5943231441048035
atr_48b,upside_breakout_occurred,VOLATILITY_EXPANSION,24H,324,0.7245830525606469
atr_48b,upside_breakout_occurred,VOLATILITY_EXPANSION,2H,324,0.5586283185840708
atr_48b,upside_breakout_occurred,VOLATILITY_EXPANSION,4H,319,0.550068493150685
atr_48b,upside_breakout_occurred,VOLATILITY_EXPANSION,8H,319,0.5659332959641256
atr_48b,downside_breakdown_occurred,HIGH_VOL,12H,163,0.5978593272171254
atr_48b,downside_breakdown_occurred,HIGH_VOL,1H,163,0.5471380471380471
atr_48b,downside_breakdown_occurred,HIGH_VOL,24H,163,0.6015970098538906
atr_48b,downside_breakdown_occurred,HIGH_VOL,2H,163,0.5252144082332761
atr_48b,downside_breakdown_occurred,HIGH_VOL,4H,163,0.6013247404224847
atr_48b,downside_breakdown_occurred,HIGH_VOL,8H,163,0.5420711974110033
atr_48b,downside_breakdown_occurred,LOW_VOL_RANGE,12H,1024,0.5431866608742424
atr_48b,downside_breakdown_occurred,LOW_VOL_RANGE,1H,1024,0.5276691114809786
atr_48b,downside_breakdown_occurred,LOW_VOL_RANGE,24H,1024,0.5656398754224841
atr_48b,downside_breakdown_occurred,LOW_VOL_RANGE,2H,1024,0.5353068127835929
atr_48b,downside_breakdown_occurred,LOW_VOL_RANGE,4H,1016,0.5469532459956536
atr_48b,downside_breakdown_occurred,LOW_VOL_RANGE,8H,1016,0.5597804588607596
atr_48b,downside_breakdown_occurred,NORMAL_RANGE,12H,2314,0.5219445865302643
atr_48b,downside_breakdown_occurred,NORMAL_RANGE,1H,2314,0.537536978609801
atr_48b,downside_breakdown_occurred,NORMAL_RANGE,24H,2314,0.5505697189665193
atr_48b,downside_breakdown_occurred,NORMAL_RANGE,2H,2314,0.5418670285551999
atr_48b,downside_breakdown_occurred,NORMAL_RANGE,4H,2303,0.5381768374424434
atr_48b,downside_breakdown_occurred,NORMAL_RANGE,8H,2303,0.5119042133431635
atr_48b,downside_breakdown_occurred,TREND_DOWN,12H,190,0.5217198581560284
atr_48b,downside_breakdown_occurred,TREND_DOWN,1H,190,0.5509659090909091
atr_48b,downside_breakdown_occurred,TREND_DOWN,24H,190,0.5035460992907801
atr_48b,downside_breakdown_occurred,TREND_DOWN,2H,190,0.5587190587190587
atr_48b,downside_breakdown_occurred,TREND_DOWN,4H,189,0.5821380546839983
atr_48b,downside_breakdown_occurred,TREND_DOWN,8H,189,0.578393665158371
atr_48b,downside_breakdown_occurred,TREND_UP,12H,179,0.5396039603960396
atr_48b,downside_breakdown_occurred,TREND_UP,1H,179,0.5198560767590619
atr_48b,downside_breakdown_occurred,TREND_UP,24H,179,0.5015086748805633
atr_48b,downside_breakdown_occurred,TREND_UP,2H,179,0.5251967504442752
atr_48b,downside_breakdown_occurred,TREND_UP,4H,179,0.5453846153846154
atr_48b,downside_breakdown_occurred,TREND_UP,8H,179,0.5341055341055341
atr_48b,downside_breakdown_occurred,VOLATILITY_EXPANSION,12H,324,0.5134218873909595
atr_48b,downside_breakdown_occurred,VOLATILITY_EXPANSION,1H,324,0.5326113709081959
atr_48b,downside_breakdown_occurred,VOLATILITY_EXPANSION,24H,324,0.5966766758643077
atr_48b,downside_breakdown_occurred,VOLATILITY_EXPANSION,2H,324,0.5268062179826886
atr_48b,downside_breakdown_occurred,VOLATILITY_EXPANSION,4H,319,0.52909182899064
atr_48b,downside_breakdown_occurred,VOLATILITY_EXPANSION,8H,319,0.5152700341183324
atr_48b,range_breached,HIGH_VOL,12H,163,0.7684684684684685
atr_48b,range_breached,HIGH_VOL,1H,163,0.7139240506329114
atr_48b,range_breached,HIGH_VOL,24H,163,0.7738461538461539
atr_48b,range_breached,HIGH_VOL,2H,163,0.6305732484076434
atr_48b,range_breached,HIGH_VOL,4H,163,0.521062271062271
atr_48b,range_breached,HIGH_VOL,8H,163,0.6132867132867132
atr_48b,range_breached,LOW_VOL_RANGE,12H,1024,0.802298479632817
atr_48b,range_breached,LOW_VOL_RANGE,1H,1024,0.6515375557928749
atr_48b,range_breached,LOW_VOL_RANGE,24H,1024,0.7455733808674985
atr_48b,range_breached,LOW_VOL_RANGE,2H,1024,0.6731612685560053
atr_48b,range_breached,LOW_VOL_RANGE,4H,1016,0.7321067090803932
atr_48b,range_breached,LOW_VOL_RANGE,8H,1016,0.8074031231925969
atr_48b,range_breached,NORMAL_RANGE,12H,2314,0.7378124833867004
atr_48b,range_breached,NORMAL_RANGE,1H,2314,0.559482414068745
atr_48b,range_breached,NORMAL_RANGE,24H,2314,0.7939245566741853
atr_48b,range_breached,NORMAL_RANGE,2H,2314,0.6750047742181895
atr_48b,range_breached,NORMAL_RANGE,4H,2303,0.7258791924454575
atr_48b,range_breached,NORMAL_RANGE,8H,2303,0.7176389943474226
atr_48b,range_breached,TREND_DOWN,12H,190,0.623358348968105
atr_48b,range_breached,TREND_DOWN,1H,190,0.620537232233934
atr_48b,range_breached,TREND_DOWN,24H,190,0.6127008032128514
atr_48b,range_breached,TREND_DOWN,2H,190,0.6443634470190054
atr_48b,range_breached,TREND_DOWN,4H,189,0.6090534979423868
atr_48b,range_breached,TREND_DOWN,8H,189,0.6310606060606061
atr_48b,range_breached,TREND_UP,12H,179,0.636551724137931
atr_48b,range_breached,TREND_UP,1H,179,0.5066889632107023
atr_48b,range_breached,TREND_UP,24H,179,0.6135288552507095
atr_48b,range_breached,TREND_UP,2H,179,0.5131720430107527
atr_48b,range_breached,TREND_UP,4H,179,0.5510344827586207
atr_48b,range_breached,TREND_UP,8H,179,0.6242690058479532
atr_48b,range_breached,VOLATILITY_EXPANSION,12H,324,0.6788610871440897
atr_48b,range_breached,VOLATILITY_EXPANSION,1H,324,0.7682539682539682
atr_48b,range_breached,VOLATILITY_EXPANSION,24H,324,0.805886287625418
atr_48b,range_breached,VOLATILITY_EXPANSION,2H,324,0.6741775574583145
atr_48b,range_breached,VOLATILITY_EXPANSION,4H,319,0.8006430868167203
atr_48b,range_breached,VOLATILITY_EXPANSION,8H,319,0.6328217237308147
atr_48b,path_inside_70,HIGH_VOL,12H,163,0.7684684684684685
atr_48b,path_inside_70,HIGH_VOL,1H,163,0.7139240506329114
atr_48b,path_inside_70,HIGH_VOL,24H,163,0.7738461538461539
atr_48b,path_inside_70,HIGH_VOL,2H,163,0.6305732484076433
atr_48b,path_inside_70,HIGH_VOL,4H,163,0.5210622710622711
atr_48b,path_inside_70,HIGH_VOL,8H,163,0.6132867132867132
atr_48b,path_inside_70,LOW_VOL_RANGE,12H,1024,0.802298479632817
atr_48b,path_inside_70,LOW_VOL_RANGE,1H,1024,0.651537555792875
atr_48b,path_inside_70,LOW_VOL_RANGE,24H,1024,0.7455733808674985
atr_48b,path_inside_70,LOW_VOL_RANGE,2H,1024,0.6731612685560054
atr_48b,path_inside_70,LOW_VOL_RANGE,4H,1016,0.7321067090803933
atr_48b,path_inside_70,LOW_VOL_RANGE,8H,1016,0.8074031231925969
atr_48b,path_inside_70,NORMAL_RANGE,12H,2314,0.7378124833867004
atr_48b,path_inside_70,NORMAL_RANGE,1H,2314,0.559482414068745
atr_48b,path_inside_70,NORMAL_RANGE,24H,2314,0.7939245566741854
atr_48b,path_inside_70,NORMAL_RANGE,2H,2314,0.6750047742181895
atr_48b,path_inside_70,NORMAL_RANGE,4H,2303,0.7258791924454575
atr_48b,path_inside_70,NORMAL_RANGE,8H,2303,0.7176389943474226
atr_48b,path_inside_70,TREND_DOWN,12H,190,0.623358348968105
atr_48b,path_inside_70,TREND_DOWN,1H,190,0.6205372322339341
atr_48b,path_inside_70,TREND_DOWN,24H,190,0.6127008032128514
atr_48b,path_inside_70,TREND_DOWN,2H,190,0.6443634470190055
atr_48b,path_inside_70,TREND_DOWN,4H,189,0.6090534979423868
atr_48b,path_inside_70,TREND_DOWN,8H,189,0.6310606060606061
atr_48b,path_inside_70,TREND_UP,12H,179,0.636551724137931
atr_48b,path_inside_70,TREND_UP,1H,179,0.5066889632107023
atr_48b,path_inside_70,TREND_UP,24H,179,0.6135288552507095
atr_48b,path_inside_70,TREND_UP,2H,179,0.5131720430107527
atr_48b,path_inside_70,TREND_UP,4H,179,0.5510344827586207
atr_48b,path_inside_70,TREND_UP,8H,179,0.6242690058479532
atr_48b,path_inside_70,VOLATILITY_EXPANSION,12H,324,0.6788610871440898
atr_48b,path_inside_70,VOLATILITY_EXPANSION,1H,324,0.7682539682539683
atr_48b,path_inside_70,VOLATILITY_EXPANSION,24H,324,0.805886287625418
atr_48b,path_inside_70,VOLATILITY_EXPANSION,2H,324,0.6741775574583145
atr_48b,path_inside_70,VOLATILITY_EXPANSION,4H,319,0.8006430868167203
atr_48b,path_inside_70,VOLATILITY_EXPANSION,8H,319,0.6328217237308147
atr_48b,trend_efficiency_high,HIGH_VOL,12H,163,0.624400479616307
atr_48b,trend_efficiency_high,HIGH_VOL,1H,163,0.6023310023310023
atr_48b,trend_efficiency_high,HIGH_VOL,24H,163,0.5016304347826087
atr_48b,trend_efficiency_high,HIGH_VOL,2H,163,0.6021431828545372
atr_48b,trend_efficiency_high,HIGH_VOL,4H,163,0.5103159252095423
atr_48b,trend_efficiency_high,HIGH_VOL,8H,163,0.6154970760233918
atr_48b,trend_efficiency_high,LOW_VOL_RANGE,12H,1024,0.5074851646736228
atr_48b,trend_efficiency_high,LOW_VOL_RANGE,1H,1024,0.5050596287686318
atr_48b,trend_efficiency_high,LOW_VOL_RANGE,24H,1024,0.5414316316697254
atr_48b,trend_efficiency_high,LOW_VOL_RANGE,2H,1024,0.5095393899734613
atr_48b,trend_efficiency_high,LOW_VOL_RANGE,4H,1016,0.5069312544294826
atr_48b,trend_efficiency_high,LOW_VOL_RANGE,8H,1016,0.5200659532105525
atr_48b,trend_efficiency_high,NORMAL_RANGE,12H,2314,0.5125327849308536
atr_48b,trend_efficiency_high,NORMAL_RANGE,1H,2314,0.5465183490751673
atr_48b,trend_efficiency_high,NORMAL_RANGE,24H,2314,0.552833487050143
atr_48b,trend_efficiency_high,NORMAL_RANGE,2H,2314,0.5286156230784997
atr_48b,trend_efficiency_high,NORMAL_RANGE,4H,2303,0.5009766095972993
atr_48b,trend_efficiency_high,NORMAL_RANGE,8H,2303,0.5119667990811366
atr_48b,trend_efficiency_high,TREND_DOWN,12H,190,0.5197368421052632
atr_48b,trend_efficiency_high,TREND_DOWN,1H,190,0.5243506493506493
atr_48b,trend_efficiency_high,TREND_DOWN,24H,190,0.5043290043290043
atr_48b,trend_efficiency_high,TREND_DOWN,2H,190,0.5065261044176708
atr_48b,trend_efficiency_high,TREND_DOWN,4H,189,0.509090909090909
atr_48b,trend_efficiency_high,TREND_DOWN,8H,189,0.5144557823129252
atr_48b,trend_efficiency_high,TREND_UP,12H,179,0.5173001949317739
atr_48b,trend_efficiency_high,TREND_UP,1H,179,0.5319255907491202
atr_48b,trend_efficiency_high,TREND_UP,24H,179,0.5487695749440716
atr_48b,trend_efficiency_high,TREND_UP,2H,179,0.5678807947019867
atr_48b,trend_efficiency_high,TREND_UP,4H,179,0.5383668903803132
atr_48b,trend_efficiency_high,TREND_UP,8H,179,0.5187074829931972
atr_48b,trend_efficiency_high,VOLATILITY_EXPANSION,12H,324,0.5078478506787331
atr_48b,trend_efficiency_high,VOLATILITY_EXPANSION,1H,324,0.5103789251207729
atr_48b,trend_efficiency_high,VOLATILITY_EXPANSION,24H,324,0.5717495690716572
atr_48b,trend_efficiency_high,VOLATILITY_EXPANSION,2H,324,0.5584362139917696
atr_48b,trend_efficiency_high,VOLATILITY_EXPANSION,4H,319,0.5437127976190477
atr_48b,trend_efficiency_high,VOLATILITY_EXPANSION,8H,319,0.5054263016030642
atr_slope_48b,upside_breakout_occurred,HIGH_VOL,12H,163,0.5754631035529911
atr_slope_48b,upside_breakout_occurred,HIGH_VOL,1H,163,0.5141786179921773
atr_slope_48b,upside_breakout_occurred,HIGH_VOL,24H,163,0.6106532356532357
atr_slope_48b,upside_breakout_occurred,HIGH_VOL,2H,163,0.528158295281583
atr_slope_48b,upside_breakout_occurred,HIGH_VOL,4H,163,0.510548523206751
atr_slope_48b,upside_breakout_occurred,HIGH_VOL,8H,163,0.5258230141951072
atr_slope_48b,upside_breakout_occurred,LOW_VOL_RANGE,12H,1024,0.5656578394283313
atr_slope_48b,upside_breakout_occurred,LOW_VOL_RANGE,1H,1024,0.5148832110633275
atr_slope_48b,upside_breakout_occurred,LOW_VOL_RANGE,24H,1024,0.5563683329908709
atr_slope_48b,upside_breakout_occurred,LOW_VOL_RANGE,2H,1024,0.5164724500071932
atr_slope_48b,upside_breakout_occurred,LOW_VOL_RANGE,4H,1016,0.5287140819237823
atr_slope_48b,upside_breakout_occurred,LOW_VOL_RANGE,8H,1016,0.5234824560161255
atr_slope_48b,upside_breakout_occurred,NORMAL_RANGE,12H,2314,0.5398503537484187
atr_slope_48b,upside_breakout_occurred,NORMAL_RANGE,1H,2314,0.5483720725162231
atr_slope_48b,upside_breakout_occurred,NORMAL_RANGE,24H,2314,0.576455379768509
atr_slope_48b,upside_breakout_occurred,NORMAL_RANGE,2H,2314,0.550535756643469
atr_slope_48b,upside_breakout_occurred,NORMAL_RANGE,4H,2303,0.5281424581005587
atr_slope_48b,upside_breakout_occurred,NORMAL_RANGE,8H,2303,0.5628532158305373
atr_slope_48b,upside_breakout_occurred,TREND_DOWN,12H,190,0.606951871657754
atr_slope_48b,upside_breakout_occurred,TREND_DOWN,1H,190,0.6379207090669541
atr_slope_48b,upside_breakout_occurred,TREND_DOWN,24H,190,0.6100713012477719
atr_slope_48b,upside_breakout_occurred,TREND_DOWN,2H,190,0.6470177073625349
atr_slope_48b,upside_breakout_occurred,TREND_DOWN,4H,189,0.6238204833141542
atr_slope_48b,upside_breakout_occurred,TREND_DOWN,8H,189,0.6175742574257426
atr_slope_48b,upside_breakout_occurred,TREND_UP,12H,179,0.5519167301345519
atr_slope_48b,upside_breakout_occurred,TREND_UP,1H,179,0.5787962037962038
atr_slope_48b,upside_breakout_occurred,TREND_UP,24H,179,0.5307192807192807
atr_slope_48b,upside_breakout_occurred,TREND_UP,2H,179,0.5348370927318296
atr_slope_48b,upside_breakout_occurred,TREND_UP,4H,179,0.553974358974359
atr_slope_48b,upside_breakout_occurred,TREND_UP,8H,179,0.564871794871795
atr_slope_48b,upside_breakout_occurred,VOLATILITY_EXPANSION,12H,324,0.654798128888687
atr_slope_48b,upside_breakout_occurred,VOLATILITY_EXPANSION,1H,324,0.5875430935417145
atr_slope_48b,upside_breakout_occurred,VOLATILITY_EXPANSION,24H,324,0.6367082210242587
atr_slope_48b,upside_breakout_occurred,VOLATILITY_EXPANSION,2H,324,0.5628950695322377
atr_slope_48b,upside_breakout_occurred,VOLATILITY_EXPANSION,4H,319,0.5676255707762556
atr_slope_48b,upside_breakout_occurred,VOLATILITY_EXPANSION,8H,319,0.6113602391629298
atr_slope_48b,downside_breakdown_occurred,HIGH_VOL,12H,163,0.7028542303771661
atr_slope_48b,downside_breakdown_occurred,HIGH_VOL,1H,163,0.5627946127946128
atr_slope_48b,downside_breakdown_occurred,HIGH_VOL,24H,163,0.6459395174991505
atr_slope_48b,downside_breakdown_occurred,HIGH_VOL,2H,163,0.6252144082332762
atr_slope_48b,downside_breakdown_occurred,HIGH_VOL,4H,163,0.6070533476548514
atr_slope_48b,downside_breakdown_occurred,HIGH_VOL,8H,163,0.6666666666666667
atr_slope_48b,downside_breakdown_occurred,LOW_VOL_RANGE,12H,1024,0.5277064068350608
atr_slope_48b,downside_breakdown_occurred,LOW_VOL_RANGE,1H,1024,0.5212945738743993
atr_slope_48b,downside_breakdown_occurred,LOW_VOL_RANGE,24H,1024,0.5435578913839784
atr_slope_48b,downside_breakdown_occurred,LOW_VOL_RANGE,2H,1024,0.5349239110849018
atr_slope_48b,downside_breakdown_occurred,LOW_VOL_RANGE,4H,1016,0.5599470879908637
atr_slope_48b,downside_breakdown_occurred,LOW_VOL_RANGE,8H,1016,0.5233056434599156
atr_slope_48b,downside_breakdown_occurred,NORMAL_RANGE,12H,2314,0.552538789428815
atr_slope_48b,downside_breakdown_occurred,NORMAL_RANGE,1H,2314,0.5220477786596525
atr_slope_48b,downside_breakdown_occurred,NORMAL_RANGE,24H,2314,0.5672427274589906
atr_slope_48b,downside_breakdown_occurred,NORMAL_RANGE,2H,2314,0.5363039605494164
atr_slope_48b,downside_breakdown_occurred,NORMAL_RANGE,4H,2303,0.5302275622611345
atr_slope_48b,downside_breakdown_occurred,NORMAL_RANGE,8H,2303,0.5505966399748783
atr_slope_48b,downside_breakdown_occurred,TREND_DOWN,12H,190,0.6389627659574468
atr_slope_48b,downside_breakdown_occurred,TREND_DOWN,1H,190,0.5920454545454545
atr_slope_48b,downside_breakdown_occurred,TREND_DOWN,24H,190,0.6088209219858156
atr_slope_48b,downside_breakdown_occurred,TREND_DOWN,2H,190,0.5864135864135864
atr_slope_48b,downside_breakdown_occurred,TREND_DOWN,4H,189,0.6543030031376065
atr_slope_48b,downside_breakdown_occurred,TREND_DOWN,8H,189,0.6148190045248869
atr_slope_48b,downside_breakdown_occurred,TREND_UP,12H,179,0.6202081746636202
atr_slope_48b,downside_breakdown_occurred,TREND_UP,1H,179,0.5383795309168444
atr_slope_48b,downside_breakdown_occurred,TREND_UP,24H,179,0.6345235101835555
atr_slope_48b,downside_breakdown_occurred,TREND_UP,2H,179,0.6012947448591013
atr_slope_48b,downside_breakdown_occurred,TREND_UP,4H,179,0.6455128205128204
atr_slope_48b,downside_breakdown_occurred,TREND_UP,8H,179,0.6303732303732303
atr_slope_48b,downside_breakdown_occurred,VOLATILITY_EXPANSION,12H,324,0.6090800951625694
atr_slope_48b,downside_breakdown_occurred,VOLATILITY_EXPANSION,1H,324,0.5262121585035688
atr_slope_48b,downside_breakdown_occurred,VOLATILITY_EXPANSION,24H,324,0.6936373965265379
atr_slope_48b,downside_breakdown_occurred,VOLATILITY_EXPANSION,2H,324,0.5505211093446387
atr_slope_48b,downside_breakdown_occurred,VOLATILITY_EXPANSION,4H,319,0.5796019900497513
atr_slope_48b,downside_breakdown_occurred,VOLATILITY_EXPANSION,8H,319,0.5788882416576517
atr_slope_48b,range_breached,HIGH_VOL,12H,163,0.9036036036036036
atr_slope_48b,range_breached,HIGH_VOL,1H,163,0.6784810126582279
atr_slope_48b,range_breached,HIGH_VOL,24H,163,0.9292307692307692
atr_slope_48b,range_breached,HIGH_VOL,2H,163,0.772823779193206
atr_slope_48b,range_breached,HIGH_VOL,4H,163,0.7344322344322345
atr_slope_48b,range_breached,HIGH_VOL,8H,163,0.6870629370629371
atr_slope_48b,range_breached,LOW_VOL_RANGE,12H,1024,0.7470238095238095
atr_slope_48b,range_breached,LOW_VOL_RANGE,1H,1024,0.6633259399216846
atr_slope_48b,range_breached,LOW_VOL_RANGE,24H,1024,0.5702614379084967
atr_slope_48b,range_breached,LOW_VOL_RANGE,2H,1024,0.5970816464237516
atr_slope_48b,range_breached,LOW_VOL_RANGE,4H,1016,0.6141917293233083
atr_slope_48b,range_breached,LOW_VOL_RANGE,8H,1016,0.6307475419317525
atr_slope_48b,range_breached,NORMAL_RANGE,12H,2314,0.6041720340403953
atr_slope_48b,range_breached,NORMAL_RANGE,1H,2314,0.6640637490007993
atr_slope_48b,range_breached,NORMAL_RANGE,24H,2314,0.7794098769507253
atr_slope_48b,range_breached,NORMAL_RANGE,2H,2314,0.6876629040666016
atr_slope_48b,range_breached,NORMAL_RANGE,4H,2303,0.588049495278411
atr_slope_48b,range_breached,NORMAL_RANGE,8H,2303,0.6559520796422846
atr_slope_48b,range_breached,TREND_DOWN,12H,190,0.8161350844277674
atr_slope_48b,range_breached,TREND_DOWN,1H,190,0.7089425365521931
atr_slope_48b,range_breached,TREND_DOWN,24H,190,0.7768574297188755
atr_slope_48b,range_breached,TREND_DOWN,2H,190,0.736266597240302
atr_slope_48b,range_breached,TREND_DOWN,4H,189,0.8072702331961591
atr_slope_48b,range_breached,TREND_DOWN,8H,189,0.8292929292929293
atr_slope_48b,range_breached,TREND_UP,12H,179,0.6885057471264369
atr_slope_48b,range_breached,TREND_UP,1H,179,0.6231884057971014
atr_slope_48b,range_breached,TREND_UP,24H,179,0.6461684011352886
atr_slope_48b,range_breached,TREND_UP,2H,179,0.6696236559139785
atr_slope_48b,range_breached,TREND_UP,4H,179,0.6905747126436781
atr_slope_48b,range_breached,TREND_UP,8H,179,0.6988304093567251
atr_slope_48b,range_breached,VOLATILITY_EXPANSION,12H,324,0.835893011216566
atr_slope_48b,range_breached,VOLATILITY_EXPANSION,1H,324,0.8306878306878307
atr_slope_48b,range_breached,VOLATILITY_EXPANSION,24H,324,0.8694314381270903
atr_slope_48b,range_breached,VOLATILITY_EXPANSION,2H,324,0.697611536728256
atr_slope_48b,range_breached,VOLATILITY_EXPANSION,4H,319,0.7580385852090032
atr_slope_48b,range_breached,VOLATILITY_EXPANSION,8H,319,0.8403187721369539
atr_slope_48b,path_inside_70,HIGH_VOL,12H,163,0.9036036036036036
atr_slope_48b,path_inside_70,HIGH_VOL,1H,163,0.6784810126582278
atr_slope_48b,path_inside_70,HIGH_VOL,24H,163,0.9292307692307692
atr_slope_48b,path_inside_70,HIGH_VOL,2H,163,0.772823779193206
atr_slope_48b,path_inside_70,HIGH_VOL,4H,163,0.7344322344322345
atr_slope_48b,path_inside_70,HIGH_VOL,8H,163,0.6870629370629371
atr_slope_48b,path_inside_70,LOW_VOL_RANGE,12H,1024,0.7470238095238095
atr_slope_48b,path_inside_70,LOW_VOL_RANGE,1H,1024,0.6633259399216846
atr_slope_48b,path_inside_70,LOW_VOL_RANGE,24H,1024,0.5702614379084967
atr_slope_48b,path_inside_70,LOW_VOL_RANGE,2H,1024,0.5970816464237517
atr_slope_48b,path_inside_70,LOW_VOL_RANGE,4H,1016,0.6141917293233082
atr_slope_48b,path_inside_70,LOW_VOL_RANGE,8H,1016,0.6307475419317524
atr_slope_48b,path_inside_70,NORMAL_RANGE,12H,2314,0.6041720340403953
atr_slope_48b,path_inside_70,NORMAL_RANGE,1H,2314,0.6640637490007993
atr_slope_48b,path_inside_70,NORMAL_RANGE,24H,2314,0.7794098769507253
atr_slope_48b,path_inside_70,NORMAL_RANGE,2H,2314,0.6876629040666017
atr_slope_48b,path_inside_70,NORMAL_RANGE,4H,2303,0.588049495278411
atr_slope_48b,path_inside_70,NORMAL_RANGE,8H,2303,0.6559520796422846
atr_slope_48b,path_inside_70,TREND_DOWN,12H,190,0.8161350844277674
atr_slope_48b,path_inside_70,TREND_DOWN,1H,190,0.7089425365521931
atr_slope_48b,path_inside_70,TREND_DOWN,24H,190,0.7768574297188755
atr_slope_48b,path_inside_70,TREND_DOWN,2H,190,0.736266597240302
atr_slope_48b,path_inside_70,TREND_DOWN,4H,189,0.8072702331961591
atr_slope_48b,path_inside_70,TREND_DOWN,8H,189,0.8292929292929293
atr_slope_48b,path_inside_70,TREND_UP,12H,179,0.6885057471264368
atr_slope_48b,path_inside_70,TREND_UP,1H,179,0.6231884057971014
atr_slope_48b,path_inside_70,TREND_UP,24H,179,0.6461684011352885
atr_slope_48b,path_inside_70,TREND_UP,2H,179,0.6696236559139785
atr_slope_48b,path_inside_70,TREND_UP,4H,179,0.6905747126436782
atr_slope_48b,path_inside_70,TREND_UP,8H,179,0.6988304093567251
atr_slope_48b,path_inside_70,VOLATILITY_EXPANSION,12H,324,0.835893011216566
atr_slope_48b,path_inside_70,VOLATILITY_EXPANSION,1H,324,0.8306878306878307
atr_slope_48b,path_inside_70,VOLATILITY_EXPANSION,24H,324,0.8694314381270903
atr_slope_48b,path_inside_70,VOLATILITY_EXPANSION,2H,324,0.6976115367282559
atr_slope_48b,path_inside_70,VOLATILITY_EXPANSION,4H,319,0.7580385852090032
atr_slope_48b,path_inside_70,VOLATILITY_EXPANSION,8H,319,0.8403187721369539
atr_slope_48b,trend_efficiency_high,HIGH_VOL,12H,163,0.5311750599520384
atr_slope_48b,trend_efficiency_high,HIGH_VOL,1H,163,0.5212121212121212
atr_slope_48b,trend_efficiency_high,HIGH_VOL,24H,163,0.533876811594203
atr_slope_48b,trend_efficiency_high,HIGH_VOL,2H,163,0.538531691746466
atr_slope_48b,trend_efficiency_high,HIGH_VOL,4H,163,0.5157962604771116
atr_slope_48b,trend_efficiency_high,HIGH_VOL,8H,163,0.6312134502923976
atr_slope_48b,trend_efficiency_high,LOW_VOL_RANGE,12H,1024,0.5003090067981496
atr_slope_48b,trend_efficiency_high,LOW_VOL_RANGE,1H,1024,0.5113319850586211
atr_slope_48b,trend_efficiency_high,LOW_VOL_RANGE,24H,1024,0.536475180918125
atr_slope_48b,trend_efficiency_high,LOW_VOL_RANGE,2H,1024,0.5313338422946886
atr_slope_48b,trend_efficiency_high,LOW_VOL_RANGE,4H,1016,0.5120198440822112
atr_slope_48b,trend_efficiency_high,LOW_VOL_RANGE,8H,1016,0.5086610253857641
atr_slope_48b,trend_efficiency_high,NORMAL_RANGE,12H,2314,0.5146328087744396
atr_slope_48b,trend_efficiency_high,NORMAL_RANGE,1H,2314,0.5198030084393721
atr_slope_48b,trend_efficiency_high,NORMAL_RANGE,24H,2314,0.5339733756211414
atr_slope_48b,trend_efficiency_high,NORMAL_RANGE,2H,2314,0.5330600532896085
atr_slope_48b,trend_efficiency_high,NORMAL_RANGE,4H,2303,0.52051451271052
atr_slope_48b,trend_efficiency_high,NORMAL_RANGE,8H,2303,0.5416762910410824
atr_slope_48b,trend_efficiency_high,TREND_DOWN,12H,190,0.606128808864266
atr_slope_48b,trend_efficiency_high,TREND_DOWN,1H,190,0.5032467532467533
atr_slope_48b,trend_efficiency_high,TREND_DOWN,24H,190,0.7142857142857143
atr_slope_48b,trend_efficiency_high,TREND_DOWN,2H,190,0.5672690763052208
atr_slope_48b,trend_efficiency_high,TREND_DOWN,4H,189,0.6471243042671614
atr_slope_48b,trend_efficiency_high,TREND_DOWN,8H,189,0.5155895691609977
atr_slope_48b,trend_efficiency_high,TREND_UP,12H,179,0.5531189083820662
atr_slope_48b,trend_efficiency_high,TREND_UP,1H,179,0.5970336852689794
atr_slope_48b,trend_efficiency_high,TREND_UP,24H,179,0.5939597315436241
atr_slope_48b,trend_efficiency_high,TREND_UP,2H,179,0.5229422894985809
atr_slope_48b,trend_efficiency_high,TREND_UP,4H,179,0.5196868008948545
atr_slope_48b,trend_efficiency_high,TREND_UP,8H,179,0.5546343537414966
atr_slope_48b,trend_efficiency_high,VOLATILITY_EXPANSION,12H,324,0.5594598416289593
atr_slope_48b,trend_efficiency_high,VOLATILITY_EXPANSION,1H,324,0.5002264492753623
atr_slope_48b,trend_efficiency_high,VOLATILITY_EXPANSION,24H,324,0.5186530411228761
atr_slope_48b,trend_efficiency_high,VOLATILITY_EXPANSION,2H,324,0.5429355281207133
atr_slope_48b,trend_efficiency_high,VOLATILITY_EXPANSION,4H,319,0.5305679563492064
atr_slope_48b,trend_efficiency_high,VOLATILITY_EXPANSION,8H,319,0.5401475386579657
bollinger_bandwidth_48b,upside_breakout_occurred,HIGH_VOL,12H,163,0.7336774977224416
bollinger_bandwidth_48b,upside_breakout_occurred,HIGH_VOL,1H,163,0.5045632333767927
bollinger_bandwidth_48b,upside_breakout_occurred,HIGH_VOL,24H,163,0.6417887667887667
bollinger_bandwidth_48b,upside_breakout_occurred,HIGH_VOL,2H,163,0.5427701674277017
bollinger_bandwidth_48b,upside_breakout_occurred,HIGH_VOL,4H,163,0.586045810729355
bollinger_bandwidth_48b,upside_breakout_occurred,HIGH_VOL,8H,163,0.651464814255512
bollinger_bandwidth_48b,upside_breakout_occurred,LOW_VOL_RANGE,12H,1024,0.6178909205548551
bollinger_bandwidth_48b,upside_breakout_occurred,LOW_VOL_RANGE,1H,1024,0.5609747870815415
bollinger_bandwidth_48b,upside_breakout_occurred,LOW_VOL_RANGE,24H,1024,0.6532245281357325
bollinger_bandwidth_48b,upside_breakout_occurred,LOW_VOL_RANGE,2H,1024,0.5638996787033042
bollinger_bandwidth_48b,upside_breakout_occurred,LOW_VOL_RANGE,4H,1016,0.5450761950048684
bollinger_bandwidth_48b,upside_breakout_occurred,LOW_VOL_RANGE,8H,1016,0.5701452518185981
bollinger_bandwidth_48b,upside_breakout_occurred,NORMAL_RANGE,12H,2314,0.6182917022687124
bollinger_bandwidth_48b,upside_breakout_occurred,NORMAL_RANGE,1H,2314,0.5339401737150736
bollinger_bandwidth_48b,upside_breakout_occurred,NORMAL_RANGE,24H,2314,0.6481996096157797
bollinger_bandwidth_48b,upside_breakout_occurred,NORMAL_RANGE,2H,2314,0.5573744654057321
bollinger_bandwidth_48b,upside_breakout_occurred,NORMAL_RANGE,4H,2303,0.5813484002031488
bollinger_bandwidth_48b,upside_breakout_occurred,NORMAL_RANGE,8H,2303,0.6158394308121438
bollinger_bandwidth_48b,upside_breakout_occurred,TREND_DOWN,12H,190,0.6501782531194296
bollinger_bandwidth_48b,upside_breakout_occurred,TREND_DOWN,1H,190,0.6416337285902503
bollinger_bandwidth_48b,upside_breakout_occurred,TREND_DOWN,24H,190,0.6441622103386809
bollinger_bandwidth_48b,upside_breakout_occurred,TREND_DOWN,2H,190,0.6592497670083877
bollinger_bandwidth_48b,upside_breakout_occurred,TREND_DOWN,4H,189,0.59102416570771
bollinger_bandwidth_48b,upside_breakout_occurred,TREND_DOWN,8H,189,0.6262376237623762
bollinger_bandwidth_48b,upside_breakout_occurred,TREND_UP,12H,179,0.6068799187611069
bollinger_bandwidth_48b,upside_breakout_occurred,TREND_UP,1H,179,0.6278721278721279
bollinger_bandwidth_48b,upside_breakout_occurred,TREND_UP,24H,179,0.5805444555444556
bollinger_bandwidth_48b,upside_breakout_occurred,TREND_UP,2H,179,0.5847117794486216
bollinger_bandwidth_48b,upside_breakout_occurred,TREND_UP,4H,179,0.6226923076923077
bollinger_bandwidth_48b,upside_breakout_occurred,TREND_UP,8H,179,0.6506410256410257
bollinger_bandwidth_48b,upside_breakout_occurred,VOLATILITY_EXPANSION,12H,324,0.6362232617285072
bollinger_bandwidth_48b,upside_breakout_occurred,VOLATILITY_EXPANSION,1H,324,0.584647207538497
bollinger_bandwidth_48b,upside_breakout_occurred,VOLATILITY_EXPANSION,24H,324,0.6800033692722371
bollinger_bandwidth_48b,upside_breakout_occurred,VOLATILITY_EXPANSION,2H,324,0.5353530792848114
bollinger_bandwidth_48b,upside_breakout_occurred,VOLATILITY_EXPANSION,4H,319,0.5301369863013699
bollinger_bandwidth_48b,upside_breakout_occurred,VOLATILITY_EXPANSION,8H,319,0.5378830343796712
bollinger_bandwidth_48b,downside_breakdown_occurred,HIGH_VOL,12H,163,0.5208970438328236
bollinger_bandwidth_48b,downside_breakdown_occurred,HIGH_VOL,1H,163,0.5281144781144781
bollinger_bandwidth_48b,downside_breakdown_occurred,HIGH_VOL,24H,163,0.5275229357798165
bollinger_bandwidth_48b,downside_breakdown_occurred,HIGH_VOL,2H,163,0.5121783876500858
bollinger_bandwidth_48b,downside_breakdown_occurred,HIGH_VOL,4H,163,0.594343000358038
bollinger_bandwidth_48b,downside_breakdown_occurred,HIGH_VOL,8H,163,0.579126213592233
bollinger_bandwidth_48b,downside_breakdown_occurred,LOW_VOL_RANGE,12H,1024,0.5421667804464304
bollinger_bandwidth_48b,downside_breakdown_occurred,LOW_VOL_RANGE,1H,1024,0.5247298004844223
bollinger_bandwidth_48b,downside_breakdown_occurred,LOW_VOL_RANGE,24H,1024,0.5858018792801402
bollinger_bandwidth_48b,downside_breakdown_occurred,LOW_VOL_RANGE,2H,1024,0.5204514554359756
bollinger_bandwidth_48b,downside_breakdown_occurred,LOW_VOL_RANGE,4H,1016,0.5313672085217913
bollinger_bandwidth_48b,downside_breakdown_occurred,LOW_VOL_RANGE,8H,1016,0.5538675171413502
bollinger_bandwidth_48b,downside_breakdown_occurred,NORMAL_RANGE,12H,2314,0.526692242114237
bollinger_bandwidth_48b,downside_breakdown_occurred,NORMAL_RANGE,1H,2314,0.5437971046814428
bollinger_bandwidth_48b,downside_breakdown_occurred,NORMAL_RANGE,24H,2314,0.543565834423988
bollinger_bandwidth_48b,downside_breakdown_occurred,NORMAL_RANGE,2H,2314,0.5419622340700196
bollinger_bandwidth_48b,downside_breakdown_occurred,NORMAL_RANGE,4H,2303,0.5446731446556591
bollinger_bandwidth_48b,downside_breakdown_occurred,NORMAL_RANGE,8H,2303,0.5133578406274959
bollinger_bandwidth_48b,downside_breakdown_occurred,TREND_DOWN,12H,190,0.507313829787234
bollinger_bandwidth_48b,downside_breakdown_occurred,TREND_DOWN,1H,190,0.56375
bollinger_bandwidth_48b,downside_breakdown_occurred,TREND_DOWN,24H,190,0.5022163120567376
bollinger_bandwidth_48b,downside_breakdown_occurred,TREND_DOWN,2H,190,0.503052503052503
bollinger_bandwidth_48b,downside_breakdown_occurred,TREND_DOWN,4H,189,0.5387718511878081
bollinger_bandwidth_48b,downside_breakdown_occurred,TREND_DOWN,8H,189,0.5604072398190045
bollinger_bandwidth_48b,downside_breakdown_occurred,TREND_UP,12H,179,0.5818735719725818
bollinger_bandwidth_48b,downside_breakdown_occurred,TREND_UP,1H,179,0.5791577825159915
bollinger_bandwidth_48b,downside_breakdown_occurred,TREND_UP,24H,179,0.5888860950465175
bollinger_bandwidth_48b,downside_breakdown_occurred,TREND_UP,2H,179,0.5555978674790556
bollinger_bandwidth_48b,downside_breakdown_occurred,TREND_UP,4H,179,0.5470512820512821
bollinger_bandwidth_48b,downside_breakdown_occurred,TREND_UP,8H,179,0.5607464607464607
bollinger_bandwidth_48b,downside_breakdown_occurred,VOLATILITY_EXPANSION,12H,324,0.5509912767644727
bollinger_bandwidth_48b,downside_breakdown_occurred,VOLATILITY_EXPANSION,1H,324,0.5643120846665026
bollinger_bandwidth_48b,downside_breakdown_occurred,VOLATILITY_EXPANSION,24H,324,0.6188524590163935
bollinger_bandwidth_48b,downside_breakdown_occurred,VOLATILITY_EXPANSION,2H,324,0.5967585232291115
bollinger_bandwidth_48b,downside_breakdown_occurred,VOLATILITY_EXPANSION,4H,319,0.5786744244877309
bollinger_bandwidth_48b,downside_breakdown_occurred,VOLATILITY_EXPANSION,8H,319,0.5434384621785804
bollinger_bandwidth_48b,range_breached,HIGH_VOL,12H,163,0.8671171171171171
bollinger_bandwidth_48b,range_breached,HIGH_VOL,1H,163,0.7063291139240506
bollinger_bandwidth_48b,range_breached,HIGH_VOL,24H,163,0.8348717948717949
bollinger_bandwidth_48b,range_breached,HIGH_VOL,2H,163,0.5467091295116773
bollinger_bandwidth_48b,range_breached,HIGH_VOL,4H,163,0.5448717948717948
bollinger_bandwidth_48b,range_breached,HIGH_VOL,8H,163,0.5524475524475525
bollinger_bandwidth_48b,range_breached,LOW_VOL_RANGE,12H,1024,0.7918818129661503
bollinger_bandwidth_48b,range_breached,LOW_VOL_RANGE,1H,1024,0.6543990799309949
bollinger_bandwidth_48b,range_breached,LOW_VOL_RANGE,24H,1024,0.7122103386809269
bollinger_bandwidth_48b,range_breached,LOW_VOL_RANGE,2H,1024,0.6079903283850652
bollinger_bandwidth_48b,range_breached,LOW_VOL_RANGE,4H,1016,0.6875
bollinger_bandwidth_48b,range_breached,LOW_VOL_RANGE,8H,1016,0.7568319838056681
bollinger_bandwidth_48b,range_breached,NORMAL_RANGE,12H,2314,0.6647609934037533
bollinger_bandwidth_48b,range_breached,NORMAL_RANGE,1H,2314,0.6008193445243806
bollinger_bandwidth_48b,range_breached,NORMAL_RANGE,24H,2314,0.7545127236495449
bollinger_bandwidth_48b,range_breached,NORMAL_RANGE,2H,2314,0.6758796174431868
bollinger_bandwidth_48b,range_breached,NORMAL_RANGE,4H,2303,0.6877184413328992
bollinger_bandwidth_48b,range_breached,NORMAL_RANGE,8H,2303,0.6536151185353919
bollinger_bandwidth_48b,range_breached,TREND_DOWN,12H,190,0.7028611632270169
bollinger_bandwidth_48b,range_breached,TREND_DOWN,1H,190,0.7354641278476708
bollinger_bandwidth_48b,range_breached,TREND_DOWN,24H,190,0.6910140562248996
bollinger_bandwidth_48b,range_breached,TREND_DOWN,2H,190,0.6482686800312418
bollinger_bandwidth_48b,range_breached,TREND_DOWN,4H,189,0.6385459533607682
bollinger_bandwidth_48b,range_breached,TREND_DOWN,8H,189,0.6487373737373737
bollinger_bandwidth_48b,range_breached,TREND_UP,12H,179,0.5866666666666667
bollinger_bandwidth_48b,range_breached,TREND_UP,1H,179,0.7159977703455964
bollinger_bandwidth_48b,range_breached,TREND_UP,24H,179,0.5638599810785241
bollinger_bandwidth_48b,range_breached,TREND_UP,2H,179,0.6591397849462366
bollinger_bandwidth_48b,range_breached,TREND_UP,4H,179,0.612183908045977
bollinger_bandwidth_48b,range_breached,TREND_UP,8H,179,0.6593567251461988
bollinger_bandwidth_48b,range_breached,VOLATILITY_EXPANSION,12H,324,0.671786022433132
bollinger_bandwidth_48b,range_breached,VOLATILITY_EXPANSION,1H,324,0.8705467372134039
bollinger_bandwidth_48b,range_breached,VOLATILITY_EXPANSION,24H,324,0.7680267558528429
bollinger_bandwidth_48b,range_breached,VOLATILITY_EXPANSION,2H,324,0.7697160883280757
bollinger_bandwidth_48b,range_breached,VOLATILITY_EXPANSION,4H,319,0.8472668810289389
bollinger_bandwidth_48b,range_breached,VOLATILITY_EXPANSION,8H,319,0.6068476977567887
bollinger_bandwidth_48b,path_inside_70,HIGH_VOL,12H,163,0.8671171171171171
bollinger_bandwidth_48b,path_inside_70,HIGH_VOL,1H,163,0.7063291139240506
bollinger_bandwidth_48b,path_inside_70,HIGH_VOL,24H,163,0.8348717948717949
bollinger_bandwidth_48b,path_inside_70,HIGH_VOL,2H,163,0.5467091295116773
bollinger_bandwidth_48b,path_inside_70,HIGH_VOL,4H,163,0.5448717948717949
bollinger_bandwidth_48b,path_inside_70,HIGH_VOL,8H,163,0.5524475524475524
bollinger_bandwidth_48b,path_inside_70,LOW_VOL_RANGE,12H,1024,0.7918818129661503
bollinger_bandwidth_48b,path_inside_70,LOW_VOL_RANGE,1H,1024,0.6543990799309948
bollinger_bandwidth_48b,path_inside_70,LOW_VOL_RANGE,24H,1024,0.7122103386809269
bollinger_bandwidth_48b,path_inside_70,LOW_VOL_RANGE,2H,1024,0.6079903283850653
bollinger_bandwidth_48b,path_inside_70,LOW_VOL_RANGE,4H,1016,0.6875
bollinger_bandwidth_48b,path_inside_70,LOW_VOL_RANGE,8H,1016,0.756831983805668
bollinger_bandwidth_48b,path_inside_70,NORMAL_RANGE,12H,2314,0.6647609934037533
bollinger_bandwidth_48b,path_inside_70,NORMAL_RANGE,1H,2314,0.6008193445243805
bollinger_bandwidth_48b,path_inside_70,NORMAL_RANGE,24H,2314,0.7545127236495449
bollinger_bandwidth_48b,path_inside_70,NORMAL_RANGE,2H,2314,0.6758796174431868
bollinger_bandwidth_48b,path_inside_70,NORMAL_RANGE,4H,2303,0.6877184413328992
bollinger_bandwidth_48b,path_inside_70,NORMAL_RANGE,8H,2303,0.6536151185353919
bollinger_bandwidth_48b,path_inside_70,TREND_DOWN,12H,190,0.7028611632270169
bollinger_bandwidth_48b,path_inside_70,TREND_DOWN,1H,190,0.7354641278476709
bollinger_bandwidth_48b,path_inside_70,TREND_DOWN,24H,190,0.6910140562248996
bollinger_bandwidth_48b,path_inside_70,TREND_DOWN,2H,190,0.6482686800312418
bollinger_bandwidth_48b,path_inside_70,TREND_DOWN,4H,189,0.6385459533607681
bollinger_bandwidth_48b,path_inside_70,TREND_DOWN,8H,189,0.6487373737373737
bollinger_bandwidth_48b,path_inside_70,TREND_UP,12H,179,0.5866666666666667
bollinger_bandwidth_48b,path_inside_70,TREND_UP,1H,179,0.7159977703455964
bollinger_bandwidth_48b,path_inside_70,TREND_UP,24H,179,0.5638599810785241
bollinger_bandwidth_48b,path_inside_70,TREND_UP,2H,179,0.6591397849462366
bollinger_bandwidth_48b,path_inside_70,TREND_UP,4H,179,0.612183908045977
bollinger_bandwidth_48b,path_inside_70,TREND_UP,8H,179,0.6593567251461988
bollinger_bandwidth_48b,path_inside_70,VOLATILITY_EXPANSION,12H,324,0.671786022433132
bollinger_bandwidth_48b,path_inside_70,VOLATILITY_EXPANSION,1H,324,0.8705467372134039
bollinger_bandwidth_48b,path_inside_70,VOLATILITY_EXPANSION,24H,324,0.7680267558528429
bollinger_bandwidth_48b,path_inside_70,VOLATILITY_EXPANSION,2H,324,0.7697160883280757
bollinger_bandwidth_48b,path_inside_70,VOLATILITY_EXPANSION,4H,319,0.8472668810289389
bollinger_bandwidth_48b,path_inside_70,VOLATILITY_EXPANSION,8H,319,0.6068476977567887
bollinger_bandwidth_48b,trend_efficiency_high,HIGH_VOL,12H,163,0.7790767386091128
bollinger_bandwidth_48b,trend_efficiency_high,HIGH_VOL,1H,163,0.5967365967365967
bollinger_bandwidth_48b,trend_efficiency_high,HIGH_VOL,24H,163,0.6711956521739131
bollinger_bandwidth_48b,trend_efficiency_high,HIGH_VOL,2H,163,0.5633834929320566
bollinger_bandwidth_48b,trend_efficiency_high,HIGH_VOL,4H,163,0.5103159252095423
bollinger_bandwidth_48b,trend_efficiency_high,HIGH_VOL,8H,163,0.6633771929824561
bollinger_bandwidth_48b,trend_efficiency_high,LOW_VOL_RANGE,12H,1024,0.5204694503279073
bollinger_bandwidth_48b,trend_efficiency_high,LOW_VOL_RANGE,1H,1024,0.5299223422554573
bollinger_bandwidth_48b,trend_efficiency_high,LOW_VOL_RANGE,24H,1024,0.5153358417373051
bollinger_bandwidth_48b,trend_efficiency_high,LOW_VOL_RANGE,2H,1024,0.5103573635801796
bollinger_bandwidth_48b,trend_efficiency_high,LOW_VOL_RANGE,4H,1016,0.5406094968107725
bollinger_bandwidth_48b,trend_efficiency_high,LOW_VOL_RANGE,8H,1016,0.5337294673967148
bollinger_bandwidth_48b,trend_efficiency_high,NORMAL_RANGE,12H,2314,0.5102145922746781
bollinger_bandwidth_48b,trend_efficiency_high,NORMAL_RANGE,1H,2314,0.5437245834973108
bollinger_bandwidth_48b,trend_efficiency_high,NORMAL_RANGE,24H,2314,0.503908014606234
bollinger_bandwidth_48b,trend_efficiency_high,NORMAL_RANGE,2H,2314,0.5296372207419553
bollinger_bandwidth_48b,trend_efficiency_high,NORMAL_RANGE,4H,2303,0.506310205221276
bollinger_bandwidth_48b,trend_efficiency_high,NORMAL_RANGE,8H,2303,0.5067391773380884
bollinger_bandwidth_48b,trend_efficiency_high,TREND_DOWN,12H,190,0.5226800554016621
bollinger_bandwidth_48b,trend_efficiency_high,TREND_DOWN,1H,190,0.5568181818181819
bollinger_bandwidth_48b,trend_efficiency_high,TREND_DOWN,24H,190,0.5927128427128427
bollinger_bandwidth_48b,trend_efficiency_high,TREND_DOWN,2H,190,0.5007530120481928
bollinger_bandwidth_48b,trend_efficiency_high,TREND_DOWN,4H,189,0.5163265306122449
bollinger_bandwidth_48b,trend_efficiency_high,TREND_DOWN,8H,189,0.5569727891156462
bollinger_bandwidth_48b,trend_efficiency_high,TREND_UP,12H,179,0.506578947368421
bollinger_bandwidth_48b,trend_efficiency_high,TREND_UP,1H,179,0.5542986425339367
bollinger_bandwidth_48b,trend_efficiency_high,TREND_UP,24H,179,0.5749440715883669
bollinger_bandwidth_48b,trend_efficiency_high,TREND_UP,2H,179,0.6114001892147588
bollinger_bandwidth_48b,trend_efficiency_high,TREND_UP,4H,179,0.5149888143176734
bollinger_bandwidth_48b,trend_efficiency_high,TREND_UP,8H,179,0.5890731292517006
bollinger_bandwidth_48b,trend_efficiency_high,VOLATILITY_EXPANSION,12H,324,0.5080599547511312
bollinger_bandwidth_48b,trend_efficiency_high,VOLATILITY_EXPANSION,1H,324,0.5027928743961353
bollinger_bandwidth_48b,trend_efficiency_high,VOLATILITY_EXPANSION,24H,324,0.5459862102930313
bollinger_bandwidth_48b,trend_efficiency_high,VOLATILITY_EXPANSION,2H,324,0.5190672153635116
bollinger_bandwidth_48b,trend_efficiency_high,VOLATILITY_EXPANSION,4H,319,0.5454489087301587
bollinger_bandwidth_48b,trend_efficiency_high,VOLATILITY_EXPANSION,8H,319,0.5014186409419776
rv_6b,upside_breakout_occurred,HIGH_VOL,12H,163,0.6333130883692681
rv_6b,upside_breakout_occurred,HIGH_VOL,1H,163,0.5677966101694916
rv_6b,upside_breakout_occurred,HIGH_VOL,24H,163,0.6697191697191698
rv_6b,upside_breakout_occurred,HIGH_VOL,2H,163,0.5459665144596652
rv_6b,upside_breakout_occurred,HIGH_VOL,4H,163,0.5620855937311633
rv_6b,upside_breakout_occurred,HIGH_VOL,8H,163,0.6022349743279976
rv_6b,upside_breakout_occurred,LOW_VOL_RANGE,12H,1024,0.5710224884405213
rv_6b,upside_breakout_occurred,LOW_VOL_RANGE,1H,1024,0.5231216797369087
rv_6b,upside_breakout_occurred,LOW_VOL_RANGE,24H,1024,0.6013326679778084
rv_6b,upside_breakout_occurred,LOW_VOL_RANGE,2H,1024,0.5334484246870954
rv_6b,upside_breakout_occurred,LOW_VOL_RANGE,4H,1016,0.5003962593120939
rv_6b,upside_breakout_occurred,LOW_VOL_RANGE,8H,1016,0.5519521901066375
rv_6b,upside_breakout_occurred,NORMAL_RANGE,12H,2314,0.600388031870221
rv_6b,upside_breakout_occurred,NORMAL_RANGE,1H,2314,0.5317525021143217
rv_6b,upside_breakout_occurred,NORMAL_RANGE,24H,2314,0.6292308745976303
rv_6b,upside_breakout_occurred,NORMAL_RANGE,2H,2314,0.5666206707419423
rv_6b,upside_breakout_occurred,NORMAL_RANGE,4H,2303,0.5701736287455561
rv_6b,upside_breakout_occurred,NORMAL_RANGE,8H,2303,0.59391761329183
rv_6b,upside_breakout_occurred,TREND_DOWN,12H,190,0.5774286987522281
rv_6b,upside_breakout_occurred,TREND_DOWN,1H,190,0.5716852317642831
rv_6b,upside_breakout_occurred,TREND_DOWN,24H,190,0.5850044563279857
rv_6b,upside_breakout_occurred,TREND_DOWN,2H,190,0.6049627213420317
rv_6b,upside_breakout_occurred,TREND_DOWN,4H,189,0.5750287686996548
rv_6b,upside_breakout_occurred,TREND_DOWN,8H,189,0.5487173717371737
rv_6b,upside_breakout_occurred,TREND_UP,12H,179,0.6160192942371161
rv_6b,upside_breakout_occurred,TREND_UP,1H,179,0.5894105894105894
rv_6b,upside_breakout_occurred,TREND_UP,24H,179,0.6218781218781219
rv_6b,upside_breakout_occurred,TREND_UP,2H,179,0.581203007518797
rv_6b,upside_breakout_occurred,TREND_UP,4H,179,0.632051282051282
rv_6b,upside_breakout_occurred,TREND_UP,8H,179,0.6105128205128205
rv_6b,upside_breakout_occurred,VOLATILITY_EXPANSION,12H,324,0.6327716971706254
rv_6b,upside_breakout_occurred,VOLATILITY_EXPANSION,1H,324,0.5425879108250977
rv_6b,upside_breakout_occurred,VOLATILITY_EXPANSION,24H,324,0.6495956873315364
rv_6b,upside_breakout_occurred,VOLATILITY_EXPANSION,2H,324,0.5032960086689543
rv_6b,upside_breakout_occurred,VOLATILITY_EXPANSION,4H,319,0.5265753424657534
rv_6b,upside_breakout_occurred,VOLATILITY_EXPANSION,8H,319,0.5507754110612855
rv_6b,downside_breakdown_occurred,HIGH_VOL,12H,163,0.5237852531430514
rv_6b,downside_breakdown_occurred,HIGH_VOL,1H,163,0.5680134680134681
rv_6b,downside_breakdown_occurred,HIGH_VOL,24H,163,0.508664627930683
rv_6b,downside_breakdown_occurred,HIGH_VOL,2H,163,0.5732418524871354
rv_6b,downside_breakdown_occurred,HIGH_VOL,4H,163,0.5578231292517006
rv_6b,downside_breakdown_occurred,HIGH_VOL,8H,163,0.5383495145631068
rv_6b,downside_breakdown_occurred,LOW_VOL_RANGE,12H,1024,0.5448188833033368
rv_6b,downside_breakdown_occurred,LOW_VOL_RANGE,1H,1024,0.5075025859977269
rv_6b,downside_breakdown_occurred,LOW_VOL_RANGE,24H,1024,0.5586478738652652
rv_6b,downside_breakdown_occurred,LOW_VOL_RANGE,2H,1024,0.5387406424558128
rv_6b,downside_breakdown_occurred,LOW_VOL_RANGE,4H,1016,0.556500412861562
rv_6b,downside_breakdown_occurred,LOW_VOL_RANGE,8H,1016,0.5405376450421941
rv_6b,downside_breakdown_occurred,NORMAL_RANGE,12H,2314,0.530694799658994
rv_6b,downside_breakdown_occurred,NORMAL_RANGE,1H,2314,0.5144544548155825
rv_6b,downside_breakdown_occurred,NORMAL_RANGE,24H,2314,0.556927155419334
rv_6b,downside_breakdown_occurred,NORMAL_RANGE,2H,2314,0.5300889768150366
rv_6b,downside_breakdown_occurred,NORMAL_RANGE,4H,2303,0.529249202741072
rv_6b,downside_breakdown_occurred,NORMAL_RANGE,8H,2303,0.5167753793852015
rv_6b,downside_breakdown_occurred,TREND_DOWN,12H,190,0.5308067375886525
rv_6b,downside_breakdown_occurred,TREND_DOWN,1H,190,0.5330681818181818
rv_6b,downside_breakdown_occurred,TREND_DOWN,24H,190,0.5255984042553192
rv_6b,downside_breakdown_occurred,TREND_DOWN,2H,190,0.5341325341325341
rv_6b,downside_breakdown_occurred,TREND_DOWN,4H,189,0.6042133572389063
rv_6b,downside_breakdown_occurred,TREND_DOWN,8H,189,0.5434389140271494
rv_6b,downside_breakdown_occurred,TREND_UP,12H,179,0.5166285859355166
rv_6b,downside_breakdown_occurred,TREND_UP,1H,179,0.5162579957356077
rv_6b,downside_breakdown_occurred,TREND_UP,24H,179,0.5345737993462409
rv_6b,downside_breakdown_occurred,TREND_UP,2H,179,0.5171363290175172
rv_6b,downside_breakdown_occurred,TREND_UP,4H,179,0.5038461538461538
rv_6b,downside_breakdown_occurred,TREND_UP,8H,179,0.5432432432432432
rv_6b,downside_breakdown_occurred,VOLATILITY_EXPANSION,12H,324,0.5840999206978588
rv_6b,downside_breakdown_occurred,VOLATILITY_EXPANSION,1H,324,0.5338419886783166
rv_6b,downside_breakdown_occurred,VOLATILITY_EXPANSION,24H,324,0.6309040740139588
rv_6b,downside_breakdown_occurred,VOLATILITY_EXPANSION,2H,324,0.5232291114644056
rv_6b,downside_breakdown_occurred,VOLATILITY_EXPANSION,4H,319,0.5268572392275909
rv_6b,downside_breakdown_occurred,VOLATILITY_EXPANSION,8H,319,0.5394441208288259
rv_6b,range_breached,HIGH_VOL,12H,163,0.7022522522522523
rv_6b,range_breached,HIGH_VOL,1H,163,0.5822784810126582
rv_6b,range_breached,HIGH_VOL,24H,163,0.7697435897435898
rv_6b,range_breached,HIGH_VOL,2H,163,0.5095541401273885
rv_6b,range_breached,HIGH_VOL,4H,163,0.6163003663003663
rv_6b,range_breached,HIGH_VOL,8H,163,0.5416083916083916
rv_6b,range_breached,LOW_VOL_RANGE,12H,1024,0.7519004589787722
rv_6b,range_breached,LOW_VOL_RANGE,1H,1024,0.5718119335140612
rv_6b,range_breached,LOW_VOL_RANGE,24H,1024,0.6240938799762329
rv_6b,range_breached,LOW_VOL_RANGE,2H,1024,0.6318882141250562
rv_6b,range_breached,LOW_VOL_RANGE,4H,1016,0.6006000578369
rv_6b,range_breached,LOW_VOL_RANGE,8H,1016,0.7581694621168306
rv_6b,range_breached,NORMAL_RANGE,12H,2314,0.6613749473486197
rv_6b,range_breached,NORMAL_RANGE,1H,2314,0.5446143085531574
rv_6b,range_breached,NORMAL_RANGE,24H,2314,0.7404473296534693
rv_6b,range_breached,NORMAL_RANGE,2H,2314,0.6840706274613031
rv_6b,range_breached,NORMAL_RANGE,4H,2303,0.686285683273635
rv_6b,range_breached,NORMAL_RANGE,8H,2303,0.6646081160887539
rv_6b,range_breached,TREND_DOWN,12H,190,0.6186679174484053
rv_6b,range_breached,TREND_DOWN,1H,190,0.6113566814008841
rv_6b,range_breached,TREND_DOWN,24H,190,0.6257530120481928
rv_6b,range_breached,TREND_DOWN,2H,190,0.6303046081749544
rv_6b,range_breached,TREND_DOWN,4H,189,0.6870141746684957
rv_6b,range_breached,TREND_DOWN,8H,189,0.5767676767676768
rv_6b,range_breached,TREND_UP,12H,179,0.6448275862068966
rv_6b,range_breached,TREND_UP,1H,179,0.560479375696767
rv_6b,range_breached,TREND_UP,24H,179,0.6253547776726585
rv_6b,range_breached,TREND_UP,2H,179,0.624731182795699
rv_6b,range_breached,TREND_UP,4H,179,0.6020689655172413
rv_6b,range_breached,TREND_UP,8H,179,0.6664230019493178
rv_6b,range_breached,VOLATILITY_EXPANSION,12H,324,0.7169974115616911
rv_6b,range_breached,VOLATILITY_EXPANSION,1H,324,0.6430335097001764
rv_6b,range_breached,VOLATILITY_EXPANSION,24H,324,0.7551839464882943
rv_6b,range_breached,VOLATILITY_EXPANSION,2H,324,0.5209553853086976
rv_6b,range_breached,VOLATILITY_EXPANSION,4H,319,0.6997588424437299
rv_6b,range_breached,VOLATILITY_EXPANSION,8H,319,0.7284533648170012
rv_6b,path_inside_70,HIGH_VOL,12H,163,0.7022522522522523
rv_6b,path_inside_70,HIGH_VOL,1H,163,0.5822784810126582
rv_6b,path_inside_70,HIGH_VOL,24H,163,0.7697435897435897
rv_6b,path_inside_70,HIGH_VOL,2H,163,0.5095541401273885
rv_6b,path_inside_70,HIGH_VOL,4H,163,0.6163003663003663
rv_6b,path_inside_70,HIGH_VOL,8H,163,0.5416083916083916
rv_6b,path_inside_70,LOW_VOL_RANGE,12H,1024,0.7519004589787722
rv_6b,path_inside_70,LOW_VOL_RANGE,1H,1024,0.5718119335140611
rv_6b,path_inside_70,LOW_VOL_RANGE,24H,1024,0.6240938799762329
rv_6b,path_inside_70,LOW_VOL_RANGE,2H,1024,0.6318882141250562
rv_6b,path_inside_70,LOW_VOL_RANGE,4H,1016,0.6006000578369
rv_6b,path_inside_70,LOW_VOL_RANGE,8H,1016,0.7581694621168306
rv_6b,path_inside_70,NORMAL_RANGE,12H,2314,0.6613749473486196
rv_6b,path_inside_70,NORMAL_RANGE,1H,2314,0.5446143085531575
rv_6b,path_inside_70,NORMAL_RANGE,24H,2314,0.7404473296534693
rv_6b,path_inside_70,NORMAL_RANGE,2H,2314,0.684070627461303
rv_6b,path_inside_70,NORMAL_RANGE,4H,2303,0.686285683273635
rv_6b,path_inside_70,NORMAL_RANGE,8H,2303,0.6646081160887539
rv_6b,path_inside_70,TREND_DOWN,12H,190,0.6186679174484052
rv_6b,path_inside_70,TREND_DOWN,1H,190,0.6113566814008841
rv_6b,path_inside_70,TREND_DOWN,24H,190,0.6257530120481928
rv_6b,path_inside_70,TREND_DOWN,2H,190,0.6303046081749545
rv_6b,path_inside_70,TREND_DOWN,4H,189,0.6870141746684957
rv_6b,path_inside_70,TREND_DOWN,8H,189,0.5767676767676768
rv_6b,path_inside_70,TREND_UP,12H,179,0.6448275862068965
rv_6b,path_inside_70,TREND_UP,1H,179,0.560479375696767
rv_6b,path_inside_70,TREND_UP,24H,179,0.6253547776726585
rv_6b,path_inside_70,TREND_UP,2H,179,0.624731182795699
rv_6b,path_inside_70,TREND_UP,4H,179,0.6020689655172414
rv_6b,path_inside_70,TREND_UP,8H,179,0.6664230019493177
rv_6b,path_inside_70,VOLATILITY_EXPANSION,12H,324,0.7169974115616912
rv_6b,path_inside_70,VOLATILITY_EXPANSION,1H,324,0.6430335097001764
rv_6b,path_inside_70,VOLATILITY_EXPANSION,24H,324,0.7551839464882943
rv_6b,path_inside_70,VOLATILITY_EXPANSION,2H,324,0.5209553853086977
rv_6b,path_inside_70,VOLATILITY_EXPANSION,4H,319,0.6997588424437299
rv_6b,path_inside_70,VOLATILITY_EXPANSION,8H,319,0.7284533648170012
rv_6b,trend_efficiency_high,HIGH_VOL,12H,163,0.5830335731414868
rv_6b,trend_efficiency_high,HIGH_VOL,1H,163,0.6097902097902098
rv_6b,trend_efficiency_high,HIGH_VOL,24H,163,0.5101449275362319
rv_6b,trend_efficiency_high,HIGH_VOL,2H,163,0.5740994072047424
rv_6b,trend_efficiency_high,HIGH_VOL,4H,163,0.5170857511283043
rv_6b,trend_efficiency_high,HIGH_VOL,8H,163,0.5840643274853801
rv_6b,trend_efficiency_high,LOW_VOL_RANGE,12H,1024,0.5043350953720982
rv_6b,trend_efficiency_high,LOW_VOL_RANGE,1H,1024,0.5178598418056325
rv_6b,trend_efficiency_high,LOW_VOL_RANGE,24H,1024,0.504931898673574
rv_6b,trend_efficiency_high,LOW_VOL_RANGE,2H,1024,0.5093394408695968
rv_6b,trend_efficiency_high,LOW_VOL_RANGE,4H,1016,0.5081502480510276
rv_6b,trend_efficiency_high,LOW_VOL_RANGE,8H,1016,0.5308051269288203
rv_6b,trend_efficiency_high,NORMAL_RANGE,12H,2314,0.5013471626132571
rv_6b,trend_efficiency_high,NORMAL_RANGE,1H,2314,0.5387779308233853
rv_6b,trend_efficiency_high,NORMAL_RANGE,24H,2314,0.5481678681674447
rv_6b,trend_efficiency_high,NORMAL_RANGE,2H,2314,0.522051137528182
rv_6b,trend_efficiency_high,NORMAL_RANGE,4H,2303,0.5039978170649677
rv_6b,trend_efficiency_high,NORMAL_RANGE,8H,2303,0.5230286954424885
rv_6b,trend_efficiency_high,TREND_DOWN,12H,190,0.5600761772853186
rv_6b,trend_efficiency_high,TREND_DOWN,1H,190,0.6149891774891775
rv_6b,trend_efficiency_high,TREND_DOWN,24H,190,0.5443722943722944
rv_6b,trend_efficiency_high,TREND_DOWN,2H,190,0.5725401606425703
rv_6b,trend_efficiency_high,TREND_DOWN,4H,189,0.5337662337662338
rv_6b,trend_efficiency_high,TREND_DOWN,8H,189,0.5175736961451247
rv_6b,trend_efficiency_high,TREND_UP,12H,179,0.5791910331384016
rv_6b,trend_efficiency_high,TREND_UP,1H,179,0.514831573655103
rv_6b,trend_efficiency_high,TREND_UP,24H,179,0.5331096196868009
rv_6b,trend_efficiency_high,TREND_UP,2H,179,0.6608325449385052
rv_6b,trend_efficiency_high,TREND_UP,4H,179,0.5684563758389262
rv_6b,trend_efficiency_high,TREND_UP,8H,179,0.5184948979591837
rv_6b,trend_efficiency_high,VOLATILITY_EXPANSION,12H,324,0.5370475113122172
rv_6b,trend_efficiency_high,VOLATILITY_EXPANSION,1H,324,0.5187952898550725
rv_6b,trend_efficiency_high,VOLATILITY_EXPANSION,24H,324,0.5351514405318887
rv_6b,trend_efficiency_high,VOLATILITY_EXPANSION,2H,324,0.5521262002743484
rv_6b,trend_efficiency_high,VOLATILITY_EXPANSION,4H,319,0.5186631944444444
rv_6b,trend_efficiency_high,VOLATILITY_EXPANSION,8H,319,0.5268123138033763
keltner_width_48b,upside_breakout_occurred,HIGH_VOL,12H,163,0.7979046462192529
keltner_width_48b,upside_breakout_occurred,HIGH_VOL,1H,163,0.5159713168187744
keltner_width_48b,upside_breakout_occurred,HIGH_VOL,24H,163,0.7312271062271063
keltner_width_48b,upside_breakout_occurred,HIGH_VOL,2H,163,0.5511415525114155
keltner_width_48b,upside_breakout_occurred,HIGH_VOL,4H,163,0.6687763713080168
keltner_width_48b,upside_breakout_occurred,HIGH_VOL,8H,163,0.7381455753548777
keltner_width_48b,upside_breakout_occurred,LOW_VOL_RANGE,12H,1024,0.6049022698612863
keltner_width_48b,upside_breakout_occurred,LOW_VOL_RANGE,1H,1024,0.5625516485369761
keltner_width_48b,upside_breakout_occurred,LOW_VOL_RANGE,24H,1024,0.6376552088531424
keltner_width_48b,upside_breakout_occurred,LOW_VOL_RANGE,2H,1024,0.5800604229607251
keltner_width_48b,upside_breakout_occurred,LOW_VOL_RANGE,4H,1016,0.5448859905350634
keltner_width_48b,upside_breakout_occurred,LOW_VOL_RANGE,8H,1016,0.5754558886701693
keltner_width_48b,upside_breakout_occurred,NORMAL_RANGE,12H,2314,0.6314622277508515
keltner_width_48b,upside_breakout_occurred,NORMAL_RANGE,1H,2314,0.5400398414358949
keltner_width_48b,upside_breakout_occurred,NORMAL_RANGE,24H,2314,0.6508192931990959
keltner_width_48b,upside_breakout_occurred,NORMAL_RANGE,2H,2314,0.5675505712189498
keltner_width_48b,upside_breakout_occurred,NORMAL_RANGE,4H,2303,0.5949379443880143
keltner_width_48b,upside_breakout_occurred,NORMAL_RANGE,8H,2303,0.6205392731535756
keltner_width_48b,upside_breakout_occurred,TREND_DOWN,12H,190,0.5738636363636364
keltner_width_48b,upside_breakout_occurred,TREND_DOWN,1H,190,0.5454545454545454
keltner_width_48b,upside_breakout_occurred,TREND_DOWN,24H,190,0.5642825311942958
keltner_width_48b,upside_breakout_occurred,TREND_DOWN,2H,190,0.5849254426840633
keltner_width_48b,upside_breakout_occurred,TREND_DOWN,4H,189,0.5050632911392405
keltner_width_48b,upside_breakout_occurred,TREND_DOWN,8H,189,0.54005400540054
keltner_width_48b,upside_breakout_occurred,TREND_UP,12H,179,0.6141152576796141
keltner_width_48b,upside_breakout_occurred,TREND_UP,1H,179,0.5513236763236764
keltner_width_48b,upside_breakout_occurred,TREND_UP,24H,179,0.5879120879120879
keltner_width_48b,upside_breakout_occurred,TREND_UP,2H,179,0.531453634085213
keltner_width_48b,upside_breakout_occurred,TREND_UP,4H,179,0.5576923076923077
keltner_width_48b,upside_breakout_occurred,TREND_UP,8H,179,0.6141025641025641
keltner_width_48b,upside_breakout_occurred,VOLATILITY_EXPANSION,12H,324,0.6607475362187202
keltner_width_48b,upside_breakout_occurred,VOLATILITY_EXPANSION,1H,324,0.5800045966444496
keltner_width_48b,upside_breakout_occurred,VOLATILITY_EXPANSION,24H,324,0.7036725067385445
keltner_width_48b,upside_breakout_occurred,VOLATILITY_EXPANSION,2H,324,0.5449702004695683
keltner_width_48b,upside_breakout_occurred,VOLATILITY_EXPANSION,4H,319,0.535662100456621
keltner_width_48b,upside_breakout_occurred,VOLATILITY_EXPANSION,8H,319,0.5543254857997011
keltner_width_48b,downside_breakdown_occurred,HIGH_VOL,12H,163,0.5596330275229358
keltner_width_48b,downside_breakdown_occurred,HIGH_VOL,1H,163,0.5553872053872053
keltner_width_48b,downside_breakdown_occurred,HIGH_VOL,24H,163,0.5433231396534148
keltner_width_48b,downside_breakdown_occurred,HIGH_VOL,2H,163,0.539622641509434
keltner_width_48b,downside_breakdown_occurred,HIGH_VOL,4H,163,0.585750089509488
keltner_width_48b,downside_breakdown_occurred,HIGH_VOL,8H,163,0.5202265372168284
keltner_width_48b,downside_breakdown_occurred,LOW_VOL_RANGE,12H,1024,0.5452078032230704
keltner_width_48b,downside_breakdown_occurred,LOW_VOL_RANGE,1H,1024,0.5275435362827188
keltner_width_48b,downside_breakdown_occurred,LOW_VOL_RANGE,24H,1024,0.5669648387039692
keltner_width_48b,downside_breakdown_occurred,LOW_VOL_RANGE,2H,1024,0.5338018248234966
keltner_width_48b,downside_breakdown_occurred,LOW_VOL_RANGE,4H,1016,0.5463945477625368
keltner_width_48b,downside_breakdown_occurred,LOW_VOL_RANGE,8H,1016,0.5614987143987342
keltner_width_48b,downside_breakdown_occurred,NORMAL_RANGE,12H,2314,0.5371398124467178
keltner_width_48b,downside_breakdown_occurred,NORMAL_RANGE,1H,2314,0.5414963956104504
keltner_width_48b,downside_breakdown_occurred,NORMAL_RANGE,24H,2314,0.5674819048893387
keltner_width_48b,downside_breakdown_occurred,NORMAL_RANGE,2H,2314,0.547008933181865
keltner_width_48b,downside_breakdown_occurred,NORMAL_RANGE,4H,2303,0.5453492535325024
keltner_width_48b,downside_breakdown_occurred,NORMAL_RANGE,8H,2303,0.5242811648815253
keltner_width_48b,downside_breakdown_occurred,TREND_DOWN,12H,190,0.5386746453900709
keltner_width_48b,downside_breakdown_occurred,TREND_DOWN,1H,190,0.5542045454545454
keltner_width_48b,downside_breakdown_occurred,TREND_DOWN,24H,190,0.5304742907801419
keltner_width_48b,downside_breakdown_occurred,TREND_DOWN,2H,190,0.552003552003552
keltner_width_48b,downside_breakdown_occurred,TREND_DOWN,4H,189,0.5814657104437472
keltner_width_48b,downside_breakdown_occurred,TREND_DOWN,8H,189,0.5802036199095022
keltner_width_48b,downside_breakdown_occurred,TREND_UP,12H,179,0.5321147499365322
keltner_width_48b,downside_breakdown_occurred,TREND_UP,1H,179,0.517457356076759
keltner_width_48b,downside_breakdown_occurred,TREND_UP,24H,179,0.5111893386975107
keltner_width_48b,downside_breakdown_occurred,TREND_UP,2H,179,0.5185326224930185
keltner_width_48b,downside_breakdown_occurred,TREND_UP,4H,179,0.5461538461538461
keltner_width_48b,downside_breakdown_occurred,TREND_UP,8H,179,0.5347490347490347
keltner_width_48b,downside_breakdown_occurred,VOLATILITY_EXPANSION,12H,324,0.5286280729579699
keltner_width_48b,downside_breakdown_occurred,VOLATILITY_EXPANSION,1H,324,0.5396505045532858
keltner_width_48b,downside_breakdown_occurred,VOLATILITY_EXPANSION,24H,324,0.6046502191202727
keltner_width_48b,downside_breakdown_occurred,VOLATILITY_EXPANSION,2H,324,0.5381999646705529
keltner_width_48b,downside_breakdown_occurred,VOLATILITY_EXPANSION,4H,319,0.537229108693819
keltner_width_48b,downside_breakdown_occurred,VOLATILITY_EXPANSION,8H,319,0.5259216110510111
keltner_width_48b,range_breached,HIGH_VOL,12H,163,0.7954954954954955
keltner_width_48b,range_breached,HIGH_VOL,1H,163,0.7544303797468355
keltner_width_48b,range_breached,HIGH_VOL,24H,163,0.7810256410256411
keltner_width_48b,range_breached,HIGH_VOL,2H,163,0.6634819532908705
keltner_width_48b,range_breached,HIGH_VOL,4H,163,0.565018315018315
keltner_width_48b,range_breached,HIGH_VOL,8H,163,0.643006993006993
keltner_width_48b,range_breached,LOW_VOL_RANGE,12H,1024,0.8007745266781412
keltner_width_48b,range_breached,LOW_VOL_RANGE,1H,1024,0.6514690982776089
keltner_width_48b,range_breached,LOW_VOL_RANGE,24H,1024,0.7458407605466428
keltner_width_48b,range_breached,LOW_VOL_RANGE,2H,1024,0.6655139451192083
keltner_width_48b,range_breached,LOW_VOL_RANGE,4H,1016,0.7354323308270676
keltner_width_48b,range_breached,LOW_VOL_RANGE,8H,1016,0.8045474262579526
keltner_width_48b,range_breached,NORMAL_RANGE,12H,2314,0.7291735675757465
keltner_width_48b,range_breached,NORMAL_RANGE,1H,2314,0.5324340527577938
keltner_width_48b,range_breached,NORMAL_RANGE,24H,2314,0.7729487202997684
keltner_width_48b,range_breached,NORMAL_RANGE,2H,2314,0.6619647069146164
keltner_width_48b,range_breached,NORMAL_RANGE,4H,2303,0.7125474872462825
keltner_width_48b,range_breached,NORMAL_RANGE,8H,2303,0.7090145954610647
keltner_width_48b,range_breached,TREND_DOWN,12H,190,0.5804409005628518
keltner_width_48b,range_breached,TREND_DOWN,1H,190,0.5987759265555934
keltner_width_48b,range_breached,TREND_DOWN,24H,190,0.5860943775100402
keltner_width_48b,range_breached,TREND_DOWN,2H,190,0.6066128612340536
keltner_width_48b,range_breached,TREND_DOWN,4H,189,0.5518975765889347
keltner_width_48b,range_breached,TREND_DOWN,8H,189,0.5876262626262626
keltner_width_48b,range_breached,TREND_UP,12H,179,0.6232183908045976
keltner_width_48b,range_breached,TREND_UP,1H,179,0.5066889632107023
keltner_width_48b,range_breached,TREND_UP,24H,179,0.586802270577105
keltner_width_48b,range_breached,TREND_UP,2H,179,0.5021505376344086
keltner_width_48b,range_breached,TREND_UP,4H,179,0.5496551724137931
keltner_width_48b,range_breached,TREND_UP,8H,179,0.6196393762183237
keltner_width_48b,range_breached,VOLATILITY_EXPANSION,12H,324,0.6849007765314927
keltner_width_48b,range_breached,VOLATILITY_EXPANSION,1H,324,0.781657848324515
keltner_width_48b,range_breached,VOLATILITY_EXPANSION,24H,324,0.7927759197324414
keltner_width_48b,range_breached,VOLATILITY_EXPANSION,2H,324,0.662009914375845
keltner_width_48b,range_breached,VOLATILITY_EXPANSION,4H,319,0.797427652733119
keltner_width_48b,range_breached,VOLATILITY_EXPANSION,8H,319,0.6369539551357732
keltner_width_48b,path_inside_70,HIGH_VOL,12H,163,0.7954954954954955
keltner_width_48b,path_inside_70,HIGH_VOL,1H,163,0.7544303797468355
keltner_width_48b,path_inside_70,HIGH_VOL,24H,163,0.781025641025641
keltner_width_48b,path_inside_70,HIGH_VOL,2H,163,0.6634819532908705
keltner_width_48b,path_inside_70,HIGH_VOL,4H,163,0.565018315018315
keltner_width_48b,path_inside_70,HIGH_VOL,8H,163,0.643006993006993
keltner_width_48b,path_inside_70,LOW_VOL_RANGE,12H,1024,0.8007745266781411
keltner_width_48b,path_inside_70,LOW_VOL_RANGE,1H,1024,0.6514690982776089
keltner_width_48b,path_inside_70,LOW_VOL_RANGE,24H,1024,0.745840760546643
keltner_width_48b,path_inside_70,LOW_VOL_RANGE,2H,1024,0.6655139451192083
keltner_width_48b,path_inside_70,LOW_VOL_RANGE,4H,1016,0.7354323308270677
keltner_width_48b,path_inside_70,LOW_VOL_RANGE,8H,1016,0.8045474262579526
keltner_width_48b,path_inside_70,NORMAL_RANGE,12H,2314,0.7291735675757465
keltner_width_48b,path_inside_70,NORMAL_RANGE,1H,2314,0.5324340527577938
keltner_width_48b,path_inside_70,NORMAL_RANGE,24H,2314,0.7729487202997684
keltner_width_48b,path_inside_70,NORMAL_RANGE,2H,2314,0.6619647069146163
keltner_width_48b,path_inside_70,NORMAL_RANGE,4H,2303,0.7125474872462825
keltner_width_48b,path_inside_70,NORMAL_RANGE,8H,2303,0.7090145954610647
keltner_width_48b,path_inside_70,TREND_DOWN,12H,190,0.5804409005628518
keltner_width_48b,path_inside_70,TREND_DOWN,1H,190,0.5987759265555933
keltner_width_48b,path_inside_70,TREND_DOWN,24H,190,0.5860943775100401
keltner_width_48b,path_inside_70,TREND_DOWN,2H,190,0.6066128612340537
keltner_width_48b,path_inside_70,TREND_DOWN,4H,189,0.5518975765889346
keltner_width_48b,path_inside_70,TREND_DOWN,8H,189,0.5876262626262626
keltner_width_48b,path_inside_70,TREND_UP,12H,179,0.6232183908045977
keltner_width_48b,path_inside_70,TREND_UP,1H,179,0.5066889632107023
keltner_width_48b,path_inside_70,TREND_UP,24H,179,0.586802270577105
keltner_width_48b,path_inside_70,TREND_UP,2H,179,0.5021505376344086
keltner_width_48b,path_inside_70,TREND_UP,4H,179,0.549655172413793
keltner_width_48b,path_inside_70,TREND_UP,8H,179,0.6196393762183235
keltner_width_48b,path_inside_70,VOLATILITY_EXPANSION,12H,324,0.6849007765314926
keltner_width_48b,path_inside_70,VOLATILITY_EXPANSION,1H,324,0.781657848324515
keltner_width_48b,path_inside_70,VOLATILITY_EXPANSION,24H,324,0.7927759197324414
keltner_width_48b,path_inside_70,VOLATILITY_EXPANSION,2H,324,0.662009914375845
keltner_width_48b,path_inside_70,VOLATILITY_EXPANSION,4H,319,0.797427652733119
keltner_width_48b,path_inside_70,VOLATILITY_EXPANSION,8H,319,0.6369539551357734
keltner_width_48b,trend_efficiency_high,HIGH_VOL,12H,163,0.6297961630695443
keltner_width_48b,trend_efficiency_high,HIGH_VOL,1H,163,0.6102564102564103
keltner_width_48b,trend_efficiency_high,HIGH_VOL,24H,163,0.5231884057971015
keltner_width_48b,trend_efficiency_high,HIGH_VOL,2H,163,0.5941632466940264
keltner_width_48b,trend_efficiency_high,HIGH_VOL,4H,163,0.503223726627982
keltner_width_48b,trend_efficiency_high,HIGH_VOL,8H,163,0.6377923976608186
keltner_width_48b,trend_efficiency_high,LOW_VOL_RANGE,12H,1024,0.5038610849438687
keltner_width_48b,trend_efficiency_high,LOW_VOL_RANGE,1H,1024,0.5087122057246497
keltner_width_48b,trend_efficiency_high,LOW_VOL_RANGE,24H,1024,0.5421896770787937
keltner_width_48b,trend_efficiency_high,LOW_VOL_RANGE,2H,1024,0.5130984840222489
keltner_width_48b,trend_efficiency_high,LOW_VOL_RANGE,4H,1016,0.5039759036144579
keltner_width_48b,trend_efficiency_high,LOW_VOL_RANGE,8H,1016,0.523313837730214
keltner_width_48b,trend_efficiency_high,NORMAL_RANGE,12H,2314,0.5083845970433953
keltner_width_48b,trend_efficiency_high,NORMAL_RANGE,1H,2314,0.5493449101403647
keltner_width_48b,trend_efficiency_high,NORMAL_RANGE,24H,2314,0.5495183801385334
keltner_width_48b,trend_efficiency_high,NORMAL_RANGE,2H,2314,0.5335019983603198
keltner_width_48b,trend_efficiency_high,NORMAL_RANGE,4H,2303,0.5002043328722094
keltner_width_48b,trend_efficiency_high,NORMAL_RANGE,8H,2303,0.5051197441397078
keltner_width_48b,trend_efficiency_high,TREND_DOWN,12H,190,0.5020775623268698
keltner_width_48b,trend_efficiency_high,TREND_DOWN,1H,190,0.5303030303030303
keltner_width_48b,trend_efficiency_high,TREND_DOWN,24H,190,0.5202020202020202
keltner_width_48b,trend_efficiency_high,TREND_DOWN,2H,190,0.5047690763052208
keltner_width_48b,trend_efficiency_high,TREND_DOWN,4H,189,0.5131725417439703
keltner_width_48b,trend_efficiency_high,TREND_DOWN,8H,189,0.5515873015873016
keltner_width_48b,trend_efficiency_high,TREND_UP,12H,179,0.50682261208577
keltner_width_48b,trend_efficiency_high,TREND_UP,1H,179,0.5266465560583208
keltner_width_48b,trend_efficiency_high,TREND_UP,24H,179,0.5492170022371364
keltner_width_48b,trend_efficiency_high,TREND_UP,2H,179,0.5456480605487228
keltner_width_48b,trend_efficiency_high,TREND_UP,4H,179,0.532662192393736
keltner_width_48b,trend_efficiency_high,TREND_UP,8H,179,0.5206207482993197
keltner_width_48b,trend_efficiency_high,VOLATILITY_EXPANSION,12H,324,0.5118071266968326
keltner_width_48b,trend_efficiency_high,VOLATILITY_EXPANSION,1H,324,0.5058876811594203
keltner_width_48b,trend_efficiency_high,VOLATILITY_EXPANSION,24H,324,0.5617458754001478
keltner_width_48b,trend_efficiency_high,VOLATILITY_EXPANSION,2H,324,0.5504115226337448
keltner_width_48b,trend_efficiency_high,VOLATILITY_EXPANSION,4H,319,0.5417906746031746
keltner_width_48b,trend_efficiency_high,VOLATILITY_EXPANSION,8H,319,0.5037593984962406
atr_pct_48b,upside_breakout_occurred,HIGH_VOL,12H,163,0.7950197388399636
atr_pct_48b,upside_breakout_occurred,HIGH_VOL,1H,163,0.5174380704041721
atr_pct_48b,upside_breakout_occurred,HIGH_VOL,24H,163,0.7292429792429793
atr_pct_48b,upside_breakout_occurred,HIGH_VOL,2H,163,0.5503805175038052
atr_pct_48b,upside_breakout_occurred,HIGH_VOL,4H,163,0.6666666666666667
atr_pct_48b,upside_breakout_occurred,HIGH_VOL,8H,163,0.734823316218665
atr_pct_48b,upside_breakout_occurred,LOW_VOL_RANGE,12H,1024,0.6045870113493064
atr_pct_48b,upside_breakout_occurred,LOW_VOL_RANGE,1H,1024,0.5622143519689687
atr_pct_48b,upside_breakout_occurred,LOW_VOL_RANGE,24H,1024,0.6372501247541609
atr_pct_48b,upside_breakout_occurred,LOW_VOL_RANGE,2H,1024,0.579716020803634
atr_pct_48b,upside_breakout_occurred,LOW_VOL_RANGE,4H,1016,0.5448180603672758
atr_pct_48b,upside_breakout_occurred,LOW_VOL_RANGE,8H,1016,0.5754936531988917
atr_pct_48b,upside_breakout_occurred,NORMAL_RANGE,12H,2314,0.6313153566330973
atr_pct_48b,upside_breakout_occurred,NORMAL_RANGE,1H,2314,0.5396694844261671
atr_pct_48b,upside_breakout_occurred,NORMAL_RANGE,24H,2314,0.6506420793096364
atr_pct_48b,upside_breakout_occurred,NORMAL_RANGE,2H,2314,0.5672038286682013
atr_pct_48b,upside_breakout_occurred,NORMAL_RANGE,4H,2303,0.59443562722194
atr_pct_48b,upside_breakout_occurred,NORMAL_RANGE,8H,2303,0.6201988923474957
atr_pct_48b,upside_breakout_occurred,TREND_DOWN,12H,190,0.5741978609625669
atr_pct_48b,upside_breakout_occurred,TREND_DOWN,1H,190,0.545933644747874
atr_pct_48b,upside_breakout_occurred,TREND_DOWN,24H,190,0.5639483065953654
atr_pct_48b,upside_breakout_occurred,TREND_DOWN,2H,190,0.5857409133271203
atr_pct_48b,upside_breakout_occurred,TREND_DOWN,4H,189,0.5059838895281934
atr_pct_48b,upside_breakout_occurred,TREND_DOWN,8H,189,0.5407290729072907
atr_pct_48b,upside_breakout_occurred,TREND_UP,12H,179,0.6136075145976136
atr_pct_48b,upside_breakout_occurred,TREND_UP,1H,179,0.5508241758241759
atr_pct_48b,upside_breakout_occurred,TREND_UP,24H,179,0.5879120879120879
atr_pct_48b,upside_breakout_occurred,TREND_UP,2H,179,0.5308270676691729
atr_pct_48b,upside_breakout_occurred,TREND_UP,4H,179,0.5569230769230769
atr_pct_48b,upside_breakout_occurred,TREND_UP,8H,179,0.6143589743589744
atr_pct_48b,upside_breakout_occurred,VOLATILITY_EXPANSION,12H,324,0.6607475362187202
atr_pct_48b,upside_breakout_occurred,VOLATILITY_EXPANSION,1H,324,0.5790393013100437
atr_pct_48b,upside_breakout_occurred,VOLATILITY_EXPANSION,24H,324,0.70304076819407
atr_pct_48b,upside_breakout_occurred,VOLATILITY_EXPANSION,2H,324,0.5442026368069351
atr_pct_48b,upside_breakout_occurred,VOLATILITY_EXPANSION,4H,319,0.5348858447488585
atr_pct_48b,upside_breakout_occurred,VOLATILITY_EXPANSION,8H,319,0.5543254857997011
atr_pct_48b,downside_breakdown_occurred,HIGH_VOL,12H,163,0.5592932381923208
atr_pct_48b,downside_breakdown_occurred,HIGH_VOL,1H,163,0.5557239057239057
atr_pct_48b,downside_breakdown_occurred,HIGH_VOL,24H,163,0.5458715596330275
atr_pct_48b,downside_breakdown_occurred,HIGH_VOL,2H,163,0.5415094339622641
atr_pct_48b,downside_breakdown_occurred,HIGH_VOL,4H,163,0.5864661654135338
atr_pct_48b,downside_breakdown_occurred,HIGH_VOL,8H,163,0.5218446601941747
atr_pct_48b,downside_breakdown_occurred,LOW_VOL_RANGE,12H,1024,0.5453567512774364
atr_pct_48b,downside_breakdown_occurred,LOW_VOL_RANGE,1H,1024,0.5276201584375891
atr_pct_48b,downside_breakdown_occurred,LOW_VOL_RANGE,24H,1024,0.5669825343738387
atr_pct_48b,downside_breakdown_occurred,LOW_VOL_RANGE,2H,1024,0.5338059200288303
atr_pct_48b,downside_breakdown_occurred,LOW_VOL_RANGE,4H,1016,0.5464684931169199
atr_pct_48b,downside_breakdown_occurred,LOW_VOL_RANGE,8H,1016,0.561601727320675
atr_pct_48b,downside_breakdown_occurred,NORMAL_RANGE,12H,2314,0.5375285592497869
atr_pct_48b,downside_breakdown_occurred,NORMAL_RANGE,1H,2314,0.5416759591480653
atr_pct_48b,downside_breakdown_occurred,NORMAL_RANGE,24H,2314,0.5677528611391034
atr_pct_48b,downside_breakdown_occurred,NORMAL_RANGE,2H,2314,0.5473340842197666
atr_pct_48b,downside_breakdown_occurred,NORMAL_RANGE,4H,2303,0.545812204930932
atr_pct_48b,downside_breakdown_occurred,NORMAL_RANGE,8H,2303,0.5247615829391004
atr_pct_48b,downside_breakdown_occurred,TREND_DOWN,12H,190,0.5388962765957447
atr_pct_48b,downside_breakdown_occurred,TREND_DOWN,1H,190,0.5543181818181818
atr_pct_48b,downside_breakdown_occurred,TREND_DOWN,24H,190,0.5302526595744681
atr_pct_48b,downside_breakdown_occurred,TREND_DOWN,2H,190,0.5514485514485514
atr_pct_48b,downside_breakdown_occurred,TREND_DOWN,4H,189,0.5805692514567459
atr_pct_48b,downside_breakdown_occurred,TREND_DOWN,8H,189,0.5811085972850678
atr_pct_48b,downside_breakdown_occurred,TREND_UP,12H,179,0.5310992637725311
atr_pct_48b,downside_breakdown_occurred,TREND_UP,1H,179,0.5179904051172708
atr_pct_48b,downside_breakdown_occurred,TREND_UP,24H,179,0.5105607241639427
atr_pct_48b,downside_breakdown_occurred,TREND_UP,2H,179,0.5182787509520183
atr_pct_48b,downside_breakdown_occurred,TREND_UP,4H,179,0.5466666666666666
atr_pct_48b,downside_breakdown_occurred,TREND_UP,8H,179,0.5342342342342342
atr_pct_48b,downside_breakdown_occurred,VOLATILITY_EXPANSION,12H,324,0.5292228390166535
atr_pct_48b,downside_breakdown_occurred,VOLATILITY_EXPANSION,1H,324,0.5410287964558208
atr_pct_48b,downside_breakdown_occurred,VOLATILITY_EXPANSION,24H,324,0.6054211978574906
atr_pct_48b,downside_breakdown_occurred,VOLATILITY_EXPANSION,2H,324,0.5389948772301714
atr_pct_48b,downside_breakdown_occurred,VOLATILITY_EXPANSION,4H,319,0.538409646681845
atr_pct_48b,downside_breakdown_occurred,VOLATILITY_EXPANSION,8H,319,0.5263792959973371
atr_pct_48b,range_breached,HIGH_VOL,12H,163,0.7941441441441441
atr_pct_48b,range_breached,HIGH_VOL,1H,163,0.7430379746835443
atr_pct_48b,range_breached,HIGH_VOL,24H,163,0.7738461538461539
atr_pct_48b,range_breached,HIGH_VOL,2H,163,0.6624203821656052
atr_pct_48b,range_breached,HIGH_VOL,4H,163,0.5586080586080586
atr_pct_48b,range_breached,HIGH_VOL,8H,163,0.6374125874125874
atr_pct_48b,range_breached,LOW_VOL_RANGE,12H,1024,0.8007745266781412
atr_pct_48b,range_breached,LOW_VOL_RANGE,1H,1024,0.6511952682165448
atr_pct_48b,range_breached,LOW_VOL_RANGE,24H,1024,0.7457219251336898
atr_pct_48b,range_breached,LOW_VOL_RANGE,2H,1024,0.6652890238416554
atr_pct_48b,range_breached,LOW_VOL_RANGE,4H,1016,0.7347816657027184
atr_pct_48b,range_breached,LOW_VOL_RANGE,8H,1016,0.8038606130711394
atr_pct_48b,range_breached,NORMAL_RANGE,12H,2314,0.7294843640735607
atr_pct_48b,range_breached,NORMAL_RANGE,1H,2314,0.5324390487609911
atr_pct_48b,range_breached,NORMAL_RANGE,24H,2314,0.7731382149602978
atr_pct_48b,range_breached,NORMAL_RANGE,2H,2314,0.6618305126736138
atr_pct_48b,range_breached,NORMAL_RANGE,4H,2303,0.7131661782264191
atr_pct_48b,range_breached,NORMAL_RANGE,8H,2303,0.7091580190669029
atr_pct_48b,range_breached,TREND_DOWN,12H,190,0.5830206378986866
atr_pct_48b,range_breached,TREND_DOWN,1H,190,0.6001360081604896
atr_pct_48b,range_breached,TREND_DOWN,24H,190,0.5858433734939759
atr_pct_48b,range_breached,TREND_DOWN,2H,190,0.6066128612340536
atr_pct_48b,range_breached,TREND_DOWN,4H,189,0.5521262002743484
atr_pct_48b,range_breached,TREND_DOWN,8H,189,0.5893939393939394
atr_pct_48b,range_breached,TREND_UP,12H,179,0.6218390804597701
atr_pct_48b,range_breached,TREND_UP,1H,179,0.5050167224080268
atr_pct_48b,range_breached,TREND_UP,24H,179,0.5872753074739829
atr_pct_48b,range_breached,TREND_UP,2H,179,0.5056451612903226
atr_pct_48b,range_breached,TREND_UP,4H,179,0.5519540229885057
atr_pct_48b,range_breached,TREND_UP,8H,179,0.618421052631579
atr_pct_48b,range_breached,VOLATILITY_EXPANSION,12H,324,0.6847282139775669
atr_pct_48b,range_breached,VOLATILITY_EXPANSION,1H,324,0.7798941798941799
atr_pct_48b,range_breached,VOLATILITY_EXPANSION,24H,324,0.7931772575250836
atr_pct_48b,range_breached,VOLATILITY_EXPANSION,2H,324,0.662009914375845
atr_pct_48b,range_breached,VOLATILITY_EXPANSION,4H,319,0.7958199356913183
atr_pct_48b,range_breached,VOLATILITY_EXPANSION,8H,319,0.6357733175914995
atr_pct_48b,path_inside_70,HIGH_VOL,12H,163,0.7941441441441441
atr_pct_48b,path_inside_70,HIGH_VOL,1H,163,0.7430379746835443
atr_pct_48b,path_inside_70,HIGH_VOL,24H,163,0.7738461538461539
atr_pct_48b,path_inside_70,HIGH_VOL,2H,163,0.6624203821656051
atr_pct_48b,path_inside_70,HIGH_VOL,4H,163,0.5586080586080586
atr_pct_48b,path_inside_70,HIGH_VOL,8H,163,0.6374125874125874
atr_pct_48b,path_inside_70,LOW_VOL_RANGE,12H,1024,0.8007745266781411
atr_pct_48b,path_inside_70,LOW_VOL_RANGE,1H,1024,0.6511952682165448
atr_pct_48b,path_inside_70,LOW_VOL_RANGE,24H,1024,0.7457219251336898
atr_pct_48b,path_inside_70,LOW_VOL_RANGE,2H,1024,0.6652890238416554
atr_pct_48b,path_inside_70,LOW_VOL_RANGE,4H,1016,0.7347816657027183
atr_pct_48b,path_inside_70,LOW_VOL_RANGE,8H,1016,0.8038606130711394
atr_pct_48b,path_inside_70,NORMAL_RANGE,12H,2314,0.7294843640735607
atr_pct_48b,path_inside_70,NORMAL_RANGE,1H,2314,0.5324390487609912
atr_pct_48b,path_inside_70,NORMAL_RANGE,24H,2314,0.7731382149602978
atr_pct_48b,path_inside_70,NORMAL_RANGE,2H,2314,0.6618305126736138
atr_pct_48b,path_inside_70,NORMAL_RANGE,4H,2303,0.7131661782264191
atr_pct_48b,path_inside_70,NORMAL_RANGE,8H,2303,0.7091580190669029
atr_pct_48b,path_inside_70,TREND_DOWN,12H,190,0.5830206378986866
atr_pct_48b,path_inside_70,TREND_DOWN,1H,190,0.6001360081604896
atr_pct_48b,path_inside_70,TREND_DOWN,24H,190,0.5858433734939759
atr_pct_48b,path_inside_70,TREND_DOWN,2H,190,0.6066128612340537
atr_pct_48b,path_inside_70,TREND_DOWN,4H,189,0.5521262002743484
atr_pct_48b,path_inside_70,TREND_DOWN,8H,189,0.5893939393939394
atr_pct_48b,path_inside_70,TREND_UP,12H,179,0.6218390804597701
atr_pct_48b,path_inside_70,TREND_UP,1H,179,0.5050167224080268
atr_pct_48b,path_inside_70,TREND_UP,24H,179,0.5872753074739829
atr_pct_48b,path_inside_70,TREND_UP,2H,179,0.5056451612903226
atr_pct_48b,path_inside_70,TREND_UP,4H,179,0.5519540229885058
atr_pct_48b,path_inside_70,TREND_UP,8H,179,0.618421052631579
atr_pct_48b,path_inside_70,VOLATILITY_EXPANSION,12H,324,0.6847282139775669
atr_pct_48b,path_inside_70,VOLATILITY_EXPANSION,1H,324,0.7798941798941799
atr_pct_48b,path_inside_70,VOLATILITY_EXPANSION,24H,324,0.7931772575250836
atr_pct_48b,path_inside_70,VOLATILITY_EXPANSION,2H,324,0.662009914375845
atr_pct_48b,path_inside_70,VOLATILITY_EXPANSION,4H,319,0.7958199356913184
atr_pct_48b,path_inside_70,VOLATILITY_EXPANSION,8H,319,0.6357733175914995
atr_pct_48b,trend_efficiency_high,HIGH_VOL,12H,163,0.6276978417266187
atr_pct_48b,trend_efficiency_high,HIGH_VOL,1H,163,0.6125874125874126
atr_pct_48b,trend_efficiency_high,HIGH_VOL,24H,163,0.5222826086956522
atr_pct_48b,trend_efficiency_high,HIGH_VOL,2H,163,0.5948472412220702
atr_pct_48b,trend_efficiency_high,HIGH_VOL,4H,163,0.5029013539651838
atr_pct_48b,trend_efficiency_high,HIGH_VOL,8H,163,0.6355994152046784
atr_pct_48b,trend_efficiency_high,LOW_VOL_RANGE,12H,1024,0.5041250907519965
atr_pct_48b,trend_efficiency_high,LOW_VOL_RANGE,1H,1024,0.5085178814333936
atr_pct_48b,trend_efficiency_high,LOW_VOL_RANGE,24H,1024,0.5422756093518866
atr_pct_48b,trend_efficiency_high,LOW_VOL_RANGE,2H,1024,0.5131348384047697
atr_pct_48b,trend_efficiency_high,LOW_VOL_RANGE,4H,1016,0.5039546420978029
atr_pct_48b,trend_efficiency_high,LOW_VOL_RANGE,8H,1016,0.5232951717272275
atr_pct_48b,trend_efficiency_high,NORMAL_RANGE,12H,2314,0.5087684787792084
atr_pct_48b,trend_efficiency_high,NORMAL_RANGE,1H,2314,0.5494637937819756
atr_pct_48b,trend_efficiency_high,NORMAL_RANGE,24H,2314,0.5491948689956332
atr_pct_48b,trend_efficiency_high,NORMAL_RANGE,2H,2314,0.5339516294322607
atr_pct_48b,trend_efficiency_high,NORMAL_RANGE,4H,2303,0.5000203063723935
atr_pct_48b,trend_efficiency_high,NORMAL_RANGE,8H,2303,0.505717512977041
atr_pct_48b,trend_efficiency_high,TREND_DOWN,12H,190,0.5041551246537397
atr_pct_48b,trend_efficiency_high,TREND_DOWN,1H,190,0.5332792207792207
atr_pct_48b,trend_efficiency_high,TREND_DOWN,24H,190,0.5198412698412699
atr_pct_48b,trend_efficiency_high,TREND_DOWN,2H,190,0.5040160642570282
atr_pct_48b,trend_efficiency_high,TREND_DOWN,4H,189,0.5128014842300557
atr_pct_48b,trend_efficiency_high,TREND_DOWN,8H,189,0.5535714285714286
atr_pct_48b,trend_efficiency_high,TREND_UP,12H,179,0.5070662768031189
atr_pct_48b,trend_efficiency_high,TREND_UP,1H,179,0.5274007038712921
atr_pct_48b,trend_efficiency_high,TREND_UP,24H,179,0.5467561521252796
atr_pct_48b,trend_efficiency_high,TREND_UP,2H,179,0.5475402081362346
atr_pct_48b,trend_efficiency_high,TREND_UP,4H,179,0.5308724832214765
atr_pct_48b,trend_efficiency_high,TREND_UP,8H,179,0.5201955782312926
atr_pct_48b,trend_efficiency_high,VOLATILITY_EXPANSION,12H,324,0.5108880090497738
atr_pct_48b,trend_efficiency_high,VOLATILITY_EXPANSION,1H,324,0.5046044685990339
atr_pct_48b,trend_efficiency_high,VOLATILITY_EXPANSION,24H,324,0.5603299679881802
atr_pct_48b,trend_efficiency_high,VOLATILITY_EXPANSION,2H,324,0.5507544581618655
atr_pct_48b,trend_efficiency_high,VOLATILITY_EXPANSION,4H,319,0.5407986111111112
atr_pct_48b,trend_efficiency_high,VOLATILITY_EXPANSION,8H,319,0.5036175344020428
rolling_low_dist_6b,upside_breakout_occurred,HIGH_VOL,12H,163,0.6257212268448223
rolling_low_dist_6b,upside_breakout_occurred,HIGH_VOL,1H,163,0.623207301173403
rolling_low_dist_6b,upside_breakout_occurred,HIGH_VOL,24H,163,0.615995115995116
rolling_low_dist_6b,upside_breakout_occurred,HIGH_VOL,2H,163,0.543531202435312
rolling_low_dist_6b,upside_breakout_occurred,HIGH_VOL,4H,163,0.576702833031947
rolling_low_dist_6b,upside_breakout_occurred,HIGH_VOL,8H,163,0.6179401993355482
rolling_low_dist_6b,upside_breakout_occurred,LOW_VOL_RANGE,12H,1024,0.5558769440941572
rolling_low_dist_6b,upside_breakout_occurred,LOW_VOL_RANGE,1H,1024,0.5983303819883632
rolling_low_dist_6b,upside_breakout_occurred,LOW_VOL_RANGE,24H,1024,0.589602841459477
rolling_low_dist_6b,upside_breakout_occurred,LOW_VOL_RANGE,2H,1024,0.5874650693381811
rolling_low_dist_6b,upside_breakout_occurred,LOW_VOL_RANGE,4H,1016,0.5402848538369223
rolling_low_dist_6b,upside_breakout_occurred,LOW_VOL_RANGE,8H,1016,0.5594555299071464
rolling_low_dist_6b,upside_breakout_occurred,NORMAL_RANGE,12H,2314,0.5821780418753089
rolling_low_dist_6b,upside_breakout_occurred,NORMAL_RANGE,1H,2314,0.5900809254115411
rolling_low_dist_6b,upside_breakout_occurred,NORMAL_RANGE,24H,2314,0.5954074207246078
rolling_low_dist_6b,upside_breakout_occurred,NORMAL_RANGE,2H,2314,0.5690959397235358
rolling_low_dist_6b,upside_breakout_occurred,NORMAL_RANGE,4H,2303,0.5695618016759776
rolling_low_dist_6b,upside_breakout_occurred,NORMAL_RANGE,8H,2303,0.5741565266604681
rolling_low_dist_6b,upside_breakout_occurred,TREND_DOWN,12H,190,0.6238859180035651
rolling_low_dist_6b,upside_breakout_occurred,TREND_DOWN,1H,190,0.7108635764762248
rolling_low_dist_6b,upside_breakout_occurred,TREND_DOWN,24H,190,0.6027183600713013
rolling_low_dist_6b,upside_breakout_occurred,TREND_DOWN,2H,190,0.6346691519105312
rolling_low_dist_6b,upside_breakout_occurred,TREND_DOWN,4H,189,0.6406214039125431
rolling_low_dist_6b,upside_breakout_occurred,TREND_DOWN,8H,189,0.6183618361836183
rolling_low_dist_6b,upside_breakout_occurred,TREND_UP,12H,179,0.5983752221375984
rolling_low_dist_6b,upside_breakout_occurred,TREND_UP,1H,179,0.5081168831168831
rolling_low_dist_6b,upside_breakout_occurred,TREND_UP,24H,179,0.5184815184815185
rolling_low_dist_6b,upside_breakout_occurred,TREND_UP,2H,179,0.5023809523809524
rolling_low_dist_6b,upside_breakout_occurred,TREND_UP,4H,179,0.5041025641025642
rolling_low_dist_6b,upside_breakout_occurred,TREND_UP,8H,179,0.5410256410256411
rolling_low_dist_6b,upside_breakout_occurred,VOLATILITY_EXPANSION,12H,324,0.5982333439302421
rolling_low_dist_6b,upside_breakout_occurred,VOLATILITY_EXPANSION,1H,324,0.6669731096299701
rolling_low_dist_6b,upside_breakout_occurred,VOLATILITY_EXPANSION,24H,324,0.610954346361186
rolling_low_dist_6b,upside_breakout_occurred,VOLATILITY_EXPANSION,2H,324,0.6161730178797182
rolling_low_dist_6b,upside_breakout_occurred,VOLATILITY_EXPANSION,4H,319,0.5764383561643835
rolling_low_dist_6b,upside_breakout_occurred,VOLATILITY_EXPANSION,8H,319,0.5876307922272048
rolling_low_dist_6b,downside_breakdown_occurred,HIGH_VOL,12H,163,0.5684675501189262
rolling_low_dist_6b,downside_breakdown_occurred,HIGH_VOL,1H,163,0.5215488215488215
rolling_low_dist_6b,downside_breakdown_occurred,HIGH_VOL,24H,163,0.5316004077471967
rolling_low_dist_6b,downside_breakdown_occurred,HIGH_VOL,2H,163,0.5281303602058319
rolling_low_dist_6b,downside_breakdown_occurred,HIGH_VOL,4H,163,0.5531686358754028
rolling_low_dist_6b,downside_breakdown_occurred,HIGH_VOL,8H,163,0.5063106796116505
rolling_low_dist_6b,downside_breakdown_occurred,LOW_VOL_RANGE,12H,1024,0.5199259397174125
rolling_low_dist_6b,downside_breakdown_occurred,LOW_VOL_RANGE,1H,1024,0.5564471158143871
rolling_low_dist_6b,downside_breakdown_occurred,LOW_VOL_RANGE,24H,1024,0.5276384243775548
rolling_low_dist_6b,downside_breakdown_occurred,LOW_VOL_RANGE,2H,1024,0.5299564270152506
rolling_low_dist_6b,downside_breakdown_occurred,LOW_VOL_RANGE,4H,1016,0.5036048360261767
rolling_low_dist_6b,downside_breakdown_occurred,LOW_VOL_RANGE,8H,1016,0.5039350936181435
rolling_low_dist_6b,downside_breakdown_occurred,NORMAL_RANGE,12H,2314,0.5070034100596761
rolling_low_dist_6b,downside_breakdown_occurred,NORMAL_RANGE,1H,2314,0.5343663292949302
rolling_low_dist_6b,downside_breakdown_occurred,NORMAL_RANGE,24H,2314,0.5181486328835515
rolling_low_dist_6b,downside_breakdown_occurred,NORMAL_RANGE,2H,2314,0.5031534809718062
rolling_low_dist_6b,downside_breakdown_occurred,NORMAL_RANGE,4H,2303,0.5091512002597857
rolling_low_dist_6b,downside_breakdown_occurred,NORMAL_RANGE,8H,2303,0.5024823021838115
rolling_low_dist_6b,downside_breakdown_occurred,TREND_DOWN,12H,190,0.5168439716312057
rolling_low_dist_6b,downside_breakdown_occurred,TREND_DOWN,1H,190,0.5306818181818183
rolling_low_dist_6b,downside_breakdown_occurred,TREND_DOWN,24H,190,0.5534131205673759
rolling_low_dist_6b,downside_breakdown_occurred,TREND_DOWN,2H,190,0.5159285159285159
rolling_low_dist_6b,downside_breakdown_occurred,TREND_DOWN,4H,189,0.5220753025549081
rolling_low_dist_6b,downside_breakdown_occurred,TREND_DOWN,8H,189,0.5105203619909502
rolling_low_dist_6b,downside_breakdown_occurred,TREND_UP,12H,179,0.5147245493780147
rolling_low_dist_6b,downside_breakdown_occurred,TREND_UP,1H,179,0.5890191897654584
rolling_low_dist_6b,downside_breakdown_occurred,TREND_UP,24H,179,0.5
rolling_low_dist_6b,downside_breakdown_occurred,TREND_UP,2H,179,0.547981721249048
rolling_low_dist_6b,downside_breakdown_occurred,TREND_UP,4H,179,0.563076923076923
rolling_low_dist_6b,downside_breakdown_occurred,TREND_UP,8H,179,0.5154440154440154
rolling_low_dist_6b,downside_breakdown_occurred,VOLATILITY_EXPANSION,12H,324,0.5404242664551944
rolling_low_dist_6b,downside_breakdown_occurred,VOLATILITY_EXPANSION,1H,324,0.6328574944622201
rolling_low_dist_6b,downside_breakdown_occurred,VOLATILITY_EXPANSION,24H,324,0.5674606395065735
rolling_low_dist_6b,downside_breakdown_occurred,VOLATILITY_EXPANSION,2H,324,0.5258125772831655
rolling_low_dist_6b,downside_breakdown_occurred,VOLATILITY_EXPANSION,4H,319,0.5114048402057509
rolling_low_dist_6b,downside_breakdown_occurred,VOLATILITY_EXPANSION,8H,319,0.5391736706332695
rolling_low_dist_6b,range_breached,HIGH_VOL,12H,163,0.777027027027027
rolling_low_dist_6b,range_breached,HIGH_VOL,1H,163,0.6354430379746836
rolling_low_dist_6b,range_breached,HIGH_VOL,24H,163,0.7928205128205128
rolling_low_dist_6b,range_breached,HIGH_VOL,2H,163,0.6581740976645436
rolling_low_dist_6b,range_breached,HIGH_VOL,4H,163,0.760989010989011
rolling_low_dist_6b,range_breached,HIGH_VOL,8H,163,0.5895104895104895
rolling_low_dist_6b,range_breached,LOW_VOL_RANGE,12H,1024,0.6896514629948365
rolling_low_dist_6b,range_breached,LOW_VOL_RANGE,1H,1024,0.6191708425750979
rolling_low_dist_6b,range_breached,LOW_VOL_RANGE,24H,1024,0.6122697563874034
rolling_low_dist_6b,range_breached,LOW_VOL_RANGE,2H,1024,0.6226102114260009
rolling_low_dist_6b,range_breached,LOW_VOL_RANGE,4H,1016,0.5236046847888953
rolling_low_dist_6b,range_breached,LOW_VOL_RANGE,8H,1016,0.6844635627530364
rolling_low_dist_6b,range_breached,NORMAL_RANGE,12H,2314,0.6199326880216576
rolling_low_dist_6b,range_breached,NORMAL_RANGE,1H,2314,0.5643235411670664
rolling_low_dist_6b,range_breached,NORMAL_RANGE,24H,2314,0.698850195301755
rolling_low_dist_6b,range_breached,NORMAL_RANGE,2H,2314,0.6078715244981909
rolling_low_dist_6b,range_breached,NORMAL_RANGE,4H,2303,0.6288559643981331
rolling_low_dist_6b,range_breached,NORMAL_RANGE,8H,2303,0.5864359233949211
rolling_low_dist_6b,range_breached,TREND_DOWN,12H,190,0.6568949343339587
rolling_low_dist_6b,range_breached,TREND_DOWN,1H,190,0.7514450867052023
rolling_low_dist_6b,range_breached,TREND_DOWN,24H,190,0.6859939759036144
rolling_low_dist_6b,range_breached,TREND_DOWN,2H,190,0.6042697214267119
rolling_low_dist_6b,range_breached,TREND_DOWN,4H,189,0.6465477823502515
rolling_low_dist_6b,range_breached,TREND_DOWN,8H,189,0.5732323232323233
rolling_low_dist_6b,range_breached,TREND_UP,12H,179,0.5896551724137931
rolling_low_dist_6b,range_breached,TREND_UP,1H,179,0.5379041248606466
rolling_low_dist_6b,range_breached,TREND_UP,24H,179,0.5132450331125827
rolling_low_dist_6b,range_breached,TREND_UP,2H,179,0.5018817204301075
rolling_low_dist_6b,range_breached,TREND_UP,4H,179,0.542528735632184
rolling_low_dist_6b,range_breached,TREND_UP,8H,179,0.6030701754385965
rolling_low_dist_6b,range_breached,VOLATILITY_EXPANSION,12H,324,0.7031061259706644
rolling_low_dist_6b,range_breached,VOLATILITY_EXPANSION,1H,324,0.6892416225749559
rolling_low_dist_6b,range_breached,VOLATILITY_EXPANSION,24H,324,0.6454180602006689
rolling_low_dist_6b,range_breached,VOLATILITY_EXPANSION,2H,324,0.6106354213609735
rolling_low_dist_6b,range_breached,VOLATILITY_EXPANSION,4H,319,0.8127009646302251
rolling_low_dist_6b,range_breached,VOLATILITY_EXPANSION,8H,319,0.865702479338843
rolling_low_dist_6b,path_inside_70,HIGH_VOL,12H,163,0.777027027027027
rolling_low_dist_6b,path_inside_70,HIGH_VOL,1H,163,0.6354430379746835
rolling_low_dist_6b,path_inside_70,HIGH_VOL,24H,163,0.7928205128205128
rolling_low_dist_6b,path_inside_70,HIGH_VOL,2H,163,0.6581740976645435
rolling_low_dist_6b,path_inside_70,HIGH_VOL,4H,163,0.760989010989011
rolling_low_dist_6b,path_inside_70,HIGH_VOL,8H,163,0.5895104895104896
rolling_low_dist_6b,path_inside_70,LOW_VOL_RANGE,12H,1024,0.6896514629948365
rolling_low_dist_6b,path_inside_70,LOW_VOL_RANGE,1H,1024,0.6191708425750979
rolling_low_dist_6b,path_inside_70,LOW_VOL_RANGE,24H,1024,0.6122697563874034
rolling_low_dist_6b,path_inside_70,LOW_VOL_RANGE,2H,1024,0.6226102114260009
rolling_low_dist_6b,path_inside_70,LOW_VOL_RANGE,4H,1016,0.5236046847888953
rolling_low_dist_6b,path_inside_70,LOW_VOL_RANGE,8H,1016,0.6844635627530364
rolling_low_dist_6b,path_inside_70,NORMAL_RANGE,12H,2314,0.6199326880216576
rolling_low_dist_6b,path_inside_70,NORMAL_RANGE,1H,2314,0.5643235411670664
rolling_low_dist_6b,path_inside_70,NORMAL_RANGE,24H,2314,0.698850195301755
rolling_low_dist_6b,path_inside_70,NORMAL_RANGE,2H,2314,0.6078715244981909
rolling_low_dist_6b,path_inside_70,NORMAL_RANGE,4H,2303,0.6288559643981331
rolling_low_dist_6b,path_inside_70,NORMAL_RANGE,8H,2303,0.5864359233949211
rolling_low_dist_6b,path_inside_70,TREND_DOWN,12H,190,0.6568949343339587
rolling_low_dist_6b,path_inside_70,TREND_DOWN,1H,190,0.7514450867052023
rolling_low_dist_6b,path_inside_70,TREND_DOWN,24H,190,0.6859939759036144
rolling_low_dist_6b,path_inside_70,TREND_DOWN,2H,190,0.6042697214267118
rolling_low_dist_6b,path_inside_70,TREND_DOWN,4H,189,0.6465477823502515
rolling_low_dist_6b,path_inside_70,TREND_DOWN,8H,189,0.5732323232323232
rolling_low_dist_6b,path_inside_70,TREND_UP,12H,179,0.5896551724137931
rolling_low_dist_6b,path_inside_70,TREND_UP,1H,179,0.5379041248606466
rolling_low_dist_6b,path_inside_70,TREND_UP,24H,179,0.5132450331125828
rolling_low_dist_6b,path_inside_70,TREND_UP,2H,179,0.5018817204301076
rolling_low_dist_6b,path_inside_70,TREND_UP,4H,179,0.542528735632184
rolling_low_dist_6b,path_inside_70,TREND_UP,8H,179,0.6030701754385965
rolling_low_dist_6b,path_inside_70,VOLATILITY_EXPANSION,12H,324,0.7031061259706644
rolling_low_dist_6b,path_inside_70,VOLATILITY_EXPANSION,1H,324,0.6892416225749559
rolling_low_dist_6b,path_inside_70,VOLATILITY_EXPANSION,24H,324,0.6454180602006689
rolling_low_dist_6b,path_inside_70,VOLATILITY_EXPANSION,2H,324,0.6106354213609734
rolling_low_dist_6b,path_inside_70,VOLATILITY_EXPANSION,4H,319,0.8127009646302251
rolling_low_dist_6b,path_inside_70,VOLATILITY_EXPANSION,8H,319,0.8657024793388429
rolling_low_dist_6b,trend_efficiency_high,HIGH_VOL,12H,163,0.5614508393285371
rolling_low_dist_6b,trend_efficiency_high,HIGH_VOL,1H,163,0.5468531468531469
rolling_low_dist_6b,trend_efficiency_high,HIGH_VOL,24H,163,0.5284420289855072
rolling_low_dist_6b,trend_efficiency_high,HIGH_VOL,2H,163,0.5617875056999544
rolling_low_dist_6b,trend_efficiency_high,HIGH_VOL,4H,163,0.5054803352675693
rolling_low_dist_6b,trend_efficiency_high,HIGH_VOL,8H,163,0.5445906432748537
rolling_low_dist_6b,trend_efficiency_high,LOW_VOL_RANGE,12H,1024,0.5089791975423459
rolling_low_dist_6b,trend_efficiency_high,LOW_VOL_RANGE,1H,1024,0.5373930316748594
rolling_low_dist_6b,trend_efficiency_high,LOW_VOL_RANGE,24H,1024,0.5212160644246527
rolling_low_dist_6b,trend_efficiency_high,LOW_VOL_RANGE,2H,1024,0.5227214890755081
rolling_low_dist_6b,trend_efficiency_high,LOW_VOL_RANGE,4H,1016,0.5033805811481219
rolling_low_dist_6b,trend_efficiency_high,LOW_VOL_RANGE,8H,1016,0.5309046789447486
rolling_low_dist_6b,trend_efficiency_high,NORMAL_RANGE,12H,2314,0.5033774439675727
rolling_low_dist_6b,trend_efficiency_high,NORMAL_RANGE,1H,2314,0.5179363986182168
rolling_low_dist_6b,trend_efficiency_high,NORMAL_RANGE,24H,2314,0.5337063318777293
rolling_low_dist_6b,trend_efficiency_high,NORMAL_RANGE,2H,2314,0.5123341104734577
rolling_low_dist_6b,trend_efficiency_high,NORMAL_RANGE,4H,2303,0.5088935565342099
rolling_low_dist_6b,trend_efficiency_high,NORMAL_RANGE,8H,2303,0.5000393435965124
rolling_low_dist_6b,trend_efficiency_high,TREND_DOWN,12H,190,0.5290858725761773
rolling_low_dist_6b,trend_efficiency_high,TREND_DOWN,1H,190,0.6057900432900433
rolling_low_dist_6b,trend_efficiency_high,TREND_DOWN,24H,190,0.5858585858585859
rolling_low_dist_6b,trend_efficiency_high,TREND_DOWN,2H,190,0.5170682730923695
rolling_low_dist_6b,trend_efficiency_high,TREND_DOWN,4H,189,0.6061224489795918
rolling_low_dist_6b,trend_efficiency_high,TREND_DOWN,8H,189,0.5079365079365079
rolling_low_dist_6b,trend_efficiency_high,TREND_UP,12H,179,0.5289961013645225
rolling_low_dist_6b,trend_efficiency_high,TREND_UP,1H,179,0.5030165912518854
rolling_low_dist_6b,trend_efficiency_high,TREND_UP,24H,179,0.5029082774049217
rolling_low_dist_6b,trend_efficiency_high,TREND_UP,2H,179,0.5995742667928099
rolling_low_dist_6b,trend_efficiency_high,TREND_UP,4H,179,0.5049217002237136
rolling_low_dist_6b,trend_efficiency_high,TREND_UP,8H,179,0.5576105442176871
rolling_low_dist_6b,trend_efficiency_high,VOLATILITY_EXPANSION,12H,324,0.5474406108597285
rolling_low_dist_6b,trend_efficiency_high,VOLATILITY_EXPANSION,1H,324,0.5409118357487923
rolling_low_dist_6b,trend_efficiency_high,VOLATILITY_EXPANSION,24H,324,0.520930805220389
rolling_low_dist_6b,trend_efficiency_high,VOLATILITY_EXPANSION,2H,324,0.505761316872428
rolling_low_dist_6b,trend_efficiency_high,VOLATILITY_EXPANSION,4H,319,0.5398065476190477
rolling_low_dist_6b,trend_efficiency_high,VOLATILITY_EXPANSION,8H,319,0.528798411122145
rolling_high_dist_48b,upside_breakout_occurred,HIGH_VOL,12H,163,0.5542058912845429
rolling_high_dist_48b,upside_breakout_occurred,HIGH_VOL,1H,163,0.5669817470664928
rolling_high_dist_48b,upside_breakout_occurred,HIGH_VOL,24H,163,0.5093101343101343
rolling_high_dist_48b,upside_breakout_occurred,HIGH_VOL,2H,163,0.5926940639269407
rolling_high_dist_48b,upside_breakout_occurred,HIGH_VOL,4H,163,0.6442133815551537
rolling_high_dist_48b,upside_breakout_occurred,HIGH_VOL,8H,163,0.5986106916339474
rolling_high_dist_48b,upside_breakout_occurred,LOW_VOL_RANGE,12H,1024,0.5383249264396806
rolling_high_dist_48b,upside_breakout_occurred,LOW_VOL_RANGE,1H,1024,0.5020638333754954
rolling_high_dist_48b,upside_breakout_occurred,LOW_VOL_RANGE,24H,1024,0.5333049578771245
rolling_high_dist_48b,upside_breakout_occurred,LOW_VOL_RANGE,2H,1024,0.5065240231403374
rolling_high_dist_48b,upside_breakout_occurred,LOW_VOL_RANGE,4H,1016,0.5152639087018545
rolling_high_dist_48b,upside_breakout_occurred,LOW_VOL_RANGE,8H,1016,0.5227932533669437
rolling_high_dist_48b,upside_breakout_occurred,NORMAL_RANGE,12H,2314,0.5709127837107759
rolling_high_dist_48b,upside_breakout_occurred,NORMAL_RANGE,1H,2314,0.5071237609674174
rolling_high_dist_48b,upside_breakout_occurred,NORMAL_RANGE,24H,2314,0.5871866652968974
rolling_high_dist_48b,upside_breakout_occurred,NORMAL_RANGE,2H,2314,0.5183024903207605
rolling_high_dist_48b,upside_breakout_occurred,NORMAL_RANGE,4H,2303,0.5185591512188928
rolling_high_dist_48b,upside_breakout_occurred,NORMAL_RANGE,8H,2303,0.5491910902696365
rolling_high_dist_48b,upside_breakout_occurred,TREND_DOWN,12H,190,0.624554367201426
rolling_high_dist_48b,upside_breakout_occurred,TREND_DOWN,1H,190,0.5879746077374536
rolling_high_dist_48b,upside_breakout_occurred,TREND_DOWN,24H,190,0.6094028520499108
rolling_high_dist_48b,upside_breakout_occurred,TREND_DOWN,2H,190,0.6361835973904939
rolling_high_dist_48b,upside_breakout_occurred,TREND_DOWN,4H,189,0.5638665132336018
rolling_high_dist_48b,upside_breakout_occurred,TREND_DOWN,8H,189,0.5956345634563457
rolling_high_dist_48b,upside_breakout_occurred,TREND_UP,12H,179,0.5797156638740797
rolling_high_dist_48b,upside_breakout_occurred,TREND_UP,1H,179,0.6623376623376623
rolling_high_dist_48b,upside_breakout_occurred,TREND_UP,24H,179,0.6033966033966034
rolling_high_dist_48b,upside_breakout_occurred,TREND_UP,2H,179,0.6567669172932331
rolling_high_dist_48b,upside_breakout_occurred,TREND_UP,4H,179,0.6838461538461539
rolling_high_dist_48b,upside_breakout_occurred,TREND_UP,8H,179,0.6525641025641026
rolling_high_dist_48b,upside_breakout_occurred,VOLATILITY_EXPANSION,12H,324,0.5696898133430219
rolling_high_dist_48b,upside_breakout_occurred,VOLATILITY_EXPANSION,1H,324,0.5644679384049645
rolling_high_dist_48b,upside_breakout_occurred,VOLATILITY_EXPANSION,24H,324,0.5790094339622641
rolling_high_dist_48b,upside_breakout_occurred,VOLATILITY_EXPANSION,2H,324,0.5871410511107098
rolling_high_dist_48b,upside_breakout_occurred,VOLATILITY_EXPANSION,4H,319,0.58337899543379
rolling_high_dist_48b,upside_breakout_occurred,VOLATILITY_EXPANSION,8H,319,0.5018684603886397
rolling_high_dist_48b,downside_breakdown_occurred,HIGH_VOL,12H,163,0.5625212368331635
rolling_high_dist_48b,downside_breakdown_occurred,HIGH_VOL,1H,163,0.5745791245791246
rolling_high_dist_48b,downside_breakdown_occurred,HIGH_VOL,24H,163,0.5390757730207272
rolling_high_dist_48b,downside_breakdown_occurred,HIGH_VOL,2H,163,0.5981132075471698
rolling_high_dist_48b,downside_breakdown_occurred,HIGH_VOL,4H,163,0.5508413891872539
rolling_high_dist_48b,downside_breakdown_occurred,HIGH_VOL,8H,163,0.5061488673139158
rolling_high_dist_48b,downside_breakdown_occurred,LOW_VOL_RANGE,12H,1024,0.5876517925484598
rolling_high_dist_48b,downside_breakdown_occurred,LOW_VOL_RANGE,1H,1024,0.5533907431923344
rolling_high_dist_48b,downside_breakdown_occurred,LOW_VOL_RANGE,24H,1024,0.5772349631045284
rolling_high_dist_48b,downside_breakdown_occurred,LOW_VOL_RANGE,2H,1024,0.5510037348272643
rolling_high_dist_48b,downside_breakdown_occurred,LOW_VOL_RANGE,4H,1016,0.5711662414808789
rolling_high_dist_48b,downside_breakdown_occurred,LOW_VOL_RANGE,8H,1016,0.5879338904272152
rolling_high_dist_48b,downside_breakdown_occurred,NORMAL_RANGE,12H,2314,0.5584437340153453
rolling_high_dist_48b,downside_breakdown_occurred,NORMAL_RANGE,1H,2314,0.5500781388362315
rolling_high_dist_48b,downside_breakdown_occurred,NORMAL_RANGE,24H,2314,0.5670344925633382
rolling_high_dist_48b,downside_breakdown_occurred,NORMAL_RANGE,2H,2314,0.5552873754260044
rolling_high_dist_48b,downside_breakdown_occurred,NORMAL_RANGE,4H,2303,0.5693694368812396
rolling_high_dist_48b,downside_breakdown_occurred,NORMAL_RANGE,8H,2303,0.5580320267327477
rolling_high_dist_48b,downside_breakdown_occurred,TREND_DOWN,12H,190,0.52947695035461
rolling_high_dist_48b,downside_breakdown_occurred,TREND_DOWN,1H,190,0.5152840909090909
rolling_high_dist_48b,downside_breakdown_occurred,TREND_DOWN,24H,190,0.5121897163120568
rolling_high_dist_48b,downside_breakdown_occurred,TREND_DOWN,2H,190,0.5155955155955156
rolling_high_dist_48b,downside_breakdown_occurred,TREND_DOWN,4H,189,0.5430300313760645
rolling_high_dist_48b,downside_breakdown_occurred,TREND_DOWN,8H,189,0.5726244343891402
rolling_high_dist_48b,downside_breakdown_occurred,TREND_UP,12H,179,0.5418888042650419
rolling_high_dist_48b,downside_breakdown_occurred,TREND_UP,1H,179,0.5656982942430704
rolling_high_dist_48b,downside_breakdown_occurred,TREND_UP,24H,179,0.571913502640181
rolling_high_dist_48b,downside_breakdown_occurred,TREND_UP,2H,179,0.5345265295760345
rolling_high_dist_48b,downside_breakdown_occurred,TREND_UP,4H,179,0.5367948717948718
rolling_high_dist_48b,downside_breakdown_occurred,TREND_UP,8H,179,0.5603603603603604
rolling_high_dist_48b,downside_breakdown_occurred,VOLATILITY_EXPANSION,12H,324,0.5651863600317208
rolling_high_dist_48b,downside_breakdown_occurred,VOLATILITY_EXPANSION,1H,324,0.6531134629584051
rolling_high_dist_48b,downside_breakdown_occurred,VOLATILITY_EXPANSION,24H,324,0.5975085213439377
rolling_high_dist_48b,downside_breakdown_occurred,VOLATILITY_EXPANSION,2H,324,0.6088588588588588
rolling_high_dist_48b,downside_breakdown_occurred,VOLATILITY_EXPANSION,4H,319,0.5910279112910026
rolling_high_dist_48b,downside_breakdown_occurred,VOLATILITY_EXPANSION,8H,319,0.5469751185820089
rolling_high_dist_48b,range_breached,HIGH_VOL,12H,163,0.7554054054054054
rolling_high_dist_48b,range_breached,HIGH_VOL,1H,163,0.589873417721519
rolling_high_dist_48b,range_breached,HIGH_VOL,24H,163,0.7251282051282051
rolling_high_dist_48b,range_breached,HIGH_VOL,2H,163,0.5414012738853503
rolling_high_dist_48b,range_breached,HIGH_VOL,4H,163,0.7353479853479854
rolling_high_dist_48b,range_breached,HIGH_VOL,8H,163,0.5031468531468531
rolling_high_dist_48b,range_breached,LOW_VOL_RANGE,12H,1024,0.7272303499713139
rolling_high_dist_48b,range_breached,LOW_VOL_RANGE,1H,1024,0.5796160902543881
rolling_high_dist_48b,range_breached,LOW_VOL_RANGE,24H,1024,0.663235294117647
rolling_high_dist_48b,range_breached,LOW_VOL_RANGE,2H,1024,0.5780617408906883
rolling_high_dist_48b,range_breached,LOW_VOL_RANGE,4H,1016,0.5927197802197802
rolling_high_dist_48b,range_breached,LOW_VOL_RANGE,8H,1016,0.611336032388664
rolling_high_dist_48b,range_breached,NORMAL_RANGE,12H,2314,0.6342170586383024
rolling_high_dist_48b,range_breached,NORMAL_RANGE,1H,2314,0.5462829736211031
rolling_high_dist_48b,range_breached,NORMAL_RANGE,24H,2314,0.6609909959472594
rolling_high_dist_48b,range_breached,NORMAL_RANGE,2H,2314,0.6267335573344894
rolling_high_dist_48b,range_breached,NORMAL_RANGE,4H,2303,0.6698578096168457
rolling_high_dist_48b,range_breached,NORMAL_RANGE,8H,2303,0.6259322534379482
rolling_high_dist_48b,range_breached,TREND_DOWN,12H,190,0.6707317073170732
rolling_high_dist_48b,range_breached,TREND_DOWN,1H,190,0.6718803128187691
rolling_high_dist_48b,range_breached,TREND_DOWN,24H,190,0.6669176706827309
rolling_high_dist_48b,range_breached,TREND_DOWN,2H,190,0.6279614683676126
rolling_high_dist_48b,range_breached,TREND_DOWN,4H,189,0.622085048010974
rolling_high_dist_48b,range_breached,TREND_DOWN,8H,189,0.6401515151515151
rolling_high_dist_48b,range_breached,TREND_UP,12H,179,0.6379310344827587
rolling_high_dist_48b,range_breached,TREND_UP,1H,179,0.697603121516165
rolling_high_dist_48b,range_breached,TREND_UP,24H,179,0.6875591296121097
rolling_high_dist_48b,range_breached,TREND_UP,2H,179,0.646505376344086
rolling_high_dist_48b,range_breached,TREND_UP,4H,179,0.6797701149425287
rolling_high_dist_48b,range_breached,TREND_UP,8H,179,0.7017543859649122
rolling_high_dist_48b,range_breached,VOLATILITY_EXPANSION,12H,324,0.5958584987057809
rolling_high_dist_48b,range_breached,VOLATILITY_EXPANSION,1H,324,0.6800705467372135
rolling_high_dist_48b,range_breached,VOLATILITY_EXPANSION,24H,324,0.662608695652174
rolling_high_dist_48b,range_breached,VOLATILITY_EXPANSION,2H,324,0.6985128436232537
rolling_high_dist_48b,range_breached,VOLATILITY_EXPANSION,4H,319,0.627411575562701
rolling_high_dist_48b,range_breached,VOLATILITY_EXPANSION,8H,319,0.5085596221959858
rolling_high_dist_48b,path_inside_70,HIGH_VOL,12H,163,0.7554054054054054
rolling_high_dist_48b,path_inside_70,HIGH_VOL,1H,163,0.589873417721519
rolling_high_dist_48b,path_inside_70,HIGH_VOL,24H,163,0.7251282051282051
rolling_high_dist_48b,path_inside_70,HIGH_VOL,2H,163,0.5414012738853503
rolling_high_dist_48b,path_inside_70,HIGH_VOL,4H,163,0.7353479853479854
rolling_high_dist_48b,path_inside_70,HIGH_VOL,8H,163,0.5031468531468531
rolling_high_dist_48b,path_inside_70,LOW_VOL_RANGE,12H,1024,0.7272303499713137
rolling_high_dist_48b,path_inside_70,LOW_VOL_RANGE,1H,1024,0.5796160902543881
rolling_high_dist_48b,path_inside_70,LOW_VOL_RANGE,24H,1024,0.663235294117647
rolling_high_dist_48b,path_inside_70,LOW_VOL_RANGE,2H,1024,0.5780617408906883
rolling_high_dist_48b,path_inside_70,LOW_VOL_RANGE,4H,1016,0.5927197802197802
rolling_high_dist_48b,path_inside_70,LOW_VOL_RANGE,8H,1016,0.611336032388664
rolling_high_dist_48b,path_inside_70,NORMAL_RANGE,12H,2314,0.6342170586383025
rolling_high_dist_48b,path_inside_70,NORMAL_RANGE,1H,2314,0.5462829736211031
rolling_high_dist_48b,path_inside_70,NORMAL_RANGE,24H,2314,0.6609909959472593
rolling_high_dist_48b,path_inside_70,NORMAL_RANGE,2H,2314,0.6267335573344894
rolling_high_dist_48b,path_inside_70,NORMAL_RANGE,4H,2303,0.6698578096168457
rolling_high_dist_48b,path_inside_70,NORMAL_RANGE,8H,2303,0.6259322534379481
rolling_high_dist_48b,path_inside_70,TREND_DOWN,12H,190,0.6707317073170731
rolling_high_dist_48b,path_inside_70,TREND_DOWN,1H,190,0.6718803128187691
rolling_high_dist_48b,path_inside_70,TREND_DOWN,24H,190,0.6669176706827309
rolling_high_dist_48b,path_inside_70,TREND_DOWN,2H,190,0.6279614683676126
rolling_high_dist_48b,path_inside_70,TREND_DOWN,4H,189,0.6220850480109739
rolling_high_dist_48b,path_inside_70,TREND_DOWN,8H,189,0.6401515151515151
rolling_high_dist_48b,path_inside_70,TREND_UP,12H,179,0.6379310344827587
rolling_high_dist_48b,path_inside_70,TREND_UP,1H,179,0.697603121516165
rolling_high_dist_48b,path_inside_70,TREND_UP,24H,179,0.6875591296121097
rolling_high_dist_48b,path_inside_70,TREND_UP,2H,179,0.646505376344086
rolling_high_dist_48b,path_inside_70,TREND_UP,4H,179,0.6797701149425288
rolling_high_dist_48b,path_inside_70,TREND_UP,8H,179,0.7017543859649122
rolling_high_dist_48b,path_inside_70,VOLATILITY_EXPANSION,12H,324,0.5958584987057809
rolling_high_dist_48b,path_inside_70,VOLATILITY_EXPANSION,1H,324,0.6800705467372135
rolling_high_dist_48b,path_inside_70,VOLATILITY_EXPANSION,24H,324,0.662608695652174
rolling_high_dist_48b,path_inside_70,VOLATILITY_EXPANSION,2H,324,0.6985128436232537
rolling_high_dist_48b,path_inside_70,VOLATILITY_EXPANSION,4H,319,0.627411575562701
rolling_high_dist_48b,path_inside_70,VOLATILITY_EXPANSION,8H,319,0.5085596221959858
rolling_high_dist_48b,trend_efficiency_high,HIGH_VOL,12H,163,0.690347721822542
rolling_high_dist_48b,trend_efficiency_high,HIGH_VOL,1H,163,0.6606060606060606
rolling_high_dist_48b,trend_efficiency_high,HIGH_VOL,24H,163,0.6518115942028986
rolling_high_dist_48b,trend_efficiency_high,HIGH_VOL,2H,163,0.5848153214774282
rolling_high_dist_48b,trend_efficiency_high,HIGH_VOL,4H,163,0.5980012894906512
rolling_high_dist_48b,trend_efficiency_high,HIGH_VOL,8H,163,0.6553362573099415
rolling_high_dist_48b,trend_efficiency_high,LOW_VOL_RANGE,12H,1024,0.5035010770236945
rolling_high_dist_48b,trend_efficiency_high,LOW_VOL_RANGE,1H,1024,0.507225984756339
rolling_high_dist_48b,trend_efficiency_high,LOW_VOL_RANGE,24H,1024,0.5331545123650403
rolling_high_dist_48b,trend_efficiency_high,LOW_VOL_RANGE,2H,1024,0.5055767622786927
rolling_high_dist_48b,trend_efficiency_high,LOW_VOL_RANGE,4H,1016,0.526917080085046
rolling_high_dist_48b,trend_efficiency_high,LOW_VOL_RANGE,8H,1016,0.5431495769039323
rolling_high_dist_48b,trend_efficiency_high,NORMAL_RANGE,12H,2314,0.5465343347639484
rolling_high_dist_48b,trend_efficiency_high,NORMAL_RANGE,1H,2314,0.5492287594560321
rolling_high_dist_48b,trend_efficiency_high,NORMAL_RANGE,24H,2314,0.5008599514380365
rolling_high_dist_48b,trend_efficiency_high,NORMAL_RANGE,2H,2314,0.5577654232424677
rolling_high_dist_48b,trend_efficiency_high,NORMAL_RANGE,4H,2303,0.5047472491211148
rolling_high_dist_48b,trend_efficiency_high,NORMAL_RANGE,8H,2303,0.5107331869582323
rolling_high_dist_48b,trend_efficiency_high,TREND_DOWN,12H,190,0.5564404432132964
rolling_high_dist_48b,trend_efficiency_high,TREND_DOWN,1H,190,0.5938852813852814
rolling_high_dist_48b,trend_efficiency_high,TREND_DOWN,24H,190,0.564935064935065
rolling_high_dist_48b,trend_efficiency_high,TREND_DOWN,2H,190,0.5052710843373494
rolling_high_dist_48b,trend_efficiency_high,TREND_DOWN,4H,189,0.5040816326530613
rolling_high_dist_48b,trend_efficiency_high,TREND_DOWN,8H,189,0.6096938775510204
rolling_high_dist_48b,trend_efficiency_high,TREND_UP,12H,179,0.554093567251462
rolling_high_dist_48b,trend_efficiency_high,TREND_UP,1H,179,0.5226244343891403
rolling_high_dist_48b,trend_efficiency_high,TREND_UP,24H,179,0.5628635346756152
rolling_high_dist_48b,trend_efficiency_high,TREND_UP,2H,179,0.5513245033112583
rolling_high_dist_48b,trend_efficiency_high,TREND_UP,4H,179,0.538255033557047
rolling_high_dist_48b,trend_efficiency_high,TREND_UP,8H,179,0.5308248299319728
rolling_high_dist_48b,trend_efficiency_high,VOLATILITY_EXPANSION,12H,324,0.5034643665158371
rolling_high_dist_48b,trend_efficiency_high,VOLATILITY_EXPANSION,1H,324,0.5105676328502415
rolling_high_dist_48b,trend_efficiency_high,VOLATILITY_EXPANSION,24H,324,0.503016498399409
rolling_high_dist_48b,trend_efficiency_high,VOLATILITY_EXPANSION,2H,324,0.529355281207133
rolling_high_dist_48b,trend_efficiency_high,VOLATILITY_EXPANSION,4H,319,0.5115947420634921
rolling_high_dist_48b,trend_efficiency_high,VOLATILITY_EXPANSION,8H,319,0.5454674421903816
bollinger_squeeze_pctile_48b,upside_breakout_occurred,HIGH_VOL,12H,163,0.6511539629517158
bollinger_squeeze_pctile_48b,upside_breakout_occurred,HIGH_VOL,1H,163,0.5280312907431551
bollinger_squeeze_pctile_48b,upside_breakout_occurred,HIGH_VOL,24H,163,0.5977564102564102
bollinger_squeeze_pctile_48b,upside_breakout_occurred,HIGH_VOL,2H,163,0.532724505327245
bollinger_squeeze_pctile_48b,upside_breakout_occurred,HIGH_VOL,4H,163,0.5079113924050633
bollinger_squeeze_pctile_48b,upside_breakout_occurred,HIGH_VOL,8H,163,0.5586680761099365
bollinger_squeeze_pctile_48b,upside_breakout_occurred,LOW_VOL_RANGE,12H,1024,0.577797919293821
bollinger_squeeze_pctile_48b,upside_breakout_occurred,LOW_VOL_RANGE,1H,1024,0.5485053545830172
bollinger_squeeze_pctile_48b,upside_breakout_occurred,LOW_VOL_RANGE,24H,1024,0.6013326679778084
bollinger_squeeze_pctile_48b,upside_breakout_occurred,LOW_VOL_RANGE,2H,1024,0.5209627566123034
bollinger_squeeze_pctile_48b,upside_breakout_occurred,LOW_VOL_RANGE,4H,1016,0.5183366166247764
bollinger_squeeze_pctile_48b,upside_breakout_occurred,LOW_VOL_RANGE,8H,1016,0.5240064388521471
bollinger_squeeze_pctile_48b,upside_breakout_occurred,NORMAL_RANGE,12H,2314,0.597094386196387
bollinger_squeeze_pctile_48b,upside_breakout_occurred,NORMAL_RANGE,1H,2314,0.5373988432355735
bollinger_squeeze_pctile_48b,upside_breakout_occurred,NORMAL_RANGE,24H,2314,0.6190350832134786
bollinger_squeeze_pctile_48b,upside_breakout_occurred,NORMAL_RANGE,2H,2314,0.5471873268749907
bollinger_squeeze_pctile_48b,upside_breakout_occurred,NORMAL_RANGE,4H,2303,0.5616588369730828
bollinger_squeeze_pctile_48b,upside_breakout_occurred,NORMAL_RANGE,8H,2303,0.610465294902373
bollinger_squeeze_pctile_48b,upside_breakout_occurred,TREND_DOWN,12H,190,0.6893939393939394
bollinger_squeeze_pctile_48b,upside_breakout_occurred,TREND_DOWN,1H,190,0.6816984069948497
bollinger_squeeze_pctile_48b,upside_breakout_occurred,TREND_DOWN,24H,190,0.6787544563279857
bollinger_squeeze_pctile_48b,upside_breakout_occurred,TREND_DOWN,2H,190,0.682141192917055
bollinger_squeeze_pctile_48b,upside_breakout_occurred,TREND_DOWN,4H,189,0.6127157652474109
bollinger_squeeze_pctile_48b,upside_breakout_occurred,TREND_DOWN,8H,189,0.656559405940594
bollinger_squeeze_pctile_48b,upside_breakout_occurred,TREND_UP,12H,179,0.5827621223660828
bollinger_squeeze_pctile_48b,upside_breakout_occurred,TREND_UP,1H,179,0.6038961038961039
bollinger_squeeze_pctile_48b,upside_breakout_occurred,TREND_UP,24H,179,0.5316558441558441
bollinger_squeeze_pctile_48b,upside_breakout_occurred,TREND_UP,2H,179,0.5701127819548872
bollinger_squeeze_pctile_48b,upside_breakout_occurred,TREND_UP,4H,179,0.6491666666666667
bollinger_squeeze_pctile_48b,upside_breakout_occurred,TREND_UP,8H,179,0.6497435897435897
bollinger_squeeze_pctile_48b,upside_breakout_occurred,VOLATILITY_EXPANSION,12H,324,0.5764339888278305
bollinger_squeeze_pctile_48b,upside_breakout_occurred,VOLATILITY_EXPANSION,1H,324,0.5688577338542864
bollinger_squeeze_pctile_48b,upside_breakout_occurred,VOLATILITY_EXPANSION,24H,324,0.5741661051212938
bollinger_squeeze_pctile_48b,upside_breakout_occurred,VOLATILITY_EXPANSION,2H,324,0.5146965865992414
bollinger_squeeze_pctile_48b,upside_breakout_occurred,VOLATILITY_EXPANSION,4H,319,0.549406392694064
bollinger_squeeze_pctile_48b,upside_breakout_occurred,VOLATILITY_EXPANSION,8H,319,0.5447963378176383
bollinger_squeeze_pctile_48b,downside_breakdown_occurred,HIGH_VOL,12H,163,0.5160550458715596
bollinger_squeeze_pctile_48b,downside_breakdown_occurred,HIGH_VOL,1H,163,0.5161616161616162
bollinger_squeeze_pctile_48b,downside_breakdown_occurred,HIGH_VOL,24H,163,0.5011043153244987
bollinger_squeeze_pctile_48b,downside_breakdown_occurred,HIGH_VOL,2H,163,0.5504288164665523
bollinger_squeeze_pctile_48b,downside_breakdown_occurred,HIGH_VOL,4H,163,0.5315968492660222
bollinger_squeeze_pctile_48b,downside_breakdown_occurred,HIGH_VOL,8H,163,0.55542071197411
bollinger_squeeze_pctile_48b,downside_breakdown_occurred,LOW_VOL_RANGE,12H,1024,0.5744554086762241
bollinger_squeeze_pctile_48b,downside_breakdown_occurred,LOW_VOL_RANGE,1H,1024,0.5322238729093858
bollinger_squeeze_pctile_48b,downside_breakdown_occurred,LOW_VOL_RANGE,24H,1024,0.5883544796588275
bollinger_squeeze_pctile_48b,downside_breakdown_occurred,LOW_VOL_RANGE,2H,1024,0.5301120448179272
bollinger_squeeze_pctile_48b,downside_breakdown_occurred,LOW_VOL_RANGE,4H,1016,0.5508148367245495
bollinger_squeeze_pctile_48b,downside_breakdown_occurred,LOW_VOL_RANGE,8H,1016,0.5727621472837553
bollinger_squeeze_pctile_48b,downside_breakdown_occurred,NORMAL_RANGE,12H,2314,0.5317736572890026
bollinger_squeeze_pctile_48b,downside_breakdown_occurred,NORMAL_RANGE,1H,2314,0.5401476192662656
bollinger_squeeze_pctile_48b,downside_breakdown_occurred,NORMAL_RANGE,24H,2314,0.5492667873704281
bollinger_squeeze_pctile_48b,downside_breakdown_occurred,NORMAL_RANGE,2H,2314,0.5412796589383455
bollinger_squeeze_pctile_48b,downside_breakdown_occurred,NORMAL_RANGE,4H,2303,0.5375898217304058
bollinger_squeeze_pctile_48b,downside_breakdown_occurred,NORMAL_RANGE,8H,2303,0.5258529767146572
bollinger_squeeze_pctile_48b,downside_breakdown_occurred,TREND_DOWN,12H,190,0.5341312056737588
bollinger_squeeze_pctile_48b,downside_breakdown_occurred,TREND_DOWN,1H,190,0.5353409090909091
bollinger_squeeze_pctile_48b,downside_breakdown_occurred,TREND_DOWN,24H,190,0.5374002659574468
bollinger_squeeze_pctile_48b,downside_breakdown_occurred,TREND_DOWN,2H,190,0.5049950049950049
bollinger_squeeze_pctile_48b,downside_breakdown_occurred,TREND_DOWN,4H,189,0.5681308830121021
bollinger_squeeze_pctile_48b,downside_breakdown_occurred,TREND_DOWN,8H,189,0.5823529411764705
bollinger_squeeze_pctile_48b,downside_breakdown_occurred,TREND_UP,12H,179,0.5987560294490988
bollinger_squeeze_pctile_48b,downside_breakdown_occurred,TREND_UP,1H,179,0.5756929637526653
bollinger_squeeze_pctile_48b,downside_breakdown_occurred,TREND_UP,24H,179,0.6554563741513704
bollinger_squeeze_pctile_48b,downside_breakdown_occurred,TREND_UP,2H,179,0.5429677583142929
bollinger_squeeze_pctile_48b,downside_breakdown_occurred,TREND_UP,4H,179,0.5362820512820513
bollinger_squeeze_pctile_48b,downside_breakdown_occurred,TREND_UP,8H,179,0.5731660231660232
bollinger_squeeze_pctile_48b,downside_breakdown_occurred,VOLATILITY_EXPANSION,12H,324,0.5583465503568596
bollinger_squeeze_pctile_48b,downside_breakdown_occurred,VOLATILITY_EXPANSION,1H,324,0.5722126507506768
bollinger_squeeze_pctile_48b,downside_breakdown_occurred,VOLATILITY_EXPANSION,24H,324,0.6433208894659959
bollinger_squeeze_pctile_48b,downside_breakdown_occurred,VOLATILITY_EXPANSION,2H,324,0.6179561914856033
bollinger_squeeze_pctile_48b,downside_breakdown_occurred,VOLATILITY_EXPANSION,4H,319,0.6027700480647609
bollinger_squeeze_pctile_48b,downside_breakdown_occurred,VOLATILITY_EXPANSION,8H,319,0.5443330282100358
bollinger_squeeze_pctile_48b,range_breached,HIGH_VOL,12H,163,0.7826576576576576
bollinger_squeeze_pctile_48b,range_breached,HIGH_VOL,1H,163,0.7227848101265824
bollinger_squeeze_pctile_48b,range_breached,HIGH_VOL,24H,163,0.8917948717948718
bollinger_squeeze_pctile_48b,range_breached,HIGH_VOL,2H,163,0.5950106157112527
bollinger_squeeze_pctile_48b,range_breached,HIGH_VOL,4H,163,0.516941391941392
bollinger_squeeze_pctile_48b,range_breached,HIGH_VOL,8H,163,0.5125874125874126
bollinger_squeeze_pctile_48b,range_breached,LOW_VOL_RANGE,12H,1024,0.7838676133103843
bollinger_squeeze_pctile_48b,range_breached,LOW_VOL_RANGE,1H,1024,0.6656124209315699
bollinger_squeeze_pctile_48b,range_breached,LOW_VOL_RANGE,24H,1024,0.6229946524064172
bollinger_squeeze_pctile_48b,range_breached,LOW_VOL_RANGE,2H,1024,0.5278621232568601
bollinger_squeeze_pctile_48b,range_breached,LOW_VOL_RANGE,4H,1016,0.5951236263736264
bollinger_squeeze_pctile_48b,range_breached,LOW_VOL_RANGE,8H,1016,0.6831803065355697
bollinger_squeeze_pctile_48b,range_breached,NORMAL_RANGE,12H,2314,0.6490432784123206
bollinger_squeeze_pctile_48b,range_breached,NORMAL_RANGE,1H,2314,0.6386066147082334
bollinger_squeeze_pctile_48b,range_breached,NORMAL_RANGE,24H,2314,0.7893155575116295
bollinger_squeeze_pctile_48b,range_breached,NORMAL_RANGE,2H,2314,0.7117998028376921
bollinger_squeeze_pctile_48b,range_breached,NORMAL_RANGE,4H,2303,0.640453706718767
bollinger_squeeze_pctile_48b,range_breached,NORMAL_RANGE,8H,2303,0.6657301948873703
bollinger_squeeze_pctile_48b,range_breached,TREND_DOWN,12H,190,0.7220919324577861
bollinger_squeeze_pctile_48b,range_breached,TREND_DOWN,1H,190,0.7235634138048284
bollinger_squeeze_pctile_48b,range_breached,TREND_DOWN,24H,190,0.7610441767068273
bollinger_squeeze_pctile_48b,range_breached,TREND_DOWN,2H,190,0.7156990367091903
bollinger_squeeze_pctile_48b,range_breached,TREND_DOWN,4H,189,0.682898948331047
bollinger_squeeze_pctile_48b,range_breached,TREND_DOWN,8H,189,0.7007575757575757
bollinger_squeeze_pctile_48b,range_breached,TREND_UP,12H,179,0.5860919540229885
bollinger_squeeze_pctile_48b,range_breached,TREND_UP,1H,179,0.7058249721293199
bollinger_squeeze_pctile_48b,range_breached,TREND_UP,24H,179,0.6103358561967833
bollinger_squeeze_pctile_48b,range_breached,TREND_UP,2H,179,0.6458333333333333
bollinger_squeeze_pctile_48b,range_breached,TREND_UP,4H,179,0.6252873563218391
bollinger_squeeze_pctile_48b,range_breached,TREND_UP,8H,179,0.6939571150097466
bollinger_squeeze_pctile_48b,range_breached,VOLATILITY_EXPANSION,12H,324,0.6548748921484038
bollinger_squeeze_pctile_48b,range_breached,VOLATILITY_EXPANSION,1H,324,0.7850088183421516
bollinger_squeeze_pctile_48b,range_breached,VOLATILITY_EXPANSION,24H,324,0.7149832775919732
bollinger_squeeze_pctile_48b,range_breached,VOLATILITY_EXPANSION,2H,324,0.7514646237043714
bollinger_squeeze_pctile_48b,range_breached,VOLATILITY_EXPANSION,4H,319,0.8446543408360129
bollinger_squeeze_pctile_48b,range_breached,VOLATILITY_EXPANSION,8H,319,0.614521841794569
bollinger_squeeze_pctile_48b,path_inside_70,HIGH_VOL,12H,163,0.7826576576576577
bollinger_squeeze_pctile_48b,path_inside_70,HIGH_VOL,1H,163,0.7227848101265822
bollinger_squeeze_pctile_48b,path_inside_70,HIGH_VOL,24H,163,0.8917948717948718
bollinger_squeeze_pctile_48b,path_inside_70,HIGH_VOL,2H,163,0.5950106157112527
bollinger_squeeze_pctile_48b,path_inside_70,HIGH_VOL,4H,163,0.5169413919413919
bollinger_squeeze_pctile_48b,path_inside_70,HIGH_VOL,8H,163,0.5125874125874126
bollinger_squeeze_pctile_48b,path_inside_70,LOW_VOL_RANGE,12H,1024,0.7838676133103843
bollinger_squeeze_pctile_48b,path_inside_70,LOW_VOL_RANGE,1H,1024,0.6656124209315699
bollinger_squeeze_pctile_48b,path_inside_70,LOW_VOL_RANGE,24H,1024,0.6229946524064172
bollinger_squeeze_pctile_48b,path_inside_70,LOW_VOL_RANGE,2H,1024,0.5278621232568601
bollinger_squeeze_pctile_48b,path_inside_70,LOW_VOL_RANGE,4H,1016,0.5951236263736264
bollinger_squeeze_pctile_48b,path_inside_70,LOW_VOL_RANGE,8H,1016,0.6831803065355697
bollinger_squeeze_pctile_48b,path_inside_70,NORMAL_RANGE,12H,2314,0.6490432784123207
bollinger_squeeze_pctile_48b,path_inside_70,NORMAL_RANGE,1H,2314,0.6386066147082334
bollinger_squeeze_pctile_48b,path_inside_70,NORMAL_RANGE,24H,2314,0.7893155575116295
bollinger_squeeze_pctile_48b,path_inside_70,NORMAL_RANGE,2H,2314,0.7117998028376921
bollinger_squeeze_pctile_48b,path_inside_70,NORMAL_RANGE,4H,2303,0.640453706718767
bollinger_squeeze_pctile_48b,path_inside_70,NORMAL_RANGE,8H,2303,0.6657301948873703
bollinger_squeeze_pctile_48b,path_inside_70,TREND_DOWN,12H,190,0.7220919324577861
bollinger_squeeze_pctile_48b,path_inside_70,TREND_DOWN,1H,190,0.7235634138048282
bollinger_squeeze_pctile_48b,path_inside_70,TREND_DOWN,24H,190,0.7610441767068273
bollinger_squeeze_pctile_48b,path_inside_70,TREND_DOWN,2H,190,0.7156990367091903
bollinger_squeeze_pctile_48b,path_inside_70,TREND_DOWN,4H,189,0.6828989483310471
bollinger_squeeze_pctile_48b,path_inside_70,TREND_DOWN,8H,189,0.7007575757575758
bollinger_squeeze_pctile_48b,path_inside_70,TREND_UP,12H,179,0.5860919540229885
bollinger_squeeze_pctile_48b,path_inside_70,TREND_UP,1H,179,0.7058249721293199
bollinger_squeeze_pctile_48b,path_inside_70,TREND_UP,24H,179,0.6103358561967833
bollinger_squeeze_pctile_48b,path_inside_70,TREND_UP,2H,179,0.6458333333333334
bollinger_squeeze_pctile_48b,path_inside_70,TREND_UP,4H,179,0.6252873563218391
bollinger_squeeze_pctile_48b,path_inside_70,TREND_UP,8H,179,0.6939571150097466
bollinger_squeeze_pctile_48b,path_inside_70,VOLATILITY_EXPANSION,12H,324,0.6548748921484038
bollinger_squeeze_pctile_48b,path_inside_70,VOLATILITY_EXPANSION,1H,324,0.7850088183421516
bollinger_squeeze_pctile_48b,path_inside_70,VOLATILITY_EXPANSION,24H,324,0.7149832775919732
bollinger_squeeze_pctile_48b,path_inside_70,VOLATILITY_EXPANSION,2H,324,0.7514646237043714
bollinger_squeeze_pctile_48b,path_inside_70,VOLATILITY_EXPANSION,4H,319,0.8446543408360129
bollinger_squeeze_pctile_48b,path_inside_70,VOLATILITY_EXPANSION,8H,319,0.614521841794569
bollinger_squeeze_pctile_48b,trend_efficiency_high,HIGH_VOL,12H,163,0.7978117505995204
bollinger_squeeze_pctile_48b,trend_efficiency_high,HIGH_VOL,1H,163,0.5674825174825174
bollinger_squeeze_pctile_48b,trend_efficiency_high,HIGH_VOL,24H,163,0.6776268115942029
bollinger_squeeze_pctile_48b,trend_efficiency_high,HIGH_VOL,2H,163,0.5322617419060648
bollinger_squeeze_pctile_48b,trend_efficiency_high,HIGH_VOL,4H,163,0.5435203094777563
bollinger_squeeze_pctile_48b,trend_efficiency_high,HIGH_VOL,8H,163,0.549890350877193
bollinger_squeeze_pctile_48b,trend_efficiency_high,LOW_VOL_RANGE,12H,1024,0.5694935288576348
bollinger_squeeze_pctile_48b,trend_efficiency_high,LOW_VOL_RANGE,1H,1024,0.5218614827663143
bollinger_squeeze_pctile_48b,trend_efficiency_high,LOW_VOL_RANGE,24H,1024,0.5801748107955487
bollinger_squeeze_pctile_48b,trend_efficiency_high,LOW_VOL_RANGE,2H,1024,0.5095430254117134
bollinger_squeeze_pctile_48b,trend_efficiency_high,LOW_VOL_RANGE,4H,1016,0.5411906449326719
bollinger_squeeze_pctile_48b,trend_efficiency_high,LOW_VOL_RANGE,8H,1016,0.5288078646092583
bollinger_squeeze_pctile_48b,trend_efficiency_high,NORMAL_RANGE,12H,2314,0.5141559370529327
bollinger_squeeze_pctile_48b,trend_efficiency_high,NORMAL_RANGE,1H,2314,0.520383078621715
bollinger_squeeze_pctile_48b,trend_efficiency_high,NORMAL_RANGE,24H,2314,0.507722505082066
bollinger_squeeze_pctile_48b,trend_efficiency_high,NORMAL_RANGE,2H,2314,0.5201027362164378
bollinger_squeeze_pctile_48b,trend_efficiency_high,NORMAL_RANGE,4H,2303,0.511903341667407
bollinger_squeeze_pctile_48b,trend_efficiency_high,NORMAL_RANGE,8H,2303,0.5139726879291308
bollinger_squeeze_pctile_48b,trend_efficiency_high,TREND_DOWN,12H,190,0.5570463988919667
bollinger_squeeze_pctile_48b,trend_efficiency_high,TREND_DOWN,1H,190,0.5691287878787878
bollinger_squeeze_pctile_48b,trend_efficiency_high,TREND_DOWN,24H,190,0.6714466089466089
bollinger_squeeze_pctile_48b,trend_efficiency_high,TREND_DOWN,2H,190,0.6021586345381527
bollinger_squeeze_pctile_48b,trend_efficiency_high,TREND_DOWN,4H,189,0.5654916512059369
bollinger_squeeze_pctile_48b,trend_efficiency_high,TREND_DOWN,8H,189,0.5184240362811792
bollinger_squeeze_pctile_48b,trend_efficiency_high,TREND_UP,12H,179,0.5633528265107213
bollinger_squeeze_pctile_48b,trend_efficiency_high,TREND_UP,1H,179,0.5258924082453494
bollinger_squeeze_pctile_48b,trend_efficiency_high,TREND_UP,24H,179,0.5062639821029082
bollinger_squeeze_pctile_48b,trend_efficiency_high,TREND_UP,2H,179,0.5165562913907285
bollinger_squeeze_pctile_48b,trend_efficiency_high,TREND_UP,4H,179,0.5523489932885906
bollinger_squeeze_pctile_48b,trend_efficiency_high,TREND_UP,8H,179,0.5676020408163265
bollinger_squeeze_pctile_48b,trend_efficiency_high,VOLATILITY_EXPANSION,12H,324,0.5154482466063348
bollinger_squeeze_pctile_48b,trend_efficiency_high,VOLATILITY_EXPANSION,1H,324,0.5396286231884058
bollinger_squeeze_pctile_48b,trend_efficiency_high,VOLATILITY_EXPANSION,24H,324,0.5314885496183206
bollinger_squeeze_pctile_48b,trend_efficiency_high,VOLATILITY_EXPANSION,2H,324,0.5125857338820301
bollinger_squeeze_pctile_48b,trend_efficiency_high,VOLATILITY_EXPANSION,4H,319,0.501984126984127
bollinger_squeeze_pctile_48b,trend_efficiency_high,VOLATILITY_EXPANSION,8H,319,0.5135125549723365
rolling_low_dist_3b,upside_breakout_occurred,HIGH_VOL,12H,163,0.6270877619192226
rolling_low_dist_3b,upside_breakout_occurred,HIGH_VOL,1H,163,0.6497718383311604
rolling_low_dist_3b,upside_breakout_occurred,HIGH_VOL,24H,163,0.5952380952380952
rolling_low_dist_3b,upside_breakout_occurred,HIGH_VOL,2H,163,0.5931506849315069
rolling_low_dist_3b,upside_breakout_occurred,HIGH_VOL,4H,163,0.5985533453887883
rolling_low_dist_3b,upside_breakout_occurred,HIGH_VOL,8H,163,0.5980066445182723
rolling_low_dist_3b,upside_breakout_occurred,LOW_VOL_RANGE,12H,1024,0.5314759352669189
rolling_low_dist_3b,upside_breakout_occurred,LOW_VOL_RANGE,1H,1024,0.5900876971076819
rolling_low_dist_3b,upside_breakout_occurred,LOW_VOL_RANGE,24H,1024,0.573422960636393
rolling_low_dist_3b,upside_breakout_occurred,LOW_VOL_RANGE,2H,1024,0.5734186927540401
rolling_low_dist_3b,upside_breakout_occurred,LOW_VOL_RANGE,4H,1016,0.5332337024205783
rolling_low_dist_3b,upside_breakout_occurred,LOW_VOL_RANGE,8H,1016,0.5368015332398661
rolling_low_dist_3b,upside_breakout_occurred,NORMAL_RANGE,12H,2314,0.5694022832372991
rolling_low_dist_3b,upside_breakout_occurred,NORMAL_RANGE,1H,2314,0.5767067886760538
rolling_low_dist_3b,upside_breakout_occurred,NORMAL_RANGE,24H,2314,0.5852591432093692
rolling_low_dist_3b,upside_breakout_occurred,NORMAL_RANGE,2H,2314,0.5532281337449063
rolling_low_dist_3b,upside_breakout_occurred,NORMAL_RANGE,4H,2303,0.5498762061960386
rolling_low_dist_3b,upside_breakout_occurred,NORMAL_RANGE,8H,2303,0.5589707725269839
rolling_low_dist_3b,upside_breakout_occurred,TREND_DOWN,12H,190,0.5865641711229946
rolling_low_dist_3b,upside_breakout_occurred,TREND_DOWN,1H,190,0.6477422445801893
rolling_low_dist_3b,upside_breakout_occurred,TREND_DOWN,24H,190,0.5961452762923352
rolling_low_dist_3b,upside_breakout_occurred,TREND_DOWN,2H,190,0.625116495806151
rolling_low_dist_3b,upside_breakout_occurred,TREND_DOWN,4H,189,0.618066743383199
rolling_low_dist_3b,upside_breakout_occurred,TREND_DOWN,8H,189,0.6022727272727273
rolling_low_dist_3b,upside_breakout_occurred,TREND_UP,12H,179,0.5731150038080731
rolling_low_dist_3b,upside_breakout_occurred,TREND_UP,1H,179,0.5502622377622378
rolling_low_dist_3b,upside_breakout_occurred,TREND_UP,24H,179,0.5108641358641359
rolling_low_dist_3b,upside_breakout_occurred,TREND_UP,2H,179,0.5232456140350877
rolling_low_dist_3b,upside_breakout_occurred,TREND_UP,4H,179,0.5362820512820513
rolling_low_dist_3b,upside_breakout_occurred,TREND_UP,8H,179,0.523974358974359
rolling_low_dist_3b,upside_breakout_occurred,VOLATILITY_EXPANSION,12H,324,0.5843135473908897
rolling_low_dist_3b,upside_breakout_occurred,VOLATILITY_EXPANSION,1H,324,0.6969891978855436
rolling_low_dist_3b,upside_breakout_occurred,VOLATILITY_EXPANSION,24H,324,0.6055003369272237
rolling_low_dist_3b,upside_breakout_occurred,VOLATILITY_EXPANSION,2H,324,0.6169405815423514
rolling_low_dist_3b,upside_breakout_occurred,VOLATILITY_EXPANSION,4H,319,0.5515525114155251
rolling_low_dist_3b,upside_breakout_occurred,VOLATILITY_EXPANSION,8H,319,0.5713284753363228
rolling_low_dist_3b,downside_breakdown_occurred,HIGH_VOL,12H,163,0.5151206252123683
rolling_low_dist_3b,downside_breakdown_occurred,HIGH_VOL,1H,163,0.5587542087542088
rolling_low_dist_3b,downside_breakdown_occurred,HIGH_VOL,24H,163,0.5033978933061501
rolling_low_dist_3b,downside_breakdown_occurred,HIGH_VOL,2H,163,0.5259005145797598
rolling_low_dist_3b,downside_breakdown_occurred,HIGH_VOL,4H,163,0.5093089867525957
rolling_low_dist_3b,downside_breakdown_occurred,HIGH_VOL,8H,163,0.5160194174757281
rolling_low_dist_3b,downside_breakdown_occurred,LOW_VOL_RANGE,12H,1024,0.5257556010674611
rolling_low_dist_3b,downside_breakdown_occurred,LOW_VOL_RANGE,1H,1024,0.5753876868197123
rolling_low_dist_3b,downside_breakdown_occurred,LOW_VOL_RANGE,24H,1024,0.5442325387977562
rolling_low_dist_3b,downside_breakdown_occurred,LOW_VOL_RANGE,2H,1024,0.5467201500483234
rolling_low_dist_3b,downside_breakdown_occurred,LOW_VOL_RANGE,4H,1016,0.5099805688040983
rolling_low_dist_3b,downside_breakdown_occurred,LOW_VOL_RANGE,8H,1016,0.5044316159018988
rolling_low_dist_3b,downside_breakdown_occurred,NORMAL_RANGE,12H,2314,0.5080473145780051
rolling_low_dist_3b,downside_breakdown_occurred,NORMAL_RANGE,1H,2314,0.5594711976805966
rolling_low_dist_3b,downside_breakdown_occurred,NORMAL_RANGE,24H,2314,0.5172245382662981
rolling_low_dist_3b,downside_breakdown_occurred,NORMAL_RANGE,2H,2314,0.5196163701848601
rolling_low_dist_3b,downside_breakdown_occurred,NORMAL_RANGE,4H,2303,0.5063580879108069
rolling_low_dist_3b,downside_breakdown_occurred,NORMAL_RANGE,8H,2303,0.503522496876856
rolling_low_dist_3b,downside_breakdown_occurred,TREND_DOWN,12H,190,0.5003324468085106
rolling_low_dist_3b,downside_breakdown_occurred,TREND_DOWN,1H,190,0.5288636363636363
rolling_low_dist_3b,downside_breakdown_occurred,TREND_DOWN,24H,190,0.5169547872340425
rolling_low_dist_3b,downside_breakdown_occurred,TREND_DOWN,2H,190,0.5128205128205128
rolling_low_dist_3b,downside_breakdown_occurred,TREND_DOWN,4H,189,0.5321604661586732
rolling_low_dist_3b,downside_breakdown_occurred,TREND_DOWN,8H,189,0.5192307692307692
rolling_low_dist_3b,downside_breakdown_occurred,TREND_UP,12H,179,0.5046966235085046
rolling_low_dist_3b,downside_breakdown_occurred,TREND_UP,1H,179,0.6439898720682303
rolling_low_dist_3b,downside_breakdown_occurred,TREND_UP,24H,179,0.525018858436007
rolling_low_dist_3b,downside_breakdown_occurred,TREND_UP,2H,179,0.5542650418888042
rolling_low_dist_3b,downside_breakdown_occurred,TREND_UP,4H,179,0.551923076923077
rolling_low_dist_3b,downside_breakdown_occurred,TREND_UP,8H,179,0.5231016731016731
rolling_low_dist_3b,downside_breakdown_occurred,VOLATILITY_EXPANSION,12H,324,0.5519032513877875
rolling_low_dist_3b,downside_breakdown_occurred,VOLATILITY_EXPANSION,1H,324,0.6511444745262122
rolling_low_dist_3b,downside_breakdown_occurred,VOLATILITY_EXPANSION,24H,324,0.5918884921279013
rolling_low_dist_3b,downside_breakdown_occurred,VOLATILITY_EXPANSION,2H,324,0.5590443384561031
rolling_low_dist_3b,downside_breakdown_occurred,VOLATILITY_EXPANSION,4H,319,0.5041740450290918
rolling_low_dist_3b,downside_breakdown_occurred,VOLATILITY_EXPANSION,8H,319,0.5334110010818007
rolling_low_dist_3b,range_breached,HIGH_VOL,12H,163,0.718018018018018
rolling_low_dist_3b,range_breached,HIGH_VOL,1H,163,0.6063291139240506
rolling_low_dist_3b,range_breached,HIGH_VOL,24H,163,0.6892307692307693
rolling_low_dist_3b,range_breached,HIGH_VOL,2H,163,0.7154989384288748
rolling_low_dist_3b,range_breached,HIGH_VOL,4H,163,0.75
rolling_low_dist_3b,range_breached,HIGH_VOL,8H,163,0.5751748251748252
rolling_low_dist_3b,range_breached,LOW_VOL_RANGE,12H,1024,0.6724756167527253
rolling_low_dist_3b,range_breached,LOW_VOL_RANGE,1H,1024,0.6057394780799037
rolling_low_dist_3b,range_breached,LOW_VOL_RANGE,24H,1024,0.657724301841949
rolling_low_dist_3b,range_breached,LOW_VOL_RANGE,2H,1024,0.54990440845704
rolling_low_dist_3b,range_breached,LOW_VOL_RANGE,4H,1016,0.5117481203007519
rolling_low_dist_3b,range_breached,LOW_VOL_RANGE,8H,1016,0.6125650665124349
rolling_low_dist_3b,range_breached,NORMAL_RANGE,12H,2314,0.5942490379621564
rolling_low_dist_3b,range_breached,NORMAL_RANGE,1H,2314,0.5238958832933653
rolling_low_dist_3b,range_breached,NORMAL_RANGE,24H,2314,0.6676477599897306
rolling_low_dist_3b,range_breached,NORMAL_RANGE,2H,2314,0.5368827710078503
rolling_low_dist_3b,range_breached,NORMAL_RANGE,4H,2303,0.569168566156518
rolling_low_dist_3b,range_breached,NORMAL_RANGE,8H,2303,0.5608369189234793
rolling_low_dist_3b,range_breached,TREND_DOWN,12H,190,0.5879455909943715
rolling_low_dist_3b,range_breached,TREND_DOWN,1H,190,0.7266235974158449
rolling_low_dist_3b,range_breached,TREND_DOWN,24H,190,0.6282630522088353
rolling_low_dist_3b,range_breached,TREND_DOWN,2H,190,0.5784951835459515
rolling_low_dist_3b,range_breached,TREND_DOWN,4H,189,0.6771833561957019
rolling_low_dist_3b,range_breached,TREND_DOWN,8H,189,0.55
rolling_low_dist_3b,range_breached,TREND_UP,12H,179,0.5963218390804598
rolling_low_dist_3b,range_breached,TREND_UP,1H,179,0.6528706800445931
rolling_low_dist_3b,range_breached,TREND_UP,24H,179,0.510643330179754
rolling_low_dist_3b,range_breached,TREND_UP,2H,179,0.5399193548387097
rolling_low_dist_3b,range_breached,TREND_UP,4H,179,0.5705747126436782
rolling_low_dist_3b,range_breached,TREND_UP,8H,179,0.5622563352826511
rolling_low_dist_3b,range_breached,VOLATILITY_EXPANSION,12H,324,0.6704918032786885
rolling_low_dist_3b,range_breached,VOLATILITY_EXPANSION,1H,324,0.7329805996472663
rolling_low_dist_3b,range_breached,VOLATILITY_EXPANSION,24H,324,0.6525752508361204
rolling_low_dist_3b,range_breached,VOLATILITY_EXPANSION,2H,324,0.6597566471383506
rolling_low_dist_3b,range_breached,VOLATILITY_EXPANSION,4H,319,0.7568327974276527
rolling_low_dist_3b,range_breached,VOLATILITY_EXPANSION,8H,319,0.7916174734356553
rolling_low_dist_3b,path_inside_70,HIGH_VOL,12H,163,0.718018018018018
rolling_low_dist_3b,path_inside_70,HIGH_VOL,1H,163,0.6063291139240506
rolling_low_dist_3b,path_inside_70,HIGH_VOL,24H,163,0.6892307692307692
rolling_low_dist_3b,path_inside_70,HIGH_VOL,2H,163,0.7154989384288747
rolling_low_dist_3b,path_inside_70,HIGH_VOL,4H,163,0.75
rolling_low_dist_3b,path_inside_70,HIGH_VOL,8H,163,0.5751748251748252
rolling_low_dist_3b,path_inside_70,LOW_VOL_RANGE,12H,1024,0.6724756167527252
rolling_low_dist_3b,path_inside_70,LOW_VOL_RANGE,1H,1024,0.6057394780799036
rolling_low_dist_3b,path_inside_70,LOW_VOL_RANGE,24H,1024,0.6577243018419489
rolling_low_dist_3b,path_inside_70,LOW_VOL_RANGE,2H,1024,0.54990440845704
rolling_low_dist_3b,path_inside_70,LOW_VOL_RANGE,4H,1016,0.5117481203007519
rolling_low_dist_3b,path_inside_70,LOW_VOL_RANGE,8H,1016,0.6125650665124349
rolling_low_dist_3b,path_inside_70,NORMAL_RANGE,12H,2314,0.5942490379621564
rolling_low_dist_3b,path_inside_70,NORMAL_RANGE,1H,2314,0.5238958832933653
rolling_low_dist_3b,path_inside_70,NORMAL_RANGE,24H,2314,0.6676477599897306
rolling_low_dist_3b,path_inside_70,NORMAL_RANGE,2H,2314,0.5368827710078503
rolling_low_dist_3b,path_inside_70,NORMAL_RANGE,4H,2303,0.569168566156518
rolling_low_dist_3b,path_inside_70,NORMAL_RANGE,8H,2303,0.5608369189234793
rolling_low_dist_3b,path_inside_70,TREND_DOWN,12H,190,0.5879455909943715
rolling_low_dist_3b,path_inside_70,TREND_DOWN,1H,190,0.7266235974158449
rolling_low_dist_3b,path_inside_70,TREND_DOWN,24H,190,0.6282630522088354
rolling_low_dist_3b,path_inside_70,TREND_DOWN,2H,190,0.5784951835459515
rolling_low_dist_3b,path_inside_70,TREND_DOWN,4H,189,0.6771833561957019
rolling_low_dist_3b,path_inside_70,TREND_DOWN,8H,189,0.55
rolling_low_dist_3b,path_inside_70,TREND_UP,12H,179,0.5963218390804598
rolling_low_dist_3b,path_inside_70,TREND_UP,1H,179,0.6528706800445931
rolling_low_dist_3b,path_inside_70,TREND_UP,24H,179,0.5106433301797539
rolling_low_dist_3b,path_inside_70,TREND_UP,2H,179,0.5399193548387097
rolling_low_dist_3b,path_inside_70,TREND_UP,4H,179,0.5705747126436782
rolling_low_dist_3b,path_inside_70,TREND_UP,8H,179,0.5622563352826511
rolling_low_dist_3b,path_inside_70,VOLATILITY_EXPANSION,12H,324,0.6704918032786885
rolling_low_dist_3b,path_inside_70,VOLATILITY_EXPANSION,1H,324,0.7329805996472664
rolling_low_dist_3b,path_inside_70,VOLATILITY_EXPANSION,24H,324,0.6525752508361204
rolling_low_dist_3b,path_inside_70,VOLATILITY_EXPANSION,2H,324,0.6597566471383506
rolling_low_dist_3b,path_inside_70,VOLATILITY_EXPANSION,4H,319,0.7568327974276527
rolling_low_dist_3b,path_inside_70,VOLATILITY_EXPANSION,8H,319,0.7916174734356553
rolling_low_dist_3b,trend_efficiency_high,HIGH_VOL,12H,163,0.5419664268585132
rolling_low_dist_3b,trend_efficiency_high,HIGH_VOL,1H,163,0.5135198135198136
rolling_low_dist_3b,trend_efficiency_high,HIGH_VOL,24H,163,0.5097826086956522
rolling_low_dist_3b,trend_efficiency_high,HIGH_VOL,2H,163,0.5428636570907432
rolling_low_dist_3b,trend_efficiency_high,HIGH_VOL,4H,163,0.5090264345583495
rolling_low_dist_3b,trend_efficiency_high,HIGH_VOL,8H,163,0.6027046783625731
rolling_low_dist_3b,trend_efficiency_high,LOW_VOL_RANGE,12H,1024,0.5001980043560958
rolling_low_dist_3b,trend_efficiency_high,LOW_VOL_RANGE,1H,1024,0.5251146153458612
rolling_low_dist_3b,trend_efficiency_high,LOW_VOL_RANGE,24H,1024,0.5206728496983163
rolling_low_dist_3b,trend_efficiency_high,LOW_VOL_RANGE,2H,1024,0.5273203184643909
rolling_low_dist_3b,trend_efficiency_high,LOW_VOL_RANGE,4H,1016,0.5258504606661942
rolling_low_dist_3b,trend_efficiency_high,LOW_VOL_RANGE,8H,1016,0.5346658785465406
rolling_low_dist_3b,trend_efficiency_high,NORMAL_RANGE,12H,2314,0.5049499284692418
rolling_low_dist_3b,trend_efficiency_high,NORMAL_RANGE,1H,2314,0.5126235296689842
rolling_low_dist_3b,trend_efficiency_high,NORMAL_RANGE,24H,2314,0.5388248663604879
rolling_low_dist_3b,trend_efficiency_high,NORMAL_RANGE,2H,2314,0.5058118979299037
rolling_low_dist_3b,trend_efficiency_high,NORMAL_RANGE,4H,2303,0.5213210564390238
rolling_low_dist_3b,trend_efficiency_high,NORMAL_RANGE,8H,2303,0.5049217570088713
rolling_low_dist_3b,trend_efficiency_high,TREND_DOWN,12H,190,0.510387811634349
rolling_low_dist_3b,trend_efficiency_high,TREND_DOWN,1H,190,0.6057900432900433
rolling_low_dist_3b,trend_efficiency_high,TREND_DOWN,24H,190,0.5591630591630592
rolling_low_dist_3b,trend_efficiency_high,TREND_DOWN,2H,190,0.509789156626506
rolling_low_dist_3b,trend_efficiency_high,TREND_DOWN,4H,189,0.5554730983302412
rolling_low_dist_3b,trend_efficiency_high,TREND_DOWN,8H,189,0.5235260770975056
rolling_low_dist_3b,trend_efficiency_high,TREND_UP,12H,179,0.5497076023391814
rolling_low_dist_3b,trend_efficiency_high,TREND_UP,1H,179,0.5532931121166416
rolling_low_dist_3b,trend_efficiency_high,TREND_UP,24H,179,0.5031319910514541
rolling_low_dist_3b,trend_efficiency_high,TREND_UP,2H,179,0.6404919583727531
rolling_low_dist_3b,trend_efficiency_high,TREND_UP,4H,179,0.559731543624161
rolling_low_dist_3b,trend_efficiency_high,TREND_UP,8H,179,0.608843537414966
rolling_low_dist_3b,trend_efficiency_high,VOLATILITY_EXPANSION,12H,324,0.5583993212669683
rolling_low_dist_3b,trend_efficiency_high,VOLATILITY_EXPANSION,1H,324,0.5535929951690821
rolling_low_dist_3b,trend_efficiency_high,VOLATILITY_EXPANSION,24H,324,0.508495444471805
rolling_low_dist_3b,trend_efficiency_high,VOLATILITY_EXPANSION,2H,324,0.5003429355281207
rolling_low_dist_3b,trend_efficiency_high,VOLATILITY_EXPANSION,4H,319,0.5506882440476191
rolling_low_dist_3b,trend_efficiency_high,VOLATILITY_EXPANSION,8H,319,0.5640161725067385
rolling_high_dist_12b,upside_breakout_occurred,HIGH_VOL,12H,163,0.541603401153963
rolling_high_dist_12b,upside_breakout_occurred,HIGH_VOL,1H,163,0.6973598435462842
rolling_high_dist_12b,upside_breakout_occurred,HIGH_VOL,24H,163,0.5103785103785103
rolling_high_dist_12b,upside_breakout_occurred,HIGH_VOL,2H,163,0.6161339421613394
rolling_high_dist_12b,upside_breakout_occurred,HIGH_VOL,4H,163,0.5925256178420735
rolling_high_dist_12b,upside_breakout_occurred,HIGH_VOL,8H,163,0.5616128057988523
rolling_high_dist_12b,upside_breakout_occurred,LOW_VOL_RANGE,12H,1024,0.5643810424548129
rolling_high_dist_12b,upside_breakout_occurred,LOW_VOL_RANGE,1H,1024,0.510365545155578
rolling_high_dist_12b,upside_breakout_occurred,LOW_VOL_RANGE,24H,1024,0.5478762438723691
rolling_high_dist_12b,upside_breakout_occurred,LOW_VOL_RANGE,2H,1024,0.5107789156127525
rolling_high_dist_12b,upside_breakout_occurred,LOW_VOL_RANGE,4H,1016,0.5034100944229333
rolling_high_dist_12b,upside_breakout_occurred,LOW_VOL_RANGE,8H,1016,0.5293312374019893
rolling_high_dist_12b,upside_breakout_occurred,NORMAL_RANGE,12H,2314,0.5281087787544843
rolling_high_dist_12b,upside_breakout_occurred,NORMAL_RANGE,1H,2314,0.5378433518111019
rolling_high_dist_12b,upside_breakout_occurred,NORMAL_RANGE,24H,2314,0.5537698616533114
rolling_high_dist_12b,upside_breakout_occurred,NORMAL_RANGE,2H,2314,0.5060419889467932
rolling_high_dist_12b,upside_breakout_occurred,NORMAL_RANGE,4H,2303,0.5066757395886237
rolling_high_dist_12b,upside_breakout_occurred,NORMAL_RANGE,8H,2303,0.5285535837005295
rolling_high_dist_12b,upside_breakout_occurred,TREND_DOWN,12H,190,0.6211007130124777
rolling_high_dist_12b,upside_breakout_occurred,TREND_DOWN,1H,190,0.5753982512875794
rolling_high_dist_12b,upside_breakout_occurred,TREND_DOWN,24H,190,0.6174242424242424
rolling_high_dist_12b,upside_breakout_occurred,TREND_DOWN,2H,190,0.5914492078285182
rolling_high_dist_12b,upside_breakout_occurred,TREND_DOWN,4H,189,0.6082853855005754
rolling_high_dist_12b,upside_breakout_occurred,TREND_DOWN,8H,189,0.5814581458145814
rolling_high_dist_12b,upside_breakout_occurred,TREND_UP,12H,179,0.5543285097740543
rolling_high_dist_12b,upside_breakout_occurred,TREND_UP,1H,179,0.6140734265734266
rolling_high_dist_12b,upside_breakout_occurred,TREND_UP,24H,179,0.6108891108891109
rolling_high_dist_12b,upside_breakout_occurred,TREND_UP,2H,179,0.6148496240601504
rolling_high_dist_12b,upside_breakout_occurred,TREND_UP,4H,179,0.6753846153846154
rolling_high_dist_12b,upside_breakout_occurred,TREND_UP,8H,179,0.6278205128205128
rolling_high_dist_12b,upside_breakout_occurred,VOLATILITY_EXPANSION,12H,324,0.5884690494572868
rolling_high_dist_12b,upside_breakout_occurred,VOLATILITY_EXPANSION,1H,324,0.6011721443346357
rolling_high_dist_12b,upside_breakout_occurred,VOLATILITY_EXPANSION,24H,324,0.5634476078167115
rolling_high_dist_12b,upside_breakout_occurred,VOLATILITY_EXPANSION,2H,324,0.5804361567635904
rolling_high_dist_12b,upside_breakout_occurred,VOLATILITY_EXPANSION,4H,319,0.5515068493150685
rolling_high_dist_12b,upside_breakout_occurred,VOLATILITY_EXPANSION,8H,319,0.5141302316890882
rolling_high_dist_12b,downside_breakdown_occurred,HIGH_VOL,12H,163,0.5608222901800883
rolling_high_dist_12b,downside_breakdown_occurred,HIGH_VOL,1H,163,0.6503367003367003
rolling_high_dist_12b,downside_breakdown_occurred,HIGH_VOL,24H,163,0.5584437648657832
rolling_high_dist_12b,downside_breakdown_occurred,HIGH_VOL,2H,163,0.6408233276157804
rolling_high_dist_12b,downside_breakdown_occurred,HIGH_VOL,4H,163,0.5556749015395632
rolling_high_dist_12b,downside_breakdown_occurred,HIGH_VOL,8H,163,0.5864077669902913
rolling_high_dist_12b,downside_breakdown_occurred,LOW_VOL_RANGE,12H,1024,0.542170917892385
rolling_high_dist_12b,downside_breakdown_occurred,LOW_VOL_RANGE,1H,1024,0.5734614909819981
rolling_high_dist_12b,downside_breakdown_occurred,LOW_VOL_RANGE,24H,1024,0.536254003645308
rolling_high_dist_12b,downside_breakdown_occurred,LOW_VOL_RANGE,2H,1024,0.586343309253526
rolling_high_dist_12b,downside_breakdown_occurred,LOW_VOL_RANGE,4H,1016,0.5752845869124938
rolling_high_dist_12b,downside_breakdown_occurred,LOW_VOL_RANGE,8H,1016,0.5672015097573839
rolling_high_dist_12b,downside_breakdown_occurred,NORMAL_RANGE,12H,2314,0.5589450127877238
rolling_high_dist_12b,downside_breakdown_occurred,NORMAL_RANGE,1H,2314,0.5678557489849331
rolling_high_dist_12b,downside_breakdown_occurred,NORMAL_RANGE,24H,2314,0.5819157610400036
rolling_high_dist_12b,downside_breakdown_occurred,NORMAL_RANGE,2H,2314,0.5631620010585562
rolling_high_dist_12b,downside_breakdown_occurred,NORMAL_RANGE,4H,2303,0.5521507256513376
rolling_high_dist_12b,downside_breakdown_occurred,NORMAL_RANGE,8H,2303,0.5457408336575942
rolling_high_dist_12b,downside_breakdown_occurred,TREND_DOWN,12H,190,0.5517508865248227
rolling_high_dist_12b,downside_breakdown_occurred,TREND_DOWN,1H,190,0.5576136363636364
rolling_high_dist_12b,downside_breakdown_occurred,TREND_DOWN,24H,190,0.5069813829787234
rolling_high_dist_12b,downside_breakdown_occurred,TREND_DOWN,2H,190,0.5272505272505272
rolling_high_dist_12b,downside_breakdown_occurred,TREND_DOWN,4H,189,0.555356342447333
rolling_high_dist_12b,downside_breakdown_occurred,TREND_DOWN,8H,189,0.5202488687782806
rolling_high_dist_12b,downside_breakdown_occurred,TREND_UP,12H,179,0.5713379030210713
rolling_high_dist_12b,downside_breakdown_occurred,TREND_UP,1H,179,0.6071428571428571
rolling_high_dist_12b,downside_breakdown_occurred,TREND_UP,24H,179,0.584297208951471
rolling_high_dist_12b,downside_breakdown_occurred,TREND_UP,2H,179,0.5776846915460777
rolling_high_dist_12b,downside_breakdown_occurred,TREND_UP,4H,179,0.5865384615384616
rolling_high_dist_12b,downside_breakdown_occurred,TREND_UP,8H,179,0.5889317889317889
rolling_high_dist_12b,downside_breakdown_occurred,VOLATILITY_EXPANSION,12H,324,0.5841593973037272
rolling_high_dist_12b,downside_breakdown_occurred,VOLATILITY_EXPANSION,1H,324,0.6695052916564115
rolling_high_dist_12b,downside_breakdown_occurred,VOLATILITY_EXPANSION,24H,324,0.631431585781529
rolling_high_dist_12b,downside_breakdown_occurred,VOLATILITY_EXPANSION,2H,324,0.635444267797209
rolling_high_dist_12b,downside_breakdown_occurred,VOLATILITY_EXPANSION,4H,319,0.6105278691289316
rolling_high_dist_12b,downside_breakdown_occurred,VOLATILITY_EXPANSION,8H,319,0.5460389448281601
rolling_high_dist_12b,range_breached,HIGH_VOL,12H,163,0.6211711711711712
rolling_high_dist_12b,range_breached,HIGH_VOL,1H,163,0.6278481012658228
rolling_high_dist_12b,range_breached,HIGH_VOL,24H,163,0.7133333333333334
rolling_high_dist_12b,range_breached,HIGH_VOL,2H,163,0.5095541401273885
rolling_high_dist_12b,range_breached,HIGH_VOL,4H,163,0.7252747252747253
rolling_high_dist_12b,range_breached,HIGH_VOL,8H,163,0.5388111888111888
rolling_high_dist_12b,range_breached,LOW_VOL_RANGE,12H,1024,0.6269901032702238
rolling_high_dist_12b,range_breached,LOW_VOL_RANGE,1H,1024,0.5362414085818341
rolling_high_dist_12b,range_breached,LOW_VOL_RANGE,24H,1024,0.560992275698158
rolling_high_dist_12b,range_breached,LOW_VOL_RANGE,2H,1024,0.59375
rolling_high_dist_12b,range_breached,LOW_VOL_RANGE,4H,1016,0.6873554077501446
rolling_high_dist_12b,range_breached,LOW_VOL_RANGE,8H,1016,0.6428932909196067
rolling_high_dist_12b,range_breached,NORMAL_RANGE,12H,2314,0.6016488572094564
rolling_high_dist_12b,range_breached,NORMAL_RANGE,1H,2314,0.539845623501199
rolling_high_dist_12b,range_breached,NORMAL_RANGE,24H,2314,0.6588026382546931
rolling_high_dist_12b,range_breached,NORMAL_RANGE,2H,2314,0.6510175536389865
rolling_high_dist_12b,range_breached,NORMAL_RANGE,4H,2303,0.6388798436991208
rolling_high_dist_12b,range_breached,NORMAL_RANGE,8H,2303,0.6231797857082595
rolling_high_dist_12b,range_breached,TREND_DOWN,12H,190,0.6726078799249531
rolling_high_dist_12b,range_breached,TREND_DOWN,1H,190,0.7171030261815708
rolling_high_dist_12b,range_breached,TREND_DOWN,24H,190,0.6616465863453815
rolling_high_dist_12b,range_breached,TREND_DOWN,2H,190,0.6378547253319448
rolling_high_dist_12b,range_breached,TREND_DOWN,4H,189,0.7302240512117055
rolling_high_dist_12b,range_breached,TREND_DOWN,8H,189,0.6060606060606061
rolling_high_dist_12b,range_breached,TREND_UP,12H,179,0.6457471264367816
rolling_high_dist_12b,range_breached,TREND_UP,1H,179,0.7332775919732442
rolling_high_dist_12b,range_breached,TREND_UP,24H,179,0.6927625354777672
rolling_high_dist_12b,range_breached,TREND_UP,2H,179,0.6827956989247311
rolling_high_dist_12b,range_breached,TREND_UP,4H,179,0.7071264367816092
rolling_high_dist_12b,range_breached,TREND_UP,8H,179,0.6985867446393762
rolling_high_dist_12b,range_breached,VOLATILITY_EXPANSION,12H,324,0.6279551337359793
rolling_high_dist_12b,range_breached,VOLATILITY_EXPANSION,1H,324,0.7135802469135802
rolling_high_dist_12b,range_breached,VOLATILITY_EXPANSION,24H,324,0.671170568561873
rolling_high_dist_12b,range_breached,VOLATILITY_EXPANSION,2H,324,0.668769716088328
rolling_high_dist_12b,range_breached,VOLATILITY_EXPANSION,4H,319,0.7202572347266881
rolling_high_dist_12b,range_breached,VOLATILITY_EXPANSION,8H,319,0.5268595041322314
rolling_high_dist_12b,path_inside_70,HIGH_VOL,12H,163,0.6211711711711712
rolling_high_dist_12b,path_inside_70,HIGH_VOL,1H,163,0.6278481012658228
rolling_high_dist_12b,path_inside_70,HIGH_VOL,24H,163,0.7133333333333334
rolling_high_dist_12b,path_inside_70,HIGH_VOL,2H,163,0.5095541401273885
rolling_high_dist_12b,path_inside_70,HIGH_VOL,4H,163,0.7252747252747253
rolling_high_dist_12b,path_inside_70,HIGH_VOL,8H,163,0.5388111888111888
rolling_high_dist_12b,path_inside_70,LOW_VOL_RANGE,12H,1024,0.6269901032702238
rolling_high_dist_12b,path_inside_70,LOW_VOL_RANGE,1H,1024,0.5362414085818341
rolling_high_dist_12b,path_inside_70,LOW_VOL_RANGE,24H,1024,0.560992275698158
rolling_high_dist_12b,path_inside_70,LOW_VOL_RANGE,2H,1024,0.59375
rolling_high_dist_12b,path_inside_70,LOW_VOL_RANGE,4H,1016,0.6873554077501446
rolling_high_dist_12b,path_inside_70,LOW_VOL_RANGE,8H,1016,0.6428932909196068
rolling_high_dist_12b,path_inside_70,NORMAL_RANGE,12H,2314,0.6016488572094564
rolling_high_dist_12b,path_inside_70,NORMAL_RANGE,1H,2314,0.539845623501199
rolling_high_dist_12b,path_inside_70,NORMAL_RANGE,24H,2314,0.658802638254693
rolling_high_dist_12b,path_inside_70,NORMAL_RANGE,2H,2314,0.6510175536389865
rolling_high_dist_12b,path_inside_70,NORMAL_RANGE,4H,2303,0.6388798436991208
rolling_high_dist_12b,path_inside_70,NORMAL_RANGE,8H,2303,0.6231797857082595
rolling_high_dist_12b,path_inside_70,TREND_DOWN,12H,190,0.6726078799249531
rolling_high_dist_12b,path_inside_70,TREND_DOWN,1H,190,0.717103026181571
rolling_high_dist_12b,path_inside_70,TREND_DOWN,24H,190,0.6616465863453815
rolling_high_dist_12b,path_inside_70,TREND_DOWN,2H,190,0.6378547253319449
rolling_high_dist_12b,path_inside_70,TREND_DOWN,4H,189,0.7302240512117055
rolling_high_dist_12b,path_inside_70,TREND_DOWN,8H,189,0.6060606060606061
rolling_high_dist_12b,path_inside_70,TREND_UP,12H,179,0.6457471264367816
rolling_high_dist_12b,path_inside_70,TREND_UP,1H,179,0.7332775919732442
rolling_high_dist_12b,path_inside_70,TREND_UP,24H,179,0.6927625354777673
rolling_high_dist_12b,path_inside_70,TREND_UP,2H,179,0.6827956989247312
rolling_high_dist_12b,path_inside_70,TREND_UP,4H,179,0.7071264367816092
rolling_high_dist_12b,path_inside_70,TREND_UP,8H,179,0.6985867446393762
rolling_high_dist_12b,path_inside_70,VOLATILITY_EXPANSION,12H,324,0.6279551337359792
rolling_high_dist_12b,path_inside_70,VOLATILITY_EXPANSION,1H,324,0.7135802469135802
rolling_high_dist_12b,path_inside_70,VOLATILITY_EXPANSION,24H,324,0.671170568561873
rolling_high_dist_12b,path_inside_70,VOLATILITY_EXPANSION,2H,324,0.6687697160883281
rolling_high_dist_12b,path_inside_70,VOLATILITY_EXPANSION,4H,319,0.7202572347266881
rolling_high_dist_12b,path_inside_70,VOLATILITY_EXPANSION,8H,319,0.5268595041322315
rolling_high_dist_12b,trend_efficiency_high,HIGH_VOL,12H,163,0.5566546762589928
rolling_high_dist_12b,trend_efficiency_high,HIGH_VOL,1H,163,0.6004662004662005
rolling_high_dist_12b,trend_efficiency_high,HIGH_VOL,24H,163,0.5208333333333334
rolling_high_dist_12b,trend_efficiency_high,HIGH_VOL,2H,163,0.521203830369357
rolling_high_dist_12b,trend_efficiency_high,HIGH_VOL,4H,163,0.5673758865248227
rolling_high_dist_12b,trend_efficiency_high,HIGH_VOL,8H,163,0.589546783625731
rolling_high_dist_12b,trend_efficiency_high,LOW_VOL_RANGE,12H,1024,0.5167493684861066
rolling_high_dist_12b,trend_efficiency_high,LOW_VOL_RANGE,1H,1024,0.5680674809094377
rolling_high_dist_12b,trend_efficiency_high,LOW_VOL_RANGE,24H,1024,0.5293796303684654
rolling_high_dist_12b,trend_efficiency_high,LOW_VOL_RANGE,2H,1024,0.5199294724979096
rolling_high_dist_12b,trend_efficiency_high,LOW_VOL_RANGE,4H,1016,0.5263571934798016
rolling_high_dist_12b,trend_efficiency_high,LOW_VOL_RANGE,8H,1016,0.5019661523145844
rolling_high_dist_12b,trend_efficiency_high,NORMAL_RANGE,12H,2314,0.5031521220791607
rolling_high_dist_12b,trend_efficiency_high,NORMAL_RANGE,1H,2314,0.5106926953517863
rolling_high_dist_12b,trend_efficiency_high,NORMAL_RANGE,24H,2314,0.5260897031697034
rolling_high_dist_12b,trend_efficiency_high,NORMAL_RANGE,2H,2314,0.5240770393523263
rolling_high_dist_12b,trend_efficiency_high,NORMAL_RANGE,4H,2303,0.5030465904331604
rolling_high_dist_12b,trend_efficiency_high,NORMAL_RANGE,8H,2303,0.5257948041069638
rolling_high_dist_12b,trend_efficiency_high,TREND_DOWN,12H,190,0.5661357340720221
rolling_high_dist_12b,trend_efficiency_high,TREND_DOWN,1H,190,0.5040584415584416
rolling_high_dist_12b,trend_efficiency_high,TREND_DOWN,24H,190,0.6248196248196248
rolling_high_dist_12b,trend_efficiency_high,TREND_DOWN,2H,190,0.5130522088353414
rolling_high_dist_12b,trend_efficiency_high,TREND_DOWN,4H,189,0.6423005565862708
rolling_high_dist_12b,trend_efficiency_high,TREND_DOWN,8H,189,0.6020408163265306
rolling_high_dist_12b,trend_efficiency_high,TREND_UP,12H,179,0.5398391812865497
rolling_high_dist_12b,trend_efficiency_high,TREND_UP,1H,179,0.5350678733031674
rolling_high_dist_12b,trend_efficiency_high,TREND_UP,24H,179,0.55917225950783
rolling_high_dist_12b,trend_efficiency_high,TREND_UP,2H,179,0.5314569536423841
rolling_high_dist_12b,trend_efficiency_high,TREND_UP,4H,179,0.5197986577181208
rolling_high_dist_12b,trend_efficiency_high,TREND_UP,8H,179,0.5281675170068028
rolling_high_dist_12b,trend_efficiency_high,VOLATILITY_EXPANSION,12H,324,0.5024391968325792
rolling_high_dist_12b,trend_efficiency_high,VOLATILITY_EXPANSION,1H,324,0.5521588164251208
rolling_high_dist_12b,trend_efficiency_high,VOLATILITY_EXPANSION,24H,324,0.5141590741196749
rolling_high_dist_12b,trend_efficiency_high,VOLATILITY_EXPANSION,2H,324,0.5516117969821673
rolling_high_dist_12b,trend_efficiency_high,VOLATILITY_EXPANSION,4H,319,0.5372023809523809
rolling_high_dist_12b,trend_efficiency_high,VOLATILITY_EXPANSION,8H,319,0.5512838700524897
rolling_low_dist_24b,upside_breakout_occurred,HIGH_VOL,12H,163,0.7698147585788035
rolling_low_dist_24b,upside_breakout_occurred,HIGH_VOL,1H,163,0.608702737940026
rolling_low_dist_24b,upside_breakout_occurred,HIGH_VOL,24H,163,0.6813186813186813
rolling_low_dist_24b,upside_breakout_occurred,HIGH_VOL,2H,163,0.5635464231354642
rolling_low_dist_24b,upside_breakout_occurred,HIGH_VOL,4H,163,0.6419529837251357
rolling_low_dist_24b,upside_breakout_occurred,HIGH_VOL,8H,163,0.724630021141649
rolling_low_dist_24b,upside_breakout_occurred,LOW_VOL_RANGE,12H,1024,0.5891209541824296
rolling_low_dist_24b,upside_breakout_occurred,LOW_VOL_RANGE,1H,1024,0.594318660932625
rolling_low_dist_24b,upside_breakout_occurred,LOW_VOL_RANGE,24H,1024,0.6159479848533771
rolling_low_dist_24b,upside_breakout_occurred,LOW_VOL_RANGE,2H,1024,0.6026732582623822
rolling_low_dist_24b,upside_breakout_occurred,LOW_VOL_RANGE,4H,1016,0.5579965129180535
rolling_low_dist_24b,upside_breakout_occurred,LOW_VOL_RANGE,8H,1016,0.5593257143396636
rolling_low_dist_24b,upside_breakout_occurred,NORMAL_RANGE,12H,2314,0.5976814649460838
rolling_low_dist_24b,upside_breakout_occurred,NORMAL_RANGE,1H,2314,0.5784058615810717
rolling_low_dist_24b,upside_breakout_occurred,NORMAL_RANGE,24H,2314,0.6141933771659476
rolling_low_dist_24b,upside_breakout_occurred,NORMAL_RANGE,2H,2314,0.5778641919755894
rolling_low_dist_24b,upside_breakout_occurred,NORMAL_RANGE,4H,2303,0.5973344654647028
rolling_low_dist_24b,upside_breakout_occurred,NORMAL_RANGE,8H,2303,0.60964264057889
rolling_low_dist_24b,upside_breakout_occurred,TREND_DOWN,12H,190,0.6378119429590018
rolling_low_dist_24b,upside_breakout_occurred,TREND_DOWN,1H,190,0.68367469157983
rolling_low_dist_24b,upside_breakout_occurred,TREND_DOWN,24H,190,0.6154188948306596
rolling_low_dist_24b,upside_breakout_occurred,TREND_DOWN,2H,190,0.6237185461323392
rolling_low_dist_24b,upside_breakout_occurred,TREND_DOWN,4H,189,0.622554660529344
rolling_low_dist_24b,upside_breakout_occurred,TREND_DOWN,8H,189,0.6245499549954996
rolling_low_dist_24b,upside_breakout_occurred,TREND_UP,12H,179,0.6082762122366083
rolling_low_dist_24b,upside_breakout_occurred,TREND_UP,1H,179,0.5770479520479521
rolling_low_dist_24b,upside_breakout_occurred,TREND_UP,24H,179,0.5884115884115884
rolling_low_dist_24b,upside_breakout_occurred,TREND_UP,2H,179,0.537468671679198
rolling_low_dist_24b,upside_breakout_occurred,TREND_UP,4H,179,0.588974358974359
rolling_low_dist_24b,upside_breakout_occurred,TREND_UP,8H,179,0.6153846153846154
rolling_low_dist_24b,upside_breakout_occurred,VOLATILITY_EXPANSION,12H,324,0.5793178618465871
rolling_low_dist_24b,upside_breakout_occurred,VOLATILITY_EXPANSION,1H,324,0.677959089864399
rolling_low_dist_24b,upside_breakout_occurred,VOLATILITY_EXPANSION,24H,324,0.6081957547169812
rolling_low_dist_24b,upside_breakout_occurred,VOLATILITY_EXPANSION,2H,324,0.6308018782734333
rolling_low_dist_24b,upside_breakout_occurred,VOLATILITY_EXPANSION,4H,319,0.6202283105022831
rolling_low_dist_24b,upside_breakout_occurred,VOLATILITY_EXPANSION,8H,319,0.5606782511210762
rolling_low_dist_24b,downside_breakdown_occurred,HIGH_VOL,12H,163,0.5282025144410465
rolling_low_dist_24b,downside_breakdown_occurred,HIGH_VOL,1H,163,0.5227272727272727
rolling_low_dist_24b,downside_breakdown_occurred,HIGH_VOL,24H,163,0.5227658851512063
rolling_low_dist_24b,downside_breakdown_occurred,HIGH_VOL,2H,163,0.5308747855917667
rolling_low_dist_24b,downside_breakdown_occurred,HIGH_VOL,4H,163,0.5257787325456499
rolling_low_dist_24b,downside_breakdown_occurred,HIGH_VOL,8H,163,0.5027508090614887
rolling_low_dist_24b,downside_breakdown_occurred,LOW_VOL_RANGE,12H,1024,0.5050249281118766
rolling_low_dist_24b,downside_breakdown_occurred,LOW_VOL_RANGE,1H,1024,0.5151009496890417
rolling_low_dist_24b,downside_breakdown_occurred,LOW_VOL_RANGE,24H,1024,0.5481322220452656
rolling_low_dist_24b,downside_breakdown_occurred,LOW_VOL_RANGE,2H,1024,0.5120685701181057
rolling_low_dist_24b,downside_breakdown_occurred,LOW_VOL_RANGE,4H,1016,0.5053672003056409
rolling_low_dist_24b,downside_breakdown_occurred,LOW_VOL_RANGE,8H,1016,0.5026288897679325
rolling_low_dist_24b,downside_breakdown_occurred,NORMAL_RANGE,12H,2314,0.5130933503836317
rolling_low_dist_24b,downside_breakdown_occurred,NORMAL_RANGE,1H,2314,0.5043238735872695
rolling_low_dist_24b,downside_breakdown_occurred,NORMAL_RANGE,24H,2314,0.5093994221272575
rolling_low_dist_24b,downside_breakdown_occurred,NORMAL_RANGE,2H,2314,0.5177364646803677
rolling_low_dist_24b,downside_breakdown_occurred,NORMAL_RANGE,4H,2303,0.5159830639722229
rolling_low_dist_24b,downside_breakdown_occurred,NORMAL_RANGE,8H,2303,0.5056327523944104
rolling_low_dist_24b,downside_breakdown_occurred,TREND_DOWN,12H,190,0.5011081560283688
rolling_low_dist_24b,downside_breakdown_occurred,TREND_DOWN,1H,190,0.5722727272727273
rolling_low_dist_24b,downside_breakdown_occurred,TREND_DOWN,24H,190,0.5326906028368794
rolling_low_dist_24b,downside_breakdown_occurred,TREND_DOWN,2H,190,0.542013542013542
rolling_low_dist_24b,downside_breakdown_occurred,TREND_DOWN,4H,189,0.5536754818467056
rolling_low_dist_24b,downside_breakdown_occurred,TREND_DOWN,8H,189,0.526131221719457
rolling_low_dist_24b,downside_breakdown_occurred,TREND_UP,12H,179,0.5869510027925869
rolling_low_dist_24b,downside_breakdown_occurred,TREND_UP,1H,179,0.5671641791044777
rolling_low_dist_24b,downside_breakdown_occurred,TREND_UP,24H,179,0.5724163942670355
rolling_low_dist_24b,downside_breakdown_occurred,TREND_UP,2H,179,0.586062452399086
rolling_low_dist_24b,downside_breakdown_occurred,TREND_UP,4H,179,0.5475641025641025
rolling_low_dist_24b,downside_breakdown_occurred,TREND_UP,8H,179,0.5904761904761905
rolling_low_dist_24b,downside_breakdown_occurred,VOLATILITY_EXPANSION,12H,324,0.5311260904044409
rolling_low_dist_24b,downside_breakdown_occurred,VOLATILITY_EXPANSION,1H,324,0.5840019689884322
rolling_low_dist_24b,downside_breakdown_occurred,VOLATILITY_EXPANSION,24H,324,0.5827381918519721
rolling_low_dist_24b,downside_breakdown_occurred,VOLATILITY_EXPANSION,2H,324,0.5021197668256492
rolling_low_dist_24b,downside_breakdown_occurred,VOLATILITY_EXPANSION,4H,319,0.5160215869803525
rolling_low_dist_24b,downside_breakdown_occurred,VOLATILITY_EXPANSION,8H,319,0.54127486061413
rolling_low_dist_24b,range_breached,HIGH_VOL,12H,163,0.8018018018018018
rolling_low_dist_24b,range_breached,HIGH_VOL,1H,163,0.769620253164557
rolling_low_dist_24b,range_breached,HIGH_VOL,24H,163,0.7687179487179487
rolling_low_dist_24b,range_breached,HIGH_VOL,2H,163,0.6114649681528662
rolling_low_dist_24b,range_breached,HIGH_VOL,4H,163,0.7133699633699634
rolling_low_dist_24b,range_breached,HIGH_VOL,8H,163,0.6659090909090909
rolling_low_dist_24b,range_breached,LOW_VOL_RANGE,12H,1024,0.721815834767642
rolling_low_dist_24b,range_breached,LOW_VOL_RANGE,1H,1024,0.7141487992551823
rolling_low_dist_24b,range_breached,LOW_VOL_RANGE,24H,1024,0.623871063576946
rolling_low_dist_24b,range_breached,LOW_VOL_RANGE,2H,1024,0.6637567476383266
rolling_low_dist_24b,range_breached,LOW_VOL_RANGE,4H,1016,0.6650882012724117
rolling_low_dist_24b,range_breached,LOW_VOL_RANGE,8H,1016,0.7354323308270676
rolling_low_dist_24b,range_breached,NORMAL_RANGE,12H,2314,0.6650002249185182
rolling_low_dist_24b,range_breached,NORMAL_RANGE,1H,2314,0.6078387290167866
rolling_low_dist_24b,range_breached,NORMAL_RANGE,24H,2314,0.7389069214452941
rolling_low_dist_24b,range_breached,NORMAL_RANGE,2H,2314,0.6859648307862234
rolling_low_dist_24b,range_breached,NORMAL_RANGE,4H,2303,0.6707885596439813
rolling_low_dist_24b,range_breached,NORMAL_RANGE,8H,2303,0.6754851092550409
rolling_low_dist_24b,range_breached,TREND_DOWN,12H,190,0.6435272045028142
rolling_low_dist_24b,range_breached,TREND_DOWN,1H,190,0.7463447806868413
rolling_low_dist_24b,range_breached,TREND_DOWN,24H,190,0.6875
rolling_low_dist_24b,range_breached,TREND_DOWN,2H,190,0.6201510023431398
rolling_low_dist_24b,range_breached,TREND_DOWN,4H,189,0.6321444901691815
rolling_low_dist_24b,range_breached,TREND_DOWN,8H,189,0.6138888888888889
rolling_low_dist_24b,range_breached,TREND_UP,12H,179,0.6432183908045976
rolling_low_dist_24b,range_breached,TREND_UP,1H,179,0.6842251950947603
rolling_low_dist_24b,range_breached,TREND_UP,24H,179,0.5813623462630085
rolling_low_dist_24b,range_breached,TREND_UP,2H,179,0.6647849462365591
rolling_low_dist_24b,range_breached,TREND_UP,4H,179,0.6149425287356323
rolling_low_dist_24b,range_breached,TREND_UP,8H,179,0.7110136452241715
rolling_low_dist_24b,range_breached,VOLATILITY_EXPANSION,12H,324,0.6400345125107851
rolling_low_dist_24b,range_breached,VOLATILITY_EXPANSION,1H,324,0.7657848324514991
rolling_low_dist_24b,range_breached,VOLATILITY_EXPANSION,24H,324,0.6733110367892976
rolling_low_dist_24b,range_breached,VOLATILITY_EXPANSION,2H,324,0.6674177557458314
rolling_low_dist_24b,range_breached,VOLATILITY_EXPANSION,4H,319,0.8810289389067524
rolling_low_dist_24b,range_breached,VOLATILITY_EXPANSION,8H,319,0.8037190082644627
rolling_low_dist_24b,path_inside_70,HIGH_VOL,12H,163,0.8018018018018018
rolling_low_dist_24b,path_inside_70,HIGH_VOL,1H,163,0.769620253164557
rolling_low_dist_24b,path_inside_70,HIGH_VOL,24H,163,0.7687179487179487
rolling_low_dist_24b,path_inside_70,HIGH_VOL,2H,163,0.6114649681528662
rolling_low_dist_24b,path_inside_70,HIGH_VOL,4H,163,0.7133699633699634
rolling_low_dist_24b,path_inside_70,HIGH_VOL,8H,163,0.6659090909090909
rolling_low_dist_24b,path_inside_70,LOW_VOL_RANGE,12H,1024,0.721815834767642
rolling_low_dist_24b,path_inside_70,LOW_VOL_RANGE,1H,1024,0.7141487992551823
rolling_low_dist_24b,path_inside_70,LOW_VOL_RANGE,24H,1024,0.6238710635769459
rolling_low_dist_24b,path_inside_70,LOW_VOL_RANGE,2H,1024,0.6637567476383266
rolling_low_dist_24b,path_inside_70,LOW_VOL_RANGE,4H,1016,0.6650882012724117
rolling_low_dist_24b,path_inside_70,LOW_VOL_RANGE,8H,1016,0.7354323308270677
rolling_low_dist_24b,path_inside_70,NORMAL_RANGE,12H,2314,0.6650002249185182
rolling_low_dist_24b,path_inside_70,NORMAL_RANGE,1H,2314,0.6078387290167866
rolling_low_dist_24b,path_inside_70,NORMAL_RANGE,24H,2314,0.7389069214452941
rolling_low_dist_24b,path_inside_70,NORMAL_RANGE,2H,2314,0.6859648307862234
rolling_low_dist_24b,path_inside_70,NORMAL_RANGE,4H,2303,0.6707885596439813
rolling_low_dist_24b,path_inside_70,NORMAL_RANGE,8H,2303,0.6754851092550409
rolling_low_dist_24b,path_inside_70,TREND_DOWN,12H,190,0.6435272045028143
rolling_low_dist_24b,path_inside_70,TREND_DOWN,1H,190,0.7463447806868412
rolling_low_dist_24b,path_inside_70,TREND_DOWN,24H,190,0.6875
rolling_low_dist_24b,path_inside_70,TREND_DOWN,2H,190,0.6201510023431398
rolling_low_dist_24b,path_inside_70,TREND_DOWN,4H,189,0.6321444901691815
rolling_low_dist_24b,path_inside_70,TREND_DOWN,8H,189,0.6138888888888889
rolling_low_dist_24b,path_inside_70,TREND_UP,12H,179,0.6432183908045978
rolling_low_dist_24b,path_inside_70,TREND_UP,1H,179,0.6842251950947603
rolling_low_dist_24b,path_inside_70,TREND_UP,24H,179,0.5813623462630085
rolling_low_dist_24b,path_inside_70,TREND_UP,2H,179,0.6647849462365591
rolling_low_dist_24b,path_inside_70,TREND_UP,4H,179,0.6149425287356322
rolling_low_dist_24b,path_inside_70,TREND_UP,8H,179,0.7110136452241715
rolling_low_dist_24b,path_inside_70,VOLATILITY_EXPANSION,12H,324,0.6400345125107851
rolling_low_dist_24b,path_inside_70,VOLATILITY_EXPANSION,1H,324,0.7657848324514991
rolling_low_dist_24b,path_inside_70,VOLATILITY_EXPANSION,24H,324,0.6733110367892977
rolling_low_dist_24b,path_inside_70,VOLATILITY_EXPANSION,2H,324,0.6674177557458315
rolling_low_dist_24b,path_inside_70,VOLATILITY_EXPANSION,4H,319,0.8810289389067524
rolling_low_dist_24b,path_inside_70,VOLATILITY_EXPANSION,8H,319,0.8037190082644629
rolling_low_dist_24b,trend_efficiency_high,HIGH_VOL,12H,163,0.5551558752997602
rolling_low_dist_24b,trend_efficiency_high,HIGH_VOL,1H,163,0.5934731934731935
rolling_low_dist_24b,trend_efficiency_high,HIGH_VOL,24H,163,0.5261775362318841
rolling_low_dist_24b,trend_efficiency_high,HIGH_VOL,2H,163,0.5255357957136343
rolling_low_dist_24b,trend_efficiency_high,HIGH_VOL,4H,163,0.59284332688588
rolling_low_dist_24b,trend_efficiency_high,HIGH_VOL,8H,163,0.5043859649122807
rolling_low_dist_24b,trend_efficiency_high,LOW_VOL_RANGE,12H,1024,0.5144573180609974
rolling_low_dist_24b,trend_efficiency_high,LOW_VOL_RANGE,1H,1024,0.509856559884269
rolling_low_dist_24b,trend_efficiency_high,LOW_VOL_RANGE,24H,1024,0.5218728325118617
rolling_low_dist_24b,trend_efficiency_high,LOW_VOL_RANGE,2H,1024,0.5100047260697277
rolling_low_dist_24b,trend_efficiency_high,LOW_VOL_RANGE,4H,1016,0.5094613749114103
rolling_low_dist_24b,trend_efficiency_high,LOW_VOL_RANGE,8H,1016,0.5112307117969139
rolling_low_dist_24b,trend_efficiency_high,NORMAL_RANGE,12H,2314,0.5305549594659037
rolling_low_dist_24b,trend_efficiency_high,NORMAL_RANGE,1H,2314,0.5126467598058507
rolling_low_dist_24b,trend_efficiency_high,NORMAL_RANGE,24H,2314,0.5306023895121217
rolling_low_dist_24b,trend_efficiency_high,NORMAL_RANGE,2H,2314,0.5045757327321172
rolling_low_dist_24b,trend_efficiency_high,NORMAL_RANGE,4H,2303,0.5005704821494295
rolling_low_dist_24b,trend_efficiency_high,NORMAL_RANGE,8H,2303,0.5007399134440876
rolling_low_dist_24b,trend_efficiency_high,TREND_DOWN,12H,190,0.5093490304709141
rolling_low_dist_24b,trend_efficiency_high,TREND_DOWN,1H,190,0.538961038961039
rolling_low_dist_24b,trend_efficiency_high,TREND_DOWN,24H,190,0.630050505050505
rolling_low_dist_24b,trend_efficiency_high,TREND_DOWN,2H,190,0.5657630522088353
rolling_low_dist_24b,trend_efficiency_high,TREND_DOWN,4H,189,0.5836734693877551
rolling_low_dist_24b,trend_efficiency_high,TREND_DOWN,8H,189,0.5266439909297053
rolling_low_dist_24b,trend_efficiency_high,TREND_UP,12H,179,0.5363060428849903
rolling_low_dist_24b,trend_efficiency_high,TREND_UP,1H,179,0.5392156862745099
rolling_low_dist_24b,trend_efficiency_high,TREND_UP,24H,179,0.5604026845637584
rolling_low_dist_24b,trend_efficiency_high,TREND_UP,2H,179,0.5709555345316935
rolling_low_dist_24b,trend_efficiency_high,TREND_UP,4H,179,0.5507829977628635
rolling_low_dist_24b,trend_efficiency_high,TREND_UP,8H,179,0.5144557823129252
rolling_low_dist_24b,trend_efficiency_high,VOLATILITY_EXPANSION,12H,324,0.5185237556561086
rolling_low_dist_24b,trend_efficiency_high,VOLATILITY_EXPANSION,1H,324,0.5305706521739131
rolling_low_dist_24b,trend_efficiency_high,VOLATILITY_EXPANSION,24H,324,0.5482639743905442
rolling_low_dist_24b,trend_efficiency_high,VOLATILITY_EXPANSION,2H,324,0.5079561042524006
rolling_low_dist_24b,trend_efficiency_high,VOLATILITY_EXPANSION,4H,319,0.5686383928571428
rolling_low_dist_24b,trend_efficiency_high,VOLATILITY_EXPANSION,8H,319,0.5374521208682083
rv_96b,upside_breakout_occurred,HIGH_VOL,12H,163,0.7348921955663529
rv_96b,upside_breakout_occurred,HIGH_VOL,1H,163,0.5159713168187745
rv_96b,upside_breakout_occurred,HIGH_VOL,24H,163,0.6398046398046398
rv_96b,upside_breakout_occurred,HIGH_VOL,2H,163,0.5716894977168949
rv_96b,upside_breakout_occurred,HIGH_VOL,4H,163,0.6528028933092225
rv_96b,upside_breakout_occurred,HIGH_VOL,8H,163,0.7067351253397764
rv_96b,upside_breakout_occurred,LOW_VOL_RANGE,12H,1024,0.6159993694829761
rv_96b,upside_breakout_occurred,LOW_VOL_RANGE,1H,1024,0.5677839615481912
rv_96b,upside_breakout_occurred,LOW_VOL_RANGE,24H,1024,0.6542284322071212
rv_96b,upside_breakout_occurred,LOW_VOL_RANGE,2H,1024,0.576886691690317
rv_96b,upside_breakout_occurred,LOW_VOL_RANGE,4H,1016,0.5367660711455291
rv_96b,upside_breakout_occurred,LOW_VOL_RANGE,8H,1016,0.5820127549695759
rv_96b,upside_breakout_occurred,NORMAL_RANGE,12H,2314,0.616018039992762
rv_96b,upside_breakout_occurred,NORMAL_RANGE,1H,2314,0.535903386522051
rv_96b,upside_breakout_occurred,NORMAL_RANGE,24H,2314,0.6308994246969386
rv_96b,upside_breakout_occurred,NORMAL_RANGE,2H,2314,0.5693031972027333
rv_96b,upside_breakout_occurred,NORMAL_RANGE,4H,2303,0.5938293550025393
rv_96b,upside_breakout_occurred,NORMAL_RANGE,8H,2303,0.601884626268343
rv_96b,upside_breakout_occurred,TREND_DOWN,12H,190,0.571301247771836
rv_96b,upside_breakout_occurred,TREND_DOWN,1H,190,0.5498862139178344
rv_96b,upside_breakout_occurred,TREND_DOWN,24H,190,0.5689616755793226
rv_96b,upside_breakout_occurred,TREND_DOWN,2H,190,0.6067101584342964
rv_96b,upside_breakout_occurred,TREND_DOWN,4H,189,0.5466052934407365
rv_96b,upside_breakout_occurred,TREND_DOWN,8H,189,0.5451170117011701
rv_96b,upside_breakout_occurred,TREND_UP,12H,179,0.5883472962680883
rv_96b,upside_breakout_occurred,TREND_UP,1H,179,0.6031468531468531
rv_96b,upside_breakout_occurred,TREND_UP,24H,179,0.5910339660339661
rv_96b,upside_breakout_occurred,TREND_UP,2H,179,0.5817042606516291
rv_96b,upside_breakout_occurred,TREND_UP,4H,179,0.5805128205128205
rv_96b,upside_breakout_occurred,TREND_UP,8H,179,0.6039743589743589
rv_96b,upside_breakout_occurred,VOLATILITY_EXPANSION,12H,324,0.6559789272900677
rv_96b,upside_breakout_occurred,VOLATILITY_EXPANSION,1H,324,0.5513215352792462
rv_96b,upside_breakout_occurred,VOLATILITY_EXPANSION,24H,324,0.6693059299191375
rv_96b,upside_breakout_occurred,VOLATILITY_EXPANSION,2H,324,0.5231172114863645
rv_96b,upside_breakout_occurred,VOLATILITY_EXPANSION,4H,319,0.5126027397260273
rv_96b,upside_breakout_occurred,VOLATILITY_EXPANSION,8H,319,0.5436285500747384
rv_96b,downside_breakdown_occurred,HIGH_VOL,12H,163,0.5985389058783555
rv_96b,downside_breakdown_occurred,HIGH_VOL,1H,163,0.5
rv_96b,downside_breakdown_occurred,HIGH_VOL,24H,163,0.54638124362895
rv_96b,downside_breakdown_occurred,HIGH_VOL,2H,163,0.5447684391080617
rv_96b,downside_breakdown_occurred,HIGH_VOL,4H,163,0.640171858216971
rv_96b,downside_breakdown_occurred,HIGH_VOL,8H,163,0.6315533980582524
rv_96b,downside_breakdown_occurred,LOW_VOL_RANGE,12H,1024,0.5085417571732969
rv_96b,downside_breakdown_occurred,LOW_VOL_RANGE,1H,1024,0.5119849820576454
rv_96b,downside_breakdown_occurred,LOW_VOL_RANGE,24H,1024,0.5258091345047866
rv_96b,downside_breakdown_occurred,LOW_VOL_RANGE,2H,1024,0.5154020672596524
rv_96b,downside_breakdown_occurred,LOW_VOL_RANGE,4H,1016,0.531461694252392
rv_96b,downside_breakdown_occurred,LOW_VOL_RANGE,8H,1016,0.5320576213080168
rv_96b,downside_breakdown_occurred,NORMAL_RANGE,12H,2314,0.5034509803921569
rv_96b,downside_breakdown_occurred,NORMAL_RANGE,1H,2314,0.5246698982637272
rv_96b,downside_breakdown_occurred,NORMAL_RANGE,24H,2314,0.5320117247117954
rv_96b,downside_breakdown_occurred,NORMAL_RANGE,2H,2314,0.5134159093256222
rv_96b,downside_breakdown_occurred,NORMAL_RANGE,4H,2303,0.5203848491661046
rv_96b,downside_breakdown_occurred,NORMAL_RANGE,8H,2303,0.5065560425157181
rv_96b,downside_breakdown_occurred,TREND_DOWN,12H,190,0.5480939716312057
rv_96b,downside_breakdown_occurred,TREND_DOWN,1H,190,0.5282954545454546
rv_96b,downside_breakdown_occurred,TREND_DOWN,24H,190,0.561613475177305
rv_96b,downside_breakdown_occurred,TREND_DOWN,2H,190,0.5006105006105006
rv_96b,downside_breakdown_occurred,TREND_DOWN,4H,189,0.5122142536978933
rv_96b,downside_breakdown_occurred,TREND_DOWN,8H,189,0.516289592760181
rv_96b,downside_breakdown_occurred,TREND_UP,12H,179,0.5255140898705255
rv_96b,downside_breakdown_occurred,TREND_UP,1H,179,0.5403784648187633
rv_96b,downside_breakdown_occurred,TREND_UP,24H,179,0.5252703042494342
rv_96b,downside_breakdown_occurred,TREND_UP,2H,179,0.5512820512820513
rv_96b,downside_breakdown_occurred,TREND_UP,4H,179,0.5824358974358974
rv_96b,downside_breakdown_occurred,TREND_UP,8H,179,0.5329472329472329
rv_96b,downside_breakdown_occurred,VOLATILITY_EXPANSION,12H,324,0.5316812053925456
rv_96b,downside_breakdown_occurred,VOLATILITY_EXPANSION,1H,324,0.5233571252768889
rv_96b,downside_breakdown_occurred,VOLATILITY_EXPANSION,24H,324,0.589230644375913
rv_96b,downside_breakdown_occurred,VOLATILITY_EXPANSION,2H,324,0.5185479597244302
rv_96b,downside_breakdown_occurred,VOLATILITY_EXPANSION,4H,319,0.5242853528965343
rv_96b,downside_breakdown_occurred,VOLATILITY_EXPANSION,8H,319,0.5205958225846717
rv_96b,range_breached,HIGH_VOL,12H,163,0.6671171171171171
rv_96b,range_breached,HIGH_VOL,1H,163,0.810126582278481
rv_96b,range_breached,HIGH_VOL,24H,163,0.7
rv_96b,range_breached,HIGH_VOL,2H,163,0.5987261146496815
rv_96b,range_breached,HIGH_VOL,4H,163,0.5796703296703297
rv_96b,range_breached,HIGH_VOL,8H,163,0.5048951048951049
rv_96b,range_breached,LOW_VOL_RANGE,12H,1024,0.7631956397016638
rv_96b,range_breached,LOW_VOL_RANGE,1H,1024,0.6067526493058408
rv_96b,range_breached,LOW_VOL_RANGE,24H,1024,0.7372549019607844
rv_96b,range_breached,LOW_VOL_RANGE,2H,1024,0.6404914529914529
rv_96b,range_breached,LOW_VOL_RANGE,4H,1016,0.6727515905147484
rv_96b,range_breached,LOW_VOL_RANGE,8H,1016,0.7801113360323887
rv_96b,range_breached,NORMAL_RANGE,12H,2314,0.6423918244163365
rv_96b,range_breached,NORMAL_RANGE,1H,2314,0.5147581934452439
rv_96b,range_breached,NORMAL_RANGE,24H,2314,0.6431754414919955
rv_96b,range_breached,NORMAL_RANGE,2H,2314,0.6002972918569902
rv_96b,range_breached,NORMAL_RANGE,4H,2303,0.6744817106262889
rv_96b,range_breached,NORMAL_RANGE,8H,2303,0.6392980679996625
rv_96b,range_breached,TREND_DOWN,12H,190,0.5340056285178236
rv_96b,range_breached,TREND_DOWN,1H,190,0.6082964977898674
rv_96b,range_breached,TREND_DOWN,24H,190,0.5308734939759037
rv_96b,range_breached,TREND_DOWN,2H,190,0.565998437906795
rv_96b,range_breached,TREND_DOWN,4H,189,0.507087334247828
rv_96b,range_breached,TREND_DOWN,8H,189,0.5037878787878788
rv_96b,range_breached,TREND_UP,12H,179,0.5241379310344827
rv_96b,range_breached,TREND_UP,1H,179,0.5348383500557414
rv_96b,range_breached,TREND_UP,24H,179,0.5186849574266793
rv_96b,range_breached,TREND_UP,2H,179,0.5061827956989248
rv_96b,range_breached,TREND_UP,4H,179,0.5291954022988505
rv_96b,range_breached,TREND_UP,8H,179,0.5470272904483431
rv_96b,range_breached,VOLATILITY_EXPANSION,12H,324,0.7038826574633305
rv_96b,range_breached,VOLATILITY_EXPANSION,1H,324,0.7319223985890653
rv_96b,range_breached,VOLATILITY_EXPANSION,24H,324,0.751571906354515
rv_96b,range_breached,VOLATILITY_EXPANSION,2H,324,0.6034249662009914
rv_96b,range_breached,VOLATILITY_EXPANSION,4H,319,0.7922025723472669
rv_96b,range_breached,VOLATILITY_EXPANSION,8H,319,0.665879574970484
rv_96b,path_inside_70,HIGH_VOL,12H,163,0.6671171171171171
rv_96b,path_inside_70,HIGH_VOL,1H,163,0.810126582278481
rv_96b,path_inside_70,HIGH_VOL,24H,163,0.7
rv_96b,path_inside_70,HIGH_VOL,2H,163,0.5987261146496815
rv_96b,path_inside_70,HIGH_VOL,4H,163,0.5796703296703296
rv_96b,path_inside_70,HIGH_VOL,8H,163,0.5048951048951049
rv_96b,path_inside_70,LOW_VOL_RANGE,12H,1024,0.7631956397016638
rv_96b,path_inside_70,LOW_VOL_RANGE,1H,1024,0.6067526493058408
rv_96b,path_inside_70,LOW_VOL_RANGE,24H,1024,0.7372549019607844
rv_96b,path_inside_70,LOW_VOL_RANGE,2H,1024,0.6404914529914529
rv_96b,path_inside_70,LOW_VOL_RANGE,4H,1016,0.6727515905147484
rv_96b,path_inside_70,LOW_VOL_RANGE,8H,1016,0.7801113360323887
rv_96b,path_inside_70,NORMAL_RANGE,12H,2314,0.6423918244163365
rv_96b,path_inside_70,NORMAL_RANGE,1H,2314,0.5147581934452438
rv_96b,path_inside_70,NORMAL_RANGE,24H,2314,0.6431754414919953
rv_96b,path_inside_70,NORMAL_RANGE,2H,2314,0.6002972918569902
rv_96b,path_inside_70,NORMAL_RANGE,4H,2303,0.6744817106262889
rv_96b,path_inside_70,NORMAL_RANGE,8H,2303,0.6392980679996625
rv_96b,path_inside_70,TREND_DOWN,12H,190,0.5340056285178236
rv_96b,path_inside_70,TREND_DOWN,1H,190,0.6082964977898674
rv_96b,path_inside_70,TREND_DOWN,24H,190,0.5308734939759037
rv_96b,path_inside_70,TREND_DOWN,2H,190,0.5659984379067952
rv_96b,path_inside_70,TREND_DOWN,4H,189,0.5070873342478281
rv_96b,path_inside_70,TREND_DOWN,8H,189,0.5037878787878788
rv_96b,path_inside_70,TREND_UP,12H,179,0.5241379310344828
rv_96b,path_inside_70,TREND_UP,1H,179,0.5348383500557413
rv_96b,path_inside_70,TREND_UP,24H,179,0.5186849574266793
rv_96b,path_inside_70,TREND_UP,2H,179,0.5061827956989247
rv_96b,path_inside_70,TREND_UP,4H,179,0.5291954022988505
rv_96b,path_inside_70,TREND_UP,8H,179,0.5470272904483431
rv_96b,path_inside_70,VOLATILITY_EXPANSION,12H,324,0.7038826574633305
rv_96b,path_inside_70,VOLATILITY_EXPANSION,1H,324,0.7319223985890653
rv_96b,path_inside_70,VOLATILITY_EXPANSION,24H,324,0.7515719063545151
rv_96b,path_inside_70,VOLATILITY_EXPANSION,2H,324,0.6034249662009914
rv_96b,path_inside_70,VOLATILITY_EXPANSION,4H,319,0.7922025723472669
rv_96b,path_inside_70,VOLATILITY_EXPANSION,8H,319,0.6658795749704841
rv_96b,trend_efficiency_high,HIGH_VOL,12H,163,0.7350119904076738
rv_96b,trend_efficiency_high,HIGH_VOL,1H,163,0.6365967365967365
rv_96b,trend_efficiency_high,HIGH_VOL,24H,163,0.5768115942028986
rv_96b,trend_efficiency_high,HIGH_VOL,2H,163,0.6429548563611491
rv_96b,trend_efficiency_high,HIGH_VOL,4H,163,0.5215989684074791
rv_96b,trend_efficiency_high,HIGH_VOL,8H,163,0.5442251461988303
rv_96b,trend_efficiency_high,LOW_VOL_RANGE,12H,1024,0.5031470692355232
rv_96b,trend_efficiency_high,LOW_VOL_RANGE,1H,1024,0.5231425836494102
rv_96b,trend_efficiency_high,LOW_VOL_RANGE,24H,1024,0.539593294827491
rv_96b,trend_efficiency_high,LOW_VOL_RANGE,2H,1024,0.552193986985131
rv_96b,trend_efficiency_high,LOW_VOL_RANGE,4H,1016,0.516243798724309
rv_96b,trend_efficiency_high,LOW_VOL_RANGE,8H,1016,0.5458499253359881
rv_96b,trend_efficiency_high,NORMAL_RANGE,12H,2314,0.5082129232236529
rv_96b,trend_efficiency_high,NORMAL_RANGE,1H,2314,0.5466488477852114
rv_96b,trend_efficiency_high,NORMAL_RANGE,24H,2314,0.5278360751392862
rv_96b,trend_efficiency_high,NORMAL_RANGE,2H,2314,0.5273711313793811
rv_96b,trend_efficiency_high,NORMAL_RANGE,4H,2303,0.5247725051717792
rv_96b,trend_efficiency_high,NORMAL_RANGE,8H,2303,0.5010470473265392
rv_96b,trend_efficiency_high,TREND_DOWN,12H,190,0.5247576177285318
rv_96b,trend_efficiency_high,TREND_DOWN,1H,190,0.5124458874458875
rv_96b,trend_efficiency_high,TREND_DOWN,24H,190,0.5304834054834056
rv_96b,trend_efficiency_high,TREND_DOWN,2H,190,0.5062751004016064
rv_96b,trend_efficiency_high,TREND_DOWN,4H,189,0.5192949907235622
rv_96b,trend_efficiency_high,TREND_DOWN,8H,189,0.5779478458049887
rv_96b,trend_efficiency_high,TREND_UP,12H,179,0.5134015594541911
rv_96b,trend_efficiency_high,TREND_UP,1H,179,0.5522875816993464
rv_96b,trend_efficiency_high,TREND_UP,24H,179,0.5682326621923938
rv_96b,trend_efficiency_high,TREND_UP,2H,179,0.5570009460737938
rv_96b,trend_efficiency_high,TREND_UP,4H,179,0.5483221476510067
rv_96b,trend_efficiency_high,TREND_UP,8H,179,0.5114795918367347
rv_96b,trend_efficiency_high,VOLATILITY_EXPANSION,12H,324,0.5094739819004526
rv_96b,trend_efficiency_high,VOLATILITY_EXPANSION,1H,324,0.5260416666666667
rv_96b,trend_efficiency_high,VOLATILITY_EXPANSION,24H,324,0.5368751539029796
rv_96b,trend_efficiency_high,VOLATILITY_EXPANSION,2H,324,0.5377229080932785
rv_96b,trend_efficiency_high,VOLATILITY_EXPANSION,4H,319,0.5386284722222222
rv_96b,trend_efficiency_high,VOLATILITY_EXPANSION,8H,319,0.5016314370832742
rolling_low_dist_12b,upside_breakout_occurred,HIGH_VOL,12H,163,0.7002733070148801
rolling_low_dist_12b,upside_breakout_occurred,HIGH_VOL,1H,163,0.6520534550195567
rolling_low_dist_12b,upside_breakout_occurred,HIGH_VOL,24H,163,0.6558302808302808
rolling_low_dist_12b,upside_breakout_occurred,HIGH_VOL,2H,163,0.5744292237442923
rolling_low_dist_12b,upside_breakout_occurred,HIGH_VOL,4H,163,0.6395418927064497
rolling_low_dist_12b,upside_breakout_occurred,HIGH_VOL,8H,163,0.6834793113862881
rolling_low_dist_12b,upside_breakout_occurred,LOW_VOL_RANGE,12H,1024,0.5852248844052123
rolling_low_dist_12b,upside_breakout_occurred,LOW_VOL_RANGE,1H,1024,0.6118665148832111
rolling_low_dist_12b,upside_breakout_occurred,LOW_VOL_RANGE,24H,1024,0.6197728006575278
rolling_low_dist_12b,upside_breakout_occurred,LOW_VOL_RANGE,2H,1024,0.6040377883278185
rolling_low_dist_12b,upside_breakout_occurred,LOW_VOL_RANGE,4H,1016,0.5543871566696104
rolling_low_dist_12b,upside_breakout_occurred,LOW_VOL_RANGE,8H,1016,0.5752765071587385
rolling_low_dist_12b,upside_breakout_occurred,NORMAL_RANGE,12H,2314,0.5986211155226542
rolling_low_dist_12b,upside_breakout_occurred,NORMAL_RANGE,1H,2314,0.6040057878303251
rolling_low_dist_12b,upside_breakout_occurred,NORMAL_RANGE,24H,2314,0.6137554790767756
rolling_low_dist_12b,upside_breakout_occurred,NORMAL_RANGE,2H,2314,0.5912445141782241
rolling_low_dist_12b,upside_breakout_occurred,NORMAL_RANGE,4H,2303,0.5992826307770442
rolling_low_dist_12b,upside_breakout_occurred,NORMAL_RANGE,8H,2303,0.6031503415935643
rolling_low_dist_12b,upside_breakout_occurred,TREND_DOWN,12H,190,0.6322415329768272
rolling_low_dist_12b,upside_breakout_occurred,TREND_DOWN,1H,190,0.7096658282429034
rolling_low_dist_12b,upside_breakout_occurred,TREND_DOWN,24H,190,0.6176470588235294
rolling_low_dist_12b,upside_breakout_occurred,TREND_DOWN,2H,190,0.641192917054986
rolling_low_dist_12b,upside_breakout_occurred,TREND_DOWN,4H,189,0.6387802071346376
rolling_low_dist_12b,upside_breakout_occurred,TREND_DOWN,8H,189,0.6266876687668768
rolling_low_dist_12b,upside_breakout_occurred,TREND_UP,12H,179,0.6288398070576289
rolling_low_dist_12b,upside_breakout_occurred,TREND_UP,1H,179,0.583041958041958
rolling_low_dist_12b,upside_breakout_occurred,TREND_UP,24H,179,0.5994005994005994
rolling_low_dist_12b,upside_breakout_occurred,TREND_UP,2H,179,0.5793233082706767
rolling_low_dist_12b,upside_breakout_occurred,TREND_UP,4H,179,0.5828205128205128
rolling_low_dist_12b,upside_breakout_occurred,TREND_UP,8H,179,0.6115384615384616
rolling_low_dist_12b,upside_breakout_occurred,VOLATILITY_EXPANSION,12H,324,0.5916935373995186
rolling_low_dist_12b,upside_breakout_occurred,VOLATILITY_EXPANSION,1H,324,0.6873822109859802
rolling_low_dist_12b,upside_breakout_occurred,VOLATILITY_EXPANSION,24H,324,0.6217781334231807
rolling_low_dist_12b,upside_breakout_occurred,VOLATILITY_EXPANSION,2H,324,0.6389290229366082
rolling_low_dist_12b,upside_breakout_occurred,VOLATILITY_EXPANSION,4H,319,0.6079908675799086
rolling_low_dist_12b,upside_breakout_occurred,VOLATILITY_EXPANSION,8H,319,0.5791292974588939
rolling_low_dist_12b,downside_breakdown_occurred,HIGH_VOL,12H,163,0.553686714237173
rolling_low_dist_12b,downside_breakdown_occurred,HIGH_VOL,1H,163,0.5146464646464647
rolling_low_dist_12b,downside_breakdown_occurred,HIGH_VOL,24H,163,0.5322799864084268
rolling_low_dist_12b,downside_breakdown_occurred,HIGH_VOL,2H,163,0.5149228130360206
rolling_low_dist_12b,downside_breakdown_occurred,HIGH_VOL,4H,163,0.5279269602577874
rolling_low_dist_12b,downside_breakdown_occurred,HIGH_VOL,8H,163,0.5006472491909385
rolling_low_dist_12b,downside_breakdown_occurred,LOW_VOL_RANGE,12H,1024,0.521605742774985
rolling_low_dist_12b,downside_breakdown_occurred,LOW_VOL_RANGE,1H,1024,0.5309489653880699
rolling_low_dist_12b,downside_breakdown_occurred,LOW_VOL_RANGE,24H,1024,0.5431862823167171
rolling_low_dist_12b,downside_breakdown_occurred,LOW_VOL_RANGE,2H,1024,0.5237808573721886
rolling_low_dist_12b,downside_breakdown_occurred,LOW_VOL_RANGE,4H,1016,0.5083886896472396
rolling_low_dist_12b,downside_breakdown_occurred,LOW_VOL_RANGE,8H,1016,0.5000267833597046
rolling_low_dist_12b,downside_breakdown_occurred,NORMAL_RANGE,12H,2314,0.5020119352088661
rolling_low_dist_12b,downside_breakdown_occurred,NORMAL_RANGE,1H,2314,0.5221137826084105
rolling_low_dist_12b,downside_breakdown_occurred,NORMAL_RANGE,24H,2314,0.5086087149230827
rolling_low_dist_12b,downside_breakdown_occurred,NORMAL_RANGE,2H,2314,0.5012953597800268
rolling_low_dist_12b,downside_breakdown_occurred,NORMAL_RANGE,4H,2303,0.5058826468163765
rolling_low_dist_12b,downside_breakdown_occurred,NORMAL_RANGE,8H,2303,0.5044150675486562
rolling_low_dist_12b,downside_breakdown_occurred,TREND_DOWN,12H,190,0.5295877659574468
rolling_low_dist_12b,downside_breakdown_occurred,TREND_DOWN,1H,190,0.5642045454545455
rolling_low_dist_12b,downside_breakdown_occurred,TREND_DOWN,24H,190,0.5562943262411347
rolling_low_dist_12b,downside_breakdown_occurred,TREND_DOWN,2H,190,0.5457875457875458
rolling_low_dist_12b,downside_breakdown_occurred,TREND_DOWN,4H,189,0.5500896458987001
rolling_low_dist_12b,downside_breakdown_occurred,TREND_DOWN,8H,189,0.5262443438914027
rolling_low_dist_12b,downside_breakdown_occurred,TREND_UP,12H,179,0.5072353389185073
rolling_low_dist_12b,downside_breakdown_occurred,TREND_UP,1H,179,0.5142590618336886
rolling_low_dist_12b,downside_breakdown_occurred,TREND_UP,24H,179,0.5153381946190596
rolling_low_dist_12b,downside_breakdown_occurred,TREND_UP,2H,179,0.5425234831175425
rolling_low_dist_12b,downside_breakdown_occurred,TREND_UP,4H,179,0.5097435897435898
rolling_low_dist_12b,downside_breakdown_occurred,TREND_UP,8H,179,0.527027027027027
rolling_low_dist_12b,downside_breakdown_occurred,VOLATILITY_EXPANSION,12H,324,0.5352696272799365
rolling_low_dist_12b,downside_breakdown_occurred,VOLATILITY_EXPANSION,1H,324,0.6172532611370908
rolling_low_dist_12b,downside_breakdown_occurred,VOLATILITY_EXPANSION,24H,324,0.5816628794026943
rolling_low_dist_12b,downside_breakdown_occurred,VOLATILITY_EXPANSION,2H,324,0.5239577813107225
rolling_low_dist_12b,downside_breakdown_occurred,VOLATILITY_EXPANSION,4H,319,0.5122059195547686
rolling_low_dist_12b,downside_breakdown_occurred,VOLATILITY_EXPANSION,8H,319,0.5392984938004494
rolling_low_dist_12b,range_breached,HIGH_VOL,12H,163,0.8193693693693693
rolling_low_dist_12b,range_breached,HIGH_VOL,1H,163,0.8075949367088607
rolling_low_dist_12b,range_breached,HIGH_VOL,24H,163,0.8215384615384616
rolling_low_dist_12b,range_breached,HIGH_VOL,2H,163,0.638004246284501
rolling_low_dist_12b,range_breached,HIGH_VOL,4H,163,0.7847985347985348
rolling_low_dist_12b,range_breached,HIGH_VOL,8H,163,0.65
rolling_low_dist_12b,range_breached,LOW_VOL_RANGE,12H,1024,0.7829890992541595
rolling_low_dist_12b,range_breached,LOW_VOL_RANGE,1H,1024,0.6852597278129193
rolling_low_dist_12b,range_breached,LOW_VOL_RANGE,24H,1024,0.6665181224004754
rolling_low_dist_12b,range_breached,LOW_VOL_RANGE,2H,1024,0.6671305668016194
rolling_low_dist_12b,range_breached,LOW_VOL_RANGE,4H,1016,0.6167943898207056
rolling_low_dist_12b,range_breached,LOW_VOL_RANGE,8H,1016,0.7654352226720648
rolling_low_dist_12b,range_breached,NORMAL_RANGE,12H,2314,0.6412222481219303
rolling_low_dist_12b,range_breached,NORMAL_RANGE,1H,2314,0.6062450039968026
rolling_low_dist_12b,range_breached,NORMAL_RANGE,24H,2314,0.7048406716668807
rolling_low_dist_12b,range_breached,NORMAL_RANGE,2H,2314,0.6423723477282464
rolling_low_dist_12b,range_breached,NORMAL_RANGE,4H,2303,0.656387713014219
rolling_low_dist_12b,range_breached,NORMAL_RANGE,8H,2303,0.6431789420399898
rolling_low_dist_12b,range_breached,TREND_DOWN,12H,190,0.6679174484052532
rolling_low_dist_12b,range_breached,TREND_DOWN,1H,190,0.7670860251615097
rolling_low_dist_12b,range_breached,TREND_DOWN,24H,190,0.7063253012048193
rolling_low_dist_12b,range_breached,TREND_DOWN,2H,190,0.6321270502473314
rolling_low_dist_12b,range_breached,TREND_DOWN,4H,189,0.6572930955647005
rolling_low_dist_12b,range_breached,TREND_DOWN,8H,189,0.6368686868686868
rolling_low_dist_12b,range_breached,TREND_UP,12H,179,0.6062068965517242
rolling_low_dist_12b,range_breached,TREND_UP,1H,179,0.5883500557413601
rolling_low_dist_12b,range_breached,TREND_UP,24H,179,0.5629139072847682
rolling_low_dist_12b,range_breached,TREND_UP,2H,179,0.6473118279569893
rolling_low_dist_12b,range_breached,TREND_UP,4H,179,0.5728735632183908
rolling_low_dist_12b,range_breached,TREND_UP,8H,179,0.611598440545809
rolling_low_dist_12b,range_breached,VOLATILITY_EXPANSION,12H,324,0.6936151855047454
rolling_low_dist_12b,range_breached,VOLATILITY_EXPANSION,1H,324,0.7192239858906526
rolling_low_dist_12b,range_breached,VOLATILITY_EXPANSION,24H,324,0.6966555183946488
rolling_low_dist_12b,range_breached,VOLATILITY_EXPANSION,2H,324,0.6593059936908517
rolling_low_dist_12b,range_breached,VOLATILITY_EXPANSION,4H,319,0.8589228295819935
rolling_low_dist_12b,range_breached,VOLATILITY_EXPANSION,8H,319,0.8574380165289256
rolling_low_dist_12b,path_inside_70,HIGH_VOL,12H,163,0.8193693693693693
rolling_low_dist_12b,path_inside_70,HIGH_VOL,1H,163,0.8075949367088607
rolling_low_dist_12b,path_inside_70,HIGH_VOL,24H,163,0.8215384615384616
rolling_low_dist_12b,path_inside_70,HIGH_VOL,2H,163,0.638004246284501
rolling_low_dist_12b,path_inside_70,HIGH_VOL,4H,163,0.7847985347985348
rolling_low_dist_12b,path_inside_70,HIGH_VOL,8H,163,0.65
rolling_low_dist_12b,path_inside_70,LOW_VOL_RANGE,12H,1024,0.7829890992541595
rolling_low_dist_12b,path_inside_70,LOW_VOL_RANGE,1H,1024,0.6852597278129193
rolling_low_dist_12b,path_inside_70,LOW_VOL_RANGE,24H,1024,0.6665181224004754
rolling_low_dist_12b,path_inside_70,LOW_VOL_RANGE,2H,1024,0.6671305668016194
rolling_low_dist_12b,path_inside_70,LOW_VOL_RANGE,4H,1016,0.6167943898207056
rolling_low_dist_12b,path_inside_70,LOW_VOL_RANGE,8H,1016,0.7654352226720648
rolling_low_dist_12b,path_inside_70,NORMAL_RANGE,12H,2314,0.6412222481219304
rolling_low_dist_12b,path_inside_70,NORMAL_RANGE,1H,2314,0.6062450039968026
rolling_low_dist_12b,path_inside_70,NORMAL_RANGE,24H,2314,0.7048406716668806
rolling_low_dist_12b,path_inside_70,NORMAL_RANGE,2H,2314,0.6423723477282464
rolling_low_dist_12b,path_inside_70,NORMAL_RANGE,4H,2303,0.656387713014219
rolling_low_dist_12b,path_inside_70,NORMAL_RANGE,8H,2303,0.6431789420399898
rolling_low_dist_12b,path_inside_70,TREND_DOWN,12H,190,0.6679174484052532
rolling_low_dist_12b,path_inside_70,TREND_DOWN,1H,190,0.7670860251615097
rolling_low_dist_12b,path_inside_70,TREND_DOWN,24H,190,0.7063253012048193
rolling_low_dist_12b,path_inside_70,TREND_DOWN,2H,190,0.6321270502473314
rolling_low_dist_12b,path_inside_70,TREND_DOWN,4H,189,0.6572930955647005
rolling_low_dist_12b,path_inside_70,TREND_DOWN,8H,189,0.6368686868686869
rolling_low_dist_12b,path_inside_70,TREND_UP,12H,179,0.6062068965517241
rolling_low_dist_12b,path_inside_70,TREND_UP,1H,179,0.5883500557413601
rolling_low_dist_12b,path_inside_70,TREND_UP,24H,179,0.5629139072847682
rolling_low_dist_12b,path_inside_70,TREND_UP,2H,179,0.6473118279569893
rolling_low_dist_12b,path_inside_70,TREND_UP,4H,179,0.5728735632183908
rolling_low_dist_12b,path_inside_70,TREND_UP,8H,179,0.6115984405458089
rolling_low_dist_12b,path_inside_70,VOLATILITY_EXPANSION,12H,324,0.6936151855047454
rolling_low_dist_12b,path_inside_70,VOLATILITY_EXPANSION,1H,324,0.7192239858906525
rolling_low_dist_12b,path_inside_70,VOLATILITY_EXPANSION,24H,324,0.6966555183946488
rolling_low_dist_12b,path_inside_70,VOLATILITY_EXPANSION,2H,324,0.6593059936908517
rolling_low_dist_12b,path_inside_70,VOLATILITY_EXPANSION,4H,319,0.8589228295819936
rolling_low_dist_12b,path_inside_70,VOLATILITY_EXPANSION,8H,319,0.8574380165289256
rolling_low_dist_12b,trend_efficiency_high,HIGH_VOL,12H,163,0.5536570743405276
rolling_low_dist_12b,trend_efficiency_high,HIGH_VOL,1H,163,0.5298368298368299
rolling_low_dist_12b,trend_efficiency_high,HIGH_VOL,24H,163,0.5260869565217392
rolling_low_dist_12b,trend_efficiency_high,HIGH_VOL,2H,163,0.5499316005471956
rolling_low_dist_12b,trend_efficiency_high,HIGH_VOL,4H,163,0.5567375886524822
rolling_low_dist_12b,trend_efficiency_high,HIGH_VOL,8H,163,0.5190058479532164
rolling_low_dist_12b,trend_efficiency_high,LOW_VOL_RANGE,12H,1024,0.5110042420933261
rolling_low_dist_12b,trend_efficiency_high,LOW_VOL_RANGE,1H,1024,0.5203212828282101
rolling_low_dist_12b,trend_efficiency_high,LOW_VOL_RANGE,24H,1024,0.5251198448308668
rolling_low_dist_12b,trend_efficiency_high,LOW_VOL_RANGE,2H,1024,0.5047006216599411
rolling_low_dist_12b,trend_efficiency_high,LOW_VOL_RANGE,4H,1016,0.516867469879518
rolling_low_dist_12b,trend_efficiency_high,LOW_VOL_RANGE,8H,1016,0.5336050273768044
rolling_low_dist_12b,trend_efficiency_high,NORMAL_RANGE,12H,2314,0.5008702908917502
rolling_low_dist_12b,trend_efficiency_high,NORMAL_RANGE,1H,2314,0.518428330928331
rolling_low_dist_12b,trend_efficiency_high,NORMAL_RANGE,24H,2314,0.5379855019951815
rolling_low_dist_12b,trend_efficiency_high,NORMAL_RANGE,2H,2314,0.5077212287353966
rolling_low_dist_12b,trend_efficiency_high,NORMAL_RANGE,4H,2303,0.513412358965898
rolling_low_dist_12b,trend_efficiency_high,NORMAL_RANGE,8H,2303,0.5004549896564416
rolling_low_dist_12b,trend_efficiency_high,TREND_DOWN,12H,190,0.5425900277008311
rolling_low_dist_12b,trend_efficiency_high,TREND_DOWN,1H,190,0.5630411255411256
rolling_low_dist_12b,trend_efficiency_high,TREND_DOWN,24H,190,0.5986652236652237
rolling_low_dist_12b,trend_efficiency_high,TREND_DOWN,2H,190,0.5321285140562249
rolling_low_dist_12b,trend_efficiency_high,TREND_DOWN,4H,189,0.6168831168831168
rolling_low_dist_12b,trend_efficiency_high,TREND_DOWN,8H,189,0.528344671201814
rolling_low_dist_12b,trend_efficiency_high,TREND_UP,12H,179,0.567495126705653
rolling_low_dist_12b,trend_efficiency_high,TREND_UP,1H,179,0.5062845651080945
rolling_low_dist_12b,trend_efficiency_high,TREND_UP,24H,179,0.5955257270693513
rolling_low_dist_12b,trend_efficiency_high,TREND_UP,2H,179,0.5501419110690634
rolling_low_dist_12b,trend_efficiency_high,TREND_UP,4H,179,0.5595078299776286
rolling_low_dist_12b,trend_efficiency_high,TREND_UP,8H,179,0.5240221088435374
rolling_low_dist_12b,trend_efficiency_high,VOLATILITY_EXPANSION,12H,324,0.5460972850678734
rolling_low_dist_12b,trend_efficiency_high,VOLATILITY_EXPANSION,1H,324,0.5270229468599034
rolling_low_dist_12b,trend_efficiency_high,VOLATILITY_EXPANSION,24H,324,0.511696626446688
rolling_low_dist_12b,trend_efficiency_high,VOLATILITY_EXPANSION,2H,324,0.5046639231824417
rolling_low_dist_12b,trend_efficiency_high,VOLATILITY_EXPANSION,4H,319,0.56640625
rolling_low_dist_12b,trend_efficiency_high,VOLATILITY_EXPANSION,8H,319,0.5363172081146261
bollinger_squeeze_pctile_20b,upside_breakout_occurred,HIGH_VOL,12H,163,0.5929243850592165
bollinger_squeeze_pctile_20b,upside_breakout_occurred,HIGH_VOL,1H,163,0.5298239895697523
bollinger_squeeze_pctile_20b,upside_breakout_occurred,HIGH_VOL,24H,163,0.6447649572649572
bollinger_squeeze_pctile_20b,upside_breakout_occurred,HIGH_VOL,2H,163,0.5529680365296804
bollinger_squeeze_pctile_20b,upside_breakout_occurred,HIGH_VOL,4H,163,0.5064044605183846
bollinger_squeeze_pctile_20b,upside_breakout_occurred,HIGH_VOL,8H,163,0.551344004832377
bollinger_squeeze_pctile_20b,upside_breakout_occurred,LOW_VOL_RANGE,12H,1024,0.5665747162673392
bollinger_squeeze_pctile_20b,upside_breakout_occurred,LOW_VOL_RANGE,1H,1024,0.5351336537650729
bollinger_squeeze_pctile_20b,upside_breakout_occurred,LOW_VOL_RANGE,24H,1024,0.5453430005577244
bollinger_squeeze_pctile_20b,upside_breakout_occurred,LOW_VOL_RANGE,2H,1024,0.5328032155826719
bollinger_squeeze_pctile_20b,upside_breakout_occurred,LOW_VOL_RANGE,4H,1016,0.5081787922016168
bollinger_squeeze_pctile_20b,upside_breakout_occurred,LOW_VOL_RANGE,8H,1016,0.5413025930069534
bollinger_squeeze_pctile_20b,upside_breakout_occurred,NORMAL_RANGE,12H,2314,0.5489673175248078
bollinger_squeeze_pctile_20b,upside_breakout_occurred,NORMAL_RANGE,1H,2314,0.5424307284088677
bollinger_squeeze_pctile_20b,upside_breakout_occurred,NORMAL_RANGE,24H,2314,0.5803772001917678
bollinger_squeeze_pctile_20b,upside_breakout_occurred,NORMAL_RANGE,2H,2314,0.5462479697829628
bollinger_squeeze_pctile_20b,upside_breakout_occurred,NORMAL_RANGE,4H,2303,0.5450815769426105
bollinger_squeeze_pctile_20b,upside_breakout_occurred,NORMAL_RANGE,8H,2303,0.5657925374944415
bollinger_squeeze_pctile_20b,upside_breakout_occurred,TREND_DOWN,12H,190,0.5101381461675579
bollinger_squeeze_pctile_20b,upside_breakout_occurred,TREND_DOWN,1H,190,0.6222302072104444
bollinger_squeeze_pctile_20b,upside_breakout_occurred,TREND_DOWN,24H,190,0.5299131016042781
bollinger_squeeze_pctile_20b,upside_breakout_occurred,TREND_DOWN,2H,190,0.5686742777260019
bollinger_squeeze_pctile_20b,upside_breakout_occurred,TREND_DOWN,4H,189,0.5577675489067895
bollinger_squeeze_pctile_20b,upside_breakout_occurred,TREND_DOWN,8H,189,0.5030940594059405
bollinger_squeeze_pctile_20b,upside_breakout_occurred,TREND_UP,12H,179,0.5004442751967505
bollinger_squeeze_pctile_20b,upside_breakout_occurred,TREND_UP,1H,179,0.5115509490509491
bollinger_squeeze_pctile_20b,upside_breakout_occurred,TREND_UP,24H,179,0.5090534465534465
bollinger_squeeze_pctile_20b,upside_breakout_occurred,TREND_UP,2H,179,0.5110902255639098
bollinger_squeeze_pctile_20b,upside_breakout_occurred,TREND_UP,4H,179,0.5387179487179488
bollinger_squeeze_pctile_20b,upside_breakout_occurred,TREND_UP,8H,179,0.5202564102564102
bollinger_squeeze_pctile_20b,upside_breakout_occurred,VOLATILITY_EXPANSION,12H,324,0.5753213134111449
bollinger_squeeze_pctile_20b,upside_breakout_occurred,VOLATILITY_EXPANSION,1H,324,0.5856125028729028
bollinger_squeeze_pctile_20b,upside_breakout_occurred,VOLATILITY_EXPANSION,24H,324,0.5753874663072776
bollinger_squeeze_pctile_20b,upside_breakout_occurred,VOLATILITY_EXPANSION,2H,324,0.5571609174643308
bollinger_squeeze_pctile_20b,upside_breakout_occurred,VOLATILITY_EXPANSION,4H,319,0.5684018264840183
bollinger_squeeze_pctile_20b,upside_breakout_occurred,VOLATILITY_EXPANSION,8H,319,0.5776111733931241
bollinger_squeeze_pctile_20b,downside_breakdown_occurred,HIGH_VOL,12H,163,0.6189262657152566
bollinger_squeeze_pctile_20b,downside_breakdown_occurred,HIGH_VOL,1H,163,0.5898989898989899
bollinger_squeeze_pctile_20b,downside_breakdown_occurred,HIGH_VOL,24H,163,0.5770472307169554
bollinger_squeeze_pctile_20b,downside_breakdown_occurred,HIGH_VOL,2H,163,0.6259005145797598
bollinger_squeeze_pctile_20b,downside_breakdown_occurred,HIGH_VOL,4H,163,0.6176154672395273
bollinger_squeeze_pctile_20b,downside_breakdown_occurred,HIGH_VOL,8H,163,0.5623786407766991
bollinger_squeeze_pctile_20b,downside_breakdown_occurred,LOW_VOL_RANGE,12H,1024,0.5482012453712324
bollinger_squeeze_pctile_20b,downside_breakdown_occurred,LOW_VOL_RANGE,1H,1024,0.5314980908313078
bollinger_squeeze_pctile_20b,downside_breakdown_occurred,LOW_VOL_RANGE,24H,1024,0.5406336819380297
bollinger_squeeze_pctile_20b,downside_breakdown_occurred,LOW_VOL_RANGE,2H,1024,0.5512207807099447
bollinger_squeeze_pctile_20b,downside_breakdown_occurred,LOW_VOL_RANGE,4H,1016,0.5542204311014161
bollinger_squeeze_pctile_20b,downside_breakdown_occurred,LOW_VOL_RANGE,8H,1016,0.5231593651107596
bollinger_squeeze_pctile_20b,downside_breakdown_occurred,NORMAL_RANGE,12H,2314,0.5506743393009378
bollinger_squeeze_pctile_20b,downside_breakdown_occurred,NORMAL_RANGE,1H,2314,0.5321681108275993
bollinger_squeeze_pctile_20b,downside_breakdown_occurred,NORMAL_RANGE,24H,2314,0.5574184726932132
bollinger_squeeze_pctile_20b,downside_breakdown_occurred,NORMAL_RANGE,2H,2314,0.5468996082051018
bollinger_squeeze_pctile_20b,downside_breakdown_occurred,NORMAL_RANGE,4H,2303,0.5406722787034031
bollinger_squeeze_pctile_20b,downside_breakdown_occurred,NORMAL_RANGE,8H,2303,0.5489245632718261
bollinger_squeeze_pctile_20b,downside_breakdown_occurred,TREND_DOWN,12H,190,0.6192929964539007
bollinger_squeeze_pctile_20b,downside_breakdown_occurred,TREND_DOWN,1H,190,0.5822727272727273
bollinger_squeeze_pctile_20b,downside_breakdown_occurred,TREND_DOWN,24H,190,0.572695035460993
bollinger_squeeze_pctile_20b,downside_breakdown_occurred,TREND_DOWN,2H,190,0.5483405483405484
bollinger_squeeze_pctile_20b,downside_breakdown_occurred,TREND_DOWN,4H,189,0.5839870013446885
bollinger_squeeze_pctile_20b,downside_breakdown_occurred,TREND_DOWN,8H,189,0.5678733031674208
bollinger_squeeze_pctile_20b,downside_breakdown_occurred,TREND_UP,12H,179,0.5481086570195481
bollinger_squeeze_pctile_20b,downside_breakdown_occurred,TREND_UP,1H,179,0.5549040511727079
bollinger_squeeze_pctile_20b,downside_breakdown_occurred,TREND_UP,24H,179,0.5964923309026905
bollinger_squeeze_pctile_20b,downside_breakdown_occurred,TREND_UP,2H,179,0.5812388931200813
bollinger_squeeze_pctile_20b,downside_breakdown_occurred,TREND_UP,4H,179,0.5556410256410256
bollinger_squeeze_pctile_20b,downside_breakdown_occurred,TREND_UP,8H,179,0.5092020592020592
bollinger_squeeze_pctile_20b,downside_breakdown_occurred,VOLATILITY_EXPANSION,12H,324,0.5503370340999207
bollinger_squeeze_pctile_20b,downside_breakdown_occurred,VOLATILITY_EXPANSION,1H,324,0.5541717942407088
bollinger_squeeze_pctile_20b,downside_breakdown_occurred,VOLATILITY_EXPANSION,24H,324,0.6453700697938647
bollinger_squeeze_pctile_20b,downside_breakdown_occurred,VOLATILITY_EXPANSION,2H,324,0.5931151739975269
bollinger_squeeze_pctile_20b,downside_breakdown_occurred,VOLATILITY_EXPANSION,4H,319,0.5801922590437643
bollinger_squeeze_pctile_20b,downside_breakdown_occurred,VOLATILITY_EXPANSION,8H,319,0.5474952151119248
bollinger_squeeze_pctile_20b,range_breached,HIGH_VOL,12H,163,0.8168918918918919
bollinger_squeeze_pctile_20b,range_breached,HIGH_VOL,1H,163,0.8259493670886076
bollinger_squeeze_pctile_20b,range_breached,HIGH_VOL,24H,163,0.8682051282051282
bollinger_squeeze_pctile_20b,range_breached,HIGH_VOL,2H,163,0.6889596602972399
bollinger_squeeze_pctile_20b,range_breached,HIGH_VOL,4H,163,0.6840659340659341
bollinger_squeeze_pctile_20b,range_breached,HIGH_VOL,8H,163,0.6010489510489511
bollinger_squeeze_pctile_20b,range_breached,LOW_VOL_RANGE,12H,1024,0.7307981927710843
bollinger_squeeze_pctile_20b,range_breached,LOW_VOL_RANGE,1H,1024,0.6490593937402448
bollinger_squeeze_pctile_20b,range_breached,LOW_VOL_RANGE,24H,1024,0.6071598336304218
bollinger_squeeze_pctile_20b,range_breached,LOW_VOL_RANGE,2H,1024,0.6442448268106162
bollinger_squeeze_pctile_20b,range_breached,LOW_VOL_RANGE,4H,1016,0.6021724985540775
bollinger_squeeze_pctile_20b,range_breached,LOW_VOL_RANGE,8H,1016,0.6777942452284558
bollinger_squeeze_pctile_20b,range_breached,NORMAL_RANGE,12H,2314,0.6045687085178688
bollinger_squeeze_pctile_20b,range_breached,NORMAL_RANGE,1H,2314,0.6595473621103117
bollinger_squeeze_pctile_20b,range_breached,NORMAL_RANGE,24H,2314,0.7393653762691558
bollinger_squeeze_pctile_20b,range_breached,NORMAL_RANGE,2H,2314,0.6995829655894998
bollinger_squeeze_pctile_20b,range_breached,NORMAL_RANGE,4H,2303,0.640383154238576
bollinger_squeeze_pctile_20b,range_breached,NORMAL_RANGE,8H,2303,0.6670948283135072
bollinger_squeeze_pctile_20b,range_breached,TREND_DOWN,12H,190,0.6409474671669794
bollinger_squeeze_pctile_20b,range_breached,TREND_DOWN,1H,190,0.7077524651479088
bollinger_squeeze_pctile_20b,range_breached,TREND_DOWN,24H,190,0.5967620481927711
bollinger_squeeze_pctile_20b,range_breached,TREND_DOWN,2H,190,0.6394168185368394
bollinger_squeeze_pctile_20b,range_breached,TREND_DOWN,4H,189,0.7083904892546868
bollinger_squeeze_pctile_20b,range_breached,TREND_DOWN,8H,189,0.5960858585858586
bollinger_squeeze_pctile_20b,range_breached,TREND_UP,12H,179,0.6037931034482759
bollinger_squeeze_pctile_20b,range_breached,TREND_UP,1H,179,0.5674470457079153
bollinger_squeeze_pctile_20b,range_breached,TREND_UP,24H,179,0.5949621570482497
bollinger_squeeze_pctile_20b,range_breached,TREND_UP,2H,179,0.6456989247311828
bollinger_squeeze_pctile_20b,range_breached,TREND_UP,4H,179,0.6162068965517241
bollinger_squeeze_pctile_20b,range_breached,TREND_UP,8H,179,0.5819931773879142
bollinger_squeeze_pctile_20b,range_breached,VOLATILITY_EXPANSION,12H,324,0.6822260569456429
bollinger_squeeze_pctile_20b,range_breached,VOLATILITY_EXPANSION,1H,324,0.7081128747795414
bollinger_squeeze_pctile_20b,range_breached,VOLATILITY_EXPANSION,24H,324,0.7078260869565217
bollinger_squeeze_pctile_20b,range_breached,VOLATILITY_EXPANSION,2H,324,0.6541234790446147
bollinger_squeeze_pctile_20b,range_breached,VOLATILITY_EXPANSION,4H,319,0.790192926045016
bollinger_squeeze_pctile_20b,range_breached,VOLATILITY_EXPANSION,8H,319,0.6791617473435656
bollinger_squeeze_pctile_20b,path_inside_70,HIGH_VOL,12H,163,0.8168918918918919
bollinger_squeeze_pctile_20b,path_inside_70,HIGH_VOL,1H,163,0.8259493670886076
bollinger_squeeze_pctile_20b,path_inside_70,HIGH_VOL,24H,163,0.8682051282051282
bollinger_squeeze_pctile_20b,path_inside_70,HIGH_VOL,2H,163,0.6889596602972399
bollinger_squeeze_pctile_20b,path_inside_70,HIGH_VOL,4H,163,0.6840659340659341
bollinger_squeeze_pctile_20b,path_inside_70,HIGH_VOL,8H,163,0.6010489510489511
bollinger_squeeze_pctile_20b,path_inside_70,LOW_VOL_RANGE,12H,1024,0.7307981927710844
bollinger_squeeze_pctile_20b,path_inside_70,LOW_VOL_RANGE,1H,1024,0.6490593937402448
bollinger_squeeze_pctile_20b,path_inside_70,LOW_VOL_RANGE,24H,1024,0.6071598336304219
bollinger_squeeze_pctile_20b,path_inside_70,LOW_VOL_RANGE,2H,1024,0.6442448268106162
bollinger_squeeze_pctile_20b,path_inside_70,LOW_VOL_RANGE,4H,1016,0.6021724985540775
bollinger_squeeze_pctile_20b,path_inside_70,LOW_VOL_RANGE,8H,1016,0.6777942452284558
bollinger_squeeze_pctile_20b,path_inside_70,NORMAL_RANGE,12H,2314,0.6045687085178687
bollinger_squeeze_pctile_20b,path_inside_70,NORMAL_RANGE,1H,2314,0.6595473621103117
bollinger_squeeze_pctile_20b,path_inside_70,NORMAL_RANGE,24H,2314,0.7393653762691558
bollinger_squeeze_pctile_20b,path_inside_70,NORMAL_RANGE,2H,2314,0.6995829655894998
bollinger_squeeze_pctile_20b,path_inside_70,NORMAL_RANGE,4H,2303,0.640383154238576
bollinger_squeeze_pctile_20b,path_inside_70,NORMAL_RANGE,8H,2303,0.6670948283135071
bollinger_squeeze_pctile_20b,path_inside_70,TREND_DOWN,12H,190,0.6409474671669794
bollinger_squeeze_pctile_20b,path_inside_70,TREND_DOWN,1H,190,0.7077524651479089
bollinger_squeeze_pctile_20b,path_inside_70,TREND_DOWN,24H,190,0.5967620481927711
bollinger_squeeze_pctile_20b,path_inside_70,TREND_DOWN,2H,190,0.6394168185368394
bollinger_squeeze_pctile_20b,path_inside_70,TREND_DOWN,4H,189,0.7083904892546868
bollinger_squeeze_pctile_20b,path_inside_70,TREND_DOWN,8H,189,0.5960858585858586
bollinger_squeeze_pctile_20b,path_inside_70,TREND_UP,12H,179,0.6037931034482759
bollinger_squeeze_pctile_20b,path_inside_70,TREND_UP,1H,179,0.5674470457079153
bollinger_squeeze_pctile_20b,path_inside_70,TREND_UP,24H,179,0.5949621570482497
bollinger_squeeze_pctile_20b,path_inside_70,TREND_UP,2H,179,0.6456989247311828
bollinger_squeeze_pctile_20b,path_inside_70,TREND_UP,4H,179,0.6162068965517241
bollinger_squeeze_pctile_20b,path_inside_70,TREND_UP,8H,179,0.5819931773879142
bollinger_squeeze_pctile_20b,path_inside_70,VOLATILITY_EXPANSION,12H,324,0.6822260569456428
bollinger_squeeze_pctile_20b,path_inside_70,VOLATILITY_EXPANSION,1H,324,0.7081128747795414
bollinger_squeeze_pctile_20b,path_inside_70,VOLATILITY_EXPANSION,24H,324,0.7078260869565217
bollinger_squeeze_pctile_20b,path_inside_70,VOLATILITY_EXPANSION,2H,324,0.6541234790446147
bollinger_squeeze_pctile_20b,path_inside_70,VOLATILITY_EXPANSION,4H,319,0.7901929260450161
bollinger_squeeze_pctile_20b,path_inside_70,VOLATILITY_EXPANSION,8H,319,0.6791617473435655
bollinger_squeeze_pctile_20b,trend_efficiency_high,HIGH_VOL,12H,163,0.5860311750599521
bollinger_squeeze_pctile_20b,trend_efficiency_high,HIGH_VOL,1H,163,0.5540792540792541
bollinger_squeeze_pctile_20b,trend_efficiency_high,HIGH_VOL,24H,163,0.5278079710144927
bollinger_squeeze_pctile_20b,trend_efficiency_high,HIGH_VOL,2H,163,0.5538075695394437
bollinger_squeeze_pctile_20b,trend_efficiency_high,HIGH_VOL,4H,163,0.6376531270148291
bollinger_squeeze_pctile_20b,trend_efficiency_high,HIGH_VOL,8H,163,0.6072733918128655
bollinger_squeeze_pctile_20b,trend_efficiency_high,LOW_VOL_RANGE,12H,1024,0.5141723117908594
bollinger_squeeze_pctile_20b,trend_efficiency_high,LOW_VOL_RANGE,1H,1024,0.5161505077621759
bollinger_squeeze_pctile_20b,trend_efficiency_high,LOW_VOL_RANGE,24H,1024,0.5009974281698267
bollinger_squeeze_pctile_20b,trend_efficiency_high,LOW_VOL_RANGE,2H,1024,0.534300359908387
bollinger_squeeze_pctile_20b,trend_efficiency_high,LOW_VOL_RANGE,4H,1016,0.5058008504606661
bollinger_squeeze_pctile_20b,trend_efficiency_high,LOW_VOL_RANGE,8H,1016,0.5050678198108511
bollinger_squeeze_pctile_20b,trend_efficiency_high,NORMAL_RANGE,12H,2314,0.5251305436337625
bollinger_squeeze_pctile_20b,trend_efficiency_high,NORMAL_RANGE,1H,2314,0.5031463170667716
bollinger_squeeze_pctile_20b,trend_efficiency_high,NORMAL_RANGE,24H,2314,0.5323781715856046
bollinger_squeeze_pctile_20b,trend_efficiency_high,NORMAL_RANGE,2H,2314,0.510914762246362
bollinger_squeeze_pctile_20b,trend_efficiency_high,NORMAL_RANGE,4H,2303,0.5038709022375084
bollinger_squeeze_pctile_20b,trend_efficiency_high,NORMAL_RANGE,8H,2303,0.5376549947330347
bollinger_squeeze_pctile_20b,trend_efficiency_high,TREND_DOWN,12H,190,0.5389542936288089
bollinger_squeeze_pctile_20b,trend_efficiency_high,TREND_DOWN,1H,190,0.5315205627705628
bollinger_squeeze_pctile_20b,trend_efficiency_high,TREND_DOWN,24H,190,0.6245490620490621
bollinger_squeeze_pctile_20b,trend_efficiency_high,TREND_DOWN,2H,190,0.5297439759036144
bollinger_squeeze_pctile_20b,trend_efficiency_high,TREND_DOWN,4H,189,0.6197588126159554
bollinger_squeeze_pctile_20b,trend_efficiency_high,TREND_DOWN,8H,189,0.5014172335600907
bollinger_squeeze_pctile_20b,trend_efficiency_high,TREND_UP,12H,179,0.518640350877193
bollinger_squeeze_pctile_20b,trend_efficiency_high,TREND_UP,1H,179,0.5057817998994469
bollinger_squeeze_pctile_20b,trend_efficiency_high,TREND_UP,24H,179,0.5070469798657717
bollinger_squeeze_pctile_20b,trend_efficiency_high,TREND_UP,2H,179,0.5785241248817408
bollinger_squeeze_pctile_20b,trend_efficiency_high,TREND_UP,4H,179,0.5988814317673379
bollinger_squeeze_pctile_20b,trend_efficiency_high,TREND_UP,8H,179,0.5460246598639455
bollinger_squeeze_pctile_20b,trend_efficiency_high,VOLATILITY_EXPANSION,12H,324,0.573600113122172
bollinger_squeeze_pctile_20b,trend_efficiency_high,VOLATILITY_EXPANSION,1H,324,0.5659722222222222
bollinger_squeeze_pctile_20b,trend_efficiency_high,VOLATILITY_EXPANSION,24H,324,0.5442932775178527
bollinger_squeeze_pctile_20b,trend_efficiency_high,VOLATILITY_EXPANSION,2H,324,0.5344650205761317
bollinger_squeeze_pctile_20b,trend_efficiency_high,VOLATILITY_EXPANSION,4H,319,0.5779079861111112
bollinger_squeeze_pctile_20b,trend_efficiency_high,VOLATILITY_EXPANSION,8H,319,0.5475244715562491
rolling_high_dist_3b,upside_breakout_occurred,HIGH_VOL,12H,163,0.5148800485879137
rolling_high_dist_3b,upside_breakout_occurred,HIGH_VOL,1H,163,0.7056714471968709
rolling_high_dist_3b,upside_breakout_occurred,HIGH_VOL,24H,163,0.5532661782661783
rolling_high_dist_3b,upside_breakout_occurred,HIGH_VOL,2H,163,0.6270928462709284
rolling_high_dist_3b,upside_breakout_occurred,HIGH_VOL,4H,163,0.5717299578059072
rolling_high_dist_3b,upside_breakout_occurred,HIGH_VOL,8H,163,0.5277861673210511
rolling_high_dist_3b,upside_breakout_occurred,LOW_VOL_RANGE,12H,1024,0.5618300756620429
rolling_high_dist_3b,upside_breakout_occurred,LOW_VOL_RANGE,1H,1024,0.5445758495657307
rolling_high_dist_3b,upside_breakout_occurred,LOW_VOL_RANGE,24H,1024,0.5652302815040948
rolling_high_dist_3b,upside_breakout_occurred,LOW_VOL_RANGE,2H,1024,0.5007302197634524
rolling_high_dist_3b,upside_breakout_occurred,LOW_VOL_RANGE,4H,1016,0.5042094060638996
rolling_high_dist_3b,upside_breakout_occurred,LOW_VOL_RANGE,8H,1016,0.5264988977478179
rolling_high_dist_3b,upside_breakout_occurred,NORMAL_RANGE,12H,2314,0.5279923367357123
rolling_high_dist_3b,upside_breakout_occurred,NORMAL_RANGE,1H,2314,0.5539374481440064
rolling_high_dist_3b,upside_breakout_occurred,NORMAL_RANGE,24H,2314,0.558600438326142
rolling_high_dist_3b,upside_breakout_occurred,NORMAL_RANGE,2H,2314,0.5029741054239203
rolling_high_dist_3b,upside_breakout_occurred,NORMAL_RANGE,4H,2303,0.5163562563484002
rolling_high_dist_3b,upside_breakout_occurred,NORMAL_RANGE,8H,2303,0.5307632291708776
rolling_high_dist_3b,upside_breakout_occurred,TREND_DOWN,12H,190,0.517825311942959
rolling_high_dist_3b,upside_breakout_occurred,TREND_DOWN,1H,190,0.6724158581866091
rolling_high_dist_3b,upside_breakout_occurred,TREND_DOWN,24H,190,0.5135918003565062
rolling_high_dist_3b,upside_breakout_occurred,TREND_DOWN,2H,190,0.5569664492078286
rolling_high_dist_3b,upside_breakout_occurred,TREND_DOWN,4H,189,0.523705408515535
rolling_high_dist_3b,upside_breakout_occurred,TREND_DOWN,8H,189,0.5154140414041404
rolling_high_dist_3b,upside_breakout_occurred,TREND_UP,12H,179,0.5427773546585428
rolling_high_dist_3b,upside_breakout_occurred,TREND_UP,1H,179,0.5147352647352648
rolling_high_dist_3b,upside_breakout_occurred,TREND_UP,24H,179,0.5652472527472527
rolling_high_dist_3b,upside_breakout_occurred,TREND_UP,2H,179,0.5870927318295739
rolling_high_dist_3b,upside_breakout_occurred,TREND_UP,4H,179,0.6286538461538461
rolling_high_dist_3b,upside_breakout_occurred,TREND_UP,8H,179,0.5883333333333334
rolling_high_dist_3b,upside_breakout_occurred,VOLATILITY_EXPANSION,12H,324,0.5936009809709796
rolling_high_dist_3b,upside_breakout_occurred,VOLATILITY_EXPANSION,1H,324,0.6593196966214663
rolling_high_dist_3b,upside_breakout_occurred,VOLATILITY_EXPANSION,24H,324,0.5767141172506739
rolling_high_dist_3b,upside_breakout_occurred,VOLATILITY_EXPANSION,2H,324,0.5934847390283546
rolling_high_dist_3b,upside_breakout_occurred,VOLATILITY_EXPANSION,4H,319,0.5413698630136986
rolling_high_dist_3b,upside_breakout_occurred,VOLATILITY_EXPANSION,8H,319,0.5126821748878924
rolling_high_dist_3b,downside_breakdown_occurred,HIGH_VOL,12H,163,0.536357458375807
rolling_high_dist_3b,downside_breakdown_occurred,HIGH_VOL,1H,163,0.6092592592592593
rolling_high_dist_3b,downside_breakdown_occurred,HIGH_VOL,24H,163,0.5445124023105674
rolling_high_dist_3b,downside_breakdown_occurred,HIGH_VOL,2H,163,0.5886792452830188
rolling_high_dist_3b,downside_breakdown_occurred,HIGH_VOL,4H,163,0.5513784461152882
rolling_high_dist_3b,downside_breakdown_occurred,HIGH_VOL,8H,163,0.5878640776699029
rolling_high_dist_3b,downside_breakdown_occurred,LOW_VOL_RANGE,12H,1024,0.5313080535385507
rolling_high_dist_3b,downside_breakdown_occurred,LOW_VOL_RANGE,1H,1024,0.5764391130559895
rolling_high_dist_3b,downside_breakdown_occurred,LOW_VOL_RANGE,24H,1024,0.5333165224469573
rolling_high_dist_3b,downside_breakdown_occurred,LOW_VOL_RANGE,2H,1024,0.5725527052926433
rolling_high_dist_3b,downside_breakdown_occurred,LOW_VOL_RANGE,4H,1016,0.5569440849878606
rolling_high_dist_3b,downside_breakdown_occurred,LOW_VOL_RANGE,8H,1016,0.5546936807753164
rolling_high_dist_3b,downside_breakdown_occurred,NORMAL_RANGE,12H,2314,0.5265703324808184
rolling_high_dist_3b,downside_breakdown_occurred,NORMAL_RANGE,1H,2314,0.5613045495988928
rolling_high_dist_3b,downside_breakdown_occurred,NORMAL_RANGE,24H,2314,0.5538667714810185
rolling_high_dist_3b,downside_breakdown_occurred,NORMAL_RANGE,2H,2314,0.5410973161726738
rolling_high_dist_3b,downside_breakdown_occurred,NORMAL_RANGE,4H,2303,0.5211417247437531
rolling_high_dist_3b,downside_breakdown_occurred,NORMAL_RANGE,8H,2303,0.520632376934472
rolling_high_dist_3b,downside_breakdown_occurred,TREND_DOWN,12H,190,0.503656914893617
rolling_high_dist_3b,downside_breakdown_occurred,TREND_DOWN,1H,190,0.5302272727272728
rolling_high_dist_3b,downside_breakdown_occurred,TREND_DOWN,24H,190,0.5454343971631206
rolling_high_dist_3b,downside_breakdown_occurred,TREND_DOWN,2H,190,0.5012765012765013
rolling_high_dist_3b,downside_breakdown_occurred,TREND_DOWN,4H,189,0.5332810398924249
rolling_high_dist_3b,downside_breakdown_occurred,TREND_DOWN,8H,189,0.5100678733031674
rolling_high_dist_3b,downside_breakdown_occurred,TREND_UP,12H,179,0.5434755013962935
rolling_high_dist_3b,downside_breakdown_occurred,TREND_UP,1H,179,0.6136727078891258
rolling_high_dist_3b,downside_breakdown_occurred,TREND_UP,24H,179,0.5315564495851144
rolling_high_dist_3b,downside_breakdown_occurred,TREND_UP,2H,179,0.5648641787255648
rolling_high_dist_3b,downside_breakdown_occurred,TREND_UP,4H,179,0.5791025641025641
rolling_high_dist_3b,downside_breakdown_occurred,TREND_UP,8H,179,0.5886100386100386
rolling_high_dist_3b,downside_breakdown_occurred,VOLATILITY_EXPANSION,12H,324,0.556086439333862
rolling_high_dist_3b,downside_breakdown_occurred,VOLATILITY_EXPANSION,1H,324,0.6905242431700713
rolling_high_dist_3b,downside_breakdown_occurred,VOLATILITY_EXPANSION,24H,324,0.5843207271546826
rolling_high_dist_3b,downside_breakdown_occurred,VOLATILITY_EXPANSION,2H,324,0.6513866807984455
rolling_high_dist_3b,downside_breakdown_occurred,VOLATILITY_EXPANSION,4H,319,0.5999873513786997
rolling_high_dist_3b,downside_breakdown_occurred,VOLATILITY_EXPANSION,8H,319,0.5342639593908629
rolling_high_dist_3b,range_breached,HIGH_VOL,12H,163,0.6490990990990991
rolling_high_dist_3b,range_breached,HIGH_VOL,1H,163,0.5303797468354431
rolling_high_dist_3b,range_breached,HIGH_VOL,24H,163,0.6882051282051282
rolling_high_dist_3b,range_breached,HIGH_VOL,2H,163,0.5509554140127388
rolling_high_dist_3b,range_breached,HIGH_VOL,4H,163,0.5970695970695971
rolling_high_dist_3b,range_breached,HIGH_VOL,8H,163,0.577972027972028
rolling_high_dist_3b,range_breached,LOW_VOL_RANGE,12H,1024,0.6369047619047619
rolling_high_dist_3b,range_breached,LOW_VOL_RANGE,1H,1024,0.5003833620854897
rolling_high_dist_3b,range_breached,LOW_VOL_RANGE,24H,1024,0.5847296494355317
rolling_high_dist_3b,range_breached,LOW_VOL_RANGE,2H,1024,0.5832208726945569
rolling_high_dist_3b,range_breached,LOW_VOL_RANGE,4H,1016,0.5929728166570272
rolling_high_dist_3b,range_breached,LOW_VOL_RANGE,8H,1016,0.6810114227877386
rolling_high_dist_3b,range_breached,NORMAL_RANGE,12H,2314,0.5550191589683192
rolling_high_dist_3b,range_breached,NORMAL_RANGE,1H,2314,0.5064448441247003
rolling_high_dist_3b,range_breached,NORMAL_RANGE,24H,2314,0.6053590312543935
rolling_high_dist_3b,range_breached,NORMAL_RANGE,2H,2314,0.6182096423723478
rolling_high_dist_3b,range_breached,NORMAL_RANGE,4H,2303,0.5812004775860198
rolling_high_dist_3b,range_breached,NORMAL_RANGE,8H,2303,0.610526870834388
rolling_high_dist_3b,range_breached,TREND_DOWN,12H,190,0.5093808630393997
rolling_high_dist_3b,range_breached,TREND_DOWN,1H,190,0.689901394083645
rolling_high_dist_3b,range_breached,TREND_DOWN,24H,190,0.526355421686747
rolling_high_dist_3b,range_breached,TREND_DOWN,2H,190,0.5615725071595938
rolling_high_dist_3b,range_breached,TREND_DOWN,4H,189,0.5082304526748971
rolling_high_dist_3b,range_breached,TREND_DOWN,8H,189,0.5275252525252525
rolling_high_dist_3b,range_breached,TREND_UP,12H,179,0.616551724137931
rolling_high_dist_3b,range_breached,TREND_UP,1H,179,0.6100891861761427
rolling_high_dist_3b,range_breached,TREND_UP,24H,179,0.6454588457899716
rolling_high_dist_3b,range_breached,TREND_UP,2H,179,0.6268817204301075
rolling_high_dist_3b,range_breached,TREND_UP,4H,179,0.6560919540229885
rolling_high_dist_3b,range_breached,TREND_UP,8H,179,0.6564327485380117
rolling_high_dist_3b,range_breached,VOLATILITY_EXPANSION,12H,324,0.6238136324417601
rolling_high_dist_3b,range_breached,VOLATILITY_EXPANSION,1H,324,0.5841269841269842
rolling_high_dist_3b,range_breached,VOLATILITY_EXPANSION,24H,324,0.6334448160535117
rolling_high_dist_3b,range_breached,VOLATILITY_EXPANSION,2H,324,0.6390265885534024
rolling_high_dist_3b,range_breached,VOLATILITY_EXPANSION,4H,319,0.7061897106109325
rolling_high_dist_3b,range_breached,VOLATILITY_EXPANSION,8H,319,0.5726092089728453
rolling_high_dist_3b,path_inside_70,HIGH_VOL,12H,163,0.649099099099099
rolling_high_dist_3b,path_inside_70,HIGH_VOL,1H,163,0.530379746835443
rolling_high_dist_3b,path_inside_70,HIGH_VOL,24H,163,0.6882051282051282
rolling_high_dist_3b,path_inside_70,HIGH_VOL,2H,163,0.5509554140127388
rolling_high_dist_3b,path_inside_70,HIGH_VOL,4H,163,0.5970695970695971
rolling_high_dist_3b,path_inside_70,HIGH_VOL,8H,163,0.577972027972028
rolling_high_dist_3b,path_inside_70,LOW_VOL_RANGE,12H,1024,0.6369047619047619
rolling_high_dist_3b,path_inside_70,LOW_VOL_RANGE,1H,1024,0.5003833620854897
rolling_high_dist_3b,path_inside_70,LOW_VOL_RANGE,24H,1024,0.5847296494355319
rolling_high_dist_3b,path_inside_70,LOW_VOL_RANGE,2H,1024,0.5832208726945569
rolling_high_dist_3b,path_inside_70,LOW_VOL_RANGE,4H,1016,0.5929728166570272
rolling_high_dist_3b,path_inside_70,LOW_VOL_RANGE,8H,1016,0.6810114227877386
rolling_high_dist_3b,path_inside_70,NORMAL_RANGE,12H,2314,0.5550191589683192
rolling_high_dist_3b,path_inside_70,NORMAL_RANGE,1H,2314,0.5064448441247003
rolling_high_dist_3b,path_inside_70,NORMAL_RANGE,24H,2314,0.6053590312543935
rolling_high_dist_3b,path_inside_70,NORMAL_RANGE,2H,2314,0.6182096423723478
rolling_high_dist_3b,path_inside_70,NORMAL_RANGE,4H,2303,0.5812004775860198
rolling_high_dist_3b,path_inside_70,NORMAL_RANGE,8H,2303,0.6105268708343878
rolling_high_dist_3b,path_inside_70,TREND_DOWN,12H,190,0.5093808630393997
rolling_high_dist_3b,path_inside_70,TREND_DOWN,1H,190,0.689901394083645
rolling_high_dist_3b,path_inside_70,TREND_DOWN,24H,190,0.526355421686747
rolling_high_dist_3b,path_inside_70,TREND_DOWN,2H,190,0.5615725071595938
rolling_high_dist_3b,path_inside_70,TREND_DOWN,4H,189,0.5082304526748971
rolling_high_dist_3b,path_inside_70,TREND_DOWN,8H,189,0.5275252525252525
rolling_high_dist_3b,path_inside_70,TREND_UP,12H,179,0.616551724137931
rolling_high_dist_3b,path_inside_70,TREND_UP,1H,179,0.6100891861761427
rolling_high_dist_3b,path_inside_70,TREND_UP,24H,179,0.6454588457899716
rolling_high_dist_3b,path_inside_70,TREND_UP,2H,179,0.6268817204301076
rolling_high_dist_3b,path_inside_70,TREND_UP,4H,179,0.6560919540229886
rolling_high_dist_3b,path_inside_70,TREND_UP,8H,179,0.6564327485380117
rolling_high_dist_3b,path_inside_70,VOLATILITY_EXPANSION,12H,324,0.6238136324417601
rolling_high_dist_3b,path_inside_70,VOLATILITY_EXPANSION,1H,324,0.584126984126984
rolling_high_dist_3b,path_inside_70,VOLATILITY_EXPANSION,24H,324,0.6334448160535118
rolling_high_dist_3b,path_inside_70,VOLATILITY_EXPANSION,2H,324,0.6390265885534024
rolling_high_dist_3b,path_inside_70,VOLATILITY_EXPANSION,4H,319,0.7061897106109325
rolling_high_dist_3b,path_inside_70,VOLATILITY_EXPANSION,8H,319,0.5726092089728454
rolling_high_dist_3b,trend_efficiency_high,HIGH_VOL,12H,163,0.5161870503597122
rolling_high_dist_3b,trend_efficiency_high,HIGH_VOL,1H,163,0.5310023310023311
rolling_high_dist_3b,trend_efficiency_high,HIGH_VOL,24H,163,0.5251811594202899
rolling_high_dist_3b,trend_efficiency_high,HIGH_VOL,2H,163,0.523483812129503
rolling_high_dist_3b,trend_efficiency_high,HIGH_VOL,4H,163,0.5625402965828498
rolling_high_dist_3b,trend_efficiency_high,HIGH_VOL,8H,163,0.5489766081871345
rolling_high_dist_3b,trend_efficiency_high,LOW_VOL_RANGE,12H,1024,0.513260291726418
rolling_high_dist_3b,trend_efficiency_high,LOW_VOL_RANGE,1H,1024,0.5514095708312041
rolling_high_dist_3b,trend_efficiency_high,LOW_VOL_RANGE,24H,1024,0.5265223822881309
rolling_high_dist_3b,trend_efficiency_high,LOW_VOL_RANGE,2H,1024,0.5284763878285528
rolling_high_dist_3b,trend_efficiency_high,LOW_VOL_RANGE,4H,1016,0.5009532246633593
rolling_high_dist_3b,trend_efficiency_high,LOW_VOL_RANGE,8H,1016,0.5160372075659532
rolling_high_dist_3b,trend_efficiency_high,NORMAL_RANGE,12H,2314,0.507525631855031
rolling_high_dist_3b,trend_efficiency_high,NORMAL_RANGE,1H,2314,0.5201603426035244
rolling_high_dist_3b,trend_efficiency_high,NORMAL_RANGE,24H,2314,0.5394236560758923
rolling_high_dist_3b,trend_efficiency_high,NORMAL_RANGE,2H,2314,0.5407121080139372
rolling_high_dist_3b,trend_efficiency_high,NORMAL_RANGE,4H,2303,0.5196140520096963
rolling_high_dist_3b,trend_efficiency_high,NORMAL_RANGE,8H,2303,0.5103486350310307
rolling_high_dist_3b,trend_efficiency_high,TREND_DOWN,12H,190,0.5296052631578947
rolling_high_dist_3b,trend_efficiency_high,TREND_DOWN,1H,190,0.5735930735930737
rolling_high_dist_3b,trend_efficiency_high,TREND_DOWN,24H,190,0.5526695526695526
rolling_high_dist_3b,trend_efficiency_high,TREND_DOWN,2H,190,0.5238453815261044
rolling_high_dist_3b,trend_efficiency_high,TREND_DOWN,4H,189,0.5031539888682746
rolling_high_dist_3b,trend_efficiency_high,TREND_DOWN,8H,189,0.6153628117913832
rolling_high_dist_3b,trend_efficiency_high,TREND_UP,12H,179,0.5527534113060428
rolling_high_dist_3b,trend_efficiency_high,TREND_UP,1H,179,0.5540472599296129
rolling_high_dist_3b,trend_efficiency_high,TREND_UP,24H,179,0.5336689038031319
rolling_high_dist_3b,trend_efficiency_high,TREND_UP,2H,179,0.5
rolling_high_dist_3b,trend_efficiency_high,TREND_UP,4H,179,0.5761744966442953
rolling_high_dist_3b,trend_efficiency_high,TREND_UP,8H,179,0.5047831632653061
rolling_high_dist_3b,trend_efficiency_high,VOLATILITY_EXPANSION,12H,324,0.5194782239819005
rolling_high_dist_3b,trend_efficiency_high,VOLATILITY_EXPANSION,1H,324,0.5442330917874396
rolling_high_dist_3b,trend_efficiency_high,VOLATILITY_EXPANSION,24H,324,0.5065254863334154
rolling_high_dist_3b,trend_efficiency_high,VOLATILITY_EXPANSION,2H,324,0.5640946502057613
rolling_high_dist_3b,trend_efficiency_high,VOLATILITY_EXPANSION,4H,319,0.5414186507936508
rolling_high_dist_3b,trend_efficiency_high,VOLATILITY_EXPANSION,8H,319,0.5395800822811747
bollinger_bandwidth_96b,upside_breakout_occurred,HIGH_VOL,12H,163,0.6831156999696326
bollinger_bandwidth_96b,upside_breakout_occurred,HIGH_VOL,1H,163,0.5032594524119948
bollinger_bandwidth_96b,upside_breakout_occurred,HIGH_VOL,24H,163,0.5616605616605617
bollinger_bandwidth_96b,upside_breakout_occurred,HIGH_VOL,2H,163,0.5488584474885845
bollinger_bandwidth_96b,upside_breakout_occurred,HIGH_VOL,4H,163,0.5916214587100663
bollinger_bandwidth_96b,upside_breakout_occurred,HIGH_VOL,8H,163,0.6334944125641799
bollinger_bandwidth_96b,upside_breakout_occurred,LOW_VOL_RANGE,12H,1024,0.5676439680538041
bollinger_bandwidth_96b,upside_breakout_occurred,LOW_VOL_RANGE,1H,1024,0.5543848553840964
bollinger_bandwidth_96b,upside_breakout_occurred,LOW_VOL_RANGE,24H,1024,0.6121818768896586
bollinger_bandwidth_96b,upside_breakout_occurred,LOW_VOL_RANGE,2H,1024,0.5661927867365935
bollinger_bandwidth_96b,upside_breakout_occurred,LOW_VOL_RANGE,4H,1016,0.5290265606956049
bollinger_bandwidth_96b,upside_breakout_occurred,LOW_VOL_RANGE,8H,1016,0.5481474138378675
bollinger_bandwidth_96b,upside_breakout_occurred,NORMAL_RANGE,12H,2314,0.6317016033295114
bollinger_bandwidth_96b,upside_breakout_occurred,NORMAL_RANGE,1H,2314,0.5202898724993887
bollinger_bandwidth_96b,upside_breakout_occurred,NORMAL_RANGE,24H,2314,0.6457665570851312
bollinger_bandwidth_96b,upside_breakout_occurred,NORMAL_RANGE,2H,2314,0.5640019764325392
bollinger_bandwidth_96b,upside_breakout_occurred,NORMAL_RANGE,4H,2303,0.5937261934992382
bollinger_bandwidth_96b,upside_breakout_occurred,NORMAL_RANGE,8H,2303,0.615240328253224
bollinger_bandwidth_96b,upside_breakout_occurred,TREND_DOWN,12H,190,0.6286764705882353
bollinger_bandwidth_96b,upside_breakout_occurred,TREND_DOWN,1H,190,0.5369505329979638
bollinger_bandwidth_96b,upside_breakout_occurred,TREND_DOWN,24H,190,0.606729055258467
bollinger_bandwidth_96b,upside_breakout_occurred,TREND_DOWN,2H,190,0.5597623485554519
bollinger_bandwidth_96b,upside_breakout_occurred,TREND_DOWN,4H,189,0.5253164556962026
bollinger_bandwidth_96b,upside_breakout_occurred,TREND_DOWN,8H,189,0.5857335733573357
bollinger_bandwidth_96b,upside_breakout_occurred,TREND_UP,12H,179,0.5916476263010917
bollinger_bandwidth_96b,upside_breakout_occurred,TREND_UP,1H,179,0.6366133866133866
bollinger_bandwidth_96b,upside_breakout_occurred,TREND_UP,24H,179,0.5906593406593407
bollinger_bandwidth_96b,upside_breakout_occurred,TREND_UP,2H,179,0.6155388471177945
bollinger_bandwidth_96b,upside_breakout_occurred,TREND_UP,4H,179,0.6133333333333333
bollinger_bandwidth_96b,upside_breakout_occurred,TREND_UP,8H,179,0.6373076923076924
bollinger_bandwidth_96b,upside_breakout_occurred,VOLATILITY_EXPANSION,12H,324,0.6533448385485263
bollinger_bandwidth_96b,upside_breakout_occurred,VOLATILITY_EXPANSION,1H,324,0.5783038381981154
bollinger_bandwidth_96b,upside_breakout_occurred,VOLATILITY_EXPANSION,24H,324,0.6879632749326146
bollinger_bandwidth_96b,upside_breakout_occurred,VOLATILITY_EXPANSION,2H,324,0.5453765577027271
bollinger_bandwidth_96b,upside_breakout_occurred,VOLATILITY_EXPANSION,4H,319,0.5259817351598173
bollinger_bandwidth_96b,upside_breakout_occurred,VOLATILITY_EXPANSION,8H,319,0.539938340807175
bollinger_bandwidth_96b,downside_breakdown_occurred,HIGH_VOL,12H,163,0.5322799864084268
bollinger_bandwidth_96b,downside_breakdown_occurred,HIGH_VOL,1H,163,0.5228956228956229
bollinger_bandwidth_96b,downside_breakdown_occurred,HIGH_VOL,24H,163,0.5285423037716616
bollinger_bandwidth_96b,downside_breakdown_occurred,HIGH_VOL,2H,163,0.5204116638078902
bollinger_bandwidth_96b,downside_breakdown_occurred,HIGH_VOL,4H,163,0.6287146437522377
bollinger_bandwidth_96b,downside_breakdown_occurred,HIGH_VOL,8H,163,0.5802588996763755
bollinger_bandwidth_96b,downside_breakdown_occurred,LOW_VOL_RANGE,12H,1024,0.5379176234510437
bollinger_bandwidth_96b,downside_breakdown_occurred,LOW_VOL_RANGE,1H,1024,0.5074259638428564
bollinger_bandwidth_96b,downside_breakdown_occurred,LOW_VOL_RANGE,24H,1024,0.5741360089186176
bollinger_bandwidth_96b,downside_breakdown_occurred,LOW_VOL_RANGE,2H,1024,0.5074000360378069
bollinger_bandwidth_96b,downside_breakdown_occurred,LOW_VOL_RANGE,4H,1016,0.5146268019045037
bollinger_bandwidth_96b,downside_breakdown_occurred,LOW_VOL_RANGE,8H,1016,0.5418191257911392
bollinger_bandwidth_96b,downside_breakdown_occurred,NORMAL_RANGE,12H,2314,0.5438721227621484
bollinger_bandwidth_96b,downside_breakdown_occurred,NORMAL_RANGE,1H,2314,0.531905734882226
bollinger_bandwidth_96b,downside_breakdown_occurred,NORMAL_RANGE,24H,2314,0.5259386250642893
bollinger_bandwidth_96b,downside_breakdown_occurred,NORMAL_RANGE,2H,2314,0.5109276567179593
bollinger_bandwidth_96b,downside_breakdown_occurred,NORMAL_RANGE,4H,2303,0.5045204373058894
bollinger_bandwidth_96b,downside_breakdown_occurred,NORMAL_RANGE,8H,2303,0.5508662884761105
bollinger_bandwidth_96b,downside_breakdown_occurred,TREND_DOWN,12H,190,0.5555186170212766
bollinger_bandwidth_96b,downside_breakdown_occurred,TREND_DOWN,1H,190,0.5478409090909091
bollinger_bandwidth_96b,downside_breakdown_occurred,TREND_DOWN,24H,190,0.5434397163120568
bollinger_bandwidth_96b,downside_breakdown_occurred,TREND_DOWN,2H,190,0.5175935175935176
bollinger_bandwidth_96b,downside_breakdown_occurred,TREND_DOWN,4H,189,0.5134468848050202
bollinger_bandwidth_96b,downside_breakdown_occurred,TREND_DOWN,8H,189,0.5021493212669683
bollinger_bandwidth_96b,downside_breakdown_occurred,TREND_UP,12H,179,0.5077430820005078
bollinger_bandwidth_96b,downside_breakdown_occurred,TREND_UP,1H,179,0.5010660980810234
bollinger_bandwidth_96b,downside_breakdown_occurred,TREND_UP,24H,179,0.5020115665074176
bollinger_bandwidth_96b,downside_breakdown_occurred,TREND_UP,2H,179,0.529068291444529
bollinger_bandwidth_96b,downside_breakdown_occurred,TREND_UP,4H,179,0.5191025641025641
bollinger_bandwidth_96b,downside_breakdown_occurred,TREND_UP,8H,179,0.5122265122265123
bollinger_bandwidth_96b,downside_breakdown_occurred,VOLATILITY_EXPANSION,12H,324,0.5089611419508326
bollinger_bandwidth_96b,downside_breakdown_occurred,VOLATILITY_EXPANSION,1H,324,0.5531873000246124
bollinger_bandwidth_96b,downside_breakdown_occurred,VOLATILITY_EXPANSION,24H,324,0.5844830384677813
bollinger_bandwidth_96b,downside_breakdown_occurred,VOLATILITY_EXPANSION,2H,324,0.5416004239533652
bollinger_bandwidth_96b,downside_breakdown_occurred,VOLATILITY_EXPANSION,4H,319,0.5094864659752087
bollinger_bandwidth_96b,downside_breakdown_occurred,VOLATILITY_EXPANSION,8H,319,0.5121910626612299
bollinger_bandwidth_96b,range_breached,HIGH_VOL,12H,163,0.7801801801801802
bollinger_bandwidth_96b,range_breached,HIGH_VOL,1H,163,0.6645569620253164
bollinger_bandwidth_96b,range_breached,HIGH_VOL,24H,163,0.7133333333333334
bollinger_bandwidth_96b,range_breached,HIGH_VOL,2H,163,0.6061571125265393
bollinger_bandwidth_96b,range_breached,HIGH_VOL,4H,163,0.5879120879120879
bollinger_bandwidth_96b,range_breached,HIGH_VOL,8H,163,0.5080419580419581
bollinger_bandwidth_96b,range_breached,LOW_VOL_RANGE,12H,1024,0.6637621916236374
bollinger_bandwidth_96b,range_breached,LOW_VOL_RANGE,1H,1024,0.5888441633122484
bollinger_bandwidth_96b,range_breached,LOW_VOL_RANGE,24H,1024,0.6806595365418895
bollinger_bandwidth_96b,range_breached,LOW_VOL_RANGE,2H,1024,0.6022267206477733
bollinger_bandwidth_96b,range_breached,LOW_VOL_RANGE,4H,1016,0.6315427993059572
bollinger_bandwidth_96b,range_breached,LOW_VOL_RANGE,8H,1016,0.6622686524002314
bollinger_bandwidth_96b,range_breached,NORMAL_RANGE,12H,2314,0.6320087677327804
bollinger_bandwidth_96b,range_breached,NORMAL_RANGE,1H,2314,0.5316097122302158
bollinger_bandwidth_96b,range_breached,NORMAL_RANGE,24H,2314,0.6398195521813281
bollinger_bandwidth_96b,range_breached,NORMAL_RANGE,2H,2314,0.6079102343754033
bollinger_bandwidth_96b,range_breached,NORMAL_RANGE,4H,2303,0.6471453381091936
bollinger_bandwidth_96b,range_breached,NORMAL_RANGE,8H,2303,0.6233316459967941
bollinger_bandwidth_96b,range_breached,TREND_DOWN,12H,190,0.6653377110694184
bollinger_bandwidth_96b,range_breached,TREND_DOWN,1H,190,0.5848350901054062
bollinger_bandwidth_96b,range_breached,TREND_DOWN,24H,190,0.6533634538152611
bollinger_bandwidth_96b,range_breached,TREND_DOWN,2H,190,0.5415256443634471
bollinger_bandwidth_96b,range_breached,TREND_DOWN,4H,189,0.540695016003658
bollinger_bandwidth_96b,range_breached,TREND_DOWN,8H,189,0.6156565656565657
bollinger_bandwidth_96b,range_breached,TREND_UP,12H,179,0.5085057471264367
bollinger_bandwidth_96b,range_breached,TREND_UP,1H,179,0.6390746934225195
bollinger_bandwidth_96b,range_breached,TREND_UP,24H,179,0.5193945127719962
bollinger_bandwidth_96b,range_breached,TREND_UP,2H,179,0.585752688172043
bollinger_bandwidth_96b,range_breached,TREND_UP,4H,179,0.5478160919540229
bollinger_bandwidth_96b,range_breached,TREND_UP,8H,179,0.5682261208576997
bollinger_bandwidth_96b,range_breached,VOLATILITY_EXPANSION,12H,324,0.6890422778257118
bollinger_bandwidth_96b,range_breached,VOLATILITY_EXPANSION,1H,324,0.8356261022927689
bollinger_bandwidth_96b,range_breached,VOLATILITY_EXPANSION,24H,324,0.7317725752508362
bollinger_bandwidth_96b,range_breached,VOLATILITY_EXPANSION,2H,324,0.7764758900405588
bollinger_bandwidth_96b,range_breached,VOLATILITY_EXPANSION,4H,319,0.77491961414791
bollinger_bandwidth_96b,range_breached,VOLATILITY_EXPANSION,8H,319,0.6357733175914995
bollinger_bandwidth_96b,path_inside_70,HIGH_VOL,12H,163,0.7801801801801802
bollinger_bandwidth_96b,path_inside_70,HIGH_VOL,1H,163,0.6645569620253164
bollinger_bandwidth_96b,path_inside_70,HIGH_VOL,24H,163,0.7133333333333334
bollinger_bandwidth_96b,path_inside_70,HIGH_VOL,2H,163,0.6061571125265393
bollinger_bandwidth_96b,path_inside_70,HIGH_VOL,4H,163,0.5879120879120879
bollinger_bandwidth_96b,path_inside_70,HIGH_VOL,8H,163,0.5080419580419581
bollinger_bandwidth_96b,path_inside_70,LOW_VOL_RANGE,12H,1024,0.6637621916236374
bollinger_bandwidth_96b,path_inside_70,LOW_VOL_RANGE,1H,1024,0.5888441633122484
bollinger_bandwidth_96b,path_inside_70,LOW_VOL_RANGE,24H,1024,0.6806595365418895
bollinger_bandwidth_96b,path_inside_70,LOW_VOL_RANGE,2H,1024,0.6022267206477733
bollinger_bandwidth_96b,path_inside_70,LOW_VOL_RANGE,4H,1016,0.6315427993059572
bollinger_bandwidth_96b,path_inside_70,LOW_VOL_RANGE,8H,1016,0.6622686524002314
bollinger_bandwidth_96b,path_inside_70,NORMAL_RANGE,12H,2314,0.6320087677327805
bollinger_bandwidth_96b,path_inside_70,NORMAL_RANGE,1H,2314,0.5316097122302158
bollinger_bandwidth_96b,path_inside_70,NORMAL_RANGE,24H,2314,0.639819552181328
bollinger_bandwidth_96b,path_inside_70,NORMAL_RANGE,2H,2314,0.6079102343754033
bollinger_bandwidth_96b,path_inside_70,NORMAL_RANGE,4H,2303,0.6471453381091935
bollinger_bandwidth_96b,path_inside_70,NORMAL_RANGE,8H,2303,0.623331645996794
bollinger_bandwidth_96b,path_inside_70,TREND_DOWN,12H,190,0.6653377110694184
bollinger_bandwidth_96b,path_inside_70,TREND_DOWN,1H,190,0.5848350901054064
bollinger_bandwidth_96b,path_inside_70,TREND_DOWN,24H,190,0.6533634538152611
bollinger_bandwidth_96b,path_inside_70,TREND_DOWN,2H,190,0.541525644363447
bollinger_bandwidth_96b,path_inside_70,TREND_DOWN,4H,189,0.540695016003658
bollinger_bandwidth_96b,path_inside_70,TREND_DOWN,8H,189,0.6156565656565657
bollinger_bandwidth_96b,path_inside_70,TREND_UP,12H,179,0.5085057471264368
bollinger_bandwidth_96b,path_inside_70,TREND_UP,1H,179,0.6390746934225195
bollinger_bandwidth_96b,path_inside_70,TREND_UP,24H,179,0.5193945127719962
bollinger_bandwidth_96b,path_inside_70,TREND_UP,2H,179,0.585752688172043
bollinger_bandwidth_96b,path_inside_70,TREND_UP,4H,179,0.547816091954023
bollinger_bandwidth_96b,path_inside_70,TREND_UP,8H,179,0.5682261208576999
bollinger_bandwidth_96b,path_inside_70,VOLATILITY_EXPANSION,12H,324,0.6890422778257118
bollinger_bandwidth_96b,path_inside_70,VOLATILITY_EXPANSION,1H,324,0.835626102292769
bollinger_bandwidth_96b,path_inside_70,VOLATILITY_EXPANSION,24H,324,0.7317725752508362
bollinger_bandwidth_96b,path_inside_70,VOLATILITY_EXPANSION,2H,324,0.7764758900405588
bollinger_bandwidth_96b,path_inside_70,VOLATILITY_EXPANSION,4H,319,0.77491961414791
bollinger_bandwidth_96b,path_inside_70,VOLATILITY_EXPANSION,8H,319,0.6357733175914995
bollinger_bandwidth_96b,trend_efficiency_high,HIGH_VOL,12H,163,0.790167865707434
bollinger_bandwidth_96b,trend_efficiency_high,HIGH_VOL,1H,163,0.6445221445221445
bollinger_bandwidth_96b,trend_efficiency_high,HIGH_VOL,24H,163,0.6800724637681159
bollinger_bandwidth_96b,trend_efficiency_high,HIGH_VOL,2H,163,0.6000911992704059
bollinger_bandwidth_96b,trend_efficiency_high,HIGH_VOL,4H,163,0.5257898130238556
bollinger_bandwidth_96b,trend_efficiency_high,HIGH_VOL,8H,163,0.6663011695906433
bollinger_bandwidth_96b,trend_efficiency_high,LOW_VOL_RANGE,12H,1024,0.5131312888883556
bollinger_bandwidth_96b,trend_efficiency_high,LOW_VOL_RANGE,1H,1024,0.5124331560424059
bollinger_bandwidth_96b,trend_efficiency_high,LOW_VOL_RANGE,24H,1024,0.5180733984372603
bollinger_bandwidth_96b,trend_efficiency_high,LOW_VOL_RANGE,2H,1024,0.5254807867088378
bollinger_bandwidth_96b,trend_efficiency_high,LOW_VOL_RANGE,4H,1016,0.5323600283486889
bollinger_bandwidth_96b,trend_efficiency_high,LOW_VOL_RANGE,8H,1016,0.5470445495271279
bollinger_bandwidth_96b,trend_efficiency_high,NORMAL_RANGE,12H,2314,0.5279637577491655
bollinger_bandwidth_96b,trend_efficiency_high,NORMAL_RANGE,1H,2314,0.5388298570116752
bollinger_bandwidth_96b,trend_efficiency_high,NORMAL_RANGE,24H,2314,0.5272031697033579
bollinger_bandwidth_96b,trend_efficiency_high,NORMAL_RANGE,2H,2314,0.5083072863291658
bollinger_bandwidth_96b,trend_efficiency_high,NORMAL_RANGE,4H,2303,0.502936809107408
bollinger_bandwidth_96b,trend_efficiency_high,NORMAL_RANGE,8H,2303,0.5011777695988222
bollinger_bandwidth_96b,trend_efficiency_high,TREND_DOWN,12H,190,0.5228531855955678
bollinger_bandwidth_96b,trend_efficiency_high,TREND_DOWN,1H,190,0.5029761904761905
bollinger_bandwidth_96b,trend_efficiency_high,TREND_DOWN,24H,190,0.5703463203463204
bollinger_bandwidth_96b,trend_efficiency_high,TREND_DOWN,2H,190,0.5105421686746988
bollinger_bandwidth_96b,trend_efficiency_high,TREND_DOWN,4H,189,0.5883116883116883
bollinger_bandwidth_96b,trend_efficiency_high,TREND_DOWN,8H,189,0.5770975056689343
bollinger_bandwidth_96b,trend_efficiency_high,TREND_UP,12H,179,0.5504385964912281
bollinger_bandwidth_96b,trend_efficiency_high,TREND_UP,1H,179,0.6380090497737556
bollinger_bandwidth_96b,trend_efficiency_high,TREND_UP,24H,179,0.5706935123042506
bollinger_bandwidth_96b,trend_efficiency_high,TREND_UP,2H,179,0.5794701986754967
bollinger_bandwidth_96b,trend_efficiency_high,TREND_UP,4H,179,0.5375838926174497
bollinger_bandwidth_96b,trend_efficiency_high,TREND_UP,8H,179,0.5620748299319728
bollinger_bandwidth_96b,trend_efficiency_high,VOLATILITY_EXPANSION,12H,324,0.5318156108597285
bollinger_bandwidth_96b,trend_efficiency_high,VOLATILITY_EXPANSION,1H,324,0.5008303140096618
bollinger_bandwidth_96b,trend_efficiency_high,VOLATILITY_EXPANSION,24H,324,0.5344127062299926
bollinger_bandwidth_96b,trend_efficiency_high,VOLATILITY_EXPANSION,2H,324,0.5091220850480109
bollinger_bandwidth_96b,trend_efficiency_high,VOLATILITY_EXPANSION,4H,319,0.5811631944444444
bollinger_bandwidth_96b,trend_efficiency_high,VOLATILITY_EXPANSION,8H,319,0.5248971485317067
rolling_high_dist_6b,upside_breakout_occurred,HIGH_VOL,12H,163,0.5176131187367142
rolling_high_dist_6b,upside_breakout_occurred,HIGH_VOL,1H,163,0.6797588005215124
rolling_high_dist_6b,upside_breakout_occurred,HIGH_VOL,24H,163,0.5256410256410257
rolling_high_dist_6b,upside_breakout_occurred,HIGH_VOL,2H,163,0.610806697108067
rolling_high_dist_6b,upside_breakout_occurred,HIGH_VOL,4H,163,0.5676612417118746
rolling_high_dist_6b,upside_breakout_occurred,HIGH_VOL,8H,163,0.5161582603443069
rolling_high_dist_6b,upside_breakout_occurred,LOW_VOL_RANGE,12H,1024,0.5708254518705338
rolling_high_dist_6b,upside_breakout_occurred,LOW_VOL_RANGE,1H,1024,0.527411670461253
rolling_high_dist_6b,upside_breakout_occurred,LOW_VOL_RANGE,24H,1024,0.5615199459887869
rolling_high_dist_6b,upside_breakout_occurred,LOW_VOL_RANGE,2H,1024,0.5076269819472237
rolling_high_dist_6b,upside_breakout_occurred,LOW_VOL_RANGE,4H,1016,0.5068224531847927
rolling_high_dist_6b,upside_breakout_occurred,LOW_VOL_RANGE,8H,1016,0.53298023498978
rolling_high_dist_6b,upside_breakout_occurred,NORMAL_RANGE,12H,2314,0.5214123483717997
rolling_high_dist_6b,upside_breakout_occurred,NORMAL_RANGE,1H,2314,0.5415124514507654
rolling_high_dist_6b,upside_breakout_occurred,NORMAL_RANGE,24H,2314,0.5480870317101568
rolling_high_dist_6b,upside_breakout_occurred,NORMAL_RANGE,2H,2314,0.502009924717464
rolling_high_dist_6b,upside_breakout_occurred,NORMAL_RANGE,4H,2303,0.5030460417724734
rolling_high_dist_6b,upside_breakout_occurred,NORMAL_RANGE,8H,2303,0.5228499818086267
rolling_high_dist_6b,upside_breakout_occurred,TREND_DOWN,12H,190,0.5545900178253119
rolling_high_dist_6b,upside_breakout_occurred,TREND_DOWN,1H,190,0.6074979039405917
rolling_high_dist_6b,upside_breakout_occurred,TREND_DOWN,24H,190,0.5409982174688057
rolling_high_dist_6b,upside_breakout_occurred,TREND_DOWN,2H,190,0.5066402609506058
rolling_high_dist_6b,upside_breakout_occurred,TREND_DOWN,4H,189,0.5181818181818182
rolling_high_dist_6b,upside_breakout_occurred,TREND_DOWN,8H,189,0.5232898289828983
rolling_high_dist_6b,upside_breakout_occurred,TREND_UP,12H,179,0.5484894643310485
rolling_high_dist_6b,upside_breakout_occurred,TREND_UP,1H,179,0.5580044955044955
rolling_high_dist_6b,upside_breakout_occurred,TREND_UP,24H,179,0.5952797202797203
rolling_high_dist_6b,upside_breakout_occurred,TREND_UP,2H,179,0.6052005012531328
rolling_high_dist_6b,upside_breakout_occurred,TREND_UP,4H,179,0.6516666666666666
rolling_high_dist_6b,upside_breakout_occurred,TREND_UP,8H,179,0.6007692307692307
rolling_high_dist_6b,upside_breakout_occurred,VOLATILITY_EXPANSION,12H,324,0.5928289204777693
rolling_high_dist_6b,upside_breakout_occurred,VOLATILITY_EXPANSION,1H,324,0.6345897494828775
rolling_high_dist_6b,upside_breakout_occurred,VOLATILITY_EXPANSION,24H,324,0.5780197102425876
rolling_high_dist_6b,upside_breakout_occurred,VOLATILITY_EXPANSION,2H,324,0.577411052916742
rolling_high_dist_6b,upside_breakout_occurred,VOLATILITY_EXPANSION,4H,319,0.5488584474885845
rolling_high_dist_6b,upside_breakout_occurred,VOLATILITY_EXPANSION,8H,319,0.5164658071748879
rolling_high_dist_6b,downside_breakdown_occurred,HIGH_VOL,12H,163,0.5441726129799525
rolling_high_dist_6b,downside_breakdown_occurred,HIGH_VOL,1H,163,0.6028619528619529
rolling_high_dist_6b,downside_breakdown_occurred,HIGH_VOL,24H,163,0.5429833503227999
rolling_high_dist_6b,downside_breakdown_occurred,HIGH_VOL,2H,163,0.6032590051457976
rolling_high_dist_6b,downside_breakdown_occurred,HIGH_VOL,4H,163,0.5252416756176155
rolling_high_dist_6b,downside_breakdown_occurred,HIGH_VOL,8H,163,0.5766990291262136
rolling_high_dist_6b,downside_breakdown_occurred,LOW_VOL_RANGE,12H,1024,0.5293282856492687
rolling_high_dist_6b,downside_breakdown_occurred,LOW_VOL_RANGE,1H,1024,0.5713096854660542
rolling_high_dist_6b,downside_breakdown_occurred,LOW_VOL_RANGE,24H,1024,0.5371940861071296
rolling_high_dist_6b,downside_breakdown_occurred,LOW_VOL_RANGE,2H,1024,0.5610656543319082
rolling_high_dist_6b,downside_breakdown_occurred,LOW_VOL_RANGE,4H,1016,0.5557137164524305
rolling_high_dist_6b,downside_breakdown_occurred,LOW_VOL_RANGE,8H,1016,0.5511520965189873
rolling_high_dist_6b,downside_breakdown_occurred,NORMAL_RANGE,12H,2314,0.5402028985507247
rolling_high_dist_6b,downside_breakdown_occurred,NORMAL_RANGE,1H,2314,0.5617350101342709
rolling_high_dist_6b,downside_breakdown_occurred,NORMAL_RANGE,24H,2314,0.5653552328425736
rolling_high_dist_6b,downside_breakdown_occurred,NORMAL_RANGE,2H,2314,0.5474704378808221
rolling_high_dist_6b,downside_breakdown_occurred,NORMAL_RANGE,4H,2303,0.5311609588755943
rolling_high_dist_6b,downside_breakdown_occurred,NORMAL_RANGE,8H,2303,0.533529425819356
rolling_high_dist_6b,downside_breakdown_occurred,TREND_DOWN,12H,190,0.5208333333333333
rolling_high_dist_6b,downside_breakdown_occurred,TREND_DOWN,1H,190,0.5117045454545455
rolling_high_dist_6b,downside_breakdown_occurred,TREND_DOWN,24H,190,0.5581781914893618
rolling_high_dist_6b,downside_breakdown_occurred,TREND_DOWN,2H,190,0.5148185148185148
rolling_high_dist_6b,downside_breakdown_occurred,TREND_DOWN,4H,189,0.527341999103541
rolling_high_dist_6b,downside_breakdown_occurred,TREND_DOWN,8H,189,0.5013574660633484
rolling_high_dist_6b,downside_breakdown_occurred,TREND_UP,12H,179,0.5602944909875603
rolling_high_dist_6b,downside_breakdown_occurred,TREND_UP,1H,179,0.5920842217484008
rolling_high_dist_6b,downside_breakdown_occurred,TREND_UP,24H,179,0.5581468443550415
rolling_high_dist_6b,downside_breakdown_occurred,TREND_UP,2H,179,0.5535668951510536
rolling_high_dist_6b,downside_breakdown_occurred,TREND_UP,4H,179,0.5641025641025641
rolling_high_dist_6b,downside_breakdown_occurred,TREND_UP,8H,179,0.5616473616473616
rolling_high_dist_6b,downside_breakdown_occurred,VOLATILITY_EXPANSION,12H,324,0.5732553528945281
rolling_high_dist_6b,downside_breakdown_occurred,VOLATILITY_EXPANSION,1H,324,0.6777258183608171
rolling_high_dist_6b,downside_breakdown_occurred,VOLATILITY_EXPANSION,24H,324,0.6132527187144944
rolling_high_dist_6b,downside_breakdown_occurred,VOLATILITY_EXPANSION,2H,324,0.6405228758169934
rolling_high_dist_6b,downside_breakdown_occurred,VOLATILITY_EXPANSION,4H,319,0.599776541023695
rolling_high_dist_6b,downside_breakdown_occurred,VOLATILITY_EXPANSION,8H,319,0.5420446034784056
rolling_high_dist_6b,range_breached,HIGH_VOL,12H,163,0.6175675675675676
rolling_high_dist_6b,range_breached,HIGH_VOL,1H,163,0.579746835443038
rolling_high_dist_6b,range_breached,HIGH_VOL,24H,163,0.6630769230769231
rolling_high_dist_6b,range_breached,HIGH_VOL,2H,163,0.5042462845010616
rolling_high_dist_6b,range_breached,HIGH_VOL,4H,163,0.706043956043956
rolling_high_dist_6b,range_breached,HIGH_VOL,8H,163,0.548951048951049
rolling_high_dist_6b,range_breached,LOW_VOL_RANGE,12H,1024,0.6280479059093517
rolling_high_dist_6b,range_breached,LOW_VOL_RANGE,1H,1024,0.5324625537391495
rolling_high_dist_6b,range_breached,LOW_VOL_RANGE,24H,1024,0.5605317884729649
rolling_high_dist_6b,range_breached,LOW_VOL_RANGE,2H,1024,0.5520411605937922
rolling_high_dist_6b,range_breached,LOW_VOL_RANGE,4H,1016,0.5920691150954309
rolling_high_dist_6b,range_breached,LOW_VOL_RANGE,8H,1016,0.6659196067090803
rolling_high_dist_6b,range_breached,NORMAL_RANGE,12H,2314,0.5633554571366646
rolling_high_dist_6b,range_breached,NORMAL_RANGE,1H,2314,0.5233313349320543
rolling_high_dist_6b,range_breached,NORMAL_RANGE,24H,2314,0.6022873839345204
rolling_high_dist_6b,range_breached,NORMAL_RANGE,2H,2314,0.6282303392533639
rolling_high_dist_6b,range_breached,NORMAL_RANGE,4H,2303,0.5723380006512536
rolling_high_dist_6b,range_breached,NORMAL_RANGE,8H,2303,0.6172192693832785
rolling_high_dist_6b,range_breached,TREND_DOWN,12H,190,0.5
rolling_high_dist_6b,range_breached,TREND_DOWN,1H,190,0.6001360081604896
rolling_high_dist_6b,range_breached,TREND_DOWN,24H,190,0.5215863453815262
rolling_high_dist_6b,range_breached,TREND_DOWN,2H,190,0.5516792501952617
rolling_high_dist_6b,range_breached,TREND_DOWN,4H,189,0.5784179240969365
rolling_high_dist_6b,range_breached,TREND_DOWN,8H,189,0.5156565656565657
rolling_high_dist_6b,range_breached,TREND_UP,12H,179,0.6333333333333333
rolling_high_dist_6b,range_breached,TREND_UP,1H,179,0.649386845039019
rolling_high_dist_6b,range_breached,TREND_UP,24H,179,0.6594134342478714
rolling_high_dist_6b,range_breached,TREND_UP,2H,179,0.6352150537634409
rolling_high_dist_6b,range_breached,TREND_UP,4H,179,0.6542528735632184
rolling_high_dist_6b,range_breached,TREND_UP,8H,179,0.6510721247563352
rolling_high_dist_6b,range_breached,VOLATILITY_EXPANSION,12H,324,0.6395168248490077
rolling_high_dist_6b,range_breached,VOLATILITY_EXPANSION,1H,324,0.6126984126984127
rolling_high_dist_6b,range_breached,VOLATILITY_EXPANSION,24H,324,0.6861538461538461
rolling_high_dist_6b,range_breached,VOLATILITY_EXPANSION,2H,324,0.6561514195583596
rolling_high_dist_6b,range_breached,VOLATILITY_EXPANSION,4H,319,0.6663987138263665
rolling_high_dist_6b,range_breached,VOLATILITY_EXPANSION,8H,319,0.5672963400236127
rolling_high_dist_6b,path_inside_70,HIGH_VOL,12H,163,0.6175675675675676
rolling_high_dist_6b,path_inside_70,HIGH_VOL,1H,163,0.579746835443038
rolling_high_dist_6b,path_inside_70,HIGH_VOL,24H,163,0.6630769230769231
rolling_high_dist_6b,path_inside_70,HIGH_VOL,2H,163,0.5042462845010616
rolling_high_dist_6b,path_inside_70,HIGH_VOL,4H,163,0.7060439560439561
rolling_high_dist_6b,path_inside_70,HIGH_VOL,8H,163,0.548951048951049
rolling_high_dist_6b,path_inside_70,LOW_VOL_RANGE,12H,1024,0.6280479059093517
rolling_high_dist_6b,path_inside_70,LOW_VOL_RANGE,1H,1024,0.5324625537391494
rolling_high_dist_6b,path_inside_70,LOW_VOL_RANGE,24H,1024,0.5605317884729649
rolling_high_dist_6b,path_inside_70,LOW_VOL_RANGE,2H,1024,0.5520411605937922
rolling_high_dist_6b,path_inside_70,LOW_VOL_RANGE,4H,1016,0.5920691150954309
rolling_high_dist_6b,path_inside_70,LOW_VOL_RANGE,8H,1016,0.6659196067090805
rolling_high_dist_6b,path_inside_70,NORMAL_RANGE,12H,2314,0.5633554571366646
rolling_high_dist_6b,path_inside_70,NORMAL_RANGE,1H,2314,0.5233313349320543
rolling_high_dist_6b,path_inside_70,NORMAL_RANGE,24H,2314,0.6022873839345204
rolling_high_dist_6b,path_inside_70,NORMAL_RANGE,2H,2314,0.6282303392533639
rolling_high_dist_6b,path_inside_70,NORMAL_RANGE,4H,2303,0.5723380006512537
rolling_high_dist_6b,path_inside_70,NORMAL_RANGE,8H,2303,0.6172192693832785
rolling_high_dist_6b,path_inside_70,TREND_DOWN,12H,190,0.5
rolling_high_dist_6b,path_inside_70,TREND_DOWN,1H,190,0.6001360081604896
rolling_high_dist_6b,path_inside_70,TREND_DOWN,24H,190,0.5215863453815262
rolling_high_dist_6b,path_inside_70,TREND_DOWN,2H,190,0.5516792501952617
rolling_high_dist_6b,path_inside_70,TREND_DOWN,4H,189,0.5784179240969365
rolling_high_dist_6b,path_inside_70,TREND_DOWN,8H,189,0.5156565656565657
rolling_high_dist_6b,path_inside_70,TREND_UP,12H,179,0.6333333333333333
rolling_high_dist_6b,path_inside_70,TREND_UP,1H,179,0.649386845039019
rolling_high_dist_6b,path_inside_70,TREND_UP,24H,179,0.6594134342478714
rolling_high_dist_6b,path_inside_70,TREND_UP,2H,179,0.6352150537634409
rolling_high_dist_6b,path_inside_70,TREND_UP,4H,179,0.6542528735632184
rolling_high_dist_6b,path_inside_70,TREND_UP,8H,179,0.6510721247563354
rolling_high_dist_6b,path_inside_70,VOLATILITY_EXPANSION,12H,324,0.6395168248490077
rolling_high_dist_6b,path_inside_70,VOLATILITY_EXPANSION,1H,324,0.6126984126984127
rolling_high_dist_6b,path_inside_70,VOLATILITY_EXPANSION,24H,324,0.6861538461538461
rolling_high_dist_6b,path_inside_70,VOLATILITY_EXPANSION,2H,324,0.6561514195583595
rolling_high_dist_6b,path_inside_70,VOLATILITY_EXPANSION,4H,319,0.6663987138263665
rolling_high_dist_6b,path_inside_70,VOLATILITY_EXPANSION,8H,319,0.5672963400236127
rolling_high_dist_6b,trend_efficiency_high,HIGH_VOL,12H,163,0.5428657074340527
rolling_high_dist_6b,trend_efficiency_high,HIGH_VOL,1H,163,0.5561771561771562
rolling_high_dist_6b,trend_efficiency_high,HIGH_VOL,24H,163,0.5153985507246377
rolling_high_dist_6b,trend_efficiency_high,HIGH_VOL,2H,163,0.5196078431372549
rolling_high_dist_6b,trend_efficiency_high,HIGH_VOL,4H,163,0.562862669245648
rolling_high_dist_6b,trend_efficiency_high,HIGH_VOL,8H,163,0.5635964912280702
rolling_high_dist_6b,trend_efficiency_high,LOW_VOL_RANGE,12H,1024,0.5114512519275424
rolling_high_dist_6b,trend_efficiency_high,LOW_VOL_RANGE,1H,1024,0.554677097802696
rolling_high_dist_6b,trend_efficiency_high,LOW_VOL_RANGE,24H,1024,0.5040510928743731
rolling_high_dist_6b,trend_efficiency_high,LOW_VOL_RANGE,2H,1024,0.5320536590686007
rolling_high_dist_6b,trend_efficiency_high,LOW_VOL_RANGE,4H,1016,0.5195109851169384
rolling_high_dist_6b,trend_efficiency_high,LOW_VOL_RANGE,8H,1016,0.5099396465903434
rolling_high_dist_6b,trend_efficiency_high,NORMAL_RANGE,12H,2314,0.5077807582260372
rolling_high_dist_6b,trend_efficiency_high,NORMAL_RANGE,1H,2314,0.5205354409899865
rolling_high_dist_6b,trend_efficiency_high,NORMAL_RANGE,24H,2314,0.5326475681373287
rolling_high_dist_6b,trend_efficiency_high,NORMAL_RANGE,2H,2314,0.529197837671654
rolling_high_dist_6b,trend_efficiency_high,NORMAL_RANGE,4H,2303,0.5076910385440331
rolling_high_dist_6b,trend_efficiency_high,NORMAL_RANGE,8H,2303,0.5170947926846293
rolling_high_dist_6b,trend_efficiency_high,TREND_DOWN,12H,190,0.5121191135734072
rolling_high_dist_6b,trend_efficiency_high,TREND_DOWN,1H,190,0.527056277056277
rolling_high_dist_6b,trend_efficiency_high,TREND_DOWN,24H,190,0.5028860028860029
rolling_high_dist_6b,trend_efficiency_high,TREND_DOWN,2H,190,0.5170682730923695
rolling_high_dist_6b,trend_efficiency_high,TREND_DOWN,4H,189,0.5055658627087198
rolling_high_dist_6b,trend_efficiency_high,TREND_DOWN,8H,189,0.5280612244897959
rolling_high_dist_6b,trend_efficiency_high,TREND_UP,12H,179,0.5400828460038987
rolling_high_dist_6b,trend_efficiency_high,TREND_UP,1H,179,0.5504022121669181
rolling_high_dist_6b,trend_efficiency_high,TREND_UP,24H,179,0.5253914988814318
rolling_high_dist_6b,trend_efficiency_high,TREND_UP,2H,179,0.5473036896877956
rolling_high_dist_6b,trend_efficiency_high,TREND_UP,4H,179,0.5600671140939597
rolling_high_dist_6b,trend_efficiency_high,TREND_UP,8H,179,0.5151998299319728
rolling_high_dist_6b,trend_efficiency_high,VOLATILITY_EXPANSION,12H,324,0.5213871606334841
rolling_high_dist_6b,trend_efficiency_high,VOLATILITY_EXPANSION,1H,324,0.5406099033816425
rolling_high_dist_6b,trend_efficiency_high,VOLATILITY_EXPANSION,24H,324,0.509234178773701
rolling_high_dist_6b,trend_efficiency_high,VOLATILITY_EXPANSION,2H,324,0.5568244170096022
rolling_high_dist_6b,trend_efficiency_high,VOLATILITY_EXPANSION,4H,319,0.5407366071428572
rolling_high_dist_6b,trend_efficiency_high,VOLATILITY_EXPANSION,8H,319,0.5334799262306711
bollinger_squeeze_pctile_96b,upside_breakout_occurred,HIGH_VOL,12H,163,0.6426510780443364
bollinger_squeeze_pctile_96b,upside_breakout_occurred,HIGH_VOL,1H,163,0.520616036505867
bollinger_squeeze_pctile_96b,upside_breakout_occurred,HIGH_VOL,24H,163,0.6168345543345544
bollinger_squeeze_pctile_96b,upside_breakout_occurred,HIGH_VOL,2H,163,0.5103500761035007
bollinger_squeeze_pctile_96b,upside_breakout_occurred,HIGH_VOL,4H,163,0.5535714285714286
bollinger_squeeze_pctile_96b,upside_breakout_occurred,HIGH_VOL,8H,163,0.5595741467834492
bollinger_squeeze_pctile_96b,upside_breakout_occurred,LOW_VOL_RANGE,12H,1024,0.5682377049180327
bollinger_squeeze_pctile_96b,upside_breakout_occurred,LOW_VOL_RANGE,1H,1024,0.5577894426174214
bollinger_squeeze_pctile_96b,upside_breakout_occurred,LOW_VOL_RANGE,24H,1024,0.6078492382657704
bollinger_squeeze_pctile_96b,upside_breakout_occurred,LOW_VOL_RANGE,2H,1024,0.5486282767249535
bollinger_squeeze_pctile_96b,upside_breakout_occurred,LOW_VOL_RANGE,4H,1016,0.5337001562393859
bollinger_squeeze_pctile_96b,upside_breakout_occurred,LOW_VOL_RANGE,8H,1016,0.5284720943735572
bollinger_squeeze_pctile_96b,upside_breakout_occurred,NORMAL_RANGE,12H,2307,0.6223519671101467
bollinger_squeeze_pctile_96b,upside_breakout_occurred,NORMAL_RANGE,1H,2307,0.5223904881101377
bollinger_squeeze_pctile_96b,upside_breakout_occurred,NORMAL_RANGE,24H,2307,0.6272909156763655
bollinger_squeeze_pctile_96b,upside_breakout_occurred,NORMAL_RANGE,2H,2307,0.5506127231275216
bollinger_squeeze_pctile_96b,upside_breakout_occurred,NORMAL_RANGE,4H,2296,0.5734337651230106
bollinger_squeeze_pctile_96b,upside_breakout_occurred,NORMAL_RANGE,8H,2296,0.6091947576502412
bollinger_squeeze_pctile_96b,upside_breakout_occurred,TREND_DOWN,12H,190,0.6893382352941176
bollinger_squeeze_pctile_96b,upside_breakout_occurred,TREND_DOWN,1H,190,0.5921667265540783
bollinger_squeeze_pctile_96b,upside_breakout_occurred,TREND_DOWN,24H,190,0.6461675579322639
bollinger_squeeze_pctile_96b,upside_breakout_occurred,TREND_DOWN,2H,190,0.6155638397017708
bollinger_squeeze_pctile_96b,upside_breakout_occurred,TREND_DOWN,4H,189,0.5974108170310701
bollinger_squeeze_pctile_96b,upside_breakout_occurred,TREND_DOWN,8H,189,0.6525652565256526
bollinger_squeeze_pctile_96b,upside_breakout_occurred,TREND_UP,12H,179,0.5503300330033003
bollinger_squeeze_pctile_96b,upside_breakout_occurred,TREND_UP,1H,179,0.620566933066933
bollinger_squeeze_pctile_96b,upside_breakout_occurred,TREND_UP,24H,179,0.5704295704295704
bollinger_squeeze_pctile_96b,upside_breakout_occurred,TREND_UP,2H,179,0.6445488721804511
bollinger_squeeze_pctile_96b,upside_breakout_occurred,TREND_UP,4H,179,0.6453846153846154
bollinger_squeeze_pctile_96b,upside_breakout_occurred,TREND_UP,8H,179,0.6260256410256411
bollinger_squeeze_pctile_96b,upside_breakout_occurred,VOLATILITY_EXPANSION,12H,324,0.6039329669830601
bollinger_squeeze_pctile_96b,upside_breakout_occurred,VOLATILITY_EXPANSION,1H,324,0.5806481268673869
bollinger_squeeze_pctile_96b,upside_breakout_occurred,VOLATILITY_EXPANSION,24H,324,0.6407724056603774
bollinger_squeeze_pctile_96b,upside_breakout_occurred,VOLATILITY_EXPANSION,2H,324,0.5200243814339895
bollinger_squeeze_pctile_96b,upside_breakout_occurred,VOLATILITY_EXPANSION,4H,319,0.529109589041096
bollinger_squeeze_pctile_96b,upside_breakout_occurred,VOLATILITY_EXPANSION,8H,319,0.5418068011958146
bollinger_squeeze_pctile_96b,downside_breakdown_occurred,HIGH_VOL,12H,163,0.5488447162759089
bollinger_squeeze_pctile_96b,downside_breakdown_occurred,HIGH_VOL,1H,163,0.5131313131313131
bollinger_squeeze_pctile_96b,downside_breakdown_occurred,HIGH_VOL,24H,163,0.5781515460414542
bollinger_squeeze_pctile_96b,downside_breakdown_occurred,HIGH_VOL,2H,163,0.5180102915951973
bollinger_squeeze_pctile_96b,downside_breakdown_occurred,HIGH_VOL,4H,163,0.5648048693161475
bollinger_squeeze_pctile_96b,downside_breakdown_occurred,HIGH_VOL,8H,163,0.565453074433657
bollinger_squeeze_pctile_96b,downside_breakdown_occurred,LOW_VOL_RANGE,12H,1024,0.557369825606653
bollinger_squeeze_pctile_96b,downside_breakdown_occurred,LOW_VOL_RANGE,1H,1024,0.5023156917916388
bollinger_squeeze_pctile_96b,downside_breakdown_occurred,LOW_VOL_RANGE,24H,1024,0.5600635274548318
bollinger_squeeze_pctile_96b,downside_breakdown_occurred,LOW_VOL_RANGE,2H,1024,0.5012695136534147
bollinger_squeeze_pctile_96b,downside_breakdown_occurred,LOW_VOL_RANGE,4H,1016,0.5222205789921248
bollinger_squeeze_pctile_96b,downside_breakdown_occurred,LOW_VOL_RANGE,8H,1016,0.5629244132383966
bollinger_squeeze_pctile_96b,downside_breakdown_occurred,NORMAL_RANGE,12H,2307,0.531579533290516
bollinger_squeeze_pctile_96b,downside_breakdown_occurred,NORMAL_RANGE,1H,2307,0.5300789775612071
bollinger_squeeze_pctile_96b,downside_breakdown_occurred,NORMAL_RANGE,24H,2307,0.5312569309559174
bollinger_squeeze_pctile_96b,downside_breakdown_occurred,NORMAL_RANGE,2H,2307,0.5203108153024247
bollinger_squeeze_pctile_96b,downside_breakdown_occurred,NORMAL_RANGE,4H,2296,0.5155431323283082
bollinger_squeeze_pctile_96b,downside_breakdown_occurred,NORMAL_RANGE,8H,2296,0.5342516843015116
bollinger_squeeze_pctile_96b,downside_breakdown_occurred,TREND_DOWN,12H,190,0.5114140070921985
bollinger_squeeze_pctile_96b,downside_breakdown_occurred,TREND_DOWN,1H,190,0.5180681818181818
bollinger_squeeze_pctile_96b,downside_breakdown_occurred,TREND_DOWN,24H,190,0.5232712765957447
bollinger_squeeze_pctile_96b,downside_breakdown_occurred,TREND_DOWN,2H,190,0.5163725163725164
bollinger_squeeze_pctile_96b,downside_breakdown_occurred,TREND_DOWN,4H,189,0.5374831913939937
bollinger_squeeze_pctile_96b,downside_breakdown_occurred,TREND_DOWN,8H,189,0.5463235294117648
bollinger_squeeze_pctile_96b,downside_breakdown_occurred,TREND_UP,12H,179,0.5211348057882712
bollinger_squeeze_pctile_96b,downside_breakdown_occurred,TREND_UP,1H,179,0.5275186567164178
bollinger_squeeze_pctile_96b,downside_breakdown_occurred,TREND_UP,24H,179,0.545637415137038
bollinger_squeeze_pctile_96b,downside_breakdown_occurred,TREND_UP,2H,179,0.5107895404925108
bollinger_squeeze_pctile_96b,downside_breakdown_occurred,TREND_UP,4H,179,0.5210256410256411
bollinger_squeeze_pctile_96b,downside_breakdown_occurred,TREND_UP,8H,179,0.5270913770913771
bollinger_squeeze_pctile_96b,downside_breakdown_occurred,VOLATILITY_EXPANSION,12H,324,0.505868358445678
bollinger_squeeze_pctile_96b,downside_breakdown_occurred,VOLATILITY_EXPANSION,1H,324,0.544917548609402
bollinger_squeeze_pctile_96b,downside_breakdown_occurred,VOLATILITY_EXPANSION,24H,324,0.5703010874857978
bollinger_squeeze_pctile_96b,downside_breakdown_occurred,VOLATILITY_EXPANSION,2H,324,0.5505873520579403
bollinger_squeeze_pctile_96b,downside_breakdown_occurred,VOLATILITY_EXPANSION,4H,319,0.5144615903533182
bollinger_squeeze_pctile_96b,downside_breakdown_occurred,VOLATILITY_EXPANSION,8H,319,0.5151452109511525
bollinger_squeeze_pctile_96b,range_breached,HIGH_VOL,12H,163,0.7054054054054054
bollinger_squeeze_pctile_96b,range_breached,HIGH_VOL,1H,163,0.7183544303797469
bollinger_squeeze_pctile_96b,range_breached,HIGH_VOL,24H,163,0.7761538461538462
bollinger_squeeze_pctile_96b,range_breached,HIGH_VOL,2H,163,0.5392781316348195
bollinger_squeeze_pctile_96b,range_breached,HIGH_VOL,4H,163,0.597985347985348
bollinger_squeeze_pctile_96b,range_breached,HIGH_VOL,8H,163,0.5417832167832168
bollinger_squeeze_pctile_96b,range_breached,LOW_VOL_RANGE,12H,1024,0.7356927710843373
bollinger_squeeze_pctile_96b,range_breached,LOW_VOL_RANGE,1H,1024,0.5654180015882144
bollinger_squeeze_pctile_96b,range_breached,LOW_VOL_RANGE,24H,1024,0.6360368389780154
bollinger_squeeze_pctile_96b,range_breached,LOW_VOL_RANGE,2H,1024,0.52652665317139
bollinger_squeeze_pctile_96b,range_breached,LOW_VOL_RANGE,4H,1016,0.6045221226142279
bollinger_squeeze_pctile_96b,range_breached,LOW_VOL_RANGE,8H,1016,0.7241541353383458
bollinger_squeeze_pctile_96b,range_breached,NORMAL_RANGE,12H,2307,0.6398960435845682
bollinger_squeeze_pctile_96b,range_breached,NORMAL_RANGE,1H,2307,0.5838365366105713
bollinger_squeeze_pctile_96b,range_breached,NORMAL_RANGE,24H,2307,0.6855385634220821
bollinger_squeeze_pctile_96b,range_breached,NORMAL_RANGE,2H,2307,0.6275629077353215
bollinger_squeeze_pctile_96b,range_breached,NORMAL_RANGE,4H,2296,0.6206561446871989
bollinger_squeeze_pctile_96b,range_breached,NORMAL_RANGE,8H,2296,0.6249090155054506
bollinger_squeeze_pctile_96b,range_breached,TREND_DOWN,12H,190,0.74812382739212
bollinger_squeeze_pctile_96b,range_breached,TREND_DOWN,1H,190,0.5374022441346481
bollinger_squeeze_pctile_96b,range_breached,TREND_DOWN,24H,190,0.7132279116465863
bollinger_squeeze_pctile_96b,range_breached,TREND_DOWN,2H,190,0.6277011195001302
bollinger_squeeze_pctile_96b,range_breached,TREND_DOWN,4H,189,0.6236854138088705
bollinger_squeeze_pctile_96b,range_breached,TREND_DOWN,8H,189,0.7039141414141414
bollinger_squeeze_pctile_96b,range_breached,TREND_UP,12H,179,0.542528735632184
bollinger_squeeze_pctile_96b,range_breached,TREND_UP,1H,179,0.6918896321070234
bollinger_squeeze_pctile_96b,range_breached,TREND_UP,24H,179,0.5054399243140965
bollinger_squeeze_pctile_96b,range_breached,TREND_UP,2H,179,0.6317204301075269
bollinger_squeeze_pctile_96b,range_breached,TREND_UP,4H,179,0.5810344827586207
bollinger_squeeze_pctile_96b,range_breached,TREND_UP,8H,179,0.58296783625731
bollinger_squeeze_pctile_96b,range_breached,VOLATILITY_EXPANSION,12H,324,0.6527178602243313
bollinger_squeeze_pctile_96b,range_breached,VOLATILITY_EXPANSION,1H,324,0.8594356261022927
bollinger_squeeze_pctile_96b,range_breached,VOLATILITY_EXPANSION,24H,324,0.682608695652174
bollinger_squeeze_pctile_96b,range_breached,VOLATILITY_EXPANSION,2H,324,0.770392068499324
bollinger_squeeze_pctile_96b,range_breached,VOLATILITY_EXPANSION,4H,319,0.7313102893890675
bollinger_squeeze_pctile_96b,range_breached,VOLATILITY_EXPANSION,8H,319,0.5999114521841795
bollinger_squeeze_pctile_96b,path_inside_70,HIGH_VOL,12H,163,0.7054054054054054
bollinger_squeeze_pctile_96b,path_inside_70,HIGH_VOL,1H,163,0.7183544303797469
bollinger_squeeze_pctile_96b,path_inside_70,HIGH_VOL,24H,163,0.7761538461538462
bollinger_squeeze_pctile_96b,path_inside_70,HIGH_VOL,2H,163,0.5392781316348195
bollinger_squeeze_pctile_96b,path_inside_70,HIGH_VOL,4H,163,0.597985347985348
bollinger_squeeze_pctile_96b,path_inside_70,HIGH_VOL,8H,163,0.5417832167832168
bollinger_squeeze_pctile_96b,path_inside_70,LOW_VOL_RANGE,12H,1024,0.7356927710843374
bollinger_squeeze_pctile_96b,path_inside_70,LOW_VOL_RANGE,1H,1024,0.5654180015882143
bollinger_squeeze_pctile_96b,path_inside_70,LOW_VOL_RANGE,24H,1024,0.6360368389780154
bollinger_squeeze_pctile_96b,path_inside_70,LOW_VOL_RANGE,2H,1024,0.52652665317139
bollinger_squeeze_pctile_96b,path_inside_70,LOW_VOL_RANGE,4H,1016,0.6045221226142279
bollinger_squeeze_pctile_96b,path_inside_70,LOW_VOL_RANGE,8H,1016,0.7241541353383458
bollinger_squeeze_pctile_96b,path_inside_70,NORMAL_RANGE,12H,2307,0.6398960435845682
bollinger_squeeze_pctile_96b,path_inside_70,NORMAL_RANGE,1H,2307,0.5838365366105713
bollinger_squeeze_pctile_96b,path_inside_70,NORMAL_RANGE,24H,2307,0.6855385634220822
bollinger_squeeze_pctile_96b,path_inside_70,NORMAL_RANGE,2H,2307,0.6275629077353215
bollinger_squeeze_pctile_96b,path_inside_70,NORMAL_RANGE,4H,2296,0.6206561446871989
bollinger_squeeze_pctile_96b,path_inside_70,NORMAL_RANGE,8H,2296,0.6249090155054506
bollinger_squeeze_pctile_96b,path_inside_70,TREND_DOWN,12H,190,0.74812382739212
bollinger_squeeze_pctile_96b,path_inside_70,TREND_DOWN,1H,190,0.5374022441346481
bollinger_squeeze_pctile_96b,path_inside_70,TREND_DOWN,24H,190,0.7132279116465864
bollinger_squeeze_pctile_96b,path_inside_70,TREND_DOWN,2H,190,0.6277011195001302
bollinger_squeeze_pctile_96b,path_inside_70,TREND_DOWN,4H,189,0.6236854138088705
bollinger_squeeze_pctile_96b,path_inside_70,TREND_DOWN,8H,189,0.7039141414141414
bollinger_squeeze_pctile_96b,path_inside_70,TREND_UP,12H,179,0.542528735632184
bollinger_squeeze_pctile_96b,path_inside_70,TREND_UP,1H,179,0.6918896321070234
bollinger_squeeze_pctile_96b,path_inside_70,TREND_UP,24H,179,0.5054399243140966
bollinger_squeeze_pctile_96b,path_inside_70,TREND_UP,2H,179,0.6317204301075269
bollinger_squeeze_pctile_96b,path_inside_70,TREND_UP,4H,179,0.5810344827586207
bollinger_squeeze_pctile_96b,path_inside_70,TREND_UP,8H,179,0.58296783625731
bollinger_squeeze_pctile_96b,path_inside_70,VOLATILITY_EXPANSION,12H,324,0.6527178602243313
bollinger_squeeze_pctile_96b,path_inside_70,VOLATILITY_EXPANSION,1H,324,0.8594356261022927
bollinger_squeeze_pctile_96b,path_inside_70,VOLATILITY_EXPANSION,24H,324,0.6826086956521739
bollinger_squeeze_pctile_96b,path_inside_70,VOLATILITY_EXPANSION,2H,324,0.7703920684993241
bollinger_squeeze_pctile_96b,path_inside_70,VOLATILITY_EXPANSION,4H,319,0.7313102893890675
bollinger_squeeze_pctile_96b,path_inside_70,VOLATILITY_EXPANSION,8H,319,0.5999114521841794
bollinger_squeeze_pctile_96b,trend_efficiency_high,HIGH_VOL,12H,163,0.8370803357314149
bollinger_squeeze_pctile_96b,trend_efficiency_high,HIGH_VOL,1H,163,0.6043123543123543
bollinger_squeeze_pctile_96b,trend_efficiency_high,HIGH_VOL,24H,163,0.7136775362318841
bollinger_squeeze_pctile_96b,trend_efficiency_high,HIGH_VOL,2H,163,0.5884632922936617
bollinger_squeeze_pctile_96b,trend_efficiency_high,HIGH_VOL,4H,163,0.5164410058027079
bollinger_squeeze_pctile_96b,trend_efficiency_high,HIGH_VOL,8H,163,0.643640350877193
bollinger_squeeze_pctile_96b,trend_efficiency_high,LOW_VOL_RANGE,12H,1024,0.6019302424653342
bollinger_squeeze_pctile_96b,trend_efficiency_high,LOW_VOL_RANGE,1H,1024,0.5085826561971456
bollinger_squeeze_pctile_96b,trend_efficiency_high,LOW_VOL_RANGE,24H,1024,0.6241138234337309
bollinger_squeeze_pctile_96b,trend_efficiency_high,LOW_VOL_RANGE,2H,1024,0.5052023121387283
bollinger_squeeze_pctile_96b,trend_efficiency_high,LOW_VOL_RANGE,4H,1016,0.5510914245216159
bollinger_squeeze_pctile_96b,trend_efficiency_high,LOW_VOL_RANGE,8H,1016,0.5558082379293181
bollinger_squeeze_pctile_96b,trend_efficiency_high,NORMAL_RANGE,12H,2307,0.5246939508167294
bollinger_squeeze_pctile_96b,trend_efficiency_high,NORMAL_RANGE,1H,2307,0.5227312708731325
bollinger_squeeze_pctile_96b,trend_efficiency_high,NORMAL_RANGE,24H,2307,0.5382716020225733
bollinger_squeeze_pctile_96b,trend_efficiency_high,NORMAL_RANGE,2H,2307,0.5054186970441132
bollinger_squeeze_pctile_96b,trend_efficiency_high,NORMAL_RANGE,4H,2296,0.5045764098017336
bollinger_squeeze_pctile_96b,trend_efficiency_high,NORMAL_RANGE,8H,2296,0.5041700424456436
bollinger_squeeze_pctile_96b,trend_efficiency_high,TREND_DOWN,12H,190,0.5650969529085872
bollinger_squeeze_pctile_96b,trend_efficiency_high,TREND_DOWN,1H,190,0.5250270562770563
bollinger_squeeze_pctile_96b,trend_efficiency_high,TREND_DOWN,24H,190,0.5307539682539683
bollinger_squeeze_pctile_96b,trend_efficiency_high,TREND_DOWN,2H,190,0.5335090361445782
bollinger_squeeze_pctile_96b,trend_efficiency_high,TREND_DOWN,4H,189,0.5884044526901671
bollinger_squeeze_pctile_96b,trend_efficiency_high,TREND_DOWN,8H,189,0.5042517006802721
bollinger_squeeze_pctile_96b,trend_efficiency_high,TREND_UP,12H,179,0.6024610136452242
bollinger_squeeze_pctile_96b,trend_efficiency_high,TREND_UP,1H,179,0.5590749120160885
bollinger_squeeze_pctile_96b,trend_efficiency_high,TREND_UP,24H,179,0.523937360178971
bollinger_squeeze_pctile_96b,trend_efficiency_high,TREND_UP,2H,179,0.5390255439924314
bollinger_squeeze_pctile_96b,trend_efficiency_high,TREND_UP,4H,179,0.5307606263982103
bollinger_squeeze_pctile_96b,trend_efficiency_high,TREND_UP,8H,179,0.6054421768707483
bollinger_squeeze_pctile_96b,trend_efficiency_high,VOLATILITY_EXPANSION,12H,324,0.517887443438914
bollinger_squeeze_pctile_96b,trend_efficiency_high,VOLATILITY_EXPANSION,1H,324,0.5328351449275363
bollinger_squeeze_pctile_96b,trend_efficiency_high,VOLATILITY_EXPANSION,24H,324,0.5240396454075351
bollinger_squeeze_pctile_96b,trend_efficiency_high,VOLATILITY_EXPANSION,2H,324,0.539917695473251
bollinger_squeeze_pctile_96b,trend_efficiency_high,VOLATILITY_EXPANSION,4H,319,0.5674293154761905
bollinger_squeeze_pctile_96b,trend_efficiency_high,VOLATILITY_EXPANSION,8H,319,0.5026954177897575
rv_slope_48b,upside_breakout_occurred,HIGH_VOL,12H,163,0.5542058912845429
rv_slope_48b,upside_breakout_occurred,HIGH_VOL,1H,163,0.5149934810951761
rv_slope_48b,upside_breakout_occurred,HIGH_VOL,24H,163,0.6266788766788767
rv_slope_48b,upside_breakout_occurred,HIGH_VOL,2H,163,0.541400304414003
rv_slope_48b,upside_breakout_occurred,HIGH_VOL,4H,163,0.5224532851115129
rv_slope_48b,upside_breakout_occurred,HIGH_VOL,8H,163,0.5261250377529447
rv_slope_48b,upside_breakout_occurred,LOW_VOL_RANGE,12H,1024,0.5315468684321143
rv_slope_48b,upside_breakout_occurred,LOW_VOL_RANGE,1H,1024,0.5094190066616072
rv_slope_48b,upside_breakout_occurred,LOW_VOL_RANGE,24H,1024,0.541450670737077
rv_slope_48b,upside_breakout_occurred,LOW_VOL_RANGE,2H,1024,0.5064847874515548
rv_slope_48b,upside_breakout_occurred,LOW_VOL_RANGE,4H,1016,0.5098611960238209
rv_slope_48b,upside_breakout_occurred,LOW_VOL_RANGE,8H,1016,0.501951954078333
rv_slope_48b,upside_breakout_occurred,NORMAL_RANGE,12H,2314,0.5344315398016672
rv_slope_48b,upside_breakout_occurred,NORMAL_RANGE,1H,2314,0.5328643747820545
rv_slope_48b,upside_breakout_occurred,NORMAL_RANGE,24H,2314,0.5559944524347648
rv_slope_48b,upside_breakout_occurred,NORMAL_RANGE,2H,2314,0.5360222167408879
rv_slope_48b,upside_breakout_occurred,NORMAL_RANGE,4H,2303,0.5149814309294058
rv_slope_48b,upside_breakout_occurred,NORMAL_RANGE,8H,2303,0.5492226219832639
rv_slope_48b,upside_breakout_occurred,TREND_DOWN,12H,190,0.5784313725490196
rv_slope_48b,upside_breakout_occurred,TREND_DOWN,1H,190,0.6578033297400887
rv_slope_48b,upside_breakout_occurred,TREND_DOWN,24H,190,0.5962566844919786
rv_slope_48b,upside_breakout_occurred,TREND_DOWN,2H,190,0.6382805219012115
rv_slope_48b,upside_breakout_occurred,TREND_DOWN,4H,189,0.6119677790563867
rv_slope_48b,upside_breakout_occurred,TREND_DOWN,8H,189,0.5875337533753375
rv_slope_48b,upside_breakout_occurred,TREND_UP,12H,179,0.5524244732165524
rv_slope_48b,upside_breakout_occurred,TREND_UP,1H,179,0.5969030969030968
rv_slope_48b,upside_breakout_occurred,TREND_UP,24H,179,0.5711788211788211
rv_slope_48b,upside_breakout_occurred,TREND_UP,2H,179,0.5464912280701755
rv_slope_48b,upside_breakout_occurred,TREND_UP,4H,179,0.5458974358974359
rv_slope_48b,upside_breakout_occurred,TREND_UP,8H,179,0.5475641025641025
rv_slope_48b,upside_breakout_occurred,VOLATILITY_EXPANSION,12H,324,0.6138789227485353
rv_slope_48b,upside_breakout_occurred,VOLATILITY_EXPANSION,1H,324,0.5801884624224316
rv_slope_48b,upside_breakout_occurred,VOLATILITY_EXPANSION,24H,324,0.5992250673854447
rv_slope_48b,upside_breakout_occurred,VOLATILITY_EXPANSION,2H,324,0.5223947986274156
rv_slope_48b,upside_breakout_occurred,VOLATILITY_EXPANSION,4H,319,0.5193607305936073
rv_slope_48b,upside_breakout_occurred,VOLATILITY_EXPANSION,8H,319,0.5781950672645739
rv_slope_48b,downside_breakdown_occurred,HIGH_VOL,12H,163,0.6642881413523616
rv_slope_48b,downside_breakdown_occurred,HIGH_VOL,1H,163,0.5653198653198653
rv_slope_48b,downside_breakdown_occurred,HIGH_VOL,24H,163,0.6095820591233435
rv_slope_48b,downside_breakdown_occurred,HIGH_VOL,2H,163,0.6166380789022299
rv_slope_48b,downside_breakdown_occurred,HIGH_VOL,4H,163,0.6376655925528105
rv_slope_48b,downside_breakdown_occurred,HIGH_VOL,8H,163,0.6163430420711974
rv_slope_48b,downside_breakdown_occurred,LOW_VOL_RANGE,12H,1024,0.5317528289786715
rv_slope_48b,downside_breakdown_occurred,LOW_VOL_RANGE,1H,1024,0.525376832014439
rv_slope_48b,downside_breakdown_occurred,LOW_VOL_RANGE,24H,1024,0.5501008653182566
rv_slope_48b,downside_breakdown_occurred,LOW_VOL_RANGE,2H,1024,0.5422993758907071
rv_slope_48b,downside_breakdown_occurred,LOW_VOL_RANGE,4H,1016,0.5627118226297433
rv_slope_48b,downside_breakdown_occurred,LOW_VOL_RANGE,8H,1016,0.525060983649789
rv_slope_48b,downside_breakdown_occurred,NORMAL_RANGE,12H,2314,0.5414782608695652
rv_slope_48b,downside_breakdown_occurred,NORMAL_RANGE,1H,2314,0.5093373039559733
rv_slope_48b,downside_breakdown_occurred,NORMAL_RANGE,24H,2314,0.5536112864986014
rv_slope_48b,downside_breakdown_occurred,NORMAL_RANGE,2H,2314,0.5242088260353197
rv_slope_48b,downside_breakdown_occurred,NORMAL_RANGE,4H,2303,0.5296480403666974
rv_slope_48b,downside_breakdown_occurred,NORMAL_RANGE,8H,2303,0.5360117280031675
rv_slope_48b,downside_breakdown_occurred,TREND_DOWN,12H,190,0.5796764184397163
rv_slope_48b,downside_breakdown_occurred,TREND_DOWN,1H,190,0.5507954545454545
rv_slope_48b,downside_breakdown_occurred,TREND_DOWN,24H,190,0.5752437943262412
rv_slope_48b,downside_breakdown_occurred,TREND_DOWN,2H,190,0.5477855477855478
rv_slope_48b,downside_breakdown_occurred,TREND_DOWN,4H,189,0.60667861945316
rv_slope_48b,downside_breakdown_occurred,TREND_DOWN,8H,189,0.5343891402714932
rv_slope_48b,downside_breakdown_occurred,TREND_UP,12H,179,0.5380807311500381
rv_slope_48b,downside_breakdown_occurred,TREND_UP,1H,179,0.515591684434968
rv_slope_48b,downside_breakdown_occurred,TREND_UP,24H,179,0.5638672366105104
rv_slope_48b,downside_breakdown_occurred,TREND_UP,2H,179,0.5666412795125666
rv_slope_48b,downside_breakdown_occurred,TREND_UP,4H,179,0.6092307692307692
rv_slope_48b,downside_breakdown_occurred,TREND_UP,8H,179,0.5688545688545689
rv_slope_48b,downside_breakdown_occurred,VOLATILITY_EXPANSION,12H,324,0.6140761300555115
rv_slope_48b,downside_breakdown_occurred,VOLATILITY_EXPANSION,1H,324,0.5096234309623431
rv_slope_48b,downside_breakdown_occurred,VOLATILITY_EXPANSION,24H,324,0.6681545203700698
rv_slope_48b,downside_breakdown_occurred,VOLATILITY_EXPANSION,2H,324,0.5207560501678149
rv_slope_48b,downside_breakdown_occurred,VOLATILITY_EXPANSION,4H,319,0.5555274475082216
rv_slope_48b,downside_breakdown_occurred,VOLATILITY_EXPANSION,8H,319,0.5592493966880253
rv_slope_48b,range_breached,HIGH_VOL,12H,163,0.8058558558558558
rv_slope_48b,range_breached,HIGH_VOL,1H,163,0.6139240506329113
rv_slope_48b,range_breached,HIGH_VOL,24H,163,0.8933333333333333
rv_slope_48b,range_breached,HIGH_VOL,2H,163,0.6624203821656052
rv_slope_48b,range_breached,HIGH_VOL,4H,163,0.7747252747252747
rv_slope_48b,range_breached,HIGH_VOL,8H,163,0.6010489510489511
rv_slope_48b,range_breached,LOW_VOL_RANGE,12H,1024,0.6974684452094091
rv_slope_48b,range_breached,LOW_VOL_RANGE,1H,1024,0.6641474301048769
rv_slope_48b,range_breached,LOW_VOL_RANGE,24H,1024,0.556268568033274
rv_slope_48b,range_breached,LOW_VOL_RANGE,2H,1024,0.6386077372919479
rv_slope_48b,range_breached,LOW_VOL_RANGE,4H,1016,0.6142278773857721
rv_slope_48b,range_breached,LOW_VOL_RANGE,8H,1016,0.5999493927125505
rv_slope_48b,range_breached,NORMAL_RANGE,12H,2314,0.5921327591776979
rv_slope_48b,range_breached,NORMAL_RANGE,1H,2314,0.6201039168665068
rv_slope_48b,range_breached,NORMAL_RANGE,24H,2314,0.7275983691233732
rv_slope_48b,range_breached,NORMAL_RANGE,2H,2314,0.6752757433586754
rv_slope_48b,range_breached,NORMAL_RANGE,4H,2303,0.5888147183327906
rv_slope_48b,range_breached,NORMAL_RANGE,8H,2303,0.6212266936640514
rv_slope_48b,range_breached,TREND_DOWN,12H,190,0.7553939962476548
rv_slope_48b,range_breached,TREND_DOWN,1H,190,0.652839170350221
rv_slope_48b,range_breached,TREND_DOWN,24H,190,0.7176204819277108
rv_slope_48b,range_breached,TREND_DOWN,2H,190,0.7102317104920594
rv_slope_48b,range_breached,TREND_DOWN,4H,189,0.7686328303612254
rv_slope_48b,range_breached,TREND_DOWN,8H,189,0.7439393939393939
rv_slope_48b,range_breached,TREND_UP,12H,179,0.6301149425287356
rv_slope_48b,range_breached,TREND_UP,1H,179,0.6569119286510591
rv_slope_48b,range_breached,TREND_UP,24H,179,0.6263008514664143
rv_slope_48b,range_breached,TREND_UP,2H,179,0.6741935483870968
rv_slope_48b,range_breached,TREND_UP,4H,179,0.6728735632183909
rv_slope_48b,range_breached,TREND_UP,8H,179,0.6186647173489279
rv_slope_48b,range_breached,VOLATILITY_EXPANSION,12H,324,0.8524590163934427
rv_slope_48b,range_breached,VOLATILITY_EXPANSION,1H,324,0.7876543209876543
rv_slope_48b,range_breached,VOLATILITY_EXPANSION,24H,324,0.8121739130434783
rv_slope_48b,range_breached,VOLATILITY_EXPANSION,2H,324,0.665615141955836
rv_slope_48b,range_breached,VOLATILITY_EXPANSION,4H,319,0.7512057877813505
rv_slope_48b,range_breached,VOLATILITY_EXPANSION,8H,319,0.8769185360094451
rv_slope_48b,path_inside_70,HIGH_VOL,12H,163,0.8058558558558558
rv_slope_48b,path_inside_70,HIGH_VOL,1H,163,0.6139240506329114
rv_slope_48b,path_inside_70,HIGH_VOL,24H,163,0.8933333333333333
rv_slope_48b,path_inside_70,HIGH_VOL,2H,163,0.6624203821656051
rv_slope_48b,path_inside_70,HIGH_VOL,4H,163,0.7747252747252747
rv_slope_48b,path_inside_70,HIGH_VOL,8H,163,0.6010489510489511
rv_slope_48b,path_inside_70,LOW_VOL_RANGE,12H,1024,0.6974684452094091
rv_slope_48b,path_inside_70,LOW_VOL_RANGE,1H,1024,0.6641474301048769
rv_slope_48b,path_inside_70,LOW_VOL_RANGE,24H,1024,0.556268568033274
rv_slope_48b,path_inside_70,LOW_VOL_RANGE,2H,1024,0.6386077372919479
rv_slope_48b,path_inside_70,LOW_VOL_RANGE,4H,1016,0.6142278773857721
rv_slope_48b,path_inside_70,LOW_VOL_RANGE,8H,1016,0.5999493927125507
rv_slope_48b,path_inside_70,NORMAL_RANGE,12H,2314,0.5921327591776979
rv_slope_48b,path_inside_70,NORMAL_RANGE,1H,2314,0.6201039168665068
rv_slope_48b,path_inside_70,NORMAL_RANGE,24H,2314,0.7275983691233733
rv_slope_48b,path_inside_70,NORMAL_RANGE,2H,2314,0.6752757433586754
rv_slope_48b,path_inside_70,NORMAL_RANGE,4H,2303,0.5888147183327906
rv_slope_48b,path_inside_70,NORMAL_RANGE,8H,2303,0.6212266936640513
rv_slope_48b,path_inside_70,TREND_DOWN,12H,190,0.7553939962476548
rv_slope_48b,path_inside_70,TREND_DOWN,1H,190,0.652839170350221
rv_slope_48b,path_inside_70,TREND_DOWN,24H,190,0.7176204819277109
rv_slope_48b,path_inside_70,TREND_DOWN,2H,190,0.7102317104920594
rv_slope_48b,path_inside_70,TREND_DOWN,4H,189,0.7686328303612254
rv_slope_48b,path_inside_70,TREND_DOWN,8H,189,0.7439393939393939
rv_slope_48b,path_inside_70,TREND_UP,12H,179,0.6301149425287357
rv_slope_48b,path_inside_70,TREND_UP,1H,179,0.6569119286510591
rv_slope_48b,path_inside_70,TREND_UP,24H,179,0.6263008514664143
rv_slope_48b,path_inside_70,TREND_UP,2H,179,0.6741935483870968
rv_slope_48b,path_inside_70,TREND_UP,4H,179,0.6728735632183908
rv_slope_48b,path_inside_70,TREND_UP,8H,179,0.6186647173489279
rv_slope_48b,path_inside_70,VOLATILITY_EXPANSION,12H,324,0.8524590163934426
rv_slope_48b,path_inside_70,VOLATILITY_EXPANSION,1H,324,0.7876543209876543
rv_slope_48b,path_inside_70,VOLATILITY_EXPANSION,24H,324,0.8121739130434783
rv_slope_48b,path_inside_70,VOLATILITY_EXPANSION,2H,324,0.6656151419558359
rv_slope_48b,path_inside_70,VOLATILITY_EXPANSION,4H,319,0.7512057877813505
rv_slope_48b,path_inside_70,VOLATILITY_EXPANSION,8H,319,0.8769185360094451
rv_slope_48b,trend_efficiency_high,HIGH_VOL,12H,163,0.5479616306954437
rv_slope_48b,trend_efficiency_high,HIGH_VOL,1H,163,0.5377622377622377
rv_slope_48b,trend_efficiency_high,HIGH_VOL,24H,163,0.5288043478260869
rv_slope_48b,trend_efficiency_high,HIGH_VOL,2H,163,0.5041039671682627
rv_slope_48b,trend_efficiency_high,HIGH_VOL,4H,163,0.5338491295938105
rv_slope_48b,trend_efficiency_high,HIGH_VOL,8H,163,0.5489766081871346
rv_slope_48b,trend_efficiency_high,LOW_VOL_RANGE,12H,1024,0.5041730918080197
rv_slope_48b,trend_efficiency_high,LOW_VOL_RANGE,1H,1024,0.5127210438813039
rv_slope_48b,trend_efficiency_high,LOW_VOL_RANGE,24H,1024,0.5200191506208607
rv_slope_48b,trend_efficiency_high,LOW_VOL_RANGE,2H,1024,0.514668993347148
rv_slope_48b,trend_efficiency_high,LOW_VOL_RANGE,4H,1016,0.5047342310418144
rv_slope_48b,trend_efficiency_high,LOW_VOL_RANGE,8H,1016,0.5197797411647587
rv_slope_48b,trend_efficiency_high,NORMAL_RANGE,12H,2314,0.5048378636146876
rv_slope_48b,trend_efficiency_high,NORMAL_RANGE,1H,2314,0.5013965411692685
rv_slope_48b,trend_efficiency_high,NORMAL_RANGE,24H,2314,0.5414247195452492
rv_slope_48b,trend_efficiency_high,NORMAL_RANGE,2H,2314,0.5084174523467924
rv_slope_48b,trend_efficiency_high,NORMAL_RANGE,4H,2303,0.5038455192720166
rv_slope_48b,trend_efficiency_high,NORMAL_RANGE,8H,2303,0.5292132549845798
rv_slope_48b,trend_efficiency_high,TREND_DOWN,12H,190,0.6338296398891967
rv_slope_48b,trend_efficiency_high,TREND_DOWN,1H,190,0.5541125541125541
rv_slope_48b,trend_efficiency_high,TREND_DOWN,24H,190,0.7038239538239538
rv_slope_48b,trend_efficiency_high,TREND_DOWN,2H,190,0.5823293172690763
rv_slope_48b,trend_efficiency_high,TREND_DOWN,4H,189,0.6914656771799629
rv_slope_48b,trend_efficiency_high,TREND_DOWN,8H,189,0.5294784580498866
rv_slope_48b,trend_efficiency_high,TREND_UP,12H,179,0.5358187134502924
rv_slope_48b,trend_efficiency_high,TREND_UP,1H,179,0.5361990950226244
rv_slope_48b,trend_efficiency_high,TREND_UP,24H,179,0.5979865771812081
rv_slope_48b,trend_efficiency_high,TREND_UP,2H,179,0.5033112582781457
rv_slope_48b,trend_efficiency_high,TREND_UP,4H,179,0.5181208053691275
rv_slope_48b,trend_efficiency_high,TREND_UP,8H,179,0.5909863945578231
rv_slope_48b,trend_efficiency_high,VOLATILITY_EXPANSION,12H,324,0.5956589366515836
rv_slope_48b,trend_efficiency_high,VOLATILITY_EXPANSION,1H,324,0.5622735507246377
rv_slope_48b,trend_efficiency_high,VOLATILITY_EXPANSION,24H,324,0.5139128293523763
rv_slope_48b,trend_efficiency_high,VOLATILITY_EXPANSION,2H,324,0.5009602194787379
rv_slope_48b,trend_efficiency_high,VOLATILITY_EXPANSION,4H,319,0.5083085317460317
rv_slope_48b,trend_efficiency_high,VOLATILITY_EXPANSION,8H,319,0.5063129521918003
rolling_low_dist_48b,upside_breakout_occurred,HIGH_VOL,12H,163,0.813999392651078
rolling_low_dist_48b,upside_breakout_occurred,HIGH_VOL,1H,163,0.597457627118644
rolling_low_dist_48b,upside_breakout_occurred,HIGH_VOL,24H,163,0.706043956043956
rolling_low_dist_48b,upside_breakout_occurred,HIGH_VOL,2H,163,0.6268645357686453
rolling_low_dist_48b,upside_breakout_occurred,HIGH_VOL,4H,163,0.7284508740204942
rolling_low_dist_48b,upside_breakout_occurred,HIGH_VOL,8H,163,0.7799003322259136
rolling_low_dist_48b,upside_breakout_occurred,LOW_VOL_RANGE,12H,1024,0.575958911307272
rolling_low_dist_48b,upside_breakout_occurred,LOW_VOL_RANGE,1H,1024,0.5693397419681254
rolling_low_dist_48b,upside_breakout_occurred,LOW_VOL_RANGE,24H,1024,0.6150849795990254
rolling_low_dist_48b,upside_breakout_occurred,LOW_VOL_RANGE,2H,1024,0.5821028585379038
rolling_low_dist_48b,upside_breakout_occurred,LOW_VOL_RANGE,4H,1016,0.5407943300953286
rolling_low_dist_48b,upside_breakout_occurred,LOW_VOL_RANGE,8H,1016,0.5331903001807976
rolling_low_dist_48b,upside_breakout_occurred,NORMAL_RANGE,12H,2314,0.5905906734405898
rolling_low_dist_48b,upside_breakout_occurred,NORMAL_RANGE,1H,2314,0.5493216133777441
rolling_low_dist_48b,upside_breakout_occurred,NORMAL_RANGE,24H,2314,0.6065282343675091
rolling_low_dist_48b,upside_breakout_occurred,NORMAL_RANGE,2H,2314,0.5645843463075464
rolling_low_dist_48b,upside_breakout_occurred,NORMAL_RANGE,4H,2303,0.5929334370238699
rolling_low_dist_48b,upside_breakout_occurred,NORMAL_RANGE,8H,2303,0.5975389093261108
rolling_low_dist_48b,upside_breakout_occurred,TREND_DOWN,12H,190,0.6370320855614973
rolling_low_dist_48b,upside_breakout_occurred,TREND_DOWN,1H,190,0.7025991136663073
rolling_low_dist_48b,upside_breakout_occurred,TREND_DOWN,24H,190,0.6098484848484849
rolling_low_dist_48b,upside_breakout_occurred,TREND_DOWN,2H,190,0.6390959925442684
rolling_low_dist_48b,upside_breakout_occurred,TREND_DOWN,4H,189,0.6276179516685846
rolling_low_dist_48b,upside_breakout_occurred,TREND_DOWN,8H,189,0.6120612061206121
rolling_low_dist_48b,upside_breakout_occurred,TREND_UP,12H,179,0.57996953541508
rolling_low_dist_48b,upside_breakout_occurred,TREND_UP,1H,179,0.5643106893106893
rolling_low_dist_48b,upside_breakout_occurred,TREND_UP,24H,179,0.5408341658341658
rolling_low_dist_48b,upside_breakout_occurred,TREND_UP,2H,179,0.5290726817042606
rolling_low_dist_48b,upside_breakout_occurred,TREND_UP,4H,179,0.5616666666666666
rolling_low_dist_48b,upside_breakout_occurred,TREND_UP,8H,179,0.6005128205128205
rolling_low_dist_48b,upside_breakout_occurred,VOLATILITY_EXPANSION,12H,324,0.5661928334620101
rolling_low_dist_48b,upside_breakout_occurred,VOLATILITY_EXPANSION,1H,324,0.6475293036083659
rolling_low_dist_48b,upside_breakout_occurred,VOLATILITY_EXPANSION,24H,324,0.5988460242587601
rolling_low_dist_48b,upside_breakout_occurred,VOLATILITY_EXPANSION,2H,324,0.603575943651797
rolling_low_dist_48b,upside_breakout_occurred,VOLATILITY_EXPANSION,4H,319,0.6148401826484018
rolling_low_dist_48b,upside_breakout_occurred,VOLATILITY_EXPANSION,8H,319,0.539237668161435
rolling_low_dist_48b,downside_breakdown_occurred,HIGH_VOL,12H,163,0.5635406048250085
rolling_low_dist_48b,downside_breakdown_occurred,HIGH_VOL,1H,163,0.5247474747474747
rolling_low_dist_48b,downside_breakdown_occurred,HIGH_VOL,24H,163,0.5237852531430514
rolling_low_dist_48b,downside_breakdown_occurred,HIGH_VOL,2H,163,0.530188679245283
rolling_low_dist_48b,downside_breakdown_occurred,HIGH_VOL,4H,163,0.6244181883279628
rolling_low_dist_48b,downside_breakdown_occurred,HIGH_VOL,8H,163,0.5519417475728156
rolling_low_dist_48b,downside_breakdown_occurred,LOW_VOL_RANGE,12H,1024,0.5169097416165
rolling_low_dist_48b,downside_breakdown_occurred,LOW_VOL_RANGE,1H,1024,0.503190461393076
rolling_low_dist_48b,downside_breakdown_occurred,LOW_VOL_RANGE,24H,1024,0.5573229105837801
rolling_low_dist_48b,downside_breakdown_occurred,LOW_VOL_RANGE,2H,1024,0.5081678870378561
rolling_low_dist_48b,downside_breakdown_occurred,LOW_VOL_RANGE,4H,1016,0.5157770629726854
rolling_low_dist_48b,downside_breakdown_occurred,LOW_VOL_RANGE,8H,1016,0.5265567312763713
rolling_low_dist_48b,downside_breakdown_occurred,NORMAL_RANGE,12H,2314,0.5001091219096334
rolling_low_dist_48b,downside_breakdown_occurred,NORMAL_RANGE,1H,2314,0.516102093760044
rolling_low_dist_48b,downside_breakdown_occurred,NORMAL_RANGE,24H,2314,0.5087680271625278
rolling_low_dist_48b,downside_breakdown_occurred,NORMAL_RANGE,2H,2314,0.5149472658267066
rolling_low_dist_48b,downside_breakdown_occurred,NORMAL_RANGE,4H,2303,0.5073222924420686
rolling_low_dist_48b,downside_breakdown_occurred,NORMAL_RANGE,8H,2303,0.5112791578774908
rolling_low_dist_48b,downside_breakdown_occurred,TREND_DOWN,12H,190,0.5230496453900709
rolling_low_dist_48b,downside_breakdown_occurred,TREND_DOWN,1H,190,0.5438636363636364
rolling_low_dist_48b,downside_breakdown_occurred,TREND_DOWN,24H,190,0.522052304964539
rolling_low_dist_48b,downside_breakdown_occurred,TREND_DOWN,2H,190,0.5202575202575203
rolling_low_dist_48b,downside_breakdown_occurred,TREND_DOWN,4H,189,0.5272299417301658
rolling_low_dist_48b,downside_breakdown_occurred,TREND_DOWN,8H,189,0.51210407239819
rolling_low_dist_48b,downside_breakdown_occurred,TREND_UP,12H,179,0.5747651688245747
rolling_low_dist_48b,downside_breakdown_occurred,TREND_UP,1H,179,0.5621002132196162
rolling_low_dist_48b,downside_breakdown_occurred,TREND_UP,24H,179,0.566884586371637
rolling_low_dist_48b,downside_breakdown_occurred,TREND_UP,2H,179,0.5609291698400609
rolling_low_dist_48b,downside_breakdown_occurred,TREND_UP,4H,179,0.536025641025641
rolling_low_dist_48b,downside_breakdown_occurred,TREND_UP,8H,179,0.5783783783783784
rolling_low_dist_48b,downside_breakdown_occurred,VOLATILITY_EXPANSION,12H,324,0.5000793021411578
rolling_low_dist_48b,downside_breakdown_occurred,VOLATILITY_EXPANSION,1H,324,0.5798178685700222
rolling_low_dist_48b,downside_breakdown_occurred,VOLATILITY_EXPANSION,24H,324,0.5427284531731862
rolling_low_dist_48b,downside_breakdown_occurred,VOLATILITY_EXPANSION,2H,324,0.5008832361773539
rolling_low_dist_48b,downside_breakdown_occurred,VOLATILITY_EXPANSION,4H,319,0.500548106923012
rolling_low_dist_48b,downside_breakdown_occurred,VOLATILITY_EXPANSION,8H,319,0.5126071398851627
rolling_low_dist_48b,range_breached,HIGH_VOL,12H,163,0.677927927927928
rolling_low_dist_48b,range_breached,HIGH_VOL,1H,163,0.8721518987341772
rolling_low_dist_48b,range_breached,HIGH_VOL,24H,163,0.7528205128205128
rolling_low_dist_48b,range_breached,HIGH_VOL,2H,163,0.6932059447983014
rolling_low_dist_48b,range_breached,HIGH_VOL,4H,163,0.6227106227106227
rolling_low_dist_48b,range_breached,HIGH_VOL,8H,163,0.6676573426573427
rolling_low_dist_48b,range_breached,LOW_VOL_RANGE,12H,1024,0.6420324153757888
rolling_low_dist_48b,range_breached,LOW_VOL_RANGE,1H,1024,0.6665434431391879
rolling_low_dist_48b,range_breached,LOW_VOL_RANGE,24H,1024,0.5533868092691623
rolling_low_dist_48b,range_breached,LOW_VOL_RANGE,2H,1024,0.6318882141250562
rolling_low_dist_48b,range_breached,LOW_VOL_RANGE,4H,1016,0.6807041642567959
rolling_low_dist_48b,range_breached,LOW_VOL_RANGE,8H,1016,0.6908256217466744
rolling_low_dist_48b,range_breached,NORMAL_RANGE,12H,2314,0.6426739949209309
rolling_low_dist_48b,range_breached,NORMAL_RANGE,1H,2314,0.5849195643485212
rolling_low_dist_48b,range_breached,NORMAL_RANGE,24H,2314,0.7133557059287378
rolling_low_dist_48b,range_breached,NORMAL_RANGE,2H,2314,0.6443852613432843
rolling_low_dist_48b,range_breached,NORMAL_RANGE,4H,2303,0.6634293932486703
rolling_low_dist_48b,range_breached,NORMAL_RANGE,8H,2303,0.6421707584577744
rolling_low_dist_48b,range_breached,TREND_DOWN,12H,190,0.6163227016885553
rolling_low_dist_48b,range_breached,TREND_DOWN,1H,190,0.7157429445766745
rolling_low_dist_48b,range_breached,TREND_DOWN,24H,190,0.6634036144578312
rolling_low_dist_48b,range_breached,TREND_DOWN,2H,190,0.6092163499088779
rolling_low_dist_48b,range_breached,TREND_DOWN,4H,189,0.604023776863283
rolling_low_dist_48b,range_breached,TREND_DOWN,8H,189,0.5883838383838385
rolling_low_dist_48b,range_breached,TREND_UP,12H,179,0.5917241379310345
rolling_low_dist_48b,range_breached,TREND_UP,1H,179,0.649108138238573
rolling_low_dist_48b,range_breached,TREND_UP,24H,179,0.5357142857142857
rolling_low_dist_48b,range_breached,TREND_UP,2H,179,0.6166666666666667
rolling_low_dist_48b,range_breached,TREND_UP,4H,179,0.5443678160919541
rolling_low_dist_48b,range_breached,TREND_UP,8H,179,0.6291423001949318
rolling_low_dist_48b,range_breached,VOLATILITY_EXPANSION,12H,324,0.6070750647109577
rolling_low_dist_48b,range_breached,VOLATILITY_EXPANSION,1H,324,0.7710758377425044
rolling_low_dist_48b,range_breached,VOLATILITY_EXPANSION,24H,324,0.6394648829431437
rolling_low_dist_48b,range_breached,VOLATILITY_EXPANSION,2H,324,0.6358720144209103
rolling_low_dist_48b,range_breached,VOLATILITY_EXPANSION,4H,319,0.8693729903536977
rolling_low_dist_48b,range_breached,VOLATILITY_EXPANSION,8H,319,0.7473435655253837
rolling_low_dist_48b,path_inside_70,HIGH_VOL,12H,163,0.6779279279279279
rolling_low_dist_48b,path_inside_70,HIGH_VOL,1H,163,0.8721518987341772
rolling_low_dist_48b,path_inside_70,HIGH_VOL,24H,163,0.7528205128205128
rolling_low_dist_48b,path_inside_70,HIGH_VOL,2H,163,0.6932059447983014
rolling_low_dist_48b,path_inside_70,HIGH_VOL,4H,163,0.6227106227106227
rolling_low_dist_48b,path_inside_70,HIGH_VOL,8H,163,0.6676573426573427
rolling_low_dist_48b,path_inside_70,LOW_VOL_RANGE,12H,1024,0.6420324153757889
rolling_low_dist_48b,path_inside_70,LOW_VOL_RANGE,1H,1024,0.6665434431391878
rolling_low_dist_48b,path_inside_70,LOW_VOL_RANGE,24H,1024,0.5533868092691622
rolling_low_dist_48b,path_inside_70,LOW_VOL_RANGE,2H,1024,0.6318882141250562
rolling_low_dist_48b,path_inside_70,LOW_VOL_RANGE,4H,1016,0.6807041642567958
rolling_low_dist_48b,path_inside_70,LOW_VOL_RANGE,8H,1016,0.6908256217466744
rolling_low_dist_48b,path_inside_70,NORMAL_RANGE,12H,2314,0.6426739949209309
rolling_low_dist_48b,path_inside_70,NORMAL_RANGE,1H,2314,0.5849195643485212
rolling_low_dist_48b,path_inside_70,NORMAL_RANGE,24H,2314,0.7133557059287378
rolling_low_dist_48b,path_inside_70,NORMAL_RANGE,2H,2314,0.6443852613432843
rolling_low_dist_48b,path_inside_70,NORMAL_RANGE,4H,2303,0.6634293932486703
rolling_low_dist_48b,path_inside_70,NORMAL_RANGE,8H,2303,0.6421707584577744
rolling_low_dist_48b,path_inside_70,TREND_DOWN,12H,190,0.6163227016885553
rolling_low_dist_48b,path_inside_70,TREND_DOWN,1H,190,0.7157429445766746
rolling_low_dist_48b,path_inside_70,TREND_DOWN,24H,190,0.6634036144578314
rolling_low_dist_48b,path_inside_70,TREND_DOWN,2H,190,0.6092163499088779
rolling_low_dist_48b,path_inside_70,TREND_DOWN,4H,189,0.604023776863283
rolling_low_dist_48b,path_inside_70,TREND_DOWN,8H,189,0.5883838383838383
rolling_low_dist_48b,path_inside_70,TREND_UP,12H,179,0.5917241379310345
rolling_low_dist_48b,path_inside_70,TREND_UP,1H,179,0.649108138238573
rolling_low_dist_48b,path_inside_70,TREND_UP,24H,179,0.5357142857142857
rolling_low_dist_48b,path_inside_70,TREND_UP,2H,179,0.6166666666666667
rolling_low_dist_48b,path_inside_70,TREND_UP,4H,179,0.5443678160919541
rolling_low_dist_48b,path_inside_70,TREND_UP,8H,179,0.6291423001949318
rolling_low_dist_48b,path_inside_70,VOLATILITY_EXPANSION,12H,324,0.6070750647109577
rolling_low_dist_48b,path_inside_70,VOLATILITY_EXPANSION,1H,324,0.7710758377425044
rolling_low_dist_48b,path_inside_70,VOLATILITY_EXPANSION,24H,324,0.6394648829431439
rolling_low_dist_48b,path_inside_70,VOLATILITY_EXPANSION,2H,324,0.6358720144209103
rolling_low_dist_48b,path_inside_70,VOLATILITY_EXPANSION,4H,319,0.8693729903536977
rolling_low_dist_48b,path_inside_70,VOLATILITY_EXPANSION,8H,319,0.7473435655253837
rolling_low_dist_48b,trend_efficiency_high,HIGH_VOL,12H,163,0.5875299760191847
rolling_low_dist_48b,trend_efficiency_high,HIGH_VOL,1H,163,0.5417249417249417
rolling_low_dist_48b,trend_efficiency_high,HIGH_VOL,24H,163,0.5173007246376812
rolling_low_dist_48b,trend_efficiency_high,HIGH_VOL,2H,163,0.5155038759689923
rolling_low_dist_48b,trend_efficiency_high,HIGH_VOL,4H,163,0.5686653771760155
rolling_low_dist_48b,trend_efficiency_high,HIGH_VOL,8H,163,0.5913742690058479
rolling_low_dist_48b,trend_efficiency_high,LOW_VOL_RANGE,12H,1024,0.5521021462472174
rolling_low_dist_48b,trend_efficiency_high,LOW_VOL_RANGE,1H,1024,0.5168018539976825
rolling_low_dist_48b,trend_efficiency_high,LOW_VOL_RANGE,24H,1024,0.5454428274173055
rolling_low_dist_48b,trend_efficiency_high,LOW_VOL_RANGE,2H,1024,0.5152433925909768
rolling_low_dist_48b,trend_efficiency_high,LOW_VOL_RANGE,4H,1016,0.5146491849751949
rolling_low_dist_48b,trend_efficiency_high,LOW_VOL_RANGE,8H,1016,0.5125933300149328
rolling_low_dist_48b,trend_efficiency_high,NORMAL_RANGE,12H,2314,0.5498944921316167
rolling_low_dist_48b,trend_efficiency_high,NORMAL_RANGE,1H,2314,0.5045428582360401
rolling_low_dist_48b,trend_efficiency_high,NORMAL_RANGE,24H,2314,0.5179401633790092
rolling_low_dist_48b,trend_efficiency_high,NORMAL_RANGE,2H,2314,0.5249788634966182
rolling_low_dist_48b,trend_efficiency_high,NORMAL_RANGE,4H,2303,0.5237717817572627
rolling_low_dist_48b,trend_efficiency_high,NORMAL_RANGE,8H,2303,0.5136617466018555
rolling_low_dist_48b,trend_efficiency_high,TREND_DOWN,12H,190,0.5202562326869806
rolling_low_dist_48b,trend_efficiency_high,TREND_DOWN,1H,190,0.5346320346320347
rolling_low_dist_48b,trend_efficiency_high,TREND_DOWN,24H,190,0.5660173160173161
rolling_low_dist_48b,trend_efficiency_high,TREND_DOWN,2H,190,0.5941265060240963
rolling_low_dist_48b,trend_efficiency_high,TREND_DOWN,4H,189,0.5788497217068646
rolling_low_dist_48b,trend_efficiency_high,TREND_DOWN,8H,189,0.5683106575963719
rolling_low_dist_48b,trend_efficiency_high,TREND_UP,12H,179,0.5058479532163742
rolling_low_dist_48b,trend_efficiency_high,TREND_UP,1H,179,0.5351935646053293
rolling_low_dist_48b,trend_efficiency_high,TREND_UP,24H,179,0.5561521252796421
rolling_low_dist_48b,trend_efficiency_high,TREND_UP,2H,179,0.5920056764427626
rolling_low_dist_48b,trend_efficiency_high,TREND_UP,4H,179,0.5308724832214765
rolling_low_dist_48b,trend_efficiency_high,TREND_UP,8H,179,0.5435799319727891
rolling_low_dist_48b,trend_efficiency_high,VOLATILITY_EXPANSION,12H,324,0.5173925339366516
rolling_low_dist_48b,trend_efficiency_high,VOLATILITY_EXPANSION,1H,324,0.5122282608695652
rolling_low_dist_48b,trend_efficiency_high,VOLATILITY_EXPANSION,24H,324,0.5648239349913814
rolling_low_dist_48b,trend_efficiency_high,VOLATILITY_EXPANSION,2H,324,0.502400548696845
rolling_low_dist_48b,trend_efficiency_high,VOLATILITY_EXPANSION,4H,319,0.6019345238095238
rolling_low_dist_48b,trend_efficiency_high,VOLATILITY_EXPANSION,8H,319,0.5603631720811463
atr_96b,upside_breakout_occurred,HIGH_VOL,12H,163,0.7898572730033404
atr_96b,upside_breakout_occurred,HIGH_VOL,1H,163,0.5120599739243807
atr_96b,upside_breakout_occurred,HIGH_VOL,24H,163,0.7350427350427351
atr_96b,upside_breakout_occurred,HIGH_VOL,2H,163,0.595890410958904
atr_96b,upside_breakout_occurred,HIGH_VOL,4H,163,0.6949969861362266
atr_96b,upside_breakout_occurred,HIGH_VOL,8H,163,0.7441860465116279
atr_96b,upside_breakout_occurred,LOW_VOL_RANGE,12H,1024,0.5829707860445565
atr_96b,upside_breakout_occurred,LOW_VOL_RANGE,1H,1024,0.5584303060966355
atr_96b,upside_breakout_occurred,LOW_VOL_RANGE,24H,1024,0.6443713857985733
atr_96b,upside_breakout_occurred,LOW_VOL_RANGE,2H,1024,0.573845925809672
atr_96b,upside_breakout_occurred,LOW_VOL_RANGE,4H,1016,0.5303851640513553
atr_96b,upside_breakout_occurred,LOW_VOL_RANGE,8H,1016,0.5716534726844443
atr_96b,upside_breakout_occurred,NORMAL_RANGE,12H,2314,0.6332234639999416
atr_96b,upside_breakout_occurred,NORMAL_RANGE,1H,2314,0.527433674430536
atr_96b,upside_breakout_occurred,NORMAL_RANGE,24H,2314,0.6508963427162523
atr_96b,upside_breakout_occurred,NORMAL_RANGE,2H,2314,0.5632781513578518
atr_96b,upside_breakout_occurred,NORMAL_RANGE,4H,2303,0.5940872587607923
atr_96b,upside_breakout_occurred,NORMAL_RANGE,8H,2303,0.6095698750859038
atr_96b,upside_breakout_occurred,TREND_DOWN,12H,190,0.5753119429590018
atr_96b,upside_breakout_occurred,TREND_DOWN,1H,190,0.5351539106479818
atr_96b,upside_breakout_occurred,TREND_DOWN,24H,190,0.5653966131907309
atr_96b,upside_breakout_occurred,TREND_DOWN,2H,190,0.5672180801491147
atr_96b,upside_breakout_occurred,TREND_DOWN,4H,189,0.5262370540851553
atr_96b,upside_breakout_occurred,TREND_DOWN,8H,189,0.5393789378937894
atr_96b,upside_breakout_occurred,TREND_UP,12H,179,0.6009139375476009
atr_96b,upside_breakout_occurred,TREND_UP,1H,179,0.5606893106893107
atr_96b,upside_breakout_occurred,TREND_UP,24H,179,0.6103896103896104
atr_96b,upside_breakout_occurred,TREND_UP,2H,179,0.5572681704260651
atr_96b,upside_breakout_occurred,TREND_UP,4H,179,0.5717948717948718
atr_96b,upside_breakout_occurred,TREND_UP,8H,179,0.6002564102564103
atr_96b,upside_breakout_occurred,VOLATILITY_EXPANSION,12H,324,0.6501884735909895
atr_96b,upside_breakout_occurred,VOLATILITY_EXPANSION,1H,324,0.5741208917490233
atr_96b,upside_breakout_occurred,VOLATILITY_EXPANSION,24H,324,0.6944070080862534
atr_96b,upside_breakout_occurred,VOLATILITY_EXPANSION,2H,324,0.5498464872674733
atr_96b,upside_breakout_occurred,VOLATILITY_EXPANSION,4H,319,0.5365296803652968
atr_96b,upside_breakout_occurred,VOLATILITY_EXPANSION,8H,319,0.5485799701046338
atr_96b,downside_breakdown_occurred,HIGH_VOL,12H,163,0.6425416241930003
atr_96b,downside_breakdown_occurred,HIGH_VOL,1H,163,0.5452861952861953
atr_96b,downside_breakdown_occurred,HIGH_VOL,24H,163,0.636085626911315
atr_96b,downside_breakdown_occurred,HIGH_VOL,2H,163,0.5576329331046312
atr_96b,downside_breakdown_occurred,HIGH_VOL,4H,163,0.6749015395631937
atr_96b,downside_breakdown_occurred,HIGH_VOL,8H,163,0.6320388349514563
atr_96b,downside_breakdown_occurred,LOW_VOL_RANGE,12H,1024,0.5135087610418089
atr_96b,downside_breakdown_occurred,LOW_VOL_RANGE,1H,1024,0.5124362014141044
atr_96b,downside_breakdown_occurred,LOW_VOL_RANGE,24H,1024,0.545068659199094
atr_96b,downside_breakdown_occurred,LOW_VOL_RANGE,2H,1024,0.5163419168837126
atr_96b,downside_breakdown_occurred,LOW_VOL_RANGE,4H,1016,0.5275405364324652
atr_96b,downside_breakdown_occurred,LOW_VOL_RANGE,8H,1016,0.5348925369198312
atr_96b,downside_breakdown_occurred,NORMAL_RANGE,12H,2314,0.509115515771526
atr_96b,downside_breakdown_occurred,NORMAL_RANGE,1H,2314,0.5192145284120352
atr_96b,downside_breakdown_occurred,NORMAL_RANGE,24H,2314,0.5187674835774587
atr_96b,downside_breakdown_occurred,NORMAL_RANGE,2H,2314,0.5121762205669731
atr_96b,downside_breakdown_occurred,NORMAL_RANGE,4H,2303,0.5132274207112466
atr_96b,downside_breakdown_occurred,NORMAL_RANGE,8H,2303,0.5188135295282176
atr_96b,downside_breakdown_occurred,TREND_DOWN,12H,190,0.5571808510638298
atr_96b,downside_breakdown_occurred,TREND_DOWN,1H,190,0.5272727272727273
atr_96b,downside_breakdown_occurred,TREND_DOWN,24H,190,0.5757978723404256
atr_96b,downside_breakdown_occurred,TREND_DOWN,2H,190,0.5223665223665224
atr_96b,downside_breakdown_occurred,TREND_DOWN,4H,189,0.513334827431645
atr_96b,downside_breakdown_occurred,TREND_DOWN,8H,189,0.518212669683258
atr_96b,downside_breakdown_occurred,TREND_UP,12H,179,0.5426504188880427
atr_96b,downside_breakdown_occurred,TREND_UP,1H,179,0.5474413646055437
atr_96b,downside_breakdown_occurred,TREND_UP,24H,179,0.5768166960020116
atr_96b,downside_breakdown_occurred,TREND_UP,2H,179,0.5545823813150546
atr_96b,downside_breakdown_occurred,TREND_UP,4H,179,0.5957692307692307
atr_96b,downside_breakdown_occurred,TREND_UP,8H,179,0.5474903474903475
atr_96b,downside_breakdown_occurred,VOLATILITY_EXPANSION,12H,324,0.5013877874702617
atr_96b,downside_breakdown_occurred,VOLATILITY_EXPANSION,1H,324,0.5080236278611863
atr_96b,downside_breakdown_occurred,VOLATILITY_EXPANSION,24H,324,0.560663853270573
atr_96b,downside_breakdown_occurred,VOLATILITY_EXPANSION,2H,324,0.5025613849143261
atr_96b,downside_breakdown_occurred,VOLATILITY_EXPANSION,4H,319,0.5037524243190825
atr_96b,downside_breakdown_occurred,VOLATILITY_EXPANSION,8H,319,0.5011234085046185
atr_96b,range_breached,HIGH_VOL,12H,163,0.6986486486486487
atr_96b,range_breached,HIGH_VOL,1H,163,0.5101265822784811
atr_96b,range_breached,HIGH_VOL,24H,163,0.5841025641025641
atr_96b,range_breached,HIGH_VOL,2H,163,0.5180467091295117
atr_96b,range_breached,HIGH_VOL,4H,163,0.5705128205128205
atr_96b,range_breached,HIGH_VOL,8H,163,0.5248251748251749
atr_96b,range_breached,LOW_VOL_RANGE,12H,1024,0.7051419965576592
atr_96b,range_breached,LOW_VOL_RANGE,1H,1024,0.6024672088501876
atr_96b,range_breached,LOW_VOL_RANGE,24H,1024,0.7606951871657754
atr_96b,range_breached,LOW_VOL_RANGE,2H,1024,0.6442026540710751
atr_96b,range_breached,LOW_VOL_RANGE,4H,1016,0.6547498554077502
atr_96b,range_breached,LOW_VOL_RANGE,8H,1016,0.756362058993638
atr_96b,range_breached,NORMAL_RANGE,12H,2314,0.663405348153419
atr_96b,range_breached,NORMAL_RANGE,1H,2314,0.5226119104716227
atr_96b,range_breached,NORMAL_RANGE,24H,2314,0.6531147420733161
atr_96b,range_breached,NORMAL_RANGE,2H,2314,0.6038637618774807
atr_96b,range_breached,NORMAL_RANGE,4H,2303,0.677116574405731
atr_96b,range_breached,NORMAL_RANGE,8H,2303,0.641858601198009
atr_96b,range_breached,TREND_DOWN,12H,190,0.5105534709193246
atr_96b,range_breached,TREND_DOWN,1H,190,0.5317919075144508
atr_96b,range_breached,TREND_DOWN,24H,190,0.5318775100401606
atr_96b,range_breached,TREND_DOWN,2H,190,0.5173131996875814
atr_96b,range_breached,TREND_DOWN,4H,189,0.5185185185185185
atr_96b,range_breached,TREND_DOWN,8H,189,0.5227272727272727
atr_96b,range_breached,TREND_UP,12H,179,0.5144827586206897
atr_96b,range_breached,TREND_UP,1H,179,0.5384615384615384
atr_96b,range_breached,TREND_UP,24H,179,0.511352885525071
atr_96b,range_breached,TREND_UP,2H,179,0.5489247311827957
atr_96b,range_breached,TREND_UP,4H,179,0.5694252873563218
atr_96b,range_breached,TREND_UP,8H,179,0.5092592592592593
atr_96b,range_breached,VOLATILITY_EXPANSION,12H,324,0.6593615185504745
atr_96b,range_breached,VOLATILITY_EXPANSION,1H,324,0.6910052910052911
atr_96b,range_breached,VOLATILITY_EXPANSION,24H,324,0.7432775919732442
atr_96b,range_breached,VOLATILITY_EXPANSION,2H,324,0.6205497972059486
atr_96b,range_breached,VOLATILITY_EXPANSION,4H,319,0.7491961414790997
atr_96b,range_breached,VOLATILITY_EXPANSION,8H,319,0.6136363636363636
atr_96b,path_inside_70,HIGH_VOL,12H,163,0.6986486486486486
atr_96b,path_inside_70,HIGH_VOL,1H,163,0.5101265822784811
atr_96b,path_inside_70,HIGH_VOL,24H,163,0.5841025641025641
atr_96b,path_inside_70,HIGH_VOL,2H,163,0.5180467091295117
atr_96b,path_inside_70,HIGH_VOL,4H,163,0.5705128205128205
atr_96b,path_inside_70,HIGH_VOL,8H,163,0.5248251748251749
atr_96b,path_inside_70,LOW_VOL_RANGE,12H,1024,0.7051419965576592
atr_96b,path_inside_70,LOW_VOL_RANGE,1H,1024,0.6024672088501876
atr_96b,path_inside_70,LOW_VOL_RANGE,24H,1024,0.7606951871657754
atr_96b,path_inside_70,LOW_VOL_RANGE,2H,1024,0.6442026540710751
atr_96b,path_inside_70,LOW_VOL_RANGE,4H,1016,0.6547498554077501
atr_96b,path_inside_70,LOW_VOL_RANGE,8H,1016,0.756362058993638
atr_96b,path_inside_70,NORMAL_RANGE,12H,2314,0.663405348153419
atr_96b,path_inside_70,NORMAL_RANGE,1H,2314,0.5226119104716227
atr_96b,path_inside_70,NORMAL_RANGE,24H,2314,0.6531147420733161
atr_96b,path_inside_70,NORMAL_RANGE,2H,2314,0.6038637618774807
atr_96b,path_inside_70,NORMAL_RANGE,4H,2303,0.677116574405731
atr_96b,path_inside_70,NORMAL_RANGE,8H,2303,0.641858601198009
atr_96b,path_inside_70,TREND_DOWN,12H,190,0.5105534709193246
atr_96b,path_inside_70,TREND_DOWN,1H,190,0.5317919075144508
atr_96b,path_inside_70,TREND_DOWN,24H,190,0.5318775100401607
atr_96b,path_inside_70,TREND_DOWN,2H,190,0.5173131996875814
atr_96b,path_inside_70,TREND_DOWN,4H,189,0.5185185185185186
atr_96b,path_inside_70,TREND_DOWN,8H,189,0.5227272727272727
atr_96b,path_inside_70,TREND_UP,12H,179,0.5144827586206897
atr_96b,path_inside_70,TREND_UP,1H,179,0.5384615384615384
atr_96b,path_inside_70,TREND_UP,24H,179,0.511352885525071
atr_96b,path_inside_70,TREND_UP,2H,179,0.5489247311827957
atr_96b,path_inside_70,TREND_UP,4H,179,0.5694252873563219
atr_96b,path_inside_70,TREND_UP,8H,179,0.5092592592592593
atr_96b,path_inside_70,VOLATILITY_EXPANSION,12H,324,0.6593615185504745
atr_96b,path_inside_70,VOLATILITY_EXPANSION,1H,324,0.691005291005291
atr_96b,path_inside_70,VOLATILITY_EXPANSION,24H,324,0.7432775919732442
atr_96b,path_inside_70,VOLATILITY_EXPANSION,2H,324,0.6205497972059486
atr_96b,path_inside_70,VOLATILITY_EXPANSION,4H,319,0.7491961414790996
atr_96b,path_inside_70,VOLATILITY_EXPANSION,8H,319,0.6136363636363636
atr_96b,trend_efficiency_high,HIGH_VOL,12H,163,0.645083932853717
atr_96b,trend_efficiency_high,HIGH_VOL,1H,163,0.6048951048951049
atr_96b,trend_efficiency_high,HIGH_VOL,24H,163,0.5115942028985507
atr_96b,trend_efficiency_high,HIGH_VOL,2H,163,0.6389648882808937
atr_96b,trend_efficiency_high,HIGH_VOL,4H,163,0.5038684719535783
atr_96b,trend_efficiency_high,HIGH_VOL,8H,163,0.527046783625731
atr_96b,trend_efficiency_high,LOW_VOL_RANGE,12H,1024,0.5295296496522923
atr_96b,trend_efficiency_high,LOW_VOL_RANGE,1H,1024,0.5079205141676802
atr_96b,trend_efficiency_high,LOW_VOL_RANGE,24H,1024,0.5782321276217015
atr_96b,trend_efficiency_high,LOW_VOL_RANGE,2H,1024,0.531395644744974
atr_96b,trend_efficiency_high,LOW_VOL_RANGE,4H,1016,0.5002870304748406
atr_96b,trend_efficiency_high,LOW_VOL_RANGE,8H,1016,0.5265306122448979
atr_96b,trend_efficiency_high,NORMAL_RANGE,12H,2314,0.5282880305197902
atr_96b,trend_efficiency_high,NORMAL_RANGE,1H,2314,0.5376724496042677
atr_96b,trend_efficiency_high,NORMAL_RANGE,24H,2314,0.5456809497816594
atr_96b,trend_efficiency_high,NORMAL_RANGE,2H,2314,0.5290498821479811
atr_96b,trend_efficiency_high,NORMAL_RANGE,4H,2303,0.5091607122460117
atr_96b,trend_efficiency_high,NORMAL_RANGE,8H,2303,0.5043284301904991
atr_96b,trend_efficiency_high,TREND_DOWN,12H,190,0.5045013850415513
atr_96b,trend_efficiency_high,TREND_DOWN,1H,190,0.5197510822510822
atr_96b,trend_efficiency_high,TREND_DOWN,24H,190,0.5178571428571429
atr_96b,trend_efficiency_high,TREND_DOWN,2H,190,0.5062751004016064
atr_96b,trend_efficiency_high,TREND_DOWN,4H,189,0.5217068645640075
atr_96b,trend_efficiency_high,TREND_DOWN,8H,189,0.5025510204081632
atr_96b,trend_efficiency_high,TREND_UP,12H,179,0.5007309941520468
atr_96b,trend_efficiency_high,TREND_UP,1H,179,0.5545500251382605
atr_96b,trend_efficiency_high,TREND_UP,24H,179,0.5572706935123043
atr_96b,trend_efficiency_high,TREND_UP,2H,179,0.5747398297067171
atr_96b,trend_efficiency_high,TREND_UP,4H,179,0.5154362416107383
atr_96b,trend_efficiency_high,TREND_UP,8H,179,0.530187074829932
atr_96b,trend_efficiency_high,VOLATILITY_EXPANSION,12H,324,0.5018028846153846
atr_96b,trend_efficiency_high,VOLATILITY_EXPANSION,1H,324,0.519927536231884
atr_96b,trend_efficiency_high,VOLATILITY_EXPANSION,24H,324,0.5620229007633588
atr_96b,trend_efficiency_high,VOLATILITY_EXPANSION,2H,324,0.5419753086419753
atr_96b,trend_efficiency_high,VOLATILITY_EXPANSION,4H,319,0.5529203869047619
atr_96b,trend_efficiency_high,VOLATILITY_EXPANSION,8H,319,0.5151439920556107
choppiness_96b,upside_breakout_occurred,HIGH_VOL,12H,163,0.5192833282720923
choppiness_96b,upside_breakout_occurred,HIGH_VOL,1H,163,0.5027705345501956
choppiness_96b,upside_breakout_occurred,HIGH_VOL,24H,163,0.5737179487179487
choppiness_96b,upside_breakout_occurred,HIGH_VOL,2H,163,0.5048706240487062
choppiness_96b,upside_breakout_occurred,HIGH_VOL,4H,163,0.5247136829415311
choppiness_96b,upside_breakout_occurred,HIGH_VOL,8H,163,0.5016611295681063
choppiness_96b,upside_breakout_occurred,LOW_VOL_RANGE,12H,1024,0.5087379150903741
choppiness_96b,upside_breakout_occurred,LOW_VOL_RANGE,1H,1024,0.5252108103550046
choppiness_96b,upside_breakout_occurred,LOW_VOL_RANGE,24H,1024,0.5042064167669592
choppiness_96b,upside_breakout_occurred,LOW_VOL_RANGE,2H,1024,0.512799553585052
choppiness_96b,upside_breakout_occurred,LOW_VOL_RANGE,4H,1016,0.5088150714398931
choppiness_96b,upside_breakout_occurred,LOW_VOL_RANGE,8H,1016,0.5082373878275483
choppiness_96b,upside_breakout_occurred,NORMAL_RANGE,12H,2314,0.5838232418269469
choppiness_96b,upside_breakout_occurred,NORMAL_RANGE,1H,2314,0.5063714231889983
choppiness_96b,upside_breakout_occurred,NORMAL_RANGE,24H,2314,0.5978160742414903
choppiness_96b,upside_breakout_occurred,NORMAL_RANGE,2H,2314,0.5382354586812907
choppiness_96b,upside_breakout_occurred,NORMAL_RANGE,4H,2303,0.551839845733875
choppiness_96b,upside_breakout_occurred,NORMAL_RANGE,8H,2303,0.5779221409225047
choppiness_96b,upside_breakout_occurred,TREND_DOWN,12H,190,0.6672237076648841
choppiness_96b,upside_breakout_occurred,TREND_DOWN,1H,190,0.558270451551084
choppiness_96b,upside_breakout_occurred,TREND_DOWN,24H,190,0.615975935828877
choppiness_96b,upside_breakout_occurred,TREND_DOWN,2H,190,0.5690820130475303
choppiness_96b,upside_breakout_occurred,TREND_DOWN,4H,189,0.5796317606444189
choppiness_96b,upside_breakout_occurred,TREND_DOWN,8H,189,0.634000900090009
choppiness_96b,upside_breakout_occurred,TREND_UP,12H,179,0.5795887281035796
choppiness_96b,upside_breakout_occurred,TREND_UP,1H,179,0.6381118881118881
choppiness_96b,upside_breakout_occurred,TREND_UP,24H,179,0.5605644355644356
choppiness_96b,upside_breakout_occurred,TREND_UP,2H,179,0.6428571428571429
choppiness_96b,upside_breakout_occurred,TREND_UP,4H,179,0.645
choppiness_96b,upside_breakout_occurred,TREND_UP,8H,179,0.6401282051282051
choppiness_96b,upside_breakout_occurred,VOLATILITY_EXPANSION,12H,324,0.626322721286162
choppiness_96b,upside_breakout_occurred,VOLATILITY_EXPANSION,1H,324,0.5413927832682142
choppiness_96b,upside_breakout_occurred,VOLATILITY_EXPANSION,24H,324,0.6247473045822103
choppiness_96b,upside_breakout_occurred,VOLATILITY_EXPANSION,2H,324,0.5186924327253025
choppiness_96b,upside_breakout_occurred,VOLATILITY_EXPANSION,4H,319,0.5180365296803653
choppiness_96b,upside_breakout_occurred,VOLATILITY_EXPANSION,8H,319,0.5575952914798207
choppiness_96b,downside_breakdown_occurred,HIGH_VOL,12H,163,0.591743119266055
choppiness_96b,downside_breakdown_occurred,HIGH_VOL,1H,163,0.5276094276094276
choppiness_96b,downside_breakdown_occurred,HIGH_VOL,24H,163,0.5788311247026844
choppiness_96b,downside_breakdown_occurred,HIGH_VOL,2H,163,0.516295025728988
choppiness_96b,downside_breakdown_occurred,HIGH_VOL,4H,163,0.5424274973147154
choppiness_96b,downside_breakdown_occurred,HIGH_VOL,8H,163,0.5134304207119741
choppiness_96b,downside_breakdown_occurred,LOW_VOL_RANGE,12H,1024,0.5652247667514843
choppiness_96b,downside_breakdown_occurred,LOW_VOL_RANGE,1H,1024,0.500561895802383
choppiness_96b,downside_breakdown_occurred,LOW_VOL_RANGE,24H,1024,0.5573295464599812
choppiness_96b,downside_breakdown_occurred,LOW_VOL_RANGE,2H,1024,0.5033744491948826
choppiness_96b,downside_breakdown_occurred,LOW_VOL_RANGE,4H,1016,0.5102414315820608
choppiness_96b,downside_breakdown_occurred,LOW_VOL_RANGE,8H,1016,0.5565911787974683
choppiness_96b,downside_breakdown_occurred,NORMAL_RANGE,12H,2314,0.5289347826086956
choppiness_96b,downside_breakdown_occurred,NORMAL_RANGE,1H,2314,0.5354670783782542
choppiness_96b,downside_breakdown_occurred,NORMAL_RANGE,24H,2314,0.5436360823405937
choppiness_96b,downside_breakdown_occurred,NORMAL_RANGE,2H,2314,0.5128297499483631
choppiness_96b,downside_breakdown_occurred,NORMAL_RANGE,4H,2303,0.5209905994221434
choppiness_96b,downside_breakdown_occurred,NORMAL_RANGE,8H,2303,0.5287973506181436
choppiness_96b,downside_breakdown_occurred,TREND_DOWN,12H,190,0.5402260638297872
choppiness_96b,downside_breakdown_occurred,TREND_DOWN,1H,190,0.525
choppiness_96b,downside_breakdown_occurred,TREND_DOWN,24H,190,0.5238253546099291
choppiness_96b,downside_breakdown_occurred,TREND_DOWN,2H,190,0.5235875235875236
choppiness_96b,downside_breakdown_occurred,TREND_DOWN,4H,189,0.506051098162259
choppiness_96b,downside_breakdown_occurred,TREND_DOWN,8H,189,0.5090497737556561
choppiness_96b,downside_breakdown_occurred,TREND_UP,12H,179,0.511043412033511
choppiness_96b,downside_breakdown_occurred,TREND_UP,1H,179,0.5118603411513859
choppiness_96b,downside_breakdown_occurred,TREND_UP,24H,179,0.5292934372642696
choppiness_96b,downside_breakdown_occurred,TREND_UP,2H,179,0.5304645849200305
choppiness_96b,downside_breakdown_occurred,TREND_UP,4H,179,0.5303846153846153
choppiness_96b,downside_breakdown_occurred,TREND_UP,8H,179,0.5051480051480052
choppiness_96b,downside_breakdown_occurred,VOLATILITY_EXPANSION,12H,324,0.5328707375099128
choppiness_96b,downside_breakdown_occurred,VOLATILITY_EXPANSION,1H,324,0.5931577651981295
choppiness_96b,downside_breakdown_occurred,VOLATILITY_EXPANSION,24H,324,0.6120353838662554
choppiness_96b,downside_breakdown_occurred,VOLATILITY_EXPANSION,2H,324,0.610272036742625
choppiness_96b,downside_breakdown_occurred,VOLATILITY_EXPANSION,4H,319,0.5299772324816595
choppiness_96b,downside_breakdown_occurred,VOLATILITY_EXPANSION,8H,319,0.5234667554298078
choppiness_96b,range_breached,HIGH_VOL,12H,163,0.7274774774774775
choppiness_96b,range_breached,HIGH_VOL,1H,163,0.7822784810126582
choppiness_96b,range_breached,HIGH_VOL,24H,163,0.7682051282051282
choppiness_96b,range_breached,HIGH_VOL,2H,163,0.5944798301486199
choppiness_96b,range_breached,HIGH_VOL,4H,163,0.576007326007326
choppiness_96b,range_breached,HIGH_VOL,8H,163,0.5055944055944056
choppiness_96b,range_breached,LOW_VOL_RANGE,12H,1024,0.6105134825014343
choppiness_96b,range_breached,LOW_VOL_RANGE,1H,1024,0.5691557819217393
choppiness_96b,range_breached,LOW_VOL_RANGE,24H,1024,0.5510695187165775
choppiness_96b,range_breached,LOW_VOL_RANGE,2H,1024,0.5407388663967612
choppiness_96b,range_breached,LOW_VOL_RANGE,4H,1016,0.5108082706766918
choppiness_96b,range_breached,LOW_VOL_RANGE,8H,1016,0.5078802776171197
choppiness_96b,range_breached,NORMAL_RANGE,12H,2314,0.5693014848711626
choppiness_96b,range_breached,NORMAL_RANGE,1H,2314,0.6119854116706634
choppiness_96b,range_breached,NORMAL_RANGE,24H,2314,0.5810945456101423
choppiness_96b,range_breached,NORMAL_RANGE,2H,2314,0.61320058426108
choppiness_96b,range_breached,NORMAL_RANGE,4H,2303,0.6055845001628134
choppiness_96b,range_breached,NORMAL_RANGE,8H,2303,0.586619421243567
choppiness_96b,range_breached,TREND_DOWN,12H,190,0.7413227016885553
choppiness_96b,range_breached,TREND_DOWN,1H,190,0.587895273716423
choppiness_96b,range_breached,TREND_DOWN,24H,190,0.7678212851405622
choppiness_96b,range_breached,TREND_DOWN,2H,190,0.590991929185108
choppiness_96b,range_breached,TREND_DOWN,4H,189,0.6337448559670782
choppiness_96b,range_breached,TREND_DOWN,8H,189,0.7017676767676768
choppiness_96b,range_breached,TREND_UP,12H,179,0.5266666666666666
choppiness_96b,range_breached,TREND_UP,1H,179,0.6847826086956522
choppiness_96b,range_breached,TREND_UP,24H,179,0.5061494796594135
choppiness_96b,range_breached,TREND_UP,2H,179,0.656989247311828
choppiness_96b,range_breached,TREND_UP,4H,179,0.6363218390804598
choppiness_96b,range_breached,TREND_UP,8H,179,0.5511695906432749
choppiness_96b,range_breached,VOLATILITY_EXPANSION,12H,324,0.7361518550474547
choppiness_96b,range_breached,VOLATILITY_EXPANSION,1H,324,0.817989417989418
choppiness_96b,range_breached,VOLATILITY_EXPANSION,24H,324,0.7151839464882943
choppiness_96b,range_breached,VOLATILITY_EXPANSION,2H,324,0.8418206399278955
choppiness_96b,range_breached,VOLATILITY_EXPANSION,4H,319,0.7656752411575563
choppiness_96b,range_breached,VOLATILITY_EXPANSION,8H,319,0.6894923258559622
choppiness_96b,path_inside_70,HIGH_VOL,12H,163,0.7274774774774775
choppiness_96b,path_inside_70,HIGH_VOL,1H,163,0.7822784810126582
choppiness_96b,path_inside_70,HIGH_VOL,24H,163,0.7682051282051282
choppiness_96b,path_inside_70,HIGH_VOL,2H,163,0.5944798301486199
choppiness_96b,path_inside_70,HIGH_VOL,4H,163,0.576007326007326
choppiness_96b,path_inside_70,HIGH_VOL,8H,163,0.5055944055944056
choppiness_96b,path_inside_70,LOW_VOL_RANGE,12H,1024,0.6105134825014343
choppiness_96b,path_inside_70,LOW_VOL_RANGE,1H,1024,0.5691557819217394
choppiness_96b,path_inside_70,LOW_VOL_RANGE,24H,1024,0.5510695187165775
choppiness_96b,path_inside_70,LOW_VOL_RANGE,2H,1024,0.5407388663967612
choppiness_96b,path_inside_70,LOW_VOL_RANGE,4H,1016,0.5108082706766917
choppiness_96b,path_inside_70,LOW_VOL_RANGE,8H,1016,0.5078802776171197
choppiness_96b,path_inside_70,NORMAL_RANGE,12H,2314,0.5693014848711626
choppiness_96b,path_inside_70,NORMAL_RANGE,1H,2314,0.6119854116706634
choppiness_96b,path_inside_70,NORMAL_RANGE,24H,2314,0.5810945456101422
choppiness_96b,path_inside_70,NORMAL_RANGE,2H,2314,0.61320058426108
choppiness_96b,path_inside_70,NORMAL_RANGE,4H,2303,0.6055845001628134
choppiness_96b,path_inside_70,NORMAL_RANGE,8H,2303,0.586619421243567
choppiness_96b,path_inside_70,TREND_DOWN,12H,190,0.7413227016885553
choppiness_96b,path_inside_70,TREND_DOWN,1H,190,0.5878952737164229
choppiness_96b,path_inside_70,TREND_DOWN,24H,190,0.7678212851405622
choppiness_96b,path_inside_70,TREND_DOWN,2H,190,0.590991929185108
choppiness_96b,path_inside_70,TREND_DOWN,4H,189,0.6337448559670782
choppiness_96b,path_inside_70,TREND_DOWN,8H,189,0.7017676767676768
choppiness_96b,path_inside_70,TREND_UP,12H,179,0.5266666666666666
choppiness_96b,path_inside_70,TREND_UP,1H,179,0.6847826086956521
choppiness_96b,path_inside_70,TREND_UP,24H,179,0.5061494796594135
choppiness_96b,path_inside_70,TREND_UP,2H,179,0.656989247311828
choppiness_96b,path_inside_70,TREND_UP,4H,179,0.6363218390804597
choppiness_96b,path_inside_70,TREND_UP,8H,179,0.5511695906432749
choppiness_96b,path_inside_70,VOLATILITY_EXPANSION,12H,324,0.7361518550474547
choppiness_96b,path_inside_70,VOLATILITY_EXPANSION,1H,324,0.817989417989418
choppiness_96b,path_inside_70,VOLATILITY_EXPANSION,24H,324,0.7151839464882943
choppiness_96b,path_inside_70,VOLATILITY_EXPANSION,2H,324,0.8418206399278955
choppiness_96b,path_inside_70,VOLATILITY_EXPANSION,4H,319,0.7656752411575563
choppiness_96b,path_inside_70,VOLATILITY_EXPANSION,8H,319,0.6894923258559622
choppiness_96b,trend_efficiency_high,HIGH_VOL,12H,163,0.7880695443645084
choppiness_96b,trend_efficiency_high,HIGH_VOL,1H,163,0.603962703962704
choppiness_96b,trend_efficiency_high,HIGH_VOL,24H,163,0.6853260869565218
choppiness_96b,trend_efficiency_high,HIGH_VOL,2H,163,0.5510715914272686
choppiness_96b,trend_efficiency_high,HIGH_VOL,4H,163,0.5451321727917473
choppiness_96b,trend_efficiency_high,HIGH_VOL,8H,163,0.6772660818713451
choppiness_96b,trend_efficiency_high,LOW_VOL_RANGE,12H,1024,0.5315456940052681
choppiness_96b,trend_efficiency_high,LOW_VOL_RANGE,1H,1024,0.5082659795743578
choppiness_96b,trend_efficiency_high,LOW_VOL_RANGE,24H,1024,0.5092837545037718
choppiness_96b,trend_efficiency_high,LOW_VOL_RANGE,2H,1024,0.5101319664085505
choppiness_96b,trend_efficiency_high,LOW_VOL_RANGE,4H,1016,0.5365768958185684
choppiness_96b,trend_efficiency_high,LOW_VOL_RANGE,8H,1016,0.524975111996018
choppiness_96b,trend_efficiency_high,NORMAL_RANGE,12H,2314,0.5288966380543634
choppiness_96b,trend_efficiency_high,NORMAL_RANGE,1H,2314,0.5088527318640955
choppiness_96b,trend_efficiency_high,NORMAL_RANGE,24H,2314,0.5497424851302515
choppiness_96b,trend_efficiency_high,NORMAL_RANGE,2H,2314,0.5026375794220127
choppiness_96b,trend_efficiency_high,NORMAL_RANGE,4H,2303,0.5019735255669919
choppiness_96b,trend_efficiency_high,NORMAL_RANGE,8H,2303,0.511796098638204
choppiness_96b,trend_efficiency_high,TREND_DOWN,12H,190,0.5618074792243767
choppiness_96b,trend_efficiency_high,TREND_DOWN,1H,190,0.5064935064935066
choppiness_96b,trend_efficiency_high,TREND_DOWN,24H,190,0.6717171717171717
choppiness_96b,trend_efficiency_high,TREND_DOWN,2H,190,0.5630020080321285
choppiness_96b,trend_efficiency_high,TREND_DOWN,4H,189,0.6244897959183674
choppiness_96b,trend_efficiency_high,TREND_DOWN,8H,189,0.5252267573696145
choppiness_96b,trend_efficiency_high,TREND_UP,12H,179,0.5460526315789473
choppiness_96b,trend_efficiency_high,TREND_UP,1H,179,0.5834590246354953
choppiness_96b,trend_efficiency_high,TREND_UP,24H,179,0.523937360178971
choppiness_96b,trend_efficiency_high,TREND_UP,2H,179,0.554399243140965
choppiness_96b,trend_efficiency_high,TREND_UP,4H,179,0.5563758389261745
choppiness_96b,trend_efficiency_high,TREND_UP,8H,179,0.6060799319727892
choppiness_96b,trend_efficiency_high,VOLATILITY_EXPANSION,12H,324,0.576993778280543
choppiness_96b,trend_efficiency_high,VOLATILITY_EXPANSION,1H,324,0.5350996376811594
choppiness_96b,trend_efficiency_high,VOLATILITY_EXPANSION,24H,324,0.5421078552080768
choppiness_96b,trend_efficiency_high,VOLATILITY_EXPANSION,2H,324,0.5459533607681756
choppiness_96b,trend_efficiency_high,VOLATILITY_EXPANSION,4H,319,0.5264136904761905
choppiness_96b,trend_efficiency_high,VOLATILITY_EXPANSION,8H,319,0.5135480209958859
bb_keltner_width_ratio_96b,upside_breakout_occurred,HIGH_VOL,12H,163,0.5426662617673854
bb_keltner_width_ratio_96b,upside_breakout_occurred,HIGH_VOL,1H,163,0.5
bb_keltner_width_ratio_96b,upside_breakout_occurred,HIGH_VOL,24H,163,0.5604395604395604
bb_keltner_width_ratio_96b,upside_breakout_occurred,HIGH_VOL,2H,163,0.5079147640791476
bb_keltner_width_ratio_96b,upside_breakout_occurred,HIGH_VOL,4H,163,0.5269740807715492
bb_keltner_width_ratio_96b,upside_breakout_occurred,HIGH_VOL,8H,163,0.5040773180308064
bb_keltner_width_ratio_96b,upside_breakout_occurred,LOW_VOL_RANGE,12H,1024,0.5099674232870954
bb_keltner_width_ratio_96b,upside_breakout_occurred,LOW_VOL_RANGE,1H,1024,0.5210810355004638
bb_keltner_width_ratio_96b,upside_breakout_occurred,LOW_VOL_RANGE,24H,1024,0.5369184254557196
bb_keltner_width_ratio_96b,upside_breakout_occurred,LOW_VOL_RANGE,2H,1024,0.5349001451720485
bb_keltner_width_ratio_96b,upside_breakout_occurred,LOW_VOL_RANGE,4H,1016,0.5140909811380567
bb_keltner_width_ratio_96b,upside_breakout_occurred,LOW_VOL_RANGE,8H,1016,0.5032973154140645
bb_keltner_width_ratio_96b,upside_breakout_occurred,NORMAL_RANGE,12H,2314,0.598811398821623
bb_keltner_width_ratio_96b,upside_breakout_occurred,NORMAL_RANGE,1H,2314,0.507303328002437
bb_keltner_width_ratio_96b,upside_breakout_occurred,NORMAL_RANGE,24H,2314,0.6158687761112253
bb_keltner_width_ratio_96b,upside_breakout_occurred,NORMAL_RANGE,2H,2314,0.5437648202888523
bb_keltner_width_ratio_96b,upside_breakout_occurred,NORMAL_RANGE,4H,2303,0.5631372206703911
bb_keltner_width_ratio_96b,upside_breakout_occurred,NORMAL_RANGE,8H,2303,0.5889234749565428
bb_keltner_width_ratio_96b,upside_breakout_occurred,TREND_DOWN,12H,190,0.6294563279857397
bb_keltner_width_ratio_96b,upside_breakout_occurred,TREND_DOWN,1H,190,0.5177865612648221
bb_keltner_width_ratio_96b,upside_breakout_occurred,TREND_DOWN,24H,190,0.5982620320855615
bb_keltner_width_ratio_96b,upside_breakout_occurred,TREND_DOWN,2H,190,0.5193383038210624
bb_keltner_width_ratio_96b,upside_breakout_occurred,TREND_DOWN,4H,189,0.5177215189873418
bb_keltner_width_ratio_96b,upside_breakout_occurred,TREND_DOWN,8H,189,0.5857335733573357
bb_keltner_width_ratio_96b,upside_breakout_occurred,TREND_UP,12H,179,0.5647372429550648
bb_keltner_width_ratio_96b,upside_breakout_occurred,TREND_UP,1H,179,0.6362387612387612
bb_keltner_width_ratio_96b,upside_breakout_occurred,TREND_UP,24H,179,0.5750499500499501
bb_keltner_width_ratio_96b,upside_breakout_occurred,TREND_UP,2H,179,0.6254385964912281
bb_keltner_width_ratio_96b,upside_breakout_occurred,TREND_UP,4H,179,0.6170512820512821
bb_keltner_width_ratio_96b,upside_breakout_occurred,TREND_UP,8H,179,0.6183333333333334
bb_keltner_width_ratio_96b,upside_breakout_occurred,VOLATILITY_EXPANSION,12H,324,0.6069757936327718
bb_keltner_width_ratio_96b,upside_breakout_occurred,VOLATILITY_EXPANSION,1H,324,0.5845552746495059
bb_keltner_width_ratio_96b,upside_breakout_occurred,VOLATILITY_EXPANSION,24H,324,0.631233153638814
bb_keltner_width_ratio_96b,upside_breakout_occurred,VOLATILITY_EXPANSION,2H,324,0.549936788874842
bb_keltner_width_ratio_96b,upside_breakout_occurred,VOLATILITY_EXPANSION,4H,319,0.5273059360730594
bb_keltner_width_ratio_96b,upside_breakout_occurred,VOLATILITY_EXPANSION,8H,319,0.5293815396113603
bb_keltner_width_ratio_96b,downside_breakdown_occurred,HIGH_VOL,12H,163,0.5504587155963303
bb_keltner_width_ratio_96b,downside_breakdown_occurred,HIGH_VOL,1H,163,0.5292929292929293
bb_keltner_width_ratio_96b,downside_breakdown_occurred,HIGH_VOL,24H,163,0.5288820931022766
bb_keltner_width_ratio_96b,downside_breakdown_occurred,HIGH_VOL,2H,163,0.5037735849056604
bb_keltner_width_ratio_96b,downside_breakdown_occurred,HIGH_VOL,4H,163,0.5614035087719298
bb_keltner_width_ratio_96b,downside_breakdown_occurred,HIGH_VOL,8H,163,0.5033980582524272
bb_keltner_width_ratio_96b,downside_breakdown_occurred,LOW_VOL_RANGE,12H,1024,0.5353813690808664
bb_keltner_width_ratio_96b,downside_breakdown_occurred,LOW_VOL_RANGE,1H,1024,0.5044121590846207
bb_keltner_width_ratio_96b,downside_breakdown_occurred,LOW_VOL_RANGE,24H,1024,0.5417263895524764
bb_keltner_width_ratio_96b,downside_breakdown_occurred,LOW_VOL_RANGE,2H,1024,0.5110488639900405
bb_keltner_width_ratio_96b,downside_breakdown_occurred,LOW_VOL_RANGE,4H,1016,0.5127001146152993
bb_keltner_width_ratio_96b,downside_breakdown_occurred,LOW_VOL_RANGE,8H,1016,0.5324078652426161
bb_keltner_width_ratio_96b,downside_breakdown_occurred,NORMAL_RANGE,12H,2314,0.5564842284739983
bb_keltner_width_ratio_96b,downside_breakdown_occurred,NORMAL_RANGE,1H,2314,0.5338678149987209
bb_keltner_width_ratio_96b,downside_breakdown_occurred,NORMAL_RANGE,24H,2314,0.5635898357954949
bb_keltner_width_ratio_96b,downside_breakdown_occurred,NORMAL_RANGE,2H,2314,0.5099465558194775
bb_keltner_width_ratio_96b,downside_breakdown_occurred,NORMAL_RANGE,4H,2303,0.5032140151042057
bb_keltner_width_ratio_96b,downside_breakdown_occurred,NORMAL_RANGE,8H,2303,0.5551704246793231
bb_keltner_width_ratio_96b,downside_breakdown_occurred,TREND_DOWN,12H,190,0.557845744680851
bb_keltner_width_ratio_96b,downside_breakdown_occurred,TREND_DOWN,1H,190,0.5427272727272727
bb_keltner_width_ratio_96b,downside_breakdown_occurred,TREND_DOWN,24H,190,0.5279255319148937
bb_keltner_width_ratio_96b,downside_breakdown_occurred,TREND_DOWN,2H,190,0.5332445332445332
bb_keltner_width_ratio_96b,downside_breakdown_occurred,TREND_DOWN,4H,189,0.5077319587628866
bb_keltner_width_ratio_96b,downside_breakdown_occurred,TREND_DOWN,8H,189,0.5003393665158371
bb_keltner_width_ratio_96b,downside_breakdown_occurred,TREND_UP,12H,179,0.511931962427012
bb_keltner_width_ratio_96b,downside_breakdown_occurred,TREND_UP,1H,179,0.5221215351812367
bb_keltner_width_ratio_96b,downside_breakdown_occurred,TREND_UP,24H,179,0.5277847623837063
bb_keltner_width_ratio_96b,downside_breakdown_occurred,TREND_UP,2H,179,0.5069814673775069
bb_keltner_width_ratio_96b,downside_breakdown_occurred,TREND_UP,4H,179,0.5367948717948718
bb_keltner_width_ratio_96b,downside_breakdown_occurred,TREND_UP,8H,179,0.5027027027027027
bb_keltner_width_ratio_96b,downside_breakdown_occurred,VOLATILITY_EXPANSION,12H,324,0.5062252180808882
bb_keltner_width_ratio_96b,downside_breakdown_occurred,VOLATILITY_EXPANSION,1H,324,0.5650996800393797
bb_keltner_width_ratio_96b,downside_breakdown_occurred,VOLATILITY_EXPANSION,24H,324,0.5667505275117676
bb_keltner_width_ratio_96b,downside_breakdown_occurred,VOLATILITY_EXPANSION,2H,324,0.558072778661014
bb_keltner_width_ratio_96b,downside_breakdown_occurred,VOLATILITY_EXPANSION,4H,319,0.5060291761531326
bb_keltner_width_ratio_96b,downside_breakdown_occurred,VOLATILITY_EXPANSION,8H,319,0.5047016726304402
bb_keltner_width_ratio_96b,range_breached,HIGH_VOL,12H,163,0.7621621621621621
bb_keltner_width_ratio_96b,range_breached,HIGH_VOL,1H,163,0.6759493670886076
bb_keltner_width_ratio_96b,range_breached,HIGH_VOL,24H,163,0.7410256410256411
bb_keltner_width_ratio_96b,range_breached,HIGH_VOL,2H,163,0.6220806794055201
bb_keltner_width_ratio_96b,range_breached,HIGH_VOL,4H,163,0.5906593406593407
bb_keltner_width_ratio_96b,range_breached,HIGH_VOL,8H,163,0.5171328671328672
bb_keltner_width_ratio_96b,range_breached,LOW_VOL_RANGE,12H,1024,0.56780694205393
bb_keltner_width_ratio_96b,range_breached,LOW_VOL_RANGE,1H,1024,0.5519318710808072
bb_keltner_width_ratio_96b,range_breached,LOW_VOL_RANGE,24H,1024,0.5227272727272727
bb_keltner_width_ratio_96b,range_breached,LOW_VOL_RANGE,2H,1024,0.5449561403508771
bb_keltner_width_ratio_96b,range_breached,LOW_VOL_RANGE,4H,1016,0.5330393290919606
bb_keltner_width_ratio_96b,range_breached,LOW_VOL_RANGE,8H,1016,0.5097961249277039
bb_keltner_width_ratio_96b,range_breached,NORMAL_RANGE,12H,2314,0.5712889466861324
bb_keltner_width_ratio_96b,range_breached,NORMAL_RANGE,1H,2314,0.5747801758593125
bb_keltner_width_ratio_96b,range_breached,NORMAL_RANGE,24H,2314,0.6017250126839169
bb_keltner_width_ratio_96b,range_breached,NORMAL_RANGE,2H,2314,0.6018973001150973
bb_keltner_width_ratio_96b,range_breached,NORMAL_RANGE,4H,2303,0.5989200043416911
bb_keltner_width_ratio_96b,range_breached,NORMAL_RANGE,8H,2303,0.5865645828060406
bb_keltner_width_ratio_96b,range_breached,TREND_DOWN,12H,190,0.6986397748592871
bb_keltner_width_ratio_96b,range_breached,TREND_DOWN,1H,190,0.5688541312478749
bb_keltner_width_ratio_96b,range_breached,TREND_DOWN,24H,190,0.7359437751004017
bb_keltner_width_ratio_96b,range_breached,TREND_DOWN,2H,190,0.5493361103879197
bb_keltner_width_ratio_96b,range_breached,TREND_DOWN,4H,189,0.5685871056241427
bb_keltner_width_ratio_96b,range_breached,TREND_DOWN,8H,189,0.6631313131313131
bb_keltner_width_ratio_96b,range_breached,TREND_UP,12H,179,0.5174712643678161
bb_keltner_width_ratio_96b,range_breached,TREND_UP,1H,179,0.6886845039018952
bb_keltner_width_ratio_96b,range_breached,TREND_UP,24H,179,0.533585619678335
bb_keltner_width_ratio_96b,range_breached,TREND_UP,2H,179,0.6295698924731183
bb_keltner_width_ratio_96b,range_breached,TREND_UP,4H,179,0.6013793103448276
bb_keltner_width_ratio_96b,range_breached,TREND_UP,8H,179,0.5331384015594542
bb_keltner_width_ratio_96b,range_breached,VOLATILITY_EXPANSION,12H,324,0.6443485763589301
bb_keltner_width_ratio_96b,range_breached,VOLATILITY_EXPANSION,1H,324,0.855379188712522
bb_keltner_width_ratio_96b,range_breached,VOLATILITY_EXPANSION,24H,324,0.6373244147157191
bb_keltner_width_ratio_96b,range_breached,VOLATILITY_EXPANSION,2H,324,0.8679585398828301
bb_keltner_width_ratio_96b,range_breached,VOLATILITY_EXPANSION,4H,319,0.6784565916398714
bb_keltner_width_ratio_96b,range_breached,VOLATILITY_EXPANSION,8H,319,0.602125147579693
bb_keltner_width_ratio_96b,path_inside_70,HIGH_VOL,12H,163,0.7621621621621621
bb_keltner_width_ratio_96b,path_inside_70,HIGH_VOL,1H,163,0.6759493670886076
bb_keltner_width_ratio_96b,path_inside_70,HIGH_VOL,24H,163,0.7410256410256411
bb_keltner_width_ratio_96b,path_inside_70,HIGH_VOL,2H,163,0.6220806794055201
bb_keltner_width_ratio_96b,path_inside_70,HIGH_VOL,4H,163,0.5906593406593407
bb_keltner_width_ratio_96b,path_inside_70,HIGH_VOL,8H,163,0.5171328671328671
bb_keltner_width_ratio_96b,path_inside_70,LOW_VOL_RANGE,12H,1024,0.56780694205393
bb_keltner_width_ratio_96b,path_inside_70,LOW_VOL_RANGE,1H,1024,0.5519318710808072
bb_keltner_width_ratio_96b,path_inside_70,LOW_VOL_RANGE,24H,1024,0.5227272727272727
bb_keltner_width_ratio_96b,path_inside_70,LOW_VOL_RANGE,2H,1024,0.5449561403508771
bb_keltner_width_ratio_96b,path_inside_70,LOW_VOL_RANGE,4H,1016,0.5330393290919607
bb_keltner_width_ratio_96b,path_inside_70,LOW_VOL_RANGE,8H,1016,0.5097961249277039
bb_keltner_width_ratio_96b,path_inside_70,NORMAL_RANGE,12H,2314,0.5712889466861324
bb_keltner_width_ratio_96b,path_inside_70,NORMAL_RANGE,1H,2314,0.5747801758593125
bb_keltner_width_ratio_96b,path_inside_70,NORMAL_RANGE,24H,2314,0.6017250126839168
bb_keltner_width_ratio_96b,path_inside_70,NORMAL_RANGE,2H,2314,0.6018973001150973
bb_keltner_width_ratio_96b,path_inside_70,NORMAL_RANGE,4H,2303,0.5989200043416911
bb_keltner_width_ratio_96b,path_inside_70,NORMAL_RANGE,8H,2303,0.5865645828060406
bb_keltner_width_ratio_96b,path_inside_70,TREND_DOWN,12H,190,0.6986397748592871
bb_keltner_width_ratio_96b,path_inside_70,TREND_DOWN,1H,190,0.5688541312478749
bb_keltner_width_ratio_96b,path_inside_70,TREND_DOWN,24H,190,0.7359437751004017
bb_keltner_width_ratio_96b,path_inside_70,TREND_DOWN,2H,190,0.5493361103879199
bb_keltner_width_ratio_96b,path_inside_70,TREND_DOWN,4H,189,0.5685871056241426
bb_keltner_width_ratio_96b,path_inside_70,TREND_DOWN,8H,189,0.6631313131313131
bb_keltner_width_ratio_96b,path_inside_70,TREND_UP,12H,179,0.5174712643678161
bb_keltner_width_ratio_96b,path_inside_70,TREND_UP,1H,179,0.6886845039018952
bb_keltner_width_ratio_96b,path_inside_70,TREND_UP,24H,179,0.5335856196783348
bb_keltner_width_ratio_96b,path_inside_70,TREND_UP,2H,179,0.6295698924731182
bb_keltner_width_ratio_96b,path_inside_70,TREND_UP,4H,179,0.6013793103448276
bb_keltner_width_ratio_96b,path_inside_70,TREND_UP,8H,179,0.5331384015594542
bb_keltner_width_ratio_96b,path_inside_70,VOLATILITY_EXPANSION,12H,324,0.6443485763589301
bb_keltner_width_ratio_96b,path_inside_70,VOLATILITY_EXPANSION,1H,324,0.855379188712522
bb_keltner_width_ratio_96b,path_inside_70,VOLATILITY_EXPANSION,24H,324,0.6373244147157191
bb_keltner_width_ratio_96b,path_inside_70,VOLATILITY_EXPANSION,2H,324,0.8679585398828301
bb_keltner_width_ratio_96b,path_inside_70,VOLATILITY_EXPANSION,4H,319,0.6784565916398714
bb_keltner_width_ratio_96b,path_inside_70,VOLATILITY_EXPANSION,8H,319,0.602125147579693
bb_keltner_width_ratio_96b,trend_efficiency_high,HIGH_VOL,12H,163,0.7940647482014389
bb_keltner_width_ratio_96b,trend_efficiency_high,HIGH_VOL,1H,163,0.6221445221445221
bb_keltner_width_ratio_96b,trend_efficiency_high,HIGH_VOL,24H,163,0.7130434782608696
bb_keltner_width_ratio_96b,trend_efficiency_high,HIGH_VOL,2H,163,0.54468764249886
bb_keltner_width_ratio_96b,trend_efficiency_high,HIGH_VOL,4H,163,0.5631850419084461
bb_keltner_width_ratio_96b,trend_efficiency_high,HIGH_VOL,8H,163,0.7171052631578947
bb_keltner_width_ratio_96b,trend_efficiency_high,LOW_VOL_RANGE,12H,1024,0.5100172203788483
bb_keltner_width_ratio_96b,trend_efficiency_high,LOW_VOL_RANGE,1H,1024,0.5043866909452077
bb_keltner_width_ratio_96b,trend_efficiency_high,LOW_VOL_RANGE,24H,1024,0.5021390997980592
bb_keltner_width_ratio_96b,trend_efficiency_high,LOW_VOL_RANGE,2H,1024,0.506169338713782
bb_keltner_width_ratio_96b,trend_efficiency_high,LOW_VOL_RANGE,4H,1016,0.5518072289156627
bb_keltner_width_ratio_96b,trend_efficiency_high,LOW_VOL_RANGE,8H,1016,0.5129728720756596
bb_keltner_width_ratio_96b,trend_efficiency_high,NORMAL_RANGE,12H,2314,0.5476919408679065
bb_keltner_width_ratio_96b,trend_efficiency_high,NORMAL_RANGE,1H,2314,0.5172367615549434
bb_keltner_width_ratio_96b,trend_efficiency_high,NORMAL_RANGE,24H,2314,0.568191443306731
bb_keltner_width_ratio_96b,trend_efficiency_high,NORMAL_RANGE,2H,2314,0.5138258352121337
bb_keltner_width_ratio_96b,trend_efficiency_high,NORMAL_RANGE,4H,2303,0.501200614267765
bb_keltner_width_ratio_96b,trend_efficiency_high,NORMAL_RANGE,8H,2303,0.5062670541799399
bb_keltner_width_ratio_96b,trend_efficiency_high,TREND_DOWN,12H,190,0.5275277008310248
bb_keltner_width_ratio_96b,trend_efficiency_high,TREND_DOWN,1H,190,0.5148809523809523
bb_keltner_width_ratio_96b,trend_efficiency_high,TREND_DOWN,24H,190,0.5963203463203464
bb_keltner_width_ratio_96b,trend_efficiency_high,TREND_DOWN,2H,190,0.5183232931726908
bb_keltner_width_ratio_96b,trend_efficiency_high,TREND_DOWN,4H,189,0.6235621521335807
bb_keltner_width_ratio_96b,trend_efficiency_high,TREND_DOWN,8H,189,0.532312925170068
bb_keltner_width_ratio_96b,trend_efficiency_high,TREND_UP,12H,179,0.591374269005848
bb_keltner_width_ratio_96b,trend_efficiency_high,TREND_UP,1H,179,0.6289592760180995
bb_keltner_width_ratio_96b,trend_efficiency_high,TREND_UP,24H,179,0.5680089485458613
bb_keltner_width_ratio_96b,trend_efficiency_high,TREND_UP,2H,179,0.554399243140965
bb_keltner_width_ratio_96b,trend_efficiency_high,TREND_UP,4H,179,0.5409395973154363
bb_keltner_width_ratio_96b,trend_efficiency_high,TREND_UP,8H,179,0.6360544217687075
bb_keltner_width_ratio_96b,trend_efficiency_high,VOLATILITY_EXPANSION,12H,324,0.5610859728506787
bb_keltner_width_ratio_96b,trend_efficiency_high,VOLATILITY_EXPANSION,1H,324,0.5236262077294686
bb_keltner_width_ratio_96b,trend_efficiency_high,VOLATILITY_EXPANSION,24H,324,0.5040014774686038
bb_keltner_width_ratio_96b,trend_efficiency_high,VOLATILITY_EXPANSION,2H,324,0.5517832647462277
bb_keltner_width_ratio_96b,trend_efficiency_high,VOLATILITY_EXPANSION,4H,319,0.578125
bb_keltner_width_ratio_96b,trend_efficiency_high,VOLATILITY_EXPANSION,8H,319,0.5111363313945241
rolling_low_dist_96b,upside_breakout_occurred,HIGH_VOL,12H,163,0.8059520194351655
rolling_low_dist_96b,upside_breakout_occurred,HIGH_VOL,1H,163,0.5775749674054759
rolling_low_dist_96b,upside_breakout_occurred,HIGH_VOL,24H,163,0.6388888888888888
rolling_low_dist_96b,upside_breakout_occurred,HIGH_VOL,2H,163,0.6726788432267885
rolling_low_dist_96b,upside_breakout_occurred,HIGH_VOL,4H,163,0.7269439421338155
rolling_low_dist_96b,upside_breakout_occurred,HIGH_VOL,8H,163,0.777182120205376
rolling_low_dist_96b,upside_breakout_occurred,LOW_VOL_RANGE,12H,1024,0.5794556536359815
rolling_low_dist_96b,upside_breakout_occurred,LOW_VOL_RANGE,1H,1024,0.5426553672316384
rolling_low_dist_96b,upside_breakout_occurred,LOW_VOL_RANGE,24H,1024,0.6224381366131446
rolling_low_dist_96b,upside_breakout_occurred,LOW_VOL_RANGE,2H,1024,0.5659203166756037
rolling_low_dist_96b,upside_breakout_occurred,LOW_VOL_RANGE,4H,1016,0.5337024205783122
rolling_low_dist_96b,upside_breakout_occurred,LOW_VOL_RANGE,8H,1016,0.5209569531578226
rolling_low_dist_96b,upside_breakout_occurred,NORMAL_RANGE,12H,2314,0.5699735388555252
rolling_low_dist_96b,upside_breakout_occurred,NORMAL_RANGE,1H,2314,0.5330082689016349
rolling_low_dist_96b,upside_breakout_occurred,NORMAL_RANGE,24H,2314,0.5790138517909732
rolling_low_dist_96b,upside_breakout_occurred,NORMAL_RANGE,2H,2314,0.5532163129761307
rolling_low_dist_96b,upside_breakout_occurred,NORMAL_RANGE,4H,2303,0.5836738985525647
rolling_low_dist_96b,upside_breakout_occurred,NORMAL_RANGE,8H,2303,0.5679508428669604
rolling_low_dist_96b,upside_breakout_occurred,TREND_DOWN,12H,190,0.5945855614973262
rolling_low_dist_96b,upside_breakout_occurred,TREND_DOWN,1H,190,0.5886932566774463
rolling_low_dist_96b,upside_breakout_occurred,TREND_DOWN,24H,190,0.5913547237076648
rolling_low_dist_96b,upside_breakout_occurred,TREND_DOWN,2H,190,0.543336439888164
rolling_low_dist_96b,upside_breakout_occurred,TREND_DOWN,4H,189,0.520253164556962
rolling_low_dist_96b,upside_breakout_occurred,TREND_DOWN,8H,189,0.5256525652565256
rolling_low_dist_96b,upside_breakout_occurred,TREND_UP,12H,179,0.567022086824067
rolling_low_dist_96b,upside_breakout_occurred,TREND_UP,1H,179,0.586038961038961
rolling_low_dist_96b,upside_breakout_occurred,TREND_UP,24H,179,0.528971028971029
rolling_low_dist_96b,upside_breakout_occurred,TREND_UP,2H,179,0.5674185463659147
rolling_low_dist_96b,upside_breakout_occurred,TREND_UP,4H,179,0.5606410256410257
rolling_low_dist_96b,upside_breakout_occurred,TREND_UP,8H,179,0.5928205128205128
rolling_low_dist_96b,upside_breakout_occurred,VOLATILITY_EXPANSION,12H,324,0.5466642445160997
rolling_low_dist_96b,upside_breakout_occurred,VOLATILITY_EXPANSION,1H,324,0.602390255113767
rolling_low_dist_96b,upside_breakout_occurred,VOLATILITY_EXPANSION,24H,324,0.5875589622641509
rolling_low_dist_96b,upside_breakout_occurred,VOLATILITY_EXPANSION,2H,324,0.5659653241827705
rolling_low_dist_96b,upside_breakout_occurred,VOLATILITY_EXPANSION,4H,319,0.58337899543379
rolling_low_dist_96b,upside_breakout_occurred,VOLATILITY_EXPANSION,8H,319,0.5030362481315396
rolling_low_dist_96b,downside_breakdown_occurred,HIGH_VOL,12H,163,0.6687054026503568
rolling_low_dist_96b,downside_breakdown_occurred,HIGH_VOL,1H,163,0.560942760942761
rolling_low_dist_96b,downside_breakdown_occurred,HIGH_VOL,24H,163,0.5981991165477404
rolling_low_dist_96b,downside_breakdown_occurred,HIGH_VOL,2H,163,0.5960548885077187
rolling_low_dist_96b,downside_breakdown_occurred,HIGH_VOL,4H,163,0.7049767275331185
rolling_low_dist_96b,downside_breakdown_occurred,HIGH_VOL,8H,163,0.6571197411003237
rolling_low_dist_96b,downside_breakdown_occurred,LOW_VOL_RANGE,12H,1024,0.5167194191025879
rolling_low_dist_96b,downside_breakdown_occurred,LOW_VOL_RANGE,1H,1024,0.506131900782823
rolling_low_dist_96b,downside_breakdown_occurred,LOW_VOL_RANGE,24H,1024,0.541898922333705
rolling_low_dist_96b,downside_breakdown_occurred,LOW_VOL_RANGE,2H,1024,0.5083726473045358
rolling_low_dist_96b,downside_breakdown_occurred,LOW_VOL_RANGE,4H,1016,0.525772010040136
rolling_low_dist_96b,downside_breakdown_occurred,LOW_VOL_RANGE,8H,1016,0.5181714794303798
rolling_low_dist_96b,downside_breakdown_occurred,NORMAL_RANGE,12H,2314,0.5201270247229326
rolling_low_dist_96b,downside_breakdown_occurred,NORMAL_RANGE,1H,2314,0.5061375473096626
rolling_low_dist_96b,downside_breakdown_occurred,NORMAL_RANGE,24H,2314,0.5023704490430811
rolling_low_dist_96b,downside_breakdown_occurred,NORMAL_RANGE,2H,2314,0.5012796266652897
rolling_low_dist_96b,downside_breakdown_occurred,NORMAL_RANGE,4H,2303,0.5124043497447939
rolling_low_dist_96b,downside_breakdown_occurred,NORMAL_RANGE,8H,2303,0.5282435472089674
rolling_low_dist_96b,downside_breakdown_occurred,TREND_DOWN,12H,190,0.5561835106382979
rolling_low_dist_96b,downside_breakdown_occurred,TREND_DOWN,1H,190,0.5495454545454546
rolling_low_dist_96b,downside_breakdown_occurred,TREND_DOWN,24H,190,0.5113031914893617
rolling_low_dist_96b,downside_breakdown_occurred,TREND_DOWN,2H,190,0.5343545343545344
rolling_low_dist_96b,downside_breakdown_occurred,TREND_DOWN,4H,189,0.5015688032272524
rolling_low_dist_96b,downside_breakdown_occurred,TREND_DOWN,8H,189,0.5558823529411765
rolling_low_dist_96b,downside_breakdown_occurred,TREND_UP,12H,179,0.5271642548870272
rolling_low_dist_96b,downside_breakdown_occurred,TREND_UP,1H,179,0.507862473347548
rolling_low_dist_96b,downside_breakdown_occurred,TREND_UP,24H,179,0.5313050037716872
rolling_low_dist_96b,downside_breakdown_occurred,TREND_UP,2H,179,0.5016501650165016
rolling_low_dist_96b,downside_breakdown_occurred,TREND_UP,4H,179,0.5085897435897435
rolling_low_dist_96b,downside_breakdown_occurred,TREND_UP,8H,179,0.5231660231660231
rolling_low_dist_96b,downside_breakdown_occurred,VOLATILITY_EXPANSION,12H,324,0.5025773195876289
rolling_low_dist_96b,downside_breakdown_occurred,VOLATILITY_EXPANSION,1H,324,0.537336943145459
rolling_low_dist_96b,downside_breakdown_occurred,VOLATILITY_EXPANSION,24H,324,0.5218308716117513
rolling_low_dist_96b,downside_breakdown_occurred,VOLATILITY_EXPANSION,2H,324,0.50057410351528
rolling_low_dist_96b,downside_breakdown_occurred,VOLATILITY_EXPANSION,4H,319,0.5123534868032718
rolling_low_dist_96b,downside_breakdown_occurred,VOLATILITY_EXPANSION,8H,319,0.5049929266871931
rolling_low_dist_96b,range_breached,HIGH_VOL,12H,163,0.6067567567567568
rolling_low_dist_96b,range_breached,HIGH_VOL,1H,163,0.8088607594936709
rolling_low_dist_96b,range_breached,HIGH_VOL,24H,163,0.6441025641025642
rolling_low_dist_96b,range_breached,HIGH_VOL,2H,163,0.6762208067940552
rolling_low_dist_96b,range_breached,HIGH_VOL,4H,163,0.5274725274725275
rolling_low_dist_96b,range_breached,HIGH_VOL,8H,163,0.5942307692307692
rolling_low_dist_96b,range_breached,LOW_VOL_RANGE,12H,1024,0.5742613310384395
rolling_low_dist_96b,range_breached,LOW_VOL_RANGE,1H,1024,0.5827788274596786
rolling_low_dist_96b,range_breached,LOW_VOL_RANGE,24H,1024,0.6045454545454545
rolling_low_dist_96b,range_breached,LOW_VOL_RANGE,2H,1024,0.5962522492127755
rolling_low_dist_96b,range_breached,LOW_VOL_RANGE,4H,1016,0.6924703585887797
rolling_low_dist_96b,range_breached,LOW_VOL_RANGE,8H,1016,0.6380313765182186
rolling_low_dist_96b,range_breached,NORMAL_RANGE,12H,2314,0.5955903702158809
rolling_low_dist_96b,range_breached,NORMAL_RANGE,1H,2314,0.5535071942446044
rolling_low_dist_96b,range_breached,NORMAL_RANGE,24H,2314,0.6184830646788065
rolling_low_dist_96b,range_breached,NORMAL_RANGE,2H,2314,0.6151644653649826
rolling_low_dist_96b,range_breached,NORMAL_RANGE,4H,2303,0.6242402040594812
rolling_low_dist_96b,range_breached,NORMAL_RANGE,8H,2303,0.5928857673162913
rolling_low_dist_96b,range_breached,TREND_DOWN,12H,190,0.5712945590994372
rolling_low_dist_96b,range_breached,TREND_DOWN,1H,190,0.6256375382522952
rolling_low_dist_96b,range_breached,TREND_DOWN,24H,190,0.6116967871485943
rolling_low_dist_96b,range_breached,TREND_DOWN,2H,190,0.5548034366050507
rolling_low_dist_96b,range_breached,TREND_DOWN,4H,189,0.5050297210791038
rolling_low_dist_96b,range_breached,TREND_DOWN,8H,189,0.5285353535353535
rolling_low_dist_96b,range_breached,TREND_UP,12H,179,0.5395402298850575
rolling_low_dist_96b,range_breached,TREND_UP,1H,179,0.6532887402452621
rolling_low_dist_96b,range_breached,TREND_UP,24H,179,0.511116367076632
rolling_low_dist_96b,range_breached,TREND_UP,2H,179,0.6212365591397849
rolling_low_dist_96b,range_breached,TREND_UP,4H,179,0.5485057471264367
rolling_low_dist_96b,range_breached,TREND_UP,8H,179,0.5791910331384016
rolling_low_dist_96b,range_breached,VOLATILITY_EXPANSION,12H,324,0.5806729939603106
rolling_low_dist_96b,range_breached,VOLATILITY_EXPANSION,1H,324,0.7686067019400353
rolling_low_dist_96b,range_breached,VOLATILITY_EXPANSION,24H,324,0.5876923076923077
rolling_low_dist_96b,range_breached,VOLATILITY_EXPANSION,2H,324,0.5853988283010365
rolling_low_dist_96b,range_breached,VOLATILITY_EXPANSION,4H,319,0.8283762057877814
rolling_low_dist_96b,range_breached,VOLATILITY_EXPANSION,8H,319,0.7296340023612751
rolling_low_dist_96b,path_inside_70,HIGH_VOL,12H,163,0.6067567567567568
rolling_low_dist_96b,path_inside_70,HIGH_VOL,1H,163,0.8088607594936709
rolling_low_dist_96b,path_inside_70,HIGH_VOL,24H,163,0.6441025641025641
rolling_low_dist_96b,path_inside_70,HIGH_VOL,2H,163,0.6762208067940552
rolling_low_dist_96b,path_inside_70,HIGH_VOL,4H,163,0.5274725274725275
rolling_low_dist_96b,path_inside_70,HIGH_VOL,8H,163,0.5942307692307692
rolling_low_dist_96b,path_inside_70,LOW_VOL_RANGE,12H,1024,0.5742613310384395
rolling_low_dist_96b,path_inside_70,LOW_VOL_RANGE,1H,1024,0.5827788274596786
rolling_low_dist_96b,path_inside_70,LOW_VOL_RANGE,24H,1024,0.6045454545454545
rolling_low_dist_96b,path_inside_70,LOW_VOL_RANGE,2H,1024,0.5962522492127755
rolling_low_dist_96b,path_inside_70,LOW_VOL_RANGE,4H,1016,0.6924703585887796
rolling_low_dist_96b,path_inside_70,LOW_VOL_RANGE,8H,1016,0.6380313765182186
rolling_low_dist_96b,path_inside_70,NORMAL_RANGE,12H,2314,0.5955903702158809
rolling_low_dist_96b,path_inside_70,NORMAL_RANGE,1H,2314,0.5535071942446043
rolling_low_dist_96b,path_inside_70,NORMAL_RANGE,24H,2314,0.6184830646788065
rolling_low_dist_96b,path_inside_70,NORMAL_RANGE,2H,2314,0.6151644653649825
rolling_low_dist_96b,path_inside_70,NORMAL_RANGE,4H,2303,0.6242402040594812
rolling_low_dist_96b,path_inside_70,NORMAL_RANGE,8H,2303,0.5928857673162913
rolling_low_dist_96b,path_inside_70,TREND_DOWN,12H,190,0.5712945590994372
rolling_low_dist_96b,path_inside_70,TREND_DOWN,1H,190,0.6256375382522952
rolling_low_dist_96b,path_inside_70,TREND_DOWN,24H,190,0.6116967871485943
rolling_low_dist_96b,path_inside_70,TREND_DOWN,2H,190,0.5548034366050507
rolling_low_dist_96b,path_inside_70,TREND_DOWN,4H,189,0.5050297210791038
rolling_low_dist_96b,path_inside_70,TREND_DOWN,8H,189,0.5285353535353535
rolling_low_dist_96b,path_inside_70,TREND_UP,12H,179,0.5395402298850575
rolling_low_dist_96b,path_inside_70,TREND_UP,1H,179,0.653288740245262
rolling_low_dist_96b,path_inside_70,TREND_UP,24H,179,0.511116367076632
rolling_low_dist_96b,path_inside_70,TREND_UP,2H,179,0.6212365591397849
rolling_low_dist_96b,path_inside_70,TREND_UP,4H,179,0.5485057471264367
rolling_low_dist_96b,path_inside_70,TREND_UP,8H,179,0.5791910331384016
rolling_low_dist_96b,path_inside_70,VOLATILITY_EXPANSION,12H,324,0.5806729939603106
rolling_low_dist_96b,path_inside_70,VOLATILITY_EXPANSION,1H,324,0.7686067019400352
rolling_low_dist_96b,path_inside_70,VOLATILITY_EXPANSION,24H,324,0.5876923076923077
rolling_low_dist_96b,path_inside_70,VOLATILITY_EXPANSION,2H,324,0.5853988283010365
rolling_low_dist_96b,path_inside_70,VOLATILITY_EXPANSION,4H,319,0.8283762057877814
rolling_low_dist_96b,path_inside_70,VOLATILITY_EXPANSION,8H,319,0.7296340023612751
rolling_low_dist_96b,trend_efficiency_high,HIGH_VOL,12H,163,0.6768585131894485
rolling_low_dist_96b,trend_efficiency_high,HIGH_VOL,1H,163,0.5762237762237762
rolling_low_dist_96b,trend_efficiency_high,HIGH_VOL,24H,163,0.5586050724637681
rolling_low_dist_96b,trend_efficiency_high,HIGH_VOL,2H,163,0.5378476972184223
rolling_low_dist_96b,trend_efficiency_high,HIGH_VOL,4H,163,0.5151515151515151
rolling_low_dist_96b,trend_efficiency_high,HIGH_VOL,8H,163,0.6209795321637427
rolling_low_dist_96b,trend_efficiency_high,LOW_VOL_RANGE,12H,1024,0.5610813437895634
rolling_low_dist_96b,trend_efficiency_high,LOW_VOL_RANGE,1H,1024,0.5107310191949217
rolling_low_dist_96b,trend_efficiency_high,LOW_VOL_RANGE,24H,1024,0.54125056009428
rolling_low_dist_96b,trend_efficiency_high,LOW_VOL_RANGE,2H,1024,0.5166721198240448
rolling_low_dist_96b,trend_efficiency_high,LOW_VOL_RANGE,4H,1016,0.5085187810063785
rolling_low_dist_96b,trend_efficiency_high,LOW_VOL_RANGE,8H,1016,0.523743155798905
rolling_low_dist_96b,trend_efficiency_high,NORMAL_RANGE,12H,2314,0.5239508822126848
rolling_low_dist_96b,trend_efficiency_high,NORMAL_RANGE,1H,2314,0.5112017086448905
rolling_low_dist_96b,trend_efficiency_high,NORMAL_RANGE,24H,2314,0.5407459343472368
rolling_low_dist_96b,trend_efficiency_high,NORMAL_RANGE,2H,2314,0.5158863240418119
rolling_low_dist_96b,trend_efficiency_high,NORMAL_RANGE,4H,2303,0.5209733098117854
rolling_low_dist_96b,trend_efficiency_high,NORMAL_RANGE,8H,2303,0.5219600725952813
rolling_low_dist_96b,trend_efficiency_high,TREND_DOWN,12H,190,0.5254501385041551
rolling_low_dist_96b,trend_efficiency_high,TREND_DOWN,1H,190,0.6098484848484849
rolling_low_dist_96b,trend_efficiency_high,TREND_DOWN,24H,190,0.5198412698412698
rolling_low_dist_96b,trend_efficiency_high,TREND_DOWN,2H,190,0.5848393574297188
rolling_low_dist_96b,trend_efficiency_high,TREND_DOWN,4H,189,0.6178107606679035
rolling_low_dist_96b,trend_efficiency_high,TREND_DOWN,8H,189,0.5510204081632653
rolling_low_dist_96b,trend_efficiency_high,TREND_UP,12H,179,0.5674951267056529
rolling_low_dist_96b,trend_efficiency_high,TREND_UP,1H,179,0.6073403720462545
rolling_low_dist_96b,trend_efficiency_high,TREND_UP,24H,179,0.5597315436241611
rolling_low_dist_96b,trend_efficiency_high,TREND_UP,2H,179,0.5844370860927153
rolling_low_dist_96b,trend_efficiency_high,TREND_UP,4H,179,0.5167785234899329
rolling_low_dist_96b,trend_efficiency_high,TREND_UP,8H,179,0.5089285714285714
rolling_low_dist_96b,trend_efficiency_high,VOLATILITY_EXPANSION,12H,324,0.5395927601809956
rolling_low_dist_96b,trend_efficiency_high,VOLATILITY_EXPANSION,1H,324,0.5178140096618358
rolling_low_dist_96b,trend_efficiency_high,VOLATILITY_EXPANSION,24H,324,0.5698719527210047
rolling_low_dist_96b,trend_efficiency_high,VOLATILITY_EXPANSION,2H,324,0.5206447187928669
rolling_low_dist_96b,trend_efficiency_high,VOLATILITY_EXPANSION,4H,319,0.5736607142857143
rolling_low_dist_96b,trend_efficiency_high,VOLATILITY_EXPANSION,8H,319,0.5539792878422471
keltner_width_96b,upside_breakout_occurred,HIGH_VOL,12H,163,0.7587306407531127
keltner_width_96b,upside_breakout_occurred,HIGH_VOL,1H,163,0.5177640156453716
keltner_width_96b,upside_breakout_occurred,HIGH_VOL,24H,163,0.6735347985347986
keltner_width_96b,upside_breakout_occurred,HIGH_VOL,2H,163,0.6112633181126332
keltner_width_96b,upside_breakout_occurred,HIGH_VOL,4H,163,0.6952983725135624
keltner_width_96b,upside_breakout_occurred,HIGH_VOL,8H,163,0.7322561159770462
keltner_width_96b,upside_breakout_occurred,LOW_VOL_RANGE,12H,1024,0.582256200084069
keltner_width_96b,upside_breakout_occurred,LOW_VOL_RANGE,1H,1024,0.563137701323889
keltner_width_96b,upside_breakout_occurred,LOW_VOL_RANGE,24H,1024,0.6268470954295946
keltner_width_96b,upside_breakout_occurred,LOW_VOL_RANGE,2H,1024,0.57601478749515
keltner_width_96b,upside_breakout_occurred,LOW_VOL_RANGE,4H,1016,0.5350451735615787
keltner_width_96b,upside_breakout_occurred,LOW_VOL_RANGE,8H,1016,0.57183049391283
keltner_width_96b,upside_breakout_occurred,NORMAL_RANGE,12H,2314,0.606979380431087
keltner_width_96b,upside_breakout_occurred,NORMAL_RANGE,1H,2314,0.523937327898224
keltner_width_96b,upside_breakout_occurred,NORMAL_RANGE,24H,2314,0.6185792069036367
keltner_width_96b,upside_breakout_occurred,NORMAL_RANGE,2H,2314,0.5552869176399756
keltner_width_96b,upside_breakout_occurred,NORMAL_RANGE,4H,2303,0.5813856970543423
keltner_width_96b,upside_breakout_occurred,NORMAL_RANGE,8H,2303,0.5894352589238792
keltner_width_96b,upside_breakout_occurred,TREND_DOWN,12H,190,0.5315285204991087
keltner_width_96b,upside_breakout_occurred,TREND_DOWN,1H,190,0.5145526410348544
keltner_width_96b,upside_breakout_occurred,TREND_DOWN,24H,190,0.526849376114082
keltner_width_96b,upside_breakout_occurred,TREND_DOWN,2H,190,0.5408900279589934
keltner_width_96b,upside_breakout_occurred,TREND_DOWN,4H,189,0.5158803222094361
keltner_width_96b,upside_breakout_occurred,TREND_DOWN,8H,189,0.507988298829883
keltner_width_96b,upside_breakout_occurred,TREND_UP,12H,179,0.5747651688245747
keltner_width_96b,upside_breakout_occurred,TREND_UP,1H,179,0.564060939060939
keltner_width_96b,upside_breakout_occurred,TREND_UP,24H,179,0.5698051948051948
keltner_width_96b,upside_breakout_occurred,TREND_UP,2H,179,0.5512531328320802
keltner_width_96b,upside_breakout_occurred,TREND_UP,4H,179,0.552948717948718
keltner_width_96b,upside_breakout_occurred,TREND_UP,8H,179,0.5791025641025641
keltner_width_96b,upside_breakout_occurred,VOLATILITY_EXPANSION,12H,324,0.6380852899768381
keltner_width_96b,upside_breakout_occurred,VOLATILITY_EXPANSION,1H,324,0.5573891059526546
keltner_width_96b,upside_breakout_occurred,VOLATILITY_EXPANSION,24H,324,0.6698534366576819
keltner_width_96b,upside_breakout_occurred,VOLATILITY_EXPANSION,2H,324,0.5319667690084884
keltner_width_96b,upside_breakout_occurred,VOLATILITY_EXPANSION,4H,319,0.5191780821917809
keltner_width_96b,upside_breakout_occurred,VOLATILITY_EXPANSION,8H,319,0.5351737668161435
keltner_width_96b,downside_breakdown_occurred,HIGH_VOL,12H,163,0.6063540604825008
keltner_width_96b,downside_breakdown_occurred,HIGH_VOL,1H,163,0.5368686868686868
keltner_width_96b,downside_breakdown_occurred,HIGH_VOL,24H,163,0.5788311247026844
keltner_width_96b,downside_breakdown_occurred,HIGH_VOL,2H,163,0.5421955403087478
keltner_width_96b,downside_breakdown_occurred,HIGH_VOL,4H,163,0.6638023630504833
keltner_width_96b,downside_breakdown_occurred,HIGH_VOL,8H,163,0.6127831715210356
keltner_width_96b,downside_breakdown_occurred,LOW_VOL_RANGE,12H,1024,0.5140611100767496
keltner_width_96b,downside_breakdown_occurred,LOW_VOL_RANGE,1H,1024,0.5122191053086382
keltner_width_96b,downside_breakdown_occurred,LOW_VOL_RANGE,24H,1024,0.5461768505246767
keltner_width_96b,downside_breakdown_occurred,LOW_VOL_RANGE,2H,1024,0.5134609399315282
keltner_width_96b,downside_breakdown_occurred,LOW_VOL_RANGE,4H,1016,0.5262197902416781
keltner_width_96b,downside_breakdown_occurred,LOW_VOL_RANGE,8H,1016,0.5354323246308017
keltner_width_96b,downside_breakdown_occurred,NORMAL_RANGE,12H,2314,0.5098294970161978
keltner_width_96b,downside_breakdown_occurred,NORMAL_RANGE,1H,2314,0.5240459354686362
keltner_width_96b,downside_breakdown_occurred,NORMAL_RANGE,24H,2314,0.5422202523071005
keltner_width_96b,downside_breakdown_occurred,NORMAL_RANGE,2H,2314,0.5191492177011257
keltner_width_96b,downside_breakdown_occurred,NORMAL_RANGE,4H,2303,0.5208411393933339
keltner_width_96b,downside_breakdown_occurred,NORMAL_RANGE,8H,2303,0.5039952350720541
keltner_width_96b,downside_breakdown_occurred,TREND_DOWN,12H,190,0.5255984042553191
keltner_width_96b,downside_breakdown_occurred,TREND_DOWN,1H,190,0.5343181818181818
keltner_width_96b,downside_breakdown_occurred,TREND_DOWN,24H,190,0.5352393617021277
keltner_width_96b,downside_breakdown_occurred,TREND_DOWN,2H,190,0.5143745143745144
keltner_width_96b,downside_breakdown_occurred,TREND_DOWN,4H,189,0.5030255490811295
keltner_width_96b,downside_breakdown_occurred,TREND_DOWN,8H,189,0.5012443438914027
keltner_width_96b,downside_breakdown_occurred,TREND_UP,12H,179,0.5417618684945418
keltner_width_96b,downside_breakdown_occurred,TREND_UP,1H,179,0.5465085287846482
keltner_width_96b,downside_breakdown_occurred,TREND_UP,24H,179,0.5556952476741263
keltner_width_96b,downside_breakdown_occurred,TREND_UP,2H,179,0.555978674790556
keltner_width_96b,downside_breakdown_occurred,TREND_UP,4H,179,0.5892307692307692
keltner_width_96b,downside_breakdown_occurred,TREND_UP,8H,179,0.5386100386100386
keltner_width_96b,downside_breakdown_occurred,VOLATILITY_EXPANSION,12H,324,0.5220856463124504
keltner_width_96b,downside_breakdown_occurred,VOLATILITY_EXPANSION,1H,324,0.5196160472557223
keltner_width_96b,downside_breakdown_occurred,VOLATILITY_EXPANSION,24H,324,0.5731212465508846
keltner_width_96b,downside_breakdown_occurred,VOLATILITY_EXPANSION,2H,324,0.5133368662780428
keltner_width_96b,downside_breakdown_occurred,VOLATILITY_EXPANSION,4H,319,0.5155156421283413
keltner_width_96b,downside_breakdown_occurred,VOLATILITY_EXPANSION,8H,319,0.5145627028376467
keltner_width_96b,range_breached,HIGH_VOL,12H,163,0.7189189189189189
keltner_width_96b,range_breached,HIGH_VOL,1H,163,0.5253164556962026
keltner_width_96b,range_breached,HIGH_VOL,24H,163,0.602051282051282
keltner_width_96b,range_breached,HIGH_VOL,2H,163,0.5403397027600849
keltner_width_96b,range_breached,HIGH_VOL,4H,163,0.5228937728937729
keltner_width_96b,range_breached,HIGH_VOL,8H,163,0.5416083916083916
keltner_width_96b,range_breached,LOW_VOL_RANGE,12H,1024,0.6997274813539873
keltner_width_96b,range_breached,LOW_VOL_RANGE,1H,1024,0.6043429447684767
keltner_width_96b,range_breached,LOW_VOL_RANGE,24H,1024,0.762448009506833
keltner_width_96b,range_breached,LOW_VOL_RANGE,2H,1024,0.638635852451642
keltner_width_96b,range_breached,LOW_VOL_RANGE,4H,1016,0.658473105841527
keltner_width_96b,range_breached,LOW_VOL_RANGE,8H,1016,0.7501445922498554
keltner_width_96b,range_breached,NORMAL_RANGE,12H,2314,0.6500799483096351
keltner_width_96b,range_breached,NORMAL_RANGE,1H,2314,0.5086031175059952
keltner_width_96b,range_breached,NORMAL_RANGE,24H,2314,0.627863050375016
keltner_width_96b,range_breached,NORMAL_RANGE,2H,2314,0.5914559559017079
keltner_width_96b,range_breached,NORMAL_RANGE,4H,2303,0.6628405513947683
keltner_width_96b,range_breached,NORMAL_RANGE,8H,2303,0.6349911414831688
keltner_width_96b,range_breached,TREND_DOWN,12H,190,0.5180581613508443
keltner_width_96b,range_breached,TREND_DOWN,1H,190,0.523291397483849
keltner_width_96b,range_breached,TREND_DOWN,24H,190,0.5389056224899599
keltner_width_96b,range_breached,TREND_DOWN,2H,190,0.5084613381931788
keltner_width_96b,range_breached,TREND_DOWN,4H,189,0.5585276634659351
keltner_width_96b,range_breached,TREND_DOWN,8H,189,0.5522727272727272
keltner_width_96b,range_breached,TREND_UP,12H,179,0.5059770114942529
keltner_width_96b,range_breached,TREND_UP,1H,179,0.5209030100334449
keltner_width_96b,range_breached,TREND_UP,24H,179,0.5101702932828761
keltner_width_96b,range_breached,TREND_UP,2H,179,0.5368279569892473
keltner_width_96b,range_breached,TREND_UP,4H,179,0.5664367816091954
keltner_width_96b,range_breached,TREND_UP,8H,179,0.5155945419103314
keltner_width_96b,range_breached,VOLATILITY_EXPANSION,12H,324,0.6669542709232097
keltner_width_96b,range_breached,VOLATILITY_EXPANSION,1H,324,0.7118165784832451
keltner_width_96b,range_breached,VOLATILITY_EXPANSION,24H,324,0.7282943143812709
keltner_width_96b,range_breached,VOLATILITY_EXPANSION,2H,324,0.6029743127534926
keltner_width_96b,range_breached,VOLATILITY_EXPANSION,4H,319,0.7387459807073955
keltner_width_96b,range_breached,VOLATILITY_EXPANSION,8H,319,0.6266233766233766
keltner_width_96b,path_inside_70,HIGH_VOL,12H,163,0.7189189189189189
keltner_width_96b,path_inside_70,HIGH_VOL,1H,163,0.5253164556962026
keltner_width_96b,path_inside_70,HIGH_VOL,24H,163,0.602051282051282
keltner_width_96b,path_inside_70,HIGH_VOL,2H,163,0.5403397027600849
keltner_width_96b,path_inside_70,HIGH_VOL,4H,163,0.5228937728937728
keltner_width_96b,path_inside_70,HIGH_VOL,8H,163,0.5416083916083916
keltner_width_96b,path_inside_70,LOW_VOL_RANGE,12H,1024,0.6997274813539873
keltner_width_96b,path_inside_70,LOW_VOL_RANGE,1H,1024,0.6043429447684767
keltner_width_96b,path_inside_70,LOW_VOL_RANGE,24H,1024,0.762448009506833
keltner_width_96b,path_inside_70,LOW_VOL_RANGE,2H,1024,0.6386358524516419
keltner_width_96b,path_inside_70,LOW_VOL_RANGE,4H,1016,0.6584731058415269
keltner_width_96b,path_inside_70,LOW_VOL_RANGE,8H,1016,0.7501445922498554
keltner_width_96b,path_inside_70,NORMAL_RANGE,12H,2314,0.6500799483096351
keltner_width_96b,path_inside_70,NORMAL_RANGE,1H,2314,0.5086031175059952
keltner_width_96b,path_inside_70,NORMAL_RANGE,24H,2314,0.627863050375016
keltner_width_96b,path_inside_70,NORMAL_RANGE,2H,2314,0.5914559559017079
keltner_width_96b,path_inside_70,NORMAL_RANGE,4H,2303,0.6628405513947683
keltner_width_96b,path_inside_70,NORMAL_RANGE,8H,2303,0.6349911414831688
keltner_width_96b,path_inside_70,TREND_DOWN,12H,190,0.5180581613508443
keltner_width_96b,path_inside_70,TREND_DOWN,1H,190,0.523291397483849
keltner_width_96b,path_inside_70,TREND_DOWN,24H,190,0.5389056224899598
keltner_width_96b,path_inside_70,TREND_DOWN,2H,190,0.5084613381931788
keltner_width_96b,path_inside_70,TREND_DOWN,4H,189,0.5585276634659351
keltner_width_96b,path_inside_70,TREND_DOWN,8H,189,0.5522727272727272
keltner_width_96b,path_inside_70,TREND_UP,12H,179,0.5059770114942529
keltner_width_96b,path_inside_70,TREND_UP,1H,179,0.5209030100334449
keltner_width_96b,path_inside_70,TREND_UP,24H,179,0.510170293282876
keltner_width_96b,path_inside_70,TREND_UP,2H,179,0.5368279569892473
keltner_width_96b,path_inside_70,TREND_UP,4H,179,0.5664367816091954
keltner_width_96b,path_inside_70,TREND_UP,8H,179,0.5155945419103314
keltner_width_96b,path_inside_70,VOLATILITY_EXPANSION,12H,324,0.6669542709232097
keltner_width_96b,path_inside_70,VOLATILITY_EXPANSION,1H,324,0.7118165784832452
keltner_width_96b,path_inside_70,VOLATILITY_EXPANSION,24H,324,0.7282943143812709
keltner_width_96b,path_inside_70,VOLATILITY_EXPANSION,2H,324,0.6029743127534926
keltner_width_96b,path_inside_70,VOLATILITY_EXPANSION,4H,319,0.7387459807073955
keltner_width_96b,path_inside_70,VOLATILITY_EXPANSION,8H,319,0.6266233766233766
keltner_width_96b,trend_efficiency_high,HIGH_VOL,12H,163,0.64568345323741
keltner_width_96b,trend_efficiency_high,HIGH_VOL,1H,163,0.6160839160839161
keltner_width_96b,trend_efficiency_high,HIGH_VOL,24H,163,0.5201086956521739
keltner_width_96b,trend_efficiency_high,HIGH_VOL,2H,163,0.6313269493844049
keltner_width_96b,trend_efficiency_high,HIGH_VOL,4H,163,0.5180528691166989
keltner_width_96b,trend_efficiency_high,HIGH_VOL,8H,163,0.5453216374269005
keltner_width_96b,trend_efficiency_high,LOW_VOL_RANGE,12H,1024,0.5254555600223205
keltner_width_96b,trend_efficiency_high,LOW_VOL_RANGE,1H,1024,0.5120876906357283
keltner_width_96b,trend_efficiency_high,LOW_VOL_RANGE,24H,1024,0.5816264524088657
keltner_width_96b,trend_efficiency_high,LOW_VOL_RANGE,2H,1024,0.536270767441015
keltner_width_96b,trend_efficiency_high,LOW_VOL_RANGE,4H,1016,0.5027569099929128
keltner_width_96b,trend_efficiency_high,LOW_VOL_RANGE,8H,1016,0.5311535589845694
keltner_width_96b,trend_efficiency_high,NORMAL_RANGE,12H,2314,0.5256032427277062
keltner_width_96b,trend_efficiency_high,NORMAL_RANGE,1H,2314,0.540434102934103
keltner_width_96b,trend_efficiency_high,NORMAL_RANGE,24H,2314,0.5461126901069117
keltner_width_96b,trend_efficiency_high,NORMAL_RANGE,2H,2314,0.5326706292273007
keltner_width_96b,trend_efficiency_high,NORMAL_RANGE,4H,2303,0.5086467071948015
keltner_width_96b,trend_efficiency_high,NORMAL_RANGE,8H,2303,0.5039775106925742
keltner_width_96b,trend_efficiency_high,TREND_DOWN,12H,190,0.5268351800554016
keltner_width_96b,trend_efficiency_high,TREND_DOWN,1H,190,0.5086580086580087
keltner_width_96b,trend_efficiency_high,TREND_DOWN,24H,190,0.525974025974026
keltner_width_96b,trend_efficiency_high,TREND_DOWN,2H,190,0.5102911646586346
keltner_width_96b,trend_efficiency_high,TREND_DOWN,4H,189,0.5105751391465677
keltner_width_96b,trend_efficiency_high,TREND_DOWN,8H,189,0.5410997732426304
keltner_width_96b,trend_efficiency_high,TREND_UP,12H,179,0.5209551656920077
keltner_width_96b,trend_efficiency_high,TREND_UP,1H,179,0.5500251382604324
keltner_width_96b,trend_efficiency_high,TREND_UP,24H,179,0.5483221476510067
keltner_width_96b,trend_efficiency_high,TREND_UP,2H,179,0.5510879848628193
keltner_width_96b,trend_efficiency_high,TREND_UP,4H,179,0.5187919463087248
keltner_width_96b,trend_efficiency_high,TREND_UP,8H,179,0.5267857142857143
keltner_width_96b,trend_efficiency_high,VOLATILITY_EXPANSION,12H,324,0.5031108597285068
keltner_width_96b,trend_efficiency_high,VOLATILITY_EXPANSION,1H,324,0.5160024154589372
keltner_width_96b,trend_efficiency_high,VOLATILITY_EXPANSION,24H,324,0.5523270130509726
keltner_width_96b,trend_efficiency_high,VOLATILITY_EXPANSION,2H,324,0.5320301783264746
keltner_width_96b,trend_efficiency_high,VOLATILITY_EXPANSION,4H,319,0.5518973214285714
keltner_width_96b,trend_efficiency_high,VOLATILITY_EXPANSION,8H,319,0.5110653993474252
bb_keltner_width_ratio_48b,upside_breakout_occurred,HIGH_VOL,12H,163,0.635286972365624
bb_keltner_width_ratio_48b,upside_breakout_occurred,HIGH_VOL,1H,163,0.5110821382007823
bb_keltner_width_ratio_48b,upside_breakout_occurred,HIGH_VOL,24H,163,0.5482295482295483
bb_keltner_width_ratio_48b,upside_breakout_occurred,HIGH_VOL,2H,163,0.5228310502283104
bb_keltner_width_ratio_48b,upside_breakout_occurred,HIGH_VOL,4H,163,0.5210970464135021
bb_keltner_width_ratio_48b,upside_breakout_occurred,HIGH_VOL,8H,163,0.5726366656599216
bb_keltner_width_ratio_48b,upside_breakout_occurred,LOW_VOL_RANGE,12H,1024,0.5616277847835225
bb_keltner_width_ratio_48b,upside_breakout_occurred,LOW_VOL_RANGE,1H,1024,0.5252845939792563
bb_keltner_width_ratio_48b,upside_breakout_occurred,LOW_VOL_RANGE,24H,1024,0.5728652361522881
bb_keltner_width_ratio_48b,upside_breakout_occurred,LOW_VOL_RANGE,2H,1024,0.5131679331075101
bb_keltner_width_ratio_48b,upside_breakout_occurred,LOW_VOL_RANGE,4H,1016,0.5187011751919027
bb_keltner_width_ratio_48b,upside_breakout_occurred,LOW_VOL_RANGE,8H,1016,0.5185211410552353
bb_keltner_width_ratio_48b,upside_breakout_occurred,NORMAL_RANGE,12H,2314,0.5514612864773896
bb_keltner_width_ratio_48b,upside_breakout_occurred,NORMAL_RANGE,1H,2314,0.5142375014529699
bb_keltner_width_ratio_48b,upside_breakout_occurred,NORMAL_RANGE,24H,2314,0.5868039860283543
bb_keltner_width_ratio_48b,upside_breakout_occurred,NORMAL_RANGE,2H,2314,0.5231470353905936
bb_keltner_width_ratio_48b,upside_breakout_occurred,NORMAL_RANGE,4H,2303,0.5332410170137125
bb_keltner_width_ratio_48b,upside_breakout_occurred,NORMAL_RANGE,8H,2303,0.5600582123943889
bb_keltner_width_ratio_48b,upside_breakout_occurred,TREND_DOWN,12H,190,0.6264483065953654
bb_keltner_width_ratio_48b,upside_breakout_occurred,TREND_DOWN,1H,190,0.5970774943106959
bb_keltner_width_ratio_48b,upside_breakout_occurred,TREND_DOWN,24H,190,0.6332442067736186
bb_keltner_width_ratio_48b,upside_breakout_occurred,TREND_DOWN,2H,190,0.609273066169618
bb_keltner_width_ratio_48b,upside_breakout_occurred,TREND_DOWN,4H,189,0.5710011507479862
bb_keltner_width_ratio_48b,upside_breakout_occurred,TREND_DOWN,8H,189,0.6081233123312331
bb_keltner_width_ratio_48b,upside_breakout_occurred,TREND_UP,12H,179,0.5272911906575273
bb_keltner_width_ratio_48b,upside_breakout_occurred,TREND_UP,1H,179,0.6297452547452547
bb_keltner_width_ratio_48b,upside_breakout_occurred,TREND_UP,24H,179,0.5147352647352648
bb_keltner_width_ratio_48b,upside_breakout_occurred,TREND_UP,2H,179,0.5963659147869674
bb_keltner_width_ratio_48b,upside_breakout_occurred,TREND_UP,4H,179,0.6160256410256411
bb_keltner_width_ratio_48b,upside_breakout_occurred,TREND_UP,8H,179,0.5737179487179487
bb_keltner_width_ratio_48b,upside_breakout_occurred,VOLATILITY_EXPANSION,12H,324,0.5524774058767428
bb_keltner_width_ratio_48b,upside_breakout_occurred,VOLATILITY_EXPANSION,1H,324,0.564789703516433
bb_keltner_width_ratio_48b,upside_breakout_occurred,VOLATILITY_EXPANSION,24H,324,0.5640582884097035
bb_keltner_width_ratio_48b,upside_breakout_occurred,VOLATILITY_EXPANSION,2H,324,0.5208596713021492
bb_keltner_width_ratio_48b,upside_breakout_occurred,VOLATILITY_EXPANSION,4H,319,0.520958904109589
bb_keltner_width_ratio_48b,upside_breakout_occurred,VOLATILITY_EXPANSION,8H,319,0.5099028400597907
bb_keltner_width_ratio_48b,downside_breakdown_occurred,HIGH_VOL,12H,163,0.5256540944614339
bb_keltner_width_ratio_48b,downside_breakdown_occurred,HIGH_VOL,1H,163,0.5707070707070707
bb_keltner_width_ratio_48b,downside_breakdown_occurred,HIGH_VOL,24H,163,0.5018688413183826
bb_keltner_width_ratio_48b,downside_breakdown_occurred,HIGH_VOL,2H,163,0.5142367066895369
bb_keltner_width_ratio_48b,downside_breakdown_occurred,HIGH_VOL,4H,163,0.579484425349087
bb_keltner_width_ratio_48b,downside_breakdown_occurred,HIGH_VOL,8H,163,0.5783171521035598
bb_keltner_width_ratio_48b,downside_breakdown_occurred,LOW_VOL_RANGE,12H,1024,0.5176937876248991
bb_keltner_width_ratio_48b,downside_breakdown_occurred,LOW_VOL_RANGE,1H,1024,0.5148753400108123
bb_keltner_width_ratio_48b,downside_breakdown_occurred,LOW_VOL_RANGE,24H,1024,0.5447435012652404
bb_keltner_width_ratio_48b,downside_breakdown_occurred,LOW_VOL_RANGE,2H,1024,0.5029321670188543
bb_keltner_width_ratio_48b,downside_breakdown_occurred,LOW_VOL_RANGE,4H,1016,0.5071583211118095
bb_keltner_width_ratio_48b,downside_breakdown_occurred,LOW_VOL_RANGE,8H,1016,0.5077918974156118
bb_keltner_width_ratio_48b,downside_breakdown_occurred,NORMAL_RANGE,12H,2314,0.5160392156862745
bb_keltner_width_ratio_48b,downside_breakdown_occurred,NORMAL_RANGE,1H,2314,0.5367350921267537
bb_keltner_width_ratio_48b,downside_breakdown_occurred,NORMAL_RANGE,24H,2314,0.5082670926143515
bb_keltner_width_ratio_48b,downside_breakdown_occurred,NORMAL_RANGE,2H,2314,0.5228824034390168
bb_keltner_width_ratio_48b,downside_breakdown_occurred,NORMAL_RANGE,4H,2303,0.531077694235589
bb_keltner_width_ratio_48b,downside_breakdown_occurred,NORMAL_RANGE,8H,2303,0.5099693146832143
bb_keltner_width_ratio_48b,downside_breakdown_occurred,TREND_DOWN,12H,190,0.5306959219858156
bb_keltner_width_ratio_48b,downside_breakdown_occurred,TREND_DOWN,1H,190,0.5536363636363637
bb_keltner_width_ratio_48b,downside_breakdown_occurred,TREND_DOWN,24H,190,0.5319148936170213
bb_keltner_width_ratio_48b,downside_breakdown_occurred,TREND_DOWN,2H,190,0.5201465201465202
bb_keltner_width_ratio_48b,downside_breakdown_occurred,TREND_DOWN,4H,189,0.514679515912147
bb_keltner_width_ratio_48b,downside_breakdown_occurred,TREND_DOWN,8H,189,0.5173076923076922
bb_keltner_width_ratio_48b,downside_breakdown_occurred,TREND_UP,12H,179,0.5756537192180757
bb_keltner_width_ratio_48b,downside_breakdown_occurred,TREND_UP,1H,179,0.5824893390191898
bb_keltner_width_ratio_48b,downside_breakdown_occurred,TREND_UP,24H,179,0.6054815187327132
bb_keltner_width_ratio_48b,downside_breakdown_occurred,TREND_UP,2H,179,0.5360497588220361
bb_keltner_width_ratio_48b,downside_breakdown_occurred,TREND_UP,4H,179,0.5941025641025641
bb_keltner_width_ratio_48b,downside_breakdown_occurred,TREND_UP,8H,179,0.5492921492921493
bb_keltner_width_ratio_48b,downside_breakdown_occurred,VOLATILITY_EXPANSION,12H,324,0.5417129262490088
bb_keltner_width_ratio_48b,downside_breakdown_occurred,VOLATILITY_EXPANSION,1H,324,0.5508737386167857
bb_keltner_width_ratio_48b,downside_breakdown_occurred,VOLATILITY_EXPANSION,24H,324,0.5819266352864795
bb_keltner_width_ratio_48b,downside_breakdown_occurred,VOLATILITY_EXPANSION,2H,324,0.6164105281752341
bb_keltner_width_ratio_48b,downside_breakdown_occurred,VOLATILITY_EXPANSION,4H,319,0.5944430390420777
bb_keltner_width_ratio_48b,downside_breakdown_occurred,VOLATILITY_EXPANSION,8H,319,0.5490971124240659
bb_keltner_width_ratio_48b,range_breached,HIGH_VOL,12H,163,0.8472972972972973
bb_keltner_width_ratio_48b,range_breached,HIGH_VOL,1H,163,0.6430379746835443
bb_keltner_width_ratio_48b,range_breached,HIGH_VOL,24H,163,0.8005128205128205
bb_keltner_width_ratio_48b,range_breached,HIGH_VOL,2H,163,0.524416135881104
bb_keltner_width_ratio_48b,range_breached,HIGH_VOL,4H,163,0.6007326007326007
bb_keltner_width_ratio_48b,range_breached,HIGH_VOL,8H,163,0.5171328671328672
bb_keltner_width_ratio_48b,range_breached,LOW_VOL_RANGE,12H,1024,0.6557659208261618
bb_keltner_width_ratio_48b,range_breached,LOW_VOL_RANGE,1H,1024,0.6254552424765191
bb_keltner_width_ratio_48b,range_breached,LOW_VOL_RANGE,24H,1024,0.5339572192513369
bb_keltner_width_ratio_48b,range_breached,LOW_VOL_RANGE,2H,1024,0.5202429149797572
bb_keltner_width_ratio_48b,range_breached,LOW_VOL_RANGE,4H,1016,0.5627168883747831
bb_keltner_width_ratio_48b,range_breached,LOW_VOL_RANGE,8H,1016,0.5606564488143435
bb_keltner_width_ratio_48b,range_breached,NORMAL_RANGE,12H,2314,0.5461880400600327
bb_keltner_width_ratio_48b,range_breached,NORMAL_RANGE,1H,2314,0.6270733413269385
bb_keltner_width_ratio_48b,range_breached,NORMAL_RANGE,24H,2314,0.6414638768162452
bb_keltner_width_ratio_48b,range_breached,NORMAL_RANGE,2H,2314,0.6247361276703364
bb_keltner_width_ratio_48b,range_breached,NORMAL_RANGE,4H,2303,0.5848149354173451
bb_keltner_width_ratio_48b,range_breached,NORMAL_RANGE,8H,2303,0.5494347422593436
bb_keltner_width_ratio_48b,range_breached,TREND_DOWN,12H,190,0.6716697936210132
bb_keltner_width_ratio_48b,range_breached,TREND_DOWN,1H,190,0.6504590275416525
bb_keltner_width_ratio_48b,range_breached,TREND_DOWN,24H,190,0.7103413654618473
bb_keltner_width_ratio_48b,range_breached,TREND_DOWN,2H,190,0.5766727414735746
bb_keltner_width_ratio_48b,range_breached,TREND_DOWN,4H,189,0.5914494741655236
bb_keltner_width_ratio_48b,range_breached,TREND_DOWN,8H,189,0.6123737373737373
bb_keltner_width_ratio_48b,range_breached,TREND_UP,12H,179,0.5091954022988506
bb_keltner_width_ratio_48b,range_breached,TREND_UP,1H,179,0.7940356744704571
bb_keltner_width_ratio_48b,range_breached,TREND_UP,24H,179,0.5201040681173131
bb_keltner_width_ratio_48b,range_breached,TREND_UP,2H,179,0.7174731182795699
bb_keltner_width_ratio_48b,range_breached,TREND_UP,4H,179,0.7
bb_keltner_width_ratio_48b,range_breached,TREND_UP,8H,179,0.5699317738791423
bb_keltner_width_ratio_48b,range_breached,VOLATILITY_EXPANSION,12H,324,0.5910267471958586
bb_keltner_width_ratio_48b,range_breached,VOLATILITY_EXPANSION,1H,324,0.818694885361552
bb_keltner_width_ratio_48b,range_breached,VOLATILITY_EXPANSION,24H,324,0.6208695652173912
bb_keltner_width_ratio_48b,range_breached,VOLATILITY_EXPANSION,2H,324,0.7809824245155476
bb_keltner_width_ratio_48b,range_breached,VOLATILITY_EXPANSION,4H,319,0.7966237942122186
bb_keltner_width_ratio_48b,range_breached,VOLATILITY_EXPANSION,8H,319,0.5357142857142857
bb_keltner_width_ratio_48b,path_inside_70,HIGH_VOL,12H,163,0.8472972972972973
bb_keltner_width_ratio_48b,path_inside_70,HIGH_VOL,1H,163,0.6430379746835443
bb_keltner_width_ratio_48b,path_inside_70,HIGH_VOL,24H,163,0.8005128205128205
bb_keltner_width_ratio_48b,path_inside_70,HIGH_VOL,2H,163,0.524416135881104
bb_keltner_width_ratio_48b,path_inside_70,HIGH_VOL,4H,163,0.6007326007326007
bb_keltner_width_ratio_48b,path_inside_70,HIGH_VOL,8H,163,0.5171328671328671
bb_keltner_width_ratio_48b,path_inside_70,LOW_VOL_RANGE,12H,1024,0.6557659208261618
bb_keltner_width_ratio_48b,path_inside_70,LOW_VOL_RANGE,1H,1024,0.6254552424765191
bb_keltner_width_ratio_48b,path_inside_70,LOW_VOL_RANGE,24H,1024,0.5339572192513369
bb_keltner_width_ratio_48b,path_inside_70,LOW_VOL_RANGE,2H,1024,0.520242914979757
bb_keltner_width_ratio_48b,path_inside_70,LOW_VOL_RANGE,4H,1016,0.5627168883747831
bb_keltner_width_ratio_48b,path_inside_70,LOW_VOL_RANGE,8H,1016,0.5606564488143435
bb_keltner_width_ratio_48b,path_inside_70,NORMAL_RANGE,12H,2314,0.5461880400600327
bb_keltner_width_ratio_48b,path_inside_70,NORMAL_RANGE,1H,2314,0.6270733413269385
bb_keltner_width_ratio_48b,path_inside_70,NORMAL_RANGE,24H,2314,0.6414638768162452
bb_keltner_width_ratio_48b,path_inside_70,NORMAL_RANGE,2H,2314,0.6247361276703364
bb_keltner_width_ratio_48b,path_inside_70,NORMAL_RANGE,4H,2303,0.5848149354173451
bb_keltner_width_ratio_48b,path_inside_70,NORMAL_RANGE,8H,2303,0.5494347422593436
bb_keltner_width_ratio_48b,path_inside_70,TREND_DOWN,12H,190,0.6716697936210131
bb_keltner_width_ratio_48b,path_inside_70,TREND_DOWN,1H,190,0.6504590275416525
bb_keltner_width_ratio_48b,path_inside_70,TREND_DOWN,24H,190,0.7103413654618473
bb_keltner_width_ratio_48b,path_inside_70,TREND_DOWN,2H,190,0.5766727414735746
bb_keltner_width_ratio_48b,path_inside_70,TREND_DOWN,4H,189,0.5914494741655235
bb_keltner_width_ratio_48b,path_inside_70,TREND_DOWN,8H,189,0.6123737373737373
bb_keltner_width_ratio_48b,path_inside_70,TREND_UP,12H,179,0.5091954022988505
bb_keltner_width_ratio_48b,path_inside_70,TREND_UP,1H,179,0.7940356744704571
bb_keltner_width_ratio_48b,path_inside_70,TREND_UP,24H,179,0.5201040681173131
bb_keltner_width_ratio_48b,path_inside_70,TREND_UP,2H,179,0.7174731182795699
bb_keltner_width_ratio_48b,path_inside_70,TREND_UP,4H,179,0.7
bb_keltner_width_ratio_48b,path_inside_70,TREND_UP,8H,179,0.5699317738791423
bb_keltner_width_ratio_48b,path_inside_70,VOLATILITY_EXPANSION,12H,324,0.5910267471958585
bb_keltner_width_ratio_48b,path_inside_70,VOLATILITY_EXPANSION,1H,324,0.818694885361552
bb_keltner_width_ratio_48b,path_inside_70,VOLATILITY_EXPANSION,24H,324,0.6208695652173913
bb_keltner_width_ratio_48b,path_inside_70,VOLATILITY_EXPANSION,2H,324,0.7809824245155476
bb_keltner_width_ratio_48b,path_inside_70,VOLATILITY_EXPANSION,4H,319,0.7966237942122186
bb_keltner_width_ratio_48b,path_inside_70,VOLATILITY_EXPANSION,8H,319,0.5357142857142857
bb_keltner_width_ratio_48b,trend_efficiency_high,HIGH_VOL,12H,163,0.7973621103117506
bb_keltner_width_ratio_48b,trend_efficiency_high,HIGH_VOL,1H,163,0.5263403263403263
bb_keltner_width_ratio_48b,trend_efficiency_high,HIGH_VOL,24H,163,0.6894927536231884
bb_keltner_width_ratio_48b,trend_efficiency_high,HIGH_VOL,2H,163,0.5141358869129047
bb_keltner_width_ratio_48b,trend_efficiency_high,HIGH_VOL,4H,163,0.5151515151515151
bb_keltner_width_ratio_48b,trend_efficiency_high,HIGH_VOL,8H,163,0.6472953216374269
bb_keltner_width_ratio_48b,trend_efficiency_high,LOW_VOL_RANGE,12H,1024,0.5012330271265968
bb_keltner_width_ratio_48b,trend_efficiency_high,LOW_VOL_RANGE,1H,1024,0.5106482514412385
bb_keltner_width_ratio_48b,trend_efficiency_high,LOW_VOL_RANGE,24H,1024,0.5268384902927221
bb_keltner_width_ratio_48b,trend_efficiency_high,LOW_VOL_RANGE,2H,1024,0.5135929036245319
bb_keltner_width_ratio_48b,trend_efficiency_high,LOW_VOL_RANGE,4H,1016,0.5371438695960312
bb_keltner_width_ratio_48b,trend_efficiency_high,LOW_VOL_RANGE,8H,1016,0.5065642110502737
bb_keltner_width_ratio_48b,trend_efficiency_high,NORMAL_RANGE,12H,2314,0.5151883643299953
bb_keltner_width_ratio_48b,trend_efficiency_high,NORMAL_RANGE,1H,2314,0.5210355721719359
bb_keltner_width_ratio_48b,trend_efficiency_high,NORMAL_RANGE,24H,2314,0.5353909426291221
bb_keltner_width_ratio_48b,trend_efficiency_high,NORMAL_RANGE,2H,2314,0.5143971613035458
bb_keltner_width_ratio_48b,trend_efficiency_high,NORMAL_RANGE,4H,2303,0.5112789207163073
bb_keltner_width_ratio_48b,trend_efficiency_high,NORMAL_RANGE,8H,2303,0.5137689896310585
bb_keltner_width_ratio_48b,trend_efficiency_high,TREND_DOWN,12H,190,0.5074445983379501
bb_keltner_width_ratio_48b,trend_efficiency_high,TREND_DOWN,1H,190,0.5189393939393939
bb_keltner_width_ratio_48b,trend_efficiency_high,TREND_DOWN,24H,190,0.6506132756132756
bb_keltner_width_ratio_48b,trend_efficiency_high,TREND_DOWN,2H,190,0.5027610441767069
bb_keltner_width_ratio_48b,trend_efficiency_high,TREND_DOWN,4H,189,0.5525046382189239
bb_keltner_width_ratio_48b,trend_efficiency_high,TREND_DOWN,8H,189,0.530045351473923
bb_keltner_width_ratio_48b,trend_efficiency_high,TREND_UP,12H,179,0.5494639376218323
bb_keltner_width_ratio_48b,trend_efficiency_high,TREND_UP,1H,179,0.6028154851684264
bb_keltner_width_ratio_48b,trend_efficiency_high,TREND_UP,24H,179,0.5800894854586129
bb_keltner_width_ratio_48b,trend_efficiency_high,TREND_UP,2H,179,0.5695364238410596
bb_keltner_width_ratio_48b,trend_efficiency_high,TREND_UP,4H,179,0.5340044742729306
bb_keltner_width_ratio_48b,trend_efficiency_high,TREND_UP,8H,179,0.6434948979591837
bb_keltner_width_ratio_48b,trend_efficiency_high,VOLATILITY_EXPANSION,12H,324,0.5217053167420814
bb_keltner_width_ratio_48b,trend_efficiency_high,VOLATILITY_EXPANSION,1H,324,0.5251358695652174
bb_keltner_width_ratio_48b,trend_efficiency_high,VOLATILITY_EXPANSION,24H,324,0.5142821965033243
bb_keltner_width_ratio_48b,trend_efficiency_high,VOLATILITY_EXPANSION,2H,324,0.5430041152263374
bb_keltner_width_ratio_48b,trend_efficiency_high,VOLATILITY_EXPANSION,4H,319,0.5149429563492063
bb_keltner_width_ratio_48b,trend_efficiency_high,VOLATILITY_EXPANSION,8H,319,0.5002127961412967
rv_slope_288b,upside_breakout_occurred,HIGH_VOL,12H,163,0.6961737017916794
rv_slope_288b,upside_breakout_occurred,HIGH_VOL,1H,163,0.5058670143415906
rv_slope_288b,upside_breakout_occurred,HIGH_VOL,24H,163,0.717032967032967
rv_slope_288b,upside_breakout_occurred,HIGH_VOL,2H,163,0.5202435312024354
rv_slope_288b,upside_breakout_occurred,HIGH_VOL,4H,163,0.594333936106088
rv_slope_288b,upside_breakout_occurred,HIGH_VOL,8H,163,0.6165810933252793
rv_slope_288b,upside_breakout_occurred,LOW_VOL_RANGE,12H,1024,0.5661675073560319
rv_slope_288b,upside_breakout_occurred,LOW_VOL_RANGE,1H,1024,0.5373808921494223
rv_slope_288b,upside_breakout_occurred,LOW_VOL_RANGE,24H,1024,0.581876889658614
rv_slope_288b,upside_breakout_occurred,LOW_VOL_RANGE,2H,1024,0.5202521546932424
rv_slope_288b,upside_breakout_occurred,LOW_VOL_RANGE,4H,1016,0.5051106129565474
rv_slope_288b,upside_breakout_occurred,LOW_VOL_RANGE,8H,1016,0.5088959067971431
rv_slope_288b,upside_breakout_occurred,NORMAL_RANGE,12H,2314,0.5768066973229695
rv_slope_288b,upside_breakout_occurred,NORMAL_RANGE,1H,2314,0.5036125841219452
rv_slope_288b,upside_breakout_occurred,NORMAL_RANGE,24H,2314,0.5877945003766865
rv_slope_288b,upside_breakout_occurred,NORMAL_RANGE,2H,2314,0.5348866348871866
rv_slope_288b,upside_breakout_occurred,NORMAL_RANGE,4H,2303,0.5435889093448452
rv_slope_288b,upside_breakout_occurred,NORMAL_RANGE,8H,2303,0.5596943849294579
rv_slope_288b,upside_breakout_occurred,TREND_DOWN,12H,190,0.6351381461675579
rv_slope_288b,upside_breakout_occurred,TREND_DOWN,1H,190,0.682836267816505
rv_slope_288b,upside_breakout_occurred,TREND_DOWN,24H,190,0.5695187165775402
rv_slope_288b,upside_breakout_occurred,TREND_DOWN,2H,190,0.689888164026095
rv_slope_288b,upside_breakout_occurred,TREND_DOWN,4H,189,0.6130034522439586
rv_slope_288b,upside_breakout_occurred,TREND_DOWN,8H,189,0.6265751575157517
rv_slope_288b,upside_breakout_occurred,TREND_UP,12H,179,0.5225945671490226
rv_slope_288b,upside_breakout_occurred,TREND_UP,1H,179,0.5498251748251748
rv_slope_288b,upside_breakout_occurred,TREND_UP,24H,179,0.5377122877122877
rv_slope_288b,upside_breakout_occurred,TREND_UP,2H,179,0.5952380952380952
rv_slope_288b,upside_breakout_occurred,TREND_UP,4H,179,0.5587179487179488
rv_slope_288b,upside_breakout_occurred,TREND_UP,8H,179,0.5406410256410257
rv_slope_288b,upside_breakout_occurred,VOLATILITY_EXPANSION,12H,324,0.5722330714383033
rv_slope_288b,upside_breakout_occurred,VOLATILITY_EXPANSION,1H,324,0.5213054470236727
rv_slope_288b,upside_breakout_occurred,VOLATILITY_EXPANSION,24H,324,0.5838948787061995
rv_slope_288b,upside_breakout_occurred,VOLATILITY_EXPANSION,2H,324,0.5017157305400036
rv_slope_288b,upside_breakout_occurred,VOLATILITY_EXPANSION,4H,319,0.5131050228310502
rv_slope_288b,upside_breakout_occurred,VOLATILITY_EXPANSION,8H,319,0.5061659192825112
rv_slope_288b,downside_breakdown_occurred,HIGH_VOL,12H,163,0.68076792388719
rv_slope_288b,downside_breakdown_occurred,HIGH_VOL,1H,163,0.5013468013468014
rv_slope_288b,downside_breakdown_occurred,HIGH_VOL,24H,163,0.6688752973156643
rv_slope_288b,downside_breakdown_occurred,HIGH_VOL,2H,163,0.5353344768439108
rv_slope_288b,downside_breakdown_occurred,HIGH_VOL,4H,163,0.5760830648048694
rv_slope_288b,downside_breakdown_occurred,HIGH_VOL,8H,163,0.5944983818770226
rv_slope_288b,downside_breakdown_occurred,LOW_VOL_RANGE,12H,1024,0.5430315066509444
rv_slope_288b,downside_breakdown_occurred,LOW_VOL_RANGE,1H,1024,0.5029989060058999
rv_slope_288b,downside_breakdown_occurred,LOW_VOL_RANGE,24H,1024,0.5261188087275044
rv_slope_288b,downside_breakdown_occurred,LOW_VOL_RANGE,2H,1024,0.5102625845659902
rv_slope_288b,downside_breakdown_occurred,LOW_VOL_RANGE,4H,1016,0.5357546328818559
rv_slope_288b,downside_breakdown_occurred,LOW_VOL_RANGE,8H,1016,0.544513943829114
rv_slope_288b,downside_breakdown_occurred,NORMAL_RANGE,12H,2314,0.5284867860187553
rv_slope_288b,downside_breakdown_occurred,NORMAL_RANGE,1H,2314,0.513454966448676
rv_slope_288b,downside_breakdown_occurred,NORMAL_RANGE,24H,2314,0.5332853863426342
rv_slope_288b,downside_breakdown_occurred,NORMAL_RANGE,2H,2314,0.51446316998864
rv_slope_288b,downside_breakdown_occurred,NORMAL_RANGE,4H,2303,0.5189885011532153
rv_slope_288b,downside_breakdown_occurred,NORMAL_RANGE,8H,2303,0.5107586338719476
rv_slope_288b,downside_breakdown_occurred,TREND_DOWN,12H,190,0.5019946808510638
rv_slope_288b,downside_breakdown_occurred,TREND_DOWN,1H,190,0.5334090909090909
rv_slope_288b,downside_breakdown_occurred,TREND_DOWN,24H,190,0.5052083333333333
rv_slope_288b,downside_breakdown_occurred,TREND_DOWN,2H,190,0.523032523032523
rv_slope_288b,downside_breakdown_occurred,TREND_DOWN,4H,189,0.5428059166293142
rv_slope_288b,downside_breakdown_occurred,TREND_DOWN,8H,189,0.5265837104072398
rv_slope_288b,downside_breakdown_occurred,TREND_UP,12H,179,0.5587712617415588
rv_slope_288b,downside_breakdown_occurred,TREND_UP,1H,179,0.568230277185501
rv_slope_288b,downside_breakdown_occurred,TREND_UP,24H,179,0.5467689212974605
rv_slope_288b,downside_breakdown_occurred,TREND_UP,2H,179,0.5304645849200305
rv_slope_288b,downside_breakdown_occurred,TREND_UP,4H,179,0.5066666666666666
rv_slope_288b,downside_breakdown_occurred,TREND_UP,8H,179,0.5544401544401545
rv_slope_288b,downside_breakdown_occurred,VOLATILITY_EXPANSION,12H,324,0.519706582077716
rv_slope_288b,downside_breakdown_occurred,VOLATILITY_EXPANSION,1H,324,0.5181885306423825
rv_slope_288b,downside_breakdown_occurred,VOLATILITY_EXPANSION,24H,324,0.5486528161012822
rv_slope_288b,downside_breakdown_occurred,VOLATILITY_EXPANSION,2H,324,0.5034004592828123
rv_slope_288b,downside_breakdown_occurred,VOLATILITY_EXPANSION,4H,319,0.5153048317733366
rv_slope_288b,downside_breakdown_occurred,VOLATILITY_EXPANSION,8H,319,0.5052009652991595
rv_slope_288b,range_breached,HIGH_VOL,12H,163,0.5864864864864865
rv_slope_288b,range_breached,HIGH_VOL,1H,163,0.7772151898734178
rv_slope_288b,range_breached,HIGH_VOL,24H,163,0.7753846153846153
rv_slope_288b,range_breached,HIGH_VOL,2H,163,0.5817409766454352
rv_slope_288b,range_breached,HIGH_VOL,4H,163,0.576007326007326
rv_slope_288b,range_breached,HIGH_VOL,8H,163,0.5080419580419581
rv_slope_288b,range_breached,LOW_VOL_RANGE,12H,1024,0.7309236947791165
rv_slope_288b,range_breached,LOW_VOL_RANGE,1H,1024,0.5457433117007585
rv_slope_288b,range_breached,LOW_VOL_RANGE,24H,1024,0.5354723707664883
rv_slope_288b,range_breached,LOW_VOL_RANGE,2H,1024,0.5098965362123257
rv_slope_288b,range_breached,LOW_VOL_RANGE,4H,1016,0.541244939271255
rv_slope_288b,range_breached,LOW_VOL_RANGE,8H,1016,0.80762001156738
rv_slope_288b,range_breached,NORMAL_RANGE,12H,2314,0.5341855700457607
rv_slope_288b,range_breached,NORMAL_RANGE,1H,2314,0.5239708233413269
rv_slope_288b,range_breached,NORMAL_RANGE,24H,2314,0.6254607470979809
rv_slope_288b,range_breached,NORMAL_RANGE,2H,2314,0.5906662744065776
rv_slope_288b,range_breached,NORMAL_RANGE,4H,2303,0.5820036904374254
rv_slope_288b,range_breached,NORMAL_RANGE,8H,2303,0.5505947861300937
rv_slope_288b,range_breached,TREND_DOWN,12H,190,0.723733583489681
rv_slope_288b,range_breached,TREND_DOWN,1H,190,0.5936756205372322
rv_slope_288b,range_breached,TREND_DOWN,24H,190,0.6872489959839357
rv_slope_288b,range_breached,TREND_DOWN,2H,190,0.6607654256703983
rv_slope_288b,range_breached,TREND_DOWN,4H,189,0.6620941929583906
rv_slope_288b,range_breached,TREND_DOWN,8H,189,0.6997474747474748
rv_slope_288b,range_breached,TREND_UP,12H,179,0.511264367816092
rv_slope_288b,range_breached,TREND_UP,1H,179,0.6318283166109253
rv_slope_288b,range_breached,TREND_UP,24H,179,0.5600756859035005
rv_slope_288b,range_breached,TREND_UP,2H,179,0.5575268817204302
rv_slope_288b,range_breached,TREND_UP,4H,179,0.5195402298850575
rv_slope_288b,range_breached,TREND_UP,8H,179,0.5455653021442495
rv_slope_288b,range_breached,VOLATILITY_EXPANSION,12H,324,0.5748058671268335
rv_slope_288b,range_breached,VOLATILITY_EXPANSION,1H,324,0.7485008818342151
rv_slope_288b,range_breached,VOLATILITY_EXPANSION,24H,324,0.6268896321070234
rv_slope_288b,range_breached,VOLATILITY_EXPANSION,2H,324,0.6363226678684092
rv_slope_288b,range_breached,VOLATILITY_EXPANSION,4H,319,0.8147106109324759
rv_slope_288b,range_breached,VOLATILITY_EXPANSION,8H,319,0.5377804014167651
rv_slope_288b,path_inside_70,HIGH_VOL,12H,163,0.5864864864864865
rv_slope_288b,path_inside_70,HIGH_VOL,1H,163,0.7772151898734178
rv_slope_288b,path_inside_70,HIGH_VOL,24H,163,0.7753846153846153
rv_slope_288b,path_inside_70,HIGH_VOL,2H,163,0.5817409766454352
rv_slope_288b,path_inside_70,HIGH_VOL,4H,163,0.576007326007326
rv_slope_288b,path_inside_70,HIGH_VOL,8H,163,0.5080419580419581
rv_slope_288b,path_inside_70,LOW_VOL_RANGE,12H,1024,0.7309236947791165
rv_slope_288b,path_inside_70,LOW_VOL_RANGE,1H,1024,0.5457433117007585
rv_slope_288b,path_inside_70,LOW_VOL_RANGE,24H,1024,0.5354723707664885
rv_slope_288b,path_inside_70,LOW_VOL_RANGE,2H,1024,0.5098965362123257
rv_slope_288b,path_inside_70,LOW_VOL_RANGE,4H,1016,0.541244939271255
rv_slope_288b,path_inside_70,LOW_VOL_RANGE,8H,1016,0.80762001156738
rv_slope_288b,path_inside_70,NORMAL_RANGE,12H,2314,0.5341855700457607
rv_slope_288b,path_inside_70,NORMAL_RANGE,1H,2314,0.5239708233413269
rv_slope_288b,path_inside_70,NORMAL_RANGE,24H,2314,0.6254607470979809
rv_slope_288b,path_inside_70,NORMAL_RANGE,2H,2314,0.5906662744065776
rv_slope_288b,path_inside_70,NORMAL_RANGE,4H,2303,0.5820036904374254
rv_slope_288b,path_inside_70,NORMAL_RANGE,8H,2303,0.5505947861300936
rv_slope_288b,path_inside_70,TREND_DOWN,12H,190,0.7237335834896811
rv_slope_288b,path_inside_70,TREND_DOWN,1H,190,0.5936756205372322
rv_slope_288b,path_inside_70,TREND_DOWN,24H,190,0.6872489959839357
rv_slope_288b,path_inside_70,TREND_DOWN,2H,190,0.6607654256703983
rv_slope_288b,path_inside_70,TREND_DOWN,4H,189,0.6620941929583904
rv_slope_288b,path_inside_70,TREND_DOWN,8H,189,0.6997474747474748
rv_slope_288b,path_inside_70,TREND_UP,12H,179,0.511264367816092
rv_slope_288b,path_inside_70,TREND_UP,1H,179,0.6318283166109253
rv_slope_288b,path_inside_70,TREND_UP,24H,179,0.5600756859035004
rv_slope_288b,path_inside_70,TREND_UP,2H,179,0.5575268817204301
rv_slope_288b,path_inside_70,TREND_UP,4H,179,0.5195402298850574
rv_slope_288b,path_inside_70,TREND_UP,8H,179,0.5455653021442495
rv_slope_288b,path_inside_70,VOLATILITY_EXPANSION,12H,324,0.5748058671268335
rv_slope_288b,path_inside_70,VOLATILITY_EXPANSION,1H,324,0.7485008818342151
rv_slope_288b,path_inside_70,VOLATILITY_EXPANSION,24H,324,0.6268896321070234
rv_slope_288b,path_inside_70,VOLATILITY_EXPANSION,2H,324,0.6363226678684092
rv_slope_288b,path_inside_70,VOLATILITY_EXPANSION,4H,319,0.8147106109324759
rv_slope_288b,path_inside_70,VOLATILITY_EXPANSION,8H,319,0.5377804014167651
rv_slope_288b,trend_efficiency_high,HIGH_VOL,12H,163,0.7565947242206235
rv_slope_288b,trend_efficiency_high,HIGH_VOL,1H,163,0.6333333333333333
rv_slope_288b,trend_efficiency_high,HIGH_VOL,24H,163,0.6077898550724637
rv_slope_288b,trend_efficiency_high,HIGH_VOL,2H,163,0.616735066119471
rv_slope_288b,trend_efficiency_high,HIGH_VOL,4H,163,0.5412637008381689
rv_slope_288b,trend_efficiency_high,HIGH_VOL,8H,163,0.6885964912280702
rv_slope_288b,trend_efficiency_high,LOW_VOL_RANGE,12H,1024,0.5746086413901106
rv_slope_288b,trend_efficiency_high,LOW_VOL_RANGE,1H,1024,0.5303541740138042
rv_slope_288b,trend_efficiency_high,LOW_VOL_RANGE,24H,1024,0.5896611199430392
rv_slope_288b,trend_efficiency_high,LOW_VOL_RANGE,2H,1024,0.5401243319882212
rv_slope_288b,trend_efficiency_high,LOW_VOL_RANGE,4H,1016,0.5670729978738484
rv_slope_288b,trend_efficiency_high,LOW_VOL_RANGE,8H,1016,0.5456072672971628
rv_slope_288b,trend_efficiency_high,NORMAL_RANGE,12H,2314,0.5232212684787791
rv_slope_288b,trend_efficiency_high,NORMAL_RANGE,1H,2314,0.52266304823123
rv_slope_288b,trend_efficiency_high,NORMAL_RANGE,24H,2314,0.5138745106158711
rv_slope_288b,trend_efficiency_high,NORMAL_RANGE,2H,2314,0.5214336954293912
rv_slope_288b,trend_efficiency_high,NORMAL_RANGE,4H,2303,0.5644765397941441
rv_slope_288b,trend_efficiency_high,NORMAL_RANGE,8H,2303,0.5315941771477162
rv_slope_288b,trend_efficiency_high,TREND_DOWN,12H,190,0.612707756232687
rv_slope_288b,trend_efficiency_high,TREND_DOWN,1H,190,0.5062229437229437
rv_slope_288b,trend_efficiency_high,TREND_DOWN,24H,190,0.5155122655122655
rv_slope_288b,trend_efficiency_high,TREND_DOWN,2H,190,0.5060240963855422
rv_slope_288b,trend_efficiency_high,TREND_DOWN,4H,189,0.5567717996289425
rv_slope_288b,trend_efficiency_high,TREND_DOWN,8H,189,0.5133219954648526
rv_slope_288b,trend_efficiency_high,TREND_UP,12H,179,0.6030701754385965
rv_slope_288b,trend_efficiency_high,TREND_UP,1H,179,0.5351935646053293
rv_slope_288b,trend_efficiency_high,TREND_UP,24H,179,0.5140939597315436
rv_slope_288b,trend_efficiency_high,TREND_UP,2H,179,0.586565752128666
rv_slope_288b,trend_efficiency_high,TREND_UP,4H,179,0.5404921700223714
rv_slope_288b,trend_efficiency_high,TREND_UP,8H,179,0.5593112244897959
rv_slope_288b,trend_efficiency_high,VOLATILITY_EXPANSION,12H,324,0.5404411764705882
rv_slope_288b,trend_efficiency_high,VOLATILITY_EXPANSION,1H,324,0.553743961352657
rv_slope_288b,trend_efficiency_high,VOLATILITY_EXPANSION,24H,324,0.5539276040384142
rv_slope_288b,trend_efficiency_high,VOLATILITY_EXPANSION,2H,324,0.5002743484224965
rv_slope_288b,trend_efficiency_high,VOLATILITY_EXPANSION,4H,319,0.5234375
rv_slope_288b,trend_efficiency_high,VOLATILITY_EXPANSION,8H,319,0.5270960419917718
atr_pct_96b,upside_breakout_occurred,HIGH_VOL,12H,163,0.7477983601579108
atr_pct_96b,upside_breakout_occurred,HIGH_VOL,1H,163,0.5143415906127771
atr_pct_96b,upside_breakout_occurred,HIGH_VOL,24H,163,0.666971916971917
atr_pct_96b,upside_breakout_occurred,HIGH_VOL,2H,163,0.6068493150684932
atr_pct_96b,upside_breakout_occurred,HIGH_VOL,4H,163,0.6891199517781796
atr_pct_96b,upside_breakout_occurred,HIGH_VOL,8H,163,0.7230443974630021
atr_pct_96b,upside_breakout_occurred,LOW_VOL_RANGE,12H,1024,0.5810424548129467
atr_pct_96b,upside_breakout_occurred,LOW_VOL_RANGE,1H,1024,0.5628088371700818
atr_pct_96b,upside_breakout_occurred,LOW_VOL_RANGE,24H,1024,0.6256435847007368
atr_pct_96b,upside_breakout_occurred,LOW_VOL_RANGE,2H,1024,0.5754480497682914
atr_pct_96b,upside_breakout_occurred,LOW_VOL_RANGE,4H,1016,0.5340579217897334
atr_pct_96b,upside_breakout_occurred,LOW_VOL_RANGE,8H,1016,0.5711884969245512
atr_pct_96b,upside_breakout_occurred,NORMAL_RANGE,12H,2314,0.6068609098057163
atr_pct_96b,upside_breakout_occurred,NORMAL_RANGE,1H,2314,0.5236471347434155
atr_pct_96b,upside_breakout_occurred,NORMAL_RANGE,24H,2314,0.6185543798369975
atr_pct_96b,upside_breakout_occurred,NORMAL_RANGE,2H,2314,0.5548865876041114
atr_pct_96b,upside_breakout_occurred,NORMAL_RANGE,4H,2303,0.5806064309294058
atr_pct_96b,upside_breakout_occurred,NORMAL_RANGE,8H,2303,0.5888757731333629
atr_pct_96b,upside_breakout_occurred,TREND_DOWN,12H,190,0.5344251336898396
atr_pct_96b,upside_breakout_occurred,TREND_DOWN,1H,190,0.5168283626781651
atr_pct_96b,upside_breakout_occurred,TREND_DOWN,24H,190,0.5278520499108734
atr_pct_96b,upside_breakout_occurred,TREND_DOWN,2H,190,0.5439189189189189
atr_pct_96b,upside_breakout_occurred,TREND_DOWN,4H,189,0.5132336018411968
atr_pct_96b,upside_breakout_occurred,TREND_DOWN,8H,189,0.5054005400540054
atr_pct_96b,upside_breakout_occurred,TREND_UP,12H,179,0.5724803249555726
atr_pct_96b,upside_breakout_occurred,TREND_UP,1H,179,0.5606893106893107
atr_pct_96b,upside_breakout_occurred,TREND_UP,24H,179,0.5695554445554445
atr_pct_96b,upside_breakout_occurred,TREND_UP,2H,179,0.5479949874686717
atr_pct_96b,upside_breakout_occurred,TREND_UP,4H,179,0.5497435897435897
atr_pct_96b,upside_breakout_occurred,TREND_UP,8H,179,0.5761538461538461
atr_pct_96b,upside_breakout_occurred,VOLATILITY_EXPANSION,12H,324,0.6383123665924884
atr_pct_96b,upside_breakout_occurred,VOLATILITY_EXPANSION,1H,324,0.5555504481728338
atr_pct_96b,upside_breakout_occurred,VOLATILITY_EXPANSION,24H,324,0.6692216981132075
atr_pct_96b,upside_breakout_occurred,VOLATILITY_EXPANSION,2H,324,0.5304767924869063
atr_pct_96b,upside_breakout_occurred,VOLATILITY_EXPANSION,4H,319,0.5167579908675799
atr_pct_96b,upside_breakout_occurred,VOLATILITY_EXPANSION,8H,319,0.5353139013452914
atr_pct_96b,downside_breakdown_occurred,HIGH_VOL,12H,163,0.5992184845395855
atr_pct_96b,downside_breakdown_occurred,HIGH_VOL,1H,163,0.5372053872053872
atr_pct_96b,downside_breakdown_occurred,HIGH_VOL,24H,163,0.5764525993883792
atr_pct_96b,downside_breakdown_occurred,HIGH_VOL,2H,163,0.5406518010291596
atr_pct_96b,downside_breakdown_occurred,HIGH_VOL,4H,163,0.6582527747941281
atr_pct_96b,downside_breakdown_occurred,HIGH_VOL,8H,163,0.6093851132686084
atr_pct_96b,downside_breakdown_occurred,LOW_VOL_RANGE,12H,1024,0.5146527648482592
atr_pct_96b,downside_breakdown_occurred,LOW_VOL_RANGE,1H,1024,0.5122489028133101
atr_pct_96b,downside_breakdown_occurred,LOW_VOL_RANGE,24H,1024,0.5469598839164056
atr_pct_96b,downside_breakdown_occurred,LOW_VOL_RANGE,2H,1024,0.5134404639048602
atr_pct_96b,downside_breakdown_occurred,LOW_VOL_RANGE,4H,1016,0.5263923294019053
atr_pct_96b,downside_breakdown_occurred,LOW_VOL_RANGE,8H,1016,0.53590618407173
atr_pct_96b,downside_breakdown_occurred,NORMAL_RANGE,12H,2314,0.5099889173060528
atr_pct_96b,downside_breakdown_occurred,NORMAL_RANGE,1H,2314,0.5240295369720505
atr_pct_96b,downside_breakdown_occurred,NORMAL_RANGE,24H,2314,0.5418798844254515
atr_pct_96b,downside_breakdown_occurred,NORMAL_RANGE,2H,2314,0.5193686744810493
atr_pct_96b,downside_breakdown_occurred,NORMAL_RANGE,4H,2303,0.5215105870989767
atr_pct_96b,downside_breakdown_occurred,NORMAL_RANGE,8H,2303,0.5034525247974223
atr_pct_96b,downside_breakdown_occurred,TREND_DOWN,12H,190,0.525709219858156
atr_pct_96b,downside_breakdown_occurred,TREND_DOWN,1H,190,0.5326136363636363
atr_pct_96b,downside_breakdown_occurred,TREND_DOWN,24H,190,0.534906914893617
atr_pct_96b,downside_breakdown_occurred,TREND_DOWN,2H,190,0.512931512931513
atr_pct_96b,downside_breakdown_occurred,TREND_DOWN,4H,189,0.5016808606006276
atr_pct_96b,downside_breakdown_occurred,TREND_DOWN,8H,189,0.5016968325791855
atr_pct_96b,downside_breakdown_occurred,TREND_UP,12H,179,0.5443005839045443
atr_pct_96b,downside_breakdown_occurred,TREND_UP,1H,179,0.5481076759061834
atr_pct_96b,downside_breakdown_occurred,TREND_UP,24H,179,0.5580839829016847
atr_pct_96b,downside_breakdown_occurred,TREND_UP,2H,179,0.5571210967250572
atr_pct_96b,downside_breakdown_occurred,TREND_UP,4H,179,0.5919230769230769
atr_pct_96b,downside_breakdown_occurred,TREND_UP,8H,179,0.5405405405405406
atr_pct_96b,downside_breakdown_occurred,VOLATILITY_EXPANSION,12H,324,0.5226804123711339
atr_pct_96b,downside_breakdown_occurred,VOLATILITY_EXPANSION,1H,324,0.5204528673394044
atr_pct_96b,downside_breakdown_occurred,VOLATILITY_EXPANSION,24H,324,0.5741356922577503
atr_pct_96b,downside_breakdown_occurred,VOLATILITY_EXPANSION,2H,324,0.5145733969263381
atr_pct_96b,downside_breakdown_occurred,VOLATILITY_EXPANSION,4H,319,0.5169069904713719
atr_pct_96b,downside_breakdown_occurred,VOLATILITY_EXPANSION,8H,319,0.5147291337272197
atr_pct_96b,range_breached,HIGH_VOL,12H,163,0.7207207207207207
atr_pct_96b,range_breached,HIGH_VOL,1H,163,0.5075949367088608
atr_pct_96b,range_breached,HIGH_VOL,24H,163,0.5938461538461539
atr_pct_96b,range_breached,HIGH_VOL,2H,163,0.5318471337579618
atr_pct_96b,range_breached,HIGH_VOL,4H,163,0.5210622710622711
atr_pct_96b,range_breached,HIGH_VOL,8H,163,0.5370629370629371
atr_pct_96b,range_breached,LOW_VOL_RANGE,12H,1024,0.6992254733218588
atr_pct_96b,range_breached,LOW_VOL_RANGE,1H,1024,0.6043703277745831
atr_pct_96b,range_breached,LOW_VOL_RANGE,24H,1024,0.7626262626262627
atr_pct_96b,range_breached,LOW_VOL_RANGE,2H,1024,0.6385233918128654
atr_pct_96b,range_breached,LOW_VOL_RANGE,4H,1016,0.6562680740312319
atr_pct_96b,range_breached,LOW_VOL_RANGE,8H,1016,0.7483733371891267
atr_pct_96b,range_breached,NORMAL_RANGE,12H,2314,0.6507833298573198
atr_pct_96b,range_breached,NORMAL_RANGE,1H,2314,0.508363309352518
atr_pct_96b,range_breached,NORMAL_RANGE,24H,2314,0.6284559852805438
atr_pct_96b,range_breached,NORMAL_RANGE,2H,2314,0.5906301451878462
atr_pct_96b,range_breached,NORMAL_RANGE,4H,2303,0.6634321068056008
atr_pct_96b,range_breached,NORMAL_RANGE,8H,2303,0.6350839449928288
atr_pct_96b,range_breached,TREND_DOWN,12H,190,0.5150093808630394
atr_pct_96b,range_breached,TREND_DOWN,1H,190,0.5253315198911934
atr_pct_96b,range_breached,TREND_DOWN,24H,190,0.5368975903614458
atr_pct_96b,range_breached,TREND_DOWN,2H,190,0.5074199427232492
atr_pct_96b,range_breached,TREND_DOWN,4H,189,0.5557841792409693
atr_pct_96b,range_breached,TREND_DOWN,8H,189,0.5492424242424242
atr_pct_96b,range_breached,TREND_UP,12H,179,0.5025287356321839
atr_pct_96b,range_breached,TREND_UP,1H,179,0.5278706800445931
atr_pct_96b,range_breached,TREND_UP,24H,179,0.510643330179754
atr_pct_96b,range_breached,TREND_UP,2H,179,0.543010752688172
atr_pct_96b,range_breached,TREND_UP,4H,179,0.5728735632183908
atr_pct_96b,range_breached,TREND_UP,8H,179,0.5114522417153996
atr_pct_96b,range_breached,VOLATILITY_EXPANSION,12H,324,0.6672993960310613
atr_pct_96b,range_breached,VOLATILITY_EXPANSION,1H,324,0.7075837742504409
atr_pct_96b,range_breached,VOLATILITY_EXPANSION,24H,324,0.7294983277591973
atr_pct_96b,range_breached,VOLATILITY_EXPANSION,2H,324,0.6070301937809824
atr_pct_96b,range_breached,VOLATILITY_EXPANSION,4H,319,0.7282958199356913
atr_pct_96b,range_breached,VOLATILITY_EXPANSION,8H,319,0.6233766233766234
atr_pct_96b,path_inside_70,HIGH_VOL,12H,163,0.7207207207207207
atr_pct_96b,path_inside_70,HIGH_VOL,1H,163,0.5075949367088608
atr_pct_96b,path_inside_70,HIGH_VOL,24H,163,0.5938461538461538
atr_pct_96b,path_inside_70,HIGH_VOL,2H,163,0.5318471337579618
atr_pct_96b,path_inside_70,HIGH_VOL,4H,163,0.521062271062271
atr_pct_96b,path_inside_70,HIGH_VOL,8H,163,0.5370629370629371
atr_pct_96b,path_inside_70,LOW_VOL_RANGE,12H,1024,0.6992254733218589
atr_pct_96b,path_inside_70,LOW_VOL_RANGE,1H,1024,0.6043703277745831
atr_pct_96b,path_inside_70,LOW_VOL_RANGE,24H,1024,0.7626262626262627
atr_pct_96b,path_inside_70,LOW_VOL_RANGE,2H,1024,0.6385233918128655
atr_pct_96b,path_inside_70,LOW_VOL_RANGE,4H,1016,0.6562680740312319
atr_pct_96b,path_inside_70,LOW_VOL_RANGE,8H,1016,0.7483733371891267
atr_pct_96b,path_inside_70,NORMAL_RANGE,12H,2314,0.6507833298573199
atr_pct_96b,path_inside_70,NORMAL_RANGE,1H,2314,0.508363309352518
atr_pct_96b,path_inside_70,NORMAL_RANGE,24H,2314,0.6284559852805438
atr_pct_96b,path_inside_70,NORMAL_RANGE,2H,2314,0.5906301451878462
atr_pct_96b,path_inside_70,NORMAL_RANGE,4H,2303,0.6634321068056008
atr_pct_96b,path_inside_70,NORMAL_RANGE,8H,2303,0.6350839449928288
atr_pct_96b,path_inside_70,TREND_DOWN,12H,190,0.5150093808630394
atr_pct_96b,path_inside_70,TREND_DOWN,1H,190,0.5253315198911934
atr_pct_96b,path_inside_70,TREND_DOWN,24H,190,0.5368975903614458
atr_pct_96b,path_inside_70,TREND_DOWN,2H,190,0.5074199427232491
atr_pct_96b,path_inside_70,TREND_DOWN,4H,189,0.5557841792409693
atr_pct_96b,path_inside_70,TREND_DOWN,8H,189,0.5492424242424243
atr_pct_96b,path_inside_70,TREND_UP,12H,179,0.5025287356321839
atr_pct_96b,path_inside_70,TREND_UP,1H,179,0.5278706800445931
atr_pct_96b,path_inside_70,TREND_UP,24H,179,0.5106433301797539
atr_pct_96b,path_inside_70,TREND_UP,2H,179,0.543010752688172
atr_pct_96b,path_inside_70,TREND_UP,4H,179,0.5728735632183908
atr_pct_96b,path_inside_70,TREND_UP,8H,179,0.5114522417153996
atr_pct_96b,path_inside_70,VOLATILITY_EXPANSION,12H,324,0.6672993960310613
atr_pct_96b,path_inside_70,VOLATILITY_EXPANSION,1H,324,0.7075837742504409
atr_pct_96b,path_inside_70,VOLATILITY_EXPANSION,24H,324,0.7294983277591973
atr_pct_96b,path_inside_70,VOLATILITY_EXPANSION,2H,324,0.6070301937809824
atr_pct_96b,path_inside_70,VOLATILITY_EXPANSION,4H,319,0.7282958199356914
atr_pct_96b,path_inside_70,VOLATILITY_EXPANSION,8H,319,0.6233766233766234
atr_pct_96b,trend_efficiency_high,HIGH_VOL,12H,163,0.6417865707434053
atr_pct_96b,trend_efficiency_high,HIGH_VOL,1H,163,0.6125874125874126
atr_pct_96b,trend_efficiency_high,HIGH_VOL,24H,163,0.5153985507246377
atr_pct_96b,trend_efficiency_high,HIGH_VOL,2H,163,0.6304149566803465
atr_pct_96b,trend_efficiency_high,HIGH_VOL,4H,163,0.5167633784655061
atr_pct_96b,trend_efficiency_high,HIGH_VOL,8H,163,0.5413011695906433
atr_pct_96b,trend_efficiency_high,LOW_VOL_RANGE,12H,1024,0.5258875695265296
atr_pct_96b,trend_efficiency_high,LOW_VOL_RANGE,1H,1024,0.5118069999928028
atr_pct_96b,trend_efficiency_high,LOW_VOL_RANGE,24H,1024,0.5814668639016936
atr_pct_96b,trend_efficiency_high,LOW_VOL_RANGE,2H,1024,0.5362853091940233
atr_pct_96b,trend_efficiency_high,LOW_VOL_RANGE,4H,1016,0.5028915662650603
atr_pct_96b,trend_efficiency_high,LOW_VOL_RANGE,8H,1016,0.5319313091090094
atr_pct_96b,trend_efficiency_high,NORMAL_RANGE,12H,2314,0.5256628516928946
atr_pct_96b,trend_efficiency_high,NORMAL_RANGE,1H,2314,0.5405365888320434
atr_pct_96b,trend_efficiency_high,NORMAL_RANGE,24H,2314,0.5448186455353109
atr_pct_96b,trend_efficiency_high,NORMAL_RANGE,2H,2314,0.5331241032998565
atr_pct_96b,trend_efficiency_high,NORMAL_RANGE,4H,2303,0.5082037744469686
atr_pct_96b,trend_efficiency_high,NORMAL_RANGE,8H,2303,0.5027007475283337
atr_pct_96b,trend_efficiency_high,TREND_DOWN,12H,190,0.5261426592797784
atr_pct_96b,trend_efficiency_high,TREND_DOWN,1H,190,0.5059523809523809
atr_pct_96b,trend_efficiency_high,TREND_DOWN,24H,190,0.5211038961038961
atr_pct_96b,trend_efficiency_high,TREND_DOWN,2H,190,0.5092871485943775
atr_pct_96b,trend_efficiency_high,TREND_DOWN,4H,189,0.5089053803339517
atr_pct_96b,trend_efficiency_high,TREND_DOWN,8H,189,0.5416666666666667
atr_pct_96b,trend_efficiency_high,TREND_UP,12H,179,0.5182748538011697
atr_pct_96b,trend_efficiency_high,TREND_UP,1H,179,0.5497737556561086
atr_pct_96b,trend_efficiency_high,TREND_UP,24H,179,0.5456375838926174
atr_pct_96b,trend_efficiency_high,TREND_UP,2H,179,0.5489593188268685
atr_pct_96b,trend_efficiency_high,TREND_UP,4H,179,0.5205816554809843
atr_pct_96b,trend_efficiency_high,TREND_UP,8H,179,0.526998299319728
atr_pct_96b,trend_efficiency_high,VOLATILITY_EXPANSION,12H,324,0.5018382352941176
atr_pct_96b,trend_efficiency_high,VOLATILITY_EXPANSION,1H,324,0.5150966183574879
atr_pct_96b,trend_efficiency_high,VOLATILITY_EXPANSION,24H,324,0.5501723713371091
atr_pct_96b,trend_efficiency_high,VOLATILITY_EXPANSION,2H,324,0.5340877914951989
atr_pct_96b,trend_efficiency_high,VOLATILITY_EXPANSION,4H,319,0.5489211309523809
atr_pct_96b,trend_efficiency_high,VOLATILITY_EXPANSION,8H,319,0.5084409136047666
rolling_high_dist_96b,upside_breakout_occurred,HIGH_VOL,12H,163,0.5750075918615245
rolling_high_dist_96b,upside_breakout_occurred,HIGH_VOL,1H,163,0.5373207301173403
rolling_high_dist_96b,upside_breakout_occurred,HIGH_VOL,24H,163,0.5544871794871795
rolling_high_dist_96b,upside_breakout_occurred,HIGH_VOL,2H,163,0.5792998477929985
rolling_high_dist_96b,upside_breakout_occurred,HIGH_VOL,4H,163,0.6101567209162146
rolling_high_dist_96b,upside_breakout_occurred,HIGH_VOL,8H,163,0.5767139836907278
rolling_high_dist_96b,upside_breakout_occurred,LOW_VOL_RANGE,12H,1024,0.5011139134089954
rolling_high_dist_96b,upside_breakout_occurred,LOW_VOL_RANGE,1H,1024,0.5260350788430728
rolling_high_dist_96b,upside_breakout_occurred,LOW_VOL_RANGE,24H,1024,0.5003434408665277
rolling_high_dist_96b,upside_breakout_occurred,LOW_VOL_RANGE,2H,1024,0.5010528243156642
rolling_high_dist_96b,upside_breakout_occurred,LOW_VOL_RANGE,4H,1016,0.5344722958132373
rolling_high_dist_96b,upside_breakout_occurred,LOW_VOL_RANGE,8H,1016,0.5133450403372373
rolling_high_dist_96b,upside_breakout_occurred,NORMAL_RANGE,12H,2314,0.5805697625637692
rolling_high_dist_96b,upside_breakout_occurred,NORMAL_RANGE,1H,2314,0.508448869489236
rolling_high_dist_96b,upside_breakout_occurred,NORMAL_RANGE,24H,2314,0.595450226011917
rolling_high_dist_96b,upside_breakout_occurred,NORMAL_RANGE,2H,2314,0.5197335913938499
rolling_high_dist_96b,upside_breakout_occurred,NORMAL_RANGE,4H,2303,0.5281749936515998
rolling_high_dist_96b,upside_breakout_occurred,NORMAL_RANGE,8H,2303,0.5577596313215022
rolling_high_dist_96b,upside_breakout_occurred,TREND_DOWN,12H,190,0.6431595365418895
rolling_high_dist_96b,upside_breakout_occurred,TREND_DOWN,1H,190,0.5777937477542221
rolling_high_dist_96b,upside_breakout_occurred,TREND_DOWN,24H,190,0.6041666666666666
rolling_high_dist_96b,upside_breakout_occurred,TREND_DOWN,2H,190,0.6074091332712023
rolling_high_dist_96b,upside_breakout_occurred,TREND_DOWN,4H,189,0.5799769850402762
rolling_high_dist_96b,upside_breakout_occurred,TREND_DOWN,8H,189,0.6182493249324933
rolling_high_dist_96b,upside_breakout_occurred,TREND_UP,12H,179,0.6271896420411271
rolling_high_dist_96b,upside_breakout_occurred,TREND_UP,1H,179,0.6705794205794205
rolling_high_dist_96b,upside_breakout_occurred,TREND_UP,24H,179,0.6602147852147852
rolling_high_dist_96b,upside_breakout_occurred,TREND_UP,2H,179,0.6570175438596492
rolling_high_dist_96b,upside_breakout_occurred,TREND_UP,4H,179,0.7028205128205128
rolling_high_dist_96b,upside_breakout_occurred,TREND_UP,8H,179,0.6741025641025641
rolling_high_dist_96b,upside_breakout_occurred,VOLATILITY_EXPANSION,12H,324,0.5946682410645352
rolling_high_dist_96b,upside_breakout_occurred,VOLATILITY_EXPANSION,1H,324,0.5311882325902091
rolling_high_dist_96b,upside_breakout_occurred,VOLATILITY_EXPANSION,24H,324,0.59375
rolling_high_dist_96b,upside_breakout_occurred,VOLATILITY_EXPANSION,2H,324,0.5592830052374933
rolling_high_dist_96b,upside_breakout_occurred,VOLATILITY_EXPANSION,4H,319,0.575890410958904
rolling_high_dist_96b,upside_breakout_occurred,VOLATILITY_EXPANSION,8H,319,0.5177036621823617
rolling_high_dist_96b,downside_breakdown_occurred,HIGH_VOL,12H,163,0.6605504587155964
rolling_high_dist_96b,downside_breakdown_occurred,HIGH_VOL,1H,163,0.5493265993265993
rolling_high_dist_96b,downside_breakdown_occurred,HIGH_VOL,24H,163,0.6112810057764186
rolling_high_dist_96b,downside_breakdown_occurred,HIGH_VOL,2H,163,0.5656946826758148
rolling_high_dist_96b,downside_breakdown_occurred,HIGH_VOL,4H,163,0.5406373075546008
rolling_high_dist_96b,downside_breakdown_occurred,HIGH_VOL,8H,163,0.5223300970873787
rolling_high_dist_96b,downside_breakdown_occurred,LOW_VOL_RANGE,12H,1024,0.5762034795920479
rolling_high_dist_96b,downside_breakdown_occurred,LOW_VOL_RANGE,1H,1024,0.525774841541127
rolling_high_dist_96b,downside_breakdown_occurred,LOW_VOL_RANGE,24H,1024,0.6002371219762525
rolling_high_dist_96b,downside_breakdown_occurred,LOW_VOL_RANGE,2H,1024,0.5279231575671204
rolling_high_dist_96b,downside_breakdown_occurred,LOW_VOL_RANGE,4H,1016,0.5347399382967098
rolling_high_dist_96b,downside_breakdown_occurred,LOW_VOL_RANGE,8H,1016,0.5801378724947257
rolling_high_dist_96b,downside_breakdown_occurred,NORMAL_RANGE,12H,2314,0.5133039215686275
rolling_high_dist_96b,downside_breakdown_occurred,NORMAL_RANGE,1H,2314,0.5315892438981195
rolling_high_dist_96b,downside_breakdown_occurred,NORMAL_RANGE,24H,2314,0.5116143222121403
rolling_high_dist_96b,downside_breakdown_occurred,NORMAL_RANGE,2H,2314,0.5264659228803057
rolling_high_dist_96b,downside_breakdown_occurred,NORMAL_RANGE,4H,2303,0.540969117145022
rolling_high_dist_96b,downside_breakdown_occurred,NORMAL_RANGE,8H,2303,0.5093446858765625
rolling_high_dist_96b,downside_breakdown_occurred,TREND_DOWN,12H,190,0.5169547872340425
rolling_high_dist_96b,downside_breakdown_occurred,TREND_DOWN,1H,190,0.5146022727272728
rolling_high_dist_96b,downside_breakdown_occurred,TREND_DOWN,24H,190,0.5313608156028369
rolling_high_dist_96b,downside_breakdown_occurred,TREND_DOWN,2H,190,0.5024975024975025
rolling_high_dist_96b,downside_breakdown_occurred,TREND_DOWN,4H,189,0.5002241147467503
rolling_high_dist_96b,downside_breakdown_occurred,TREND_DOWN,8H,189,0.5173076923076924
rolling_high_dist_96b,downside_breakdown_occurred,TREND_UP,12H,179,0.5258948971820259
rolling_high_dist_96b,downside_breakdown_occurred,TREND_UP,1H,179,0.5354477611940298
rolling_high_dist_96b,downside_breakdown_occurred,TREND_UP,24H,179,0.5368368116670857
rolling_high_dist_96b,downside_breakdown_occurred,TREND_UP,2H,179,0.5277989337395278
rolling_high_dist_96b,downside_breakdown_occurred,TREND_UP,4H,179,0.518974358974359
rolling_high_dist_96b,downside_breakdown_occurred,TREND_UP,8H,179,0.5012870012870013
rolling_high_dist_96b,downside_breakdown_occurred,VOLATILITY_EXPANSION,12H,324,0.5358445678033307
rolling_high_dist_96b,downside_breakdown_occurred,VOLATILITY_EXPANSION,1H,324,0.6096972680285503
rolling_high_dist_96b,downside_breakdown_occurred,VOLATILITY_EXPANSION,24H,324,0.5689823080668722
rolling_high_dist_96b,downside_breakdown_occurred,VOLATILITY_EXPANSION,2H,324,0.5637254901960784
rolling_high_dist_96b,downside_breakdown_occurred,VOLATILITY_EXPANSION,4H,319,0.5438907159119656
rolling_high_dist_96b,downside_breakdown_occurred,VOLATILITY_EXPANSION,8H,319,0.518681867354581
rolling_high_dist_96b,range_breached,HIGH_VOL,12H,163,0.7400900900900901
rolling_high_dist_96b,range_breached,HIGH_VOL,1H,163,0.6987341772151898
rolling_high_dist_96b,range_breached,HIGH_VOL,24H,163,0.6661538461538462
rolling_high_dist_96b,range_breached,HIGH_VOL,2H,163,0.5456475583864119
rolling_high_dist_96b,range_breached,HIGH_VOL,4H,163,0.6336996336996337
rolling_high_dist_96b,range_breached,HIGH_VOL,8H,163,0.5503496503496503
rolling_high_dist_96b,range_breached,LOW_VOL_RANGE,12H,1024,0.6833763625932301
rolling_high_dist_96b,range_breached,LOW_VOL_RANGE,1H,1024,0.5596401872997617
rolling_high_dist_96b,range_breached,LOW_VOL_RANGE,24H,1024,0.6677361853832442
rolling_high_dist_96b,range_breached,LOW_VOL_RANGE,2H,1024,0.5588731443994602
rolling_high_dist_96b,range_breached,LOW_VOL_RANGE,4H,1016,0.5016808849045691
rolling_high_dist_96b,range_breached,LOW_VOL_RANGE,8H,1016,0.5979251012145749
rolling_high_dist_96b,range_breached,NORMAL_RANGE,12H,2314,0.6058650570679622
rolling_high_dist_96b,range_breached,NORMAL_RANGE,1H,2314,0.5116531774580336
rolling_high_dist_96b,range_breached,NORMAL_RANGE,24H,2314,0.5871950511329946
rolling_high_dist_96b,range_breached,NORMAL_RANGE,2H,2314,0.5328853310210633
rolling_high_dist_96b,range_breached,NORMAL_RANGE,4H,2303,0.6198985129708021
rolling_high_dist_96b,range_breached,NORMAL_RANGE,8H,2303,0.5986880958407155
rolling_high_dist_96b,range_breached,TREND_DOWN,12H,190,0.6801125703564728
rolling_high_dist_96b,range_breached,TREND_DOWN,1H,190,0.60183611016661
rolling_high_dist_96b,range_breached,TREND_DOWN,24H,190,0.6696787148594378
rolling_high_dist_96b,range_breached,TREND_DOWN,2H,190,0.5961989065347566
rolling_high_dist_96b,range_breached,TREND_DOWN,4H,189,0.6172839506172839
rolling_high_dist_96b,range_breached,TREND_DOWN,8H,189,0.6318181818181818
rolling_high_dist_96b,range_breached,TREND_UP,12H,179,0.5896551724137931
rolling_high_dist_96b,range_breached,TREND_UP,1H,179,0.6078595317725752
rolling_high_dist_96b,range_breached,TREND_UP,24H,179,0.6014664143803217
rolling_high_dist_96b,range_breached,TREND_UP,2H,179,0.5551075268817204
rolling_high_dist_96b,range_breached,TREND_UP,4H,179,0.6317241379310344
rolling_high_dist_96b,range_breached,TREND_UP,8H,179,0.6240253411306043
rolling_high_dist_96b,range_breached,VOLATILITY_EXPANSION,12H,324,0.6464193270060397
rolling_high_dist_96b,range_breached,VOLATILITY_EXPANSION,1H,324,0.6158730158730159
rolling_high_dist_96b,range_breached,VOLATILITY_EXPANSION,24H,324,0.6668896321070235
rolling_high_dist_96b,range_breached,VOLATILITY_EXPANSION,2H,324,0.6768814781433078
rolling_high_dist_96b,range_breached,VOLATILITY_EXPANSION,4H,319,0.5627009646302251
rolling_high_dist_96b,range_breached,VOLATILITY_EXPANSION,8H,319,0.5398465171192444
rolling_high_dist_96b,path_inside_70,HIGH_VOL,12H,163,0.7400900900900901
rolling_high_dist_96b,path_inside_70,HIGH_VOL,1H,163,0.6987341772151898
rolling_high_dist_96b,path_inside_70,HIGH_VOL,24H,163,0.6661538461538461
rolling_high_dist_96b,path_inside_70,HIGH_VOL,2H,163,0.5456475583864119
rolling_high_dist_96b,path_inside_70,HIGH_VOL,4H,163,0.6336996336996337
rolling_high_dist_96b,path_inside_70,HIGH_VOL,8H,163,0.5503496503496503
rolling_high_dist_96b,path_inside_70,LOW_VOL_RANGE,12H,1024,0.6833763625932301
rolling_high_dist_96b,path_inside_70,LOW_VOL_RANGE,1H,1024,0.5596401872997618
rolling_high_dist_96b,path_inside_70,LOW_VOL_RANGE,24H,1024,0.6677361853832442
rolling_high_dist_96b,path_inside_70,LOW_VOL_RANGE,2H,1024,0.5588731443994601
rolling_high_dist_96b,path_inside_70,LOW_VOL_RANGE,4H,1016,0.5016808849045691
rolling_high_dist_96b,path_inside_70,LOW_VOL_RANGE,8H,1016,0.5979251012145749
rolling_high_dist_96b,path_inside_70,NORMAL_RANGE,12H,2314,0.6058650570679622
rolling_high_dist_96b,path_inside_70,NORMAL_RANGE,1H,2314,0.5116531774580335
rolling_high_dist_96b,path_inside_70,NORMAL_RANGE,24H,2314,0.5871950511329946
rolling_high_dist_96b,path_inside_70,NORMAL_RANGE,2H,2314,0.5328853310210633
rolling_high_dist_96b,path_inside_70,NORMAL_RANGE,4H,2303,0.6198985129708021
rolling_high_dist_96b,path_inside_70,NORMAL_RANGE,8H,2303,0.5986880958407155
rolling_high_dist_96b,path_inside_70,TREND_DOWN,12H,190,0.6801125703564728
rolling_high_dist_96b,path_inside_70,TREND_DOWN,1H,190,0.60183611016661
rolling_high_dist_96b,path_inside_70,TREND_DOWN,24H,190,0.6696787148594378
rolling_high_dist_96b,path_inside_70,TREND_DOWN,2H,190,0.5961989065347566
rolling_high_dist_96b,path_inside_70,TREND_DOWN,4H,189,0.617283950617284
rolling_high_dist_96b,path_inside_70,TREND_DOWN,8H,189,0.6318181818181818
rolling_high_dist_96b,path_inside_70,TREND_UP,12H,179,0.5896551724137931
rolling_high_dist_96b,path_inside_70,TREND_UP,1H,179,0.6078595317725752
rolling_high_dist_96b,path_inside_70,TREND_UP,24H,179,0.6014664143803217
rolling_high_dist_96b,path_inside_70,TREND_UP,2H,179,0.5551075268817205
rolling_high_dist_96b,path_inside_70,TREND_UP,4H,179,0.6317241379310345
rolling_high_dist_96b,path_inside_70,TREND_UP,8H,179,0.6240253411306043
rolling_high_dist_96b,path_inside_70,VOLATILITY_EXPANSION,12H,324,0.6464193270060397
rolling_high_dist_96b,path_inside_70,VOLATILITY_EXPANSION,1H,324,0.6158730158730159
rolling_high_dist_96b,path_inside_70,VOLATILITY_EXPANSION,24H,324,0.6668896321070235
rolling_high_dist_96b,path_inside_70,VOLATILITY_EXPANSION,2H,324,0.6768814781433078
rolling_high_dist_96b,path_inside_70,VOLATILITY_EXPANSION,4H,319,0.562700964630225
rolling_high_dist_96b,path_inside_70,VOLATILITY_EXPANSION,8H,319,0.5398465171192444
rolling_high_dist_96b,trend_efficiency_high,HIGH_VOL,12H,163,0.7212230215827338
rolling_high_dist_96b,trend_efficiency_high,HIGH_VOL,1H,163,0.6240093240093241
rolling_high_dist_96b,trend_efficiency_high,HIGH_VOL,24H,163,0.6478260869565218
rolling_high_dist_96b,trend_efficiency_high,HIGH_VOL,2H,163,0.5978112175102599
rolling_high_dist_96b,trend_efficiency_high,HIGH_VOL,4H,163,0.558027079303675
rolling_high_dist_96b,trend_efficiency_high,HIGH_VOL,8H,163,0.5504385964912281
rolling_high_dist_96b,trend_efficiency_high,LOW_VOL_RANGE,12H,1024,0.5195064291414411
rolling_high_dist_96b,trend_efficiency_high,LOW_VOL_RANGE,1H,1024,0.5004534233462643
rolling_high_dist_96b,trend_efficiency_high,LOW_VOL_RANGE,24H,1024,0.5504637273737256
rolling_high_dist_96b,trend_efficiency_high,LOW_VOL_RANGE,2H,1024,0.5134765696004653
rolling_high_dist_96b,trend_efficiency_high,LOW_VOL_RANGE,4H,1016,0.52012402551382
rolling_high_dist_96b,trend_efficiency_high,LOW_VOL_RANGE,8H,1016,0.5586050273768044
rolling_high_dist_96b,trend_efficiency_high,NORMAL_RANGE,12H,2314,0.528288626609442
rolling_high_dist_96b,trend_efficiency_high,NORMAL_RANGE,1H,2314,0.5404259040622676
rolling_high_dist_96b,trend_efficiency_high,NORMAL_RANGE,24H,2314,0.5184289593058274
rolling_high_dist_96b,trend_efficiency_high,NORMAL_RANGE,2H,2314,0.5417586851813896
rolling_high_dist_96b,trend_efficiency_high,NORMAL_RANGE,4H,2303,0.5112706712525225
rolling_high_dist_96b,trend_efficiency_high,NORMAL_RANGE,8H,2303,0.5095154391887604
rolling_high_dist_96b,trend_efficiency_high,TREND_DOWN,12H,190,0.5676939058171745
rolling_high_dist_96b,trend_efficiency_high,TREND_DOWN,1H,190,0.5551948051948052
rolling_high_dist_96b,trend_efficiency_high,TREND_DOWN,24H,190,0.6060606060606061
rolling_high_dist_96b,trend_efficiency_high,TREND_DOWN,2H,190,0.5153112449799196
rolling_high_dist_96b,trend_efficiency_high,TREND_DOWN,4H,189,0.5352504638218923
rolling_high_dist_96b,trend_efficiency_high,TREND_DOWN,8H,189,0.5756802721088435
rolling_high_dist_96b,trend_efficiency_high,TREND_UP,12H,179,0.6072124756335282
rolling_high_dist_96b,trend_efficiency_high,TREND_UP,1H,179,0.5696329813976873
rolling_high_dist_96b,trend_efficiency_high,TREND_UP,24H,179,0.5138702460850112
rolling_high_dist_96b,trend_efficiency_high,TREND_UP,2H,179,0.5917691579943236
rolling_high_dist_96b,trend_efficiency_high,TREND_UP,4H,179,0.6
rolling_high_dist_96b,trend_efficiency_high,TREND_UP,8H,179,0.5520833333333333
rolling_high_dist_96b,trend_efficiency_high,VOLATILITY_EXPANSION,12H,324,0.5004949095022625
rolling_high_dist_96b,trend_efficiency_high,VOLATILITY_EXPANSION,1H,324,0.5021890096618358
rolling_high_dist_96b,trend_efficiency_high,VOLATILITY_EXPANSION,24H,324,0.5303496675695641
rolling_high_dist_96b,trend_efficiency_high,VOLATILITY_EXPANSION,2H,324,0.5212620027434842
rolling_high_dist_96b,trend_efficiency_high,VOLATILITY_EXPANSION,4H,319,0.5238715277777778
rolling_high_dist_96b,trend_efficiency_high,VOLATILITY_EXPANSION,8H,319,0.5239040998723223
bb_keltner_width_ratio_20b,upside_breakout_occurred,HIGH_VOL,12H,163,0.5889766170665047
bb_keltner_width_ratio_20b,upside_breakout_occurred,HIGH_VOL,1H,163,0.5345501955671448
bb_keltner_width_ratio_20b,upside_breakout_occurred,HIGH_VOL,24H,163,0.5778388278388278
bb_keltner_width_ratio_20b,upside_breakout_occurred,HIGH_VOL,2H,163,0.5494672754946728
bb_keltner_width_ratio_20b,upside_breakout_occurred,HIGH_VOL,4H,163,0.5480711271850512
bb_keltner_width_ratio_20b,upside_breakout_occurred,HIGH_VOL,8H,163,0.5892479613409847
bb_keltner_width_ratio_20b,upside_breakout_occurred,LOW_VOL_RANGE,12H,1024,0.5674758301807482
bb_keltner_width_ratio_20b,upside_breakout_occurred,LOW_VOL_RANGE,1H,1024,0.542452989290834
bb_keltner_width_ratio_20b,upside_breakout_occurred,LOW_VOL_RANGE,24H,1024,0.532292247629671
bb_keltner_width_ratio_20b,upside_breakout_occurred,LOW_VOL_RANGE,2H,1024,0.5347998761896042
bb_keltner_width_ratio_20b,upside_breakout_occurred,LOW_VOL_RANGE,4H,1016,0.505957475714965
bb_keltner_width_ratio_20b,upside_breakout_occurred,LOW_VOL_RANGE,8H,1016,0.5428745415150185
bb_keltner_width_ratio_20b,upside_breakout_occurred,NORMAL_RANGE,12H,2314,0.5251169897425536
bb_keltner_width_ratio_20b,upside_breakout_occurred,NORMAL_RANGE,1H,2314,0.5225031965337149
bb_keltner_width_ratio_20b,upside_breakout_occurred,NORMAL_RANGE,24H,2314,0.540523765495514
bb_keltner_width_ratio_20b,upside_breakout_occurred,NORMAL_RANGE,2H,2314,0.5327100373299878
bb_keltner_width_ratio_20b,upside_breakout_occurred,NORMAL_RANGE,4H,2303,0.5296200482478415
bb_keltner_width_ratio_20b,upside_breakout_occurred,NORMAL_RANGE,8H,2303,0.5236504022314752
bb_keltner_width_ratio_20b,upside_breakout_occurred,TREND_DOWN,12H,190,0.5413324420677361
bb_keltner_width_ratio_20b,upside_breakout_occurred,TREND_DOWN,1H,190,0.6400766558869326
bb_keltner_width_ratio_20b,upside_breakout_occurred,TREND_DOWN,24H,190,0.561831550802139
bb_keltner_width_ratio_20b,upside_breakout_occurred,TREND_DOWN,2H,190,0.5970410065237651
bb_keltner_width_ratio_20b,upside_breakout_occurred,TREND_DOWN,4H,189,0.5887226697353279
bb_keltner_width_ratio_20b,upside_breakout_occurred,TREND_DOWN,8H,189,0.5383663366336633
bb_keltner_width_ratio_20b,upside_breakout_occurred,TREND_UP,12H,179,0.5068545316070068
bb_keltner_width_ratio_20b,upside_breakout_occurred,TREND_UP,1H,179,0.622002997002997
bb_keltner_width_ratio_20b,upside_breakout_occurred,TREND_UP,24H,179,0.5492007992007992
bb_keltner_width_ratio_20b,upside_breakout_occurred,TREND_UP,2H,179,0.5766917293233083
bb_keltner_width_ratio_20b,upside_breakout_occurred,TREND_UP,4H,179,0.5947435897435898
bb_keltner_width_ratio_20b,upside_breakout_occurred,TREND_UP,8H,179,0.5367948717948718
bb_keltner_width_ratio_20b,upside_breakout_occurred,VOLATILITY_EXPANSION,12H,324,0.5271356555701894
bb_keltner_width_ratio_20b,upside_breakout_occurred,VOLATILITY_EXPANSION,1H,324,0.5715467708572741
bb_keltner_width_ratio_20b,upside_breakout_occurred,VOLATILITY_EXPANSION,24H,324,0.5155828840970351
bb_keltner_width_ratio_20b,upside_breakout_occurred,VOLATILITY_EXPANSION,2H,324,0.5479501535127325
bb_keltner_width_ratio_20b,upside_breakout_occurred,VOLATILITY_EXPANSION,4H,319,0.546027397260274
bb_keltner_width_ratio_20b,upside_breakout_occurred,VOLATILITY_EXPANSION,8H,319,0.5137331838565022
bb_keltner_width_ratio_20b,downside_breakdown_occurred,HIGH_VOL,12H,163,0.5411145090044173
bb_keltner_width_ratio_20b,downside_breakdown_occurred,HIGH_VOL,1H,163,0.5031986531986532
bb_keltner_width_ratio_20b,downside_breakdown_occurred,HIGH_VOL,24H,163,0.5181787291879034
bb_keltner_width_ratio_20b,downside_breakdown_occurred,HIGH_VOL,2H,163,0.5324185248713551
bb_keltner_width_ratio_20b,downside_breakdown_occurred,HIGH_VOL,4H,163,0.5227354099534551
bb_keltner_width_ratio_20b,downside_breakdown_occurred,HIGH_VOL,8H,163,0.5585760517799353
bb_keltner_width_ratio_20b,downside_breakdown_occurred,LOW_VOL_RANGE,12H,1024,0.5161712075136019
bb_keltner_width_ratio_20b,downside_breakdown_occurred,LOW_VOL_RANGE,1H,1024,0.5042972258523151
bb_keltner_width_ratio_20b,downside_breakdown_occurred,LOW_VOL_RANGE,24H,1024,0.501251968643273
bb_keltner_width_ratio_20b,downside_breakdown_occurred,LOW_VOL_RANGE,2H,1024,0.5102666797713238
bb_keltner_width_ratio_20b,downside_breakdown_occurred,LOW_VOL_RANGE,4H,1016,0.5011728554820211
bb_keltner_width_ratio_20b,downside_breakdown_occurred,LOW_VOL_RANGE,8H,1016,0.5223125988924051
bb_keltner_width_ratio_20b,downside_breakdown_occurred,NORMAL_RANGE,12H,2314,0.5055720375106565
bb_keltner_width_ratio_20b,downside_breakdown_occurred,NORMAL_RANGE,1H,2314,0.5141232051845487
bb_keltner_width_ratio_20b,downside_breakdown_occurred,NORMAL_RANGE,24H,2314,0.510623742959528
bb_keltner_width_ratio_20b,downside_breakdown_occurred,NORMAL_RANGE,2H,2314,0.518174571413818
bb_keltner_width_ratio_20b,downside_breakdown_occurred,NORMAL_RANGE,4H,2303,0.5071232899524558
bb_keltner_width_ratio_20b,downside_breakdown_occurred,NORMAL_RANGE,8H,2303,0.5044833329920061
bb_keltner_width_ratio_20b,downside_breakdown_occurred,TREND_DOWN,12H,190,0.5024379432624113
bb_keltner_width_ratio_20b,downside_breakdown_occurred,TREND_DOWN,1H,190,0.5085227272727273
bb_keltner_width_ratio_20b,downside_breakdown_occurred,TREND_DOWN,24H,190,0.5437721631205674
bb_keltner_width_ratio_20b,downside_breakdown_occurred,TREND_DOWN,2H,190,0.5551115551115551
bb_keltner_width_ratio_20b,downside_breakdown_occurred,TREND_DOWN,4H,189,0.5627521290900941
bb_keltner_width_ratio_20b,downside_breakdown_occurred,TREND_DOWN,8H,189,0.5602941176470588
bb_keltner_width_ratio_20b,downside_breakdown_occurred,TREND_UP,12H,179,0.5361766945925361
bb_keltner_width_ratio_20b,downside_breakdown_occurred,TREND_UP,1H,179,0.6155383795309168
bb_keltner_width_ratio_20b,downside_breakdown_occurred,TREND_UP,24H,179,0.5226301232084486
bb_keltner_width_ratio_20b,downside_breakdown_occurred,TREND_UP,2H,179,0.5888550393500889
bb_keltner_width_ratio_20b,downside_breakdown_occurred,TREND_UP,4H,179,0.5907692307692307
bb_keltner_width_ratio_20b,downside_breakdown_occurred,TREND_UP,8H,179,0.5059202059202059
bb_keltner_width_ratio_20b,downside_breakdown_occurred,VOLATILITY_EXPANSION,12H,324,0.5473830293417923
bb_keltner_width_ratio_20b,downside_breakdown_occurred,VOLATILITY_EXPANSION,1H,324,0.5299532365247355
bb_keltner_width_ratio_20b,downside_breakdown_occurred,VOLATILITY_EXPANSION,24H,324,0.6044067521506249
bb_keltner_width_ratio_20b,downside_breakdown_occurred,VOLATILITY_EXPANSION,2H,324,0.6004681151739975
bb_keltner_width_ratio_20b,downside_breakdown_occurred,VOLATILITY_EXPANSION,4H,319,0.5758917278016696
bb_keltner_width_ratio_20b,downside_breakdown_occurred,VOLATILITY_EXPANSION,8H,319,0.5350337022551386
bb_keltner_width_ratio_20b,range_breached,HIGH_VOL,12H,163,0.663963963963964
bb_keltner_width_ratio_20b,range_breached,HIGH_VOL,1H,163,0.8468354430379746
bb_keltner_width_ratio_20b,range_breached,HIGH_VOL,24H,163,0.6502564102564102
bb_keltner_width_ratio_20b,range_breached,HIGH_VOL,2H,163,0.5944798301486199
bb_keltner_width_ratio_20b,range_breached,HIGH_VOL,4H,163,0.554945054945055
bb_keltner_width_ratio_20b,range_breached,HIGH_VOL,8H,163,0.5034965034965035
bb_keltner_width_ratio_20b,range_breached,LOW_VOL_RANGE,12H,1024,0.5994334480780263
bb_keltner_width_ratio_20b,range_breached,LOW_VOL_RANGE,1H,1024,0.6029190284509434
bb_keltner_width_ratio_20b,range_breached,LOW_VOL_RANGE,24H,1024,0.536096256684492
bb_keltner_width_ratio_20b,range_breached,LOW_VOL_RANGE,2H,1024,0.572733918128655
bb_keltner_width_ratio_20b,range_breached,LOW_VOL_RANGE,4H,1016,0.5378108733371891
bb_keltner_width_ratio_20b,range_breached,LOW_VOL_RANGE,8H,1016,0.6226142278773859
bb_keltner_width_ratio_20b,range_breached,NORMAL_RANGE,12H,2314,0.5382177456621396
bb_keltner_width_ratio_20b,range_breached,NORMAL_RANGE,1H,2314,0.5836330935251799
bb_keltner_width_ratio_20b,range_breached,NORMAL_RANGE,24H,2314,0.5986747599224906
bb_keltner_width_ratio_20b,range_breached,NORMAL_RANGE,2H,2314,0.6168444740359951
bb_keltner_width_ratio_20b,range_breached,NORMAL_RANGE,4H,2303,0.5812059046998805
bb_keltner_width_ratio_20b,range_breached,NORMAL_RANGE,8H,2303,0.5450476672572344
bb_keltner_width_ratio_20b,range_breached,TREND_DOWN,12H,190,0.5839587242026266
bb_keltner_width_ratio_20b,range_breached,TREND_DOWN,1H,190,0.6865011900714043
bb_keltner_width_ratio_20b,range_breached,TREND_DOWN,24H,190,0.5630020080321285
bb_keltner_width_ratio_20b,range_breached,TREND_DOWN,2H,190,0.5904712314501432
bb_keltner_width_ratio_20b,range_breached,TREND_DOWN,4H,189,0.6310013717421125
bb_keltner_width_ratio_20b,range_breached,TREND_DOWN,8H,189,0.5532828282828283
bb_keltner_width_ratio_20b,range_breached,TREND_UP,12H,179,0.5239080459770115
bb_keltner_width_ratio_20b,range_breached,TREND_UP,1H,179,0.7881828316610926
bb_keltner_width_ratio_20b,range_breached,TREND_UP,24H,179,0.5385525070955535
bb_keltner_width_ratio_20b,range_breached,TREND_UP,2H,179,0.7349462365591397
bb_keltner_width_ratio_20b,range_breached,TREND_UP,4H,179,0.6981609195402299
bb_keltner_width_ratio_20b,range_breached,TREND_UP,8H,179,0.5158382066276803
bb_keltner_width_ratio_20b,range_breached,VOLATILITY_EXPANSION,12H,324,0.6440034512510785
bb_keltner_width_ratio_20b,range_breached,VOLATILITY_EXPANSION,1H,324,0.6613756613756614
bb_keltner_width_ratio_20b,range_breached,VOLATILITY_EXPANSION,24H,324,0.6272909698996656
bb_keltner_width_ratio_20b,range_breached,VOLATILITY_EXPANSION,2H,324,0.6484903109508788
bb_keltner_width_ratio_20b,range_breached,VOLATILITY_EXPANSION,4H,319,0.7934083601286174
bb_keltner_width_ratio_20b,range_breached,VOLATILITY_EXPANSION,8H,319,0.5658205430932703
bb_keltner_width_ratio_20b,path_inside_70,HIGH_VOL,12H,163,0.663963963963964
bb_keltner_width_ratio_20b,path_inside_70,HIGH_VOL,1H,163,0.8468354430379746
bb_keltner_width_ratio_20b,path_inside_70,HIGH_VOL,24H,163,0.6502564102564102
bb_keltner_width_ratio_20b,path_inside_70,HIGH_VOL,2H,163,0.5944798301486199
bb_keltner_width_ratio_20b,path_inside_70,HIGH_VOL,4H,163,0.554945054945055
bb_keltner_width_ratio_20b,path_inside_70,HIGH_VOL,8H,163,0.5034965034965035
bb_keltner_width_ratio_20b,path_inside_70,LOW_VOL_RANGE,12H,1024,0.5994334480780263
bb_keltner_width_ratio_20b,path_inside_70,LOW_VOL_RANGE,1H,1024,0.6029190284509434
bb_keltner_width_ratio_20b,path_inside_70,LOW_VOL_RANGE,24H,1024,0.536096256684492
bb_keltner_width_ratio_20b,path_inside_70,LOW_VOL_RANGE,2H,1024,0.5727339181286549
bb_keltner_width_ratio_20b,path_inside_70,LOW_VOL_RANGE,4H,1016,0.5378108733371891
bb_keltner_width_ratio_20b,path_inside_70,LOW_VOL_RANGE,8H,1016,0.6226142278773857
bb_keltner_width_ratio_20b,path_inside_70,NORMAL_RANGE,12H,2314,0.5382177456621396
bb_keltner_width_ratio_20b,path_inside_70,NORMAL_RANGE,1H,2314,0.5836330935251799
bb_keltner_width_ratio_20b,path_inside_70,NORMAL_RANGE,24H,2314,0.5986747599224905
bb_keltner_width_ratio_20b,path_inside_70,NORMAL_RANGE,2H,2314,0.6168444740359951
bb_keltner_width_ratio_20b,path_inside_70,NORMAL_RANGE,4H,2303,0.5812059046998806
bb_keltner_width_ratio_20b,path_inside_70,NORMAL_RANGE,8H,2303,0.5450476672572344
bb_keltner_width_ratio_20b,path_inside_70,TREND_DOWN,12H,190,0.5839587242026266
bb_keltner_width_ratio_20b,path_inside_70,TREND_DOWN,1H,190,0.6865011900714043
bb_keltner_width_ratio_20b,path_inside_70,TREND_DOWN,24H,190,0.5630020080321285
bb_keltner_width_ratio_20b,path_inside_70,TREND_DOWN,2H,190,0.5904712314501432
bb_keltner_width_ratio_20b,path_inside_70,TREND_DOWN,4H,189,0.6310013717421125
bb_keltner_width_ratio_20b,path_inside_70,TREND_DOWN,8H,189,0.5532828282828283
bb_keltner_width_ratio_20b,path_inside_70,TREND_UP,12H,179,0.5239080459770116
bb_keltner_width_ratio_20b,path_inside_70,TREND_UP,1H,179,0.7881828316610925
bb_keltner_width_ratio_20b,path_inside_70,TREND_UP,24H,179,0.5385525070955535
bb_keltner_width_ratio_20b,path_inside_70,TREND_UP,2H,179,0.7349462365591398
bb_keltner_width_ratio_20b,path_inside_70,TREND_UP,4H,179,0.6981609195402299
bb_keltner_width_ratio_20b,path_inside_70,TREND_UP,8H,179,0.5158382066276803
bb_keltner_width_ratio_20b,path_inside_70,VOLATILITY_EXPANSION,12H,324,0.6440034512510785
bb_keltner_width_ratio_20b,path_inside_70,VOLATILITY_EXPANSION,1H,324,0.6613756613756614
bb_keltner_width_ratio_20b,path_inside_70,VOLATILITY_EXPANSION,24H,324,0.6272909698996656
bb_keltner_width_ratio_20b,path_inside_70,VOLATILITY_EXPANSION,2H,324,0.6484903109508787
bb_keltner_width_ratio_20b,path_inside_70,VOLATILITY_EXPANSION,4H,319,0.7934083601286174
bb_keltner_width_ratio_20b,path_inside_70,VOLATILITY_EXPANSION,8H,319,0.5658205430932703
bb_keltner_width_ratio_20b,trend_efficiency_high,HIGH_VOL,12H,163,0.6798561151079137
bb_keltner_width_ratio_20b,trend_efficiency_high,HIGH_VOL,1H,163,0.5123543123543124
bb_keltner_width_ratio_20b,trend_efficiency_high,HIGH_VOL,24H,163,0.5594202898550724
bb_keltner_width_ratio_20b,trend_efficiency_high,HIGH_VOL,2H,163,0.5896032831737346
bb_keltner_width_ratio_20b,trend_efficiency_high,HIGH_VOL,4H,163,0.6673114119922631
bb_keltner_width_ratio_20b,trend_efficiency_high,HIGH_VOL,8H,163,0.5844298245614035
bb_keltner_width_ratio_20b,trend_efficiency_high,LOW_VOL_RANGE,12H,1024,0.5182254009588211
bb_keltner_width_ratio_20b,trend_efficiency_high,LOW_VOL_RANGE,1H,1024,0.5479585153624148
bb_keltner_width_ratio_20b,trend_efficiency_high,LOW_VOL_RANGE,24H,1024,0.5181777447688729
bb_keltner_width_ratio_20b,trend_efficiency_high,LOW_VOL_RANGE,2H,1024,0.507114552659323
bb_keltner_width_ratio_20b,trend_efficiency_high,LOW_VOL_RANGE,4H,1016,0.5111622962437987
bb_keltner_width_ratio_20b,trend_efficiency_high,LOW_VOL_RANGE,8H,1016,0.5096503235440518
bb_keltner_width_ratio_20b,trend_efficiency_high,NORMAL_RANGE,12H,2314,0.5133893657606104
bb_keltner_width_ratio_20b,trend_efficiency_high,NORMAL_RANGE,1H,2314,0.5134748458612095
bb_keltner_width_ratio_20b,trend_efficiency_high,NORMAL_RANGE,24H,2314,0.5147474024996236
bb_keltner_width_ratio_20b,trend_efficiency_high,NORMAL_RANGE,2H,2314,0.5131123180979709
bb_keltner_width_ratio_20b,trend_efficiency_high,NORMAL_RANGE,4H,2303,0.5068470549414288
bb_keltner_width_ratio_20b,trend_efficiency_high,NORMAL_RANGE,8H,2303,0.5123120074118259
bb_keltner_width_ratio_20b,trend_efficiency_high,TREND_DOWN,12H,190,0.5031163434903048
bb_keltner_width_ratio_20b,trend_efficiency_high,TREND_DOWN,1H,190,0.5297619047619048
bb_keltner_width_ratio_20b,trend_efficiency_high,TREND_DOWN,24H,190,0.6439393939393939
bb_keltner_width_ratio_20b,trend_efficiency_high,TREND_DOWN,2H,190,0.5122991967871486
bb_keltner_width_ratio_20b,trend_efficiency_high,TREND_DOWN,4H,189,0.5979591836734695
bb_keltner_width_ratio_20b,trend_efficiency_high,TREND_DOWN,8H,189,0.5532879818594104
bb_keltner_width_ratio_20b,trend_efficiency_high,TREND_UP,12H,179,0.6271929824561403
bb_keltner_width_ratio_20b,trend_efficiency_high,TREND_UP,1H,179,0.5992961287078934
bb_keltner_width_ratio_20b,trend_efficiency_high,TREND_UP,24H,179,0.5574944071588367
bb_keltner_width_ratio_20b,trend_efficiency_high,TREND_UP,2H,179,0.5898770104068117
bb_keltner_width_ratio_20b,trend_efficiency_high,TREND_UP,4H,179,0.5145413870246085
bb_keltner_width_ratio_20b,trend_efficiency_high,TREND_UP,8H,179,0.5999149659863946
bb_keltner_width_ratio_20b,trend_efficiency_high,VOLATILITY_EXPANSION,12H,324,0.5714083710407241
bb_keltner_width_ratio_20b,trend_efficiency_high,VOLATILITY_EXPANSION,1H,324,0.561292270531401
bb_keltner_width_ratio_20b,trend_efficiency_high,VOLATILITY_EXPANSION,24H,324,0.5531273085446935
bb_keltner_width_ratio_20b,trend_efficiency_high,VOLATILITY_EXPANSION,2H,324,0.5131001371742112
bb_keltner_width_ratio_20b,trend_efficiency_high,VOLATILITY_EXPANSION,4H,319,0.5445188492063492
bb_keltner_width_ratio_20b,trend_efficiency_high,VOLATILITY_EXPANSION,8H,319,0.5291530713576393
volume_rel_288b,upside_breakout_occurred,HIGH_VOL,12H,163,0.5461585180686305
volume_rel_288b,upside_breakout_occurred,HIGH_VOL,1H,163,0.6693285528031291
volume_rel_288b,upside_breakout_occurred,HIGH_VOL,24H,163,0.5209096459096458
volume_rel_288b,upside_breakout_occurred,HIGH_VOL,2H,163,0.5846270928462709
volume_rel_288b,upside_breakout_occurred,HIGH_VOL,4H,163,0.5512356841470766
volume_rel_288b,upside_breakout_occurred,HIGH_VOL,8H,163,0.5813953488372093
volume_rel_288b,upside_breakout_occurred,LOW_VOL_RANGE,12H,1024,0.5670870113493065
volume_rel_288b,upside_breakout_occurred,LOW_VOL_RANGE,1H,1024,0.5006155662366135
volume_rel_288b,upside_breakout_occurred,LOW_VOL_RANGE,24H,1024,0.5870255672645082
volume_rel_288b,upside_breakout_occurred,LOW_VOL_RANGE,2H,1024,0.5396215063888781
volume_rel_288b,upside_breakout_occurred,LOW_VOL_RANGE,4H,1016,0.5441931028236306
volume_rel_288b,upside_breakout_occurred,LOW_VOL_RANGE,8H,1016,0.553231463517105
volume_rel_288b,upside_breakout_occurred,NORMAL_RANGE,12H,2314,0.5406220356986076
volume_rel_288b,upside_breakout_occurred,NORMAL_RANGE,1H,2314,0.5049192549571324
volume_rel_288b,upside_breakout_occurred,NORMAL_RANGE,24H,2314,0.5643611738921992
volume_rel_288b,upside_breakout_occurred,NORMAL_RANGE,2H,2314,0.5131892197740973
volume_rel_288b,upside_breakout_occurred,NORMAL_RANGE,4H,2303,0.5251436325545962
volume_rel_288b,upside_breakout_occurred,NORMAL_RANGE,8H,2303,0.5375583134575737
volume_rel_288b,upside_breakout_occurred,TREND_DOWN,12H,190,0.5939171122994653
volume_rel_288b,upside_breakout_occurred,TREND_DOWN,1H,190,0.5513235117978201
volume_rel_288b,upside_breakout_occurred,TREND_DOWN,24H,190,0.5980392156862745
volume_rel_288b,upside_breakout_occurred,TREND_DOWN,2H,190,0.5131640260950606
volume_rel_288b,upside_breakout_occurred,TREND_DOWN,4H,189,0.5600690448791714
volume_rel_288b,upside_breakout_occurred,TREND_DOWN,8H,189,0.5742574257425743
volume_rel_288b,upside_breakout_occurred,TREND_UP,12H,179,0.6138613861386139
volume_rel_288b,upside_breakout_occurred,TREND_UP,1H,179,0.5534465534465535
volume_rel_288b,upside_breakout_occurred,TREND_UP,24H,179,0.5984015984015985
volume_rel_288b,upside_breakout_occurred,TREND_UP,2H,179,0.5299498746867168
volume_rel_288b,upside_breakout_occurred,TREND_UP,4H,179,0.5470512820512821
volume_rel_288b,upside_breakout_occurred,TREND_UP,8H,179,0.5817948717948718
volume_rel_288b,upside_breakout_occurred,VOLATILITY_EXPANSION,12H,324,0.6296834551977837
volume_rel_288b,upside_breakout_occurred,VOLATILITY_EXPANSION,1H,324,0.5017237416685819
volume_rel_288b,upside_breakout_occurred,VOLATILITY_EXPANSION,24H,324,0.6127021563342319
volume_rel_288b,upside_breakout_occurred,VOLATILITY_EXPANSION,2H,324,0.5034314610800072
volume_rel_288b,upside_breakout_occurred,VOLATILITY_EXPANSION,4H,319,0.5231963470319635
volume_rel_288b,upside_breakout_occurred,VOLATILITY_EXPANSION,8H,319,0.5912742899850523
volume_rel_288b,downside_breakdown_occurred,HIGH_VOL,12H,163,0.6022765885151207
volume_rel_288b,downside_breakdown_occurred,HIGH_VOL,1H,163,0.5047138047138047
volume_rel_288b,downside_breakdown_occurred,HIGH_VOL,24H,163,0.5603126061841659
volume_rel_288b,downside_breakdown_occurred,HIGH_VOL,2H,163,0.5648370497427101
volume_rel_288b,downside_breakdown_occurred,HIGH_VOL,4H,163,0.5945220193340495
volume_rel_288b,downside_breakdown_occurred,HIGH_VOL,8H,163,0.6516181229773463
volume_rel_288b,downside_breakdown_occurred,LOW_VOL_RANGE,12H,1024,0.5160553590268727
volume_rel_288b,downside_breakdown_occurred,LOW_VOL_RANGE,1H,1024,0.5194726693030364
volume_rel_288b,downside_breakdown_occurred,LOW_VOL_RANGE,24H,1024,0.5392091805135284
volume_rel_288b,downside_breakdown_occurred,LOW_VOL_RANGE,2H,1024,0.5057332874670336
volume_rel_288b,downside_breakdown_occurred,LOW_VOL_RANGE,4H,1016,0.5013412865670048
volume_rel_288b,downside_breakdown_occurred,LOW_VOL_RANGE,8H,1016,0.5140674446202531
volume_rel_288b,downside_breakdown_occurred,NORMAL_RANGE,12H,2314,0.541687127024723
volume_rel_288b,downside_breakdown_occurred,NORMAL_RANGE,1H,2314,0.5048564147638944
volume_rel_288b,downside_breakdown_occurred,NORMAL_RANGE,24H,2314,0.5453972979640649
volume_rel_288b,downside_breakdown_occurred,NORMAL_RANGE,2H,2314,0.5202335923783952
volume_rel_288b,downside_breakdown_occurred,NORMAL_RANGE,4H,2303,0.5378704235672237
volume_rel_288b,downside_breakdown_occurred,NORMAL_RANGE,8H,2303,0.5339228054366599
volume_rel_288b,downside_breakdown_occurred,TREND_DOWN,12H,190,0.5567375886524824
volume_rel_288b,downside_breakdown_occurred,TREND_DOWN,1H,190,0.5054545454545454
volume_rel_288b,downside_breakdown_occurred,TREND_DOWN,24H,190,0.5356826241134751
volume_rel_288b,downside_breakdown_occurred,TREND_DOWN,2H,190,0.5300255300255301
volume_rel_288b,downside_breakdown_occurred,TREND_DOWN,4H,189,0.5760869565217391
volume_rel_288b,downside_breakdown_occurred,TREND_DOWN,8H,189,0.5578054298642534
volume_rel_288b,downside_breakdown_occurred,TREND_UP,12H,179,0.5074892104595075
volume_rel_288b,downside_breakdown_occurred,TREND_UP,1H,179,0.5162579957356077
volume_rel_288b,downside_breakdown_occurred,TREND_UP,24H,179,0.538974101081217
volume_rel_288b,downside_breakdown_occurred,TREND_UP,2H,179,0.5157400355420158
volume_rel_288b,downside_breakdown_occurred,TREND_UP,4H,179,0.5371794871794872
volume_rel_288b,downside_breakdown_occurred,TREND_UP,8H,179,0.5651222651222652
volume_rel_288b,downside_breakdown_occurred,VOLATILITY_EXPANSION,12H,324,0.5377081681205392
volume_rel_288b,downside_breakdown_occurred,VOLATILITY_EXPANSION,1H,324,0.5011075559931085
volume_rel_288b,downside_breakdown_occurred,VOLATILITY_EXPANSION,24H,324,0.6001866580100633
volume_rel_288b,downside_breakdown_occurred,VOLATILITY_EXPANSION,2H,324,0.5438085143967497
volume_rel_288b,downside_breakdown_occurred,VOLATILITY_EXPANSION,4H,319,0.509317817691205
volume_rel_288b,downside_breakdown_occurred,VOLATILITY_EXPANSION,8H,319,0.5109844387118249
volume_rel_288b,range_breached,HIGH_VOL,12H,163,0.6689189189189189
volume_rel_288b,range_breached,HIGH_VOL,1H,163,0.589873417721519
volume_rel_288b,range_breached,HIGH_VOL,24H,163,0.6958974358974359
volume_rel_288b,range_breached,HIGH_VOL,2H,163,0.5668789808917197
volume_rel_288b,range_breached,HIGH_VOL,4H,163,0.608974358974359
volume_rel_288b,range_breached,HIGH_VOL,8H,163,0.5979020979020979
volume_rel_288b,range_breached,LOW_VOL_RANGE,12H,1024,0.6792527251864602
volume_rel_288b,range_breached,LOW_VOL_RANGE,1H,1024,0.5556011938990663
volume_rel_288b,range_breached,LOW_VOL_RANGE,24H,1024,0.6387106357694593
volume_rel_288b,range_breached,LOW_VOL_RANGE,2H,1024,0.559857174988754
volume_rel_288b,range_breached,LOW_VOL_RANGE,4H,1016,0.6197946790052054
volume_rel_288b,range_breached,LOW_VOL_RANGE,8H,1016,0.6646182764603817
volume_rel_288b,range_breached,NORMAL_RANGE,12H,2314,0.666658487811461
volume_rel_288b,range_breached,NORMAL_RANGE,1H,2314,0.5636241007194245
volume_rel_288b,range_breached,NORMAL_RANGE,24H,2314,0.7859749500284242
volume_rel_288b,range_breached,NORMAL_RANGE,2H,2314,0.6286948577799112
volume_rel_288b,range_breached,NORMAL_RANGE,4H,2303,0.6620481927710844
volume_rel_288b,range_breached,NORMAL_RANGE,8H,2303,0.666535898084873
volume_rel_288b,range_breached,TREND_DOWN,12H,190,0.6381332082551594
volume_rel_288b,range_breached,TREND_DOWN,1H,190,0.527711662699762
volume_rel_288b,range_breached,TREND_DOWN,24H,190,0.6726907630522088
volume_rel_288b,range_breached,TREND_DOWN,2H,190,0.5475136683155428
volume_rel_288b,range_breached,TREND_DOWN,4H,189,0.6815272062185642
volume_rel_288b,range_breached,TREND_DOWN,8H,189,0.648989898989899
volume_rel_288b,range_breached,TREND_UP,12H,179,0.6280459770114942
volume_rel_288b,range_breached,TREND_UP,1H,179,0.5091973244147158
volume_rel_288b,range_breached,TREND_UP,24H,179,0.586329233680227
volume_rel_288b,range_breached,TREND_UP,2H,179,0.5870967741935484
volume_rel_288b,range_breached,TREND_UP,4H,179,0.5517241379310345
volume_rel_288b,range_breached,TREND_UP,8H,179,0.6505847953216375
volume_rel_288b,range_breached,VOLATILITY_EXPANSION,12H,324,0.7240724762726488
volume_rel_288b,range_breached,VOLATILITY_EXPANSION,1H,324,0.7153439153439154
volume_rel_288b,range_breached,VOLATILITY_EXPANSION,24H,324,0.7328428093645485
volume_rel_288b,range_breached,VOLATILITY_EXPANSION,2H,324,0.7769265434880577
volume_rel_288b,range_breached,VOLATILITY_EXPANSION,4H,319,0.7692926045016077
volume_rel_288b,range_breached,VOLATILITY_EXPANSION,8H,319,0.7497048406139315
volume_rel_288b,path_inside_70,HIGH_VOL,12H,163,0.668918918918919
volume_rel_288b,path_inside_70,HIGH_VOL,1H,163,0.589873417721519
volume_rel_288b,path_inside_70,HIGH_VOL,24H,163,0.6958974358974359
volume_rel_288b,path_inside_70,HIGH_VOL,2H,163,0.5668789808917197
volume_rel_288b,path_inside_70,HIGH_VOL,4H,163,0.6089743589743589
volume_rel_288b,path_inside_70,HIGH_VOL,8H,163,0.5979020979020979
volume_rel_288b,path_inside_70,LOW_VOL_RANGE,12H,1024,0.6792527251864601
volume_rel_288b,path_inside_70,LOW_VOL_RANGE,1H,1024,0.5556011938990663
volume_rel_288b,path_inside_70,LOW_VOL_RANGE,24H,1024,0.6387106357694593
volume_rel_288b,path_inside_70,LOW_VOL_RANGE,2H,1024,0.559857174988754
volume_rel_288b,path_inside_70,LOW_VOL_RANGE,4H,1016,0.6197946790052054
volume_rel_288b,path_inside_70,LOW_VOL_RANGE,8H,1016,0.6646182764603817
volume_rel_288b,path_inside_70,NORMAL_RANGE,12H,2314,0.666658487811461
volume_rel_288b,path_inside_70,NORMAL_RANGE,1H,2314,0.5636241007194245
volume_rel_288b,path_inside_70,NORMAL_RANGE,24H,2314,0.7859749500284242
volume_rel_288b,path_inside_70,NORMAL_RANGE,2H,2314,0.6286948577799111
volume_rel_288b,path_inside_70,NORMAL_RANGE,4H,2303,0.6620481927710843
volume_rel_288b,path_inside_70,NORMAL_RANGE,8H,2303,0.666535898084873
volume_rel_288b,path_inside_70,TREND_DOWN,12H,190,0.6381332082551595
volume_rel_288b,path_inside_70,TREND_DOWN,1H,190,0.527711662699762
volume_rel_288b,path_inside_70,TREND_DOWN,24H,190,0.6726907630522089
volume_rel_288b,path_inside_70,TREND_DOWN,2H,190,0.5475136683155428
volume_rel_288b,path_inside_70,TREND_DOWN,4H,189,0.6815272062185642
volume_rel_288b,path_inside_70,TREND_DOWN,8H,189,0.648989898989899
volume_rel_288b,path_inside_70,TREND_UP,12H,179,0.6280459770114942
volume_rel_288b,path_inside_70,TREND_UP,1H,179,0.5091973244147157
volume_rel_288b,path_inside_70,TREND_UP,24H,179,0.586329233680227
volume_rel_288b,path_inside_70,TREND_UP,2H,179,0.5870967741935483
volume_rel_288b,path_inside_70,TREND_UP,4H,179,0.5517241379310345
volume_rel_288b,path_inside_70,TREND_UP,8H,179,0.6505847953216374
volume_rel_288b,path_inside_70,VOLATILITY_EXPANSION,12H,324,0.7240724762726488
volume_rel_288b,path_inside_70,VOLATILITY_EXPANSION,1H,324,0.7153439153439154
volume_rel_288b,path_inside_70,VOLATILITY_EXPANSION,24H,324,0.7328428093645485
volume_rel_288b,path_inside_70,VOLATILITY_EXPANSION,2H,324,0.7769265434880577
volume_rel_288b,path_inside_70,VOLATILITY_EXPANSION,4H,319,0.7692926045016077
volume_rel_288b,path_inside_70,VOLATILITY_EXPANSION,8H,319,0.7497048406139315
volume_rel_288b,trend_efficiency_high,HIGH_VOL,12H,163,0.6037170263788969
volume_rel_288b,trend_efficiency_high,HIGH_VOL,1H,163,0.5620046620046619
volume_rel_288b,trend_efficiency_high,HIGH_VOL,24H,163,0.5802536231884058
volume_rel_288b,trend_efficiency_high,HIGH_VOL,2H,163,0.5953032375740994
volume_rel_288b,trend_efficiency_high,HIGH_VOL,4H,163,0.6086395873629916
volume_rel_288b,trend_efficiency_high,HIGH_VOL,8H,163,0.6948099415204678
volume_rel_288b,trend_efficiency_high,LOW_VOL_RANGE,12H,1024,0.5209494608881395
volume_rel_288b,trend_efficiency_high,LOW_VOL_RANGE,1H,1024,0.5258919125108857
volume_rel_288b,trend_efficiency_high,LOW_VOL_RANGE,24H,1024,0.5790975883721359
volume_rel_288b,trend_efficiency_high,LOW_VOL_RANGE,2H,1024,0.5034718435307377
volume_rel_288b,trend_efficiency_high,LOW_VOL_RANGE,4H,1016,0.505173635719348
volume_rel_288b,trend_efficiency_high,LOW_VOL_RANGE,8H,1016,0.5378111000497761
volume_rel_288b,trend_efficiency_high,NORMAL_RANGE,12H,2314,0.5300739151168335
volume_rel_288b,trend_efficiency_high,NORMAL_RANGE,1H,2314,0.5106339367703004
volume_rel_288b,trend_efficiency_high,NORMAL_RANGE,24H,2314,0.5198941706821262
volume_rel_288b,trend_efficiency_high,NORMAL_RANGE,2H,2314,0.5095741955318713
volume_rel_288b,trend_efficiency_high,NORMAL_RANGE,4H,2303,0.5130481134110898
volume_rel_288b,trend_efficiency_high,NORMAL_RANGE,8H,2303,0.5237977992968919
volume_rel_288b,trend_efficiency_high,TREND_DOWN,12H,190,0.5124653739612188
volume_rel_288b,trend_efficiency_high,TREND_DOWN,1H,190,0.5708874458874459
volume_rel_288b,trend_efficiency_high,TREND_DOWN,24H,190,0.5046897546897546
volume_rel_288b,trend_efficiency_high,TREND_DOWN,2H,190,0.5793172690763052
volume_rel_288b,trend_efficiency_high,TREND_DOWN,4H,189,0.586456400742115
volume_rel_288b,trend_efficiency_high,TREND_DOWN,8H,189,0.5393990929705215
volume_rel_288b,trend_efficiency_high,TREND_UP,12H,179,0.5026803118908382
volume_rel_288b,trend_efficiency_high,TREND_UP,1H,179,0.5191050779286074
volume_rel_288b,trend_efficiency_high,TREND_UP,24H,179,0.5185682326621923
volume_rel_288b,trend_efficiency_high,TREND_UP,2H,179,0.6071428571428572
volume_rel_288b,trend_efficiency_high,TREND_UP,4H,179,0.6355704697986577
volume_rel_288b,trend_efficiency_high,TREND_UP,8H,179,0.5824829931972789
volume_rel_288b,trend_efficiency_high,VOLATILITY_EXPANSION,12H,324,0.5360576923076923
volume_rel_288b,trend_efficiency_high,VOLATILITY_EXPANSION,1H,324,0.5601600241545894
volume_rel_288b,trend_efficiency_high,VOLATILITY_EXPANSION,24H,324,0.5159443486825905
volume_rel_288b,trend_efficiency_high,VOLATILITY_EXPANSION,2H,324,0.5055555555555555
volume_rel_288b,trend_efficiency_high,VOLATILITY_EXPANSION,4H,319,0.5375744047619048
volume_rel_288b,trend_efficiency_high,VOLATILITY_EXPANSION,8H,319,0.5036175344020428
volume_percentile_288b,upside_breakout_occurred,HIGH_VOL,12H,163,0.5520801700576982
volume_percentile_288b,upside_breakout_occurred,HIGH_VOL,1H,163,0.6749511082138201
volume_percentile_288b,upside_breakout_occurred,HIGH_VOL,24H,163,0.522130647130647
volume_percentile_288b,upside_breakout_occurred,HIGH_VOL,2H,163,0.5780060882800608
volume_percentile_288b,upside_breakout_occurred,HIGH_VOL,4H,163,0.5558318264014467
volume_percentile_288b,upside_breakout_occurred,HIGH_VOL,8H,163,0.5876623376623377
volume_percentile_288b,upside_breakout_occurred,LOW_VOL_RANGE,12H,1024,0.5575451870533839
volume_percentile_288b,upside_breakout_occurred,LOW_VOL_RANGE,1H,1024,0.5060397166708829
volume_percentile_288b,upside_breakout_occurred,LOW_VOL_RANGE,24H,1024,0.5853934893004961
volume_percentile_288b,upside_breakout_occurred,LOW_VOL_RANGE,2H,1024,0.5319160530640894
volume_percentile_288b,upside_breakout_occurred,LOW_VOL_RANGE,4H,1016,0.5381654326019518
volume_percentile_288b,upside_breakout_occurred,LOW_VOL_RANGE,8H,1016,0.5429618719876887
volume_percentile_288b,upside_breakout_occurred,NORMAL_RANGE,12H,2314,0.535377681919354
volume_percentile_288b,upside_breakout_occurred,NORMAL_RANGE,1H,2314,0.5013912437021271
volume_percentile_288b,upside_breakout_occurred,NORMAL_RANGE,24H,2314,0.5595164714745565
volume_percentile_288b,upside_breakout_occurred,NORMAL_RANGE,2H,2314,0.5105216662870886
volume_percentile_288b,upside_breakout_occurred,NORMAL_RANGE,4H,2303,0.5202252094972066
volume_percentile_288b,upside_breakout_occurred,NORMAL_RANGE,8H,2303,0.5326203662529814
volume_percentile_288b,upside_breakout_occurred,TREND_DOWN,12H,190,0.59375
volume_percentile_288b,upside_breakout_occurred,TREND_DOWN,1H,190,0.5534794586177986
volume_percentile_288b,upside_breakout_occurred,TREND_DOWN,24H,190,0.5959224598930482
volume_percentile_288b,upside_breakout_occurred,TREND_DOWN,2H,190,0.5231826654240447
volume_percentile_288b,upside_breakout_occurred,TREND_DOWN,4H,189,0.5608170310701956
volume_percentile_288b,upside_breakout_occurred,TREND_DOWN,8H,189,0.5747074707470747
volume_percentile_288b,upside_breakout_occurred,TREND_UP,12H,179,0.6202081746636202
volume_percentile_288b,upside_breakout_occurred,TREND_UP,1H,179,0.5611263736263736
volume_percentile_288b,upside_breakout_occurred,TREND_UP,24H,179,0.6007117882117883
volume_percentile_288b,upside_breakout_occurred,TREND_UP,2H,179,0.5244360902255639
volume_percentile_288b,upside_breakout_occurred,TREND_UP,4H,179,0.5375
volume_percentile_288b,upside_breakout_occurred,TREND_UP,8H,179,0.5797435897435897
volume_percentile_288b,upside_breakout_occurred,VOLATILITY_EXPANSION,12H,324,0.6363140923747672
volume_percentile_288b,upside_breakout_occurred,VOLATILITY_EXPANSION,1H,324,0.5063663525626293
volume_percentile_288b,upside_breakout_occurred,VOLATILITY_EXPANSION,24H,324,0.6221361185983827
volume_percentile_288b,upside_breakout_occurred,VOLATILITY_EXPANSION,2H,324,0.5154867256637168
volume_percentile_288b,upside_breakout_occurred,VOLATILITY_EXPANSION,4H,319,0.5250913242009132
volume_percentile_288b,upside_breakout_occurred,VOLATILITY_EXPANSION,8H,319,0.602017937219731
volume_percentile_288b,downside_breakdown_occurred,HIGH_VOL,12H,163,0.5942915392456677
volume_percentile_288b,downside_breakdown_occurred,HIGH_VOL,1H,163,0.517003367003367
volume_percentile_288b,downside_breakdown_occurred,HIGH_VOL,24H,163,0.5507135575942915
volume_percentile_288b,downside_breakdown_occurred,HIGH_VOL,2H,163,0.5542881646655231
volume_percentile_288b,downside_breakdown_occurred,HIGH_VOL,4H,163,0.5895094880057286
volume_percentile_288b,downside_breakdown_occurred,HIGH_VOL,8H,163,0.6462783171521036
volume_percentile_288b,downside_breakdown_occurred,LOW_VOL_RANGE,12H,1024,0.5263844928525621
volume_percentile_288b,downside_breakdown_occurred,LOW_VOL_RANGE,1H,1024,0.5156032504820811
volume_percentile_288b,downside_breakdown_occurred,LOW_VOL_RANGE,24H,1024,0.5464400736139867
volume_percentile_288b,downside_breakdown_occurred,LOW_VOL_RANGE,2H,1024,0.5025943125788327
volume_percentile_288b,downside_breakdown_occurred,LOW_VOL_RANGE,4H,1016,0.5110301820288141
volume_percentile_288b,downside_breakdown_occurred,LOW_VOL_RANGE,8H,1016,0.5275126911919832
volume_percentile_288b,downside_breakdown_occurred,NORMAL_RANGE,12H,2314,0.5368132992327366
volume_percentile_288b,downside_breakdown_occurred,NORMAL_RANGE,1H,2314,0.5028258709241537
volume_percentile_288b,downside_breakdown_occurred,NORMAL_RANGE,24H,2314,0.5386325908518814
volume_percentile_288b,downside_breakdown_occurred,NORMAL_RANGE,2H,2314,0.5208774398430238
volume_percentile_288b,downside_breakdown_occurred,NORMAL_RANGE,4H,2303,0.5410319819482261
volume_percentile_288b,downside_breakdown_occurred,NORMAL_RANGE,8H,2303,0.5337709148252063
volume_percentile_288b,downside_breakdown_occurred,TREND_DOWN,12H,190,0.551917109929078
volume_percentile_288b,downside_breakdown_occurred,TREND_DOWN,1H,190,0.5057386363636364
volume_percentile_288b,downside_breakdown_occurred,TREND_DOWN,24H,190,0.5286458333333333
volume_percentile_288b,downside_breakdown_occurred,TREND_DOWN,2H,190,0.5394605394605394
volume_percentile_288b,downside_breakdown_occurred,TREND_DOWN,4H,189,0.5735656656207979
volume_percentile_288b,downside_breakdown_occurred,TREND_DOWN,8H,189,0.5551470588235294
volume_percentile_288b,downside_breakdown_occurred,TREND_UP,12H,179,0.5158669713125159
volume_percentile_288b,downside_breakdown_occurred,TREND_UP,1H,179,0.5173240938166311
volume_percentile_288b,downside_breakdown_occurred,TREND_UP,24H,179,0.5465174754840332
volume_percentile_288b,downside_breakdown_occurred,TREND_UP,2H,179,0.5104087331810104
volume_percentile_288b,downside_breakdown_occurred,TREND_UP,4H,179,0.5362179487179487
volume_percentile_288b,downside_breakdown_occurred,TREND_UP,8H,179,0.5622908622908622
volume_percentile_288b,downside_breakdown_occurred,VOLATILITY_EXPANSION,12H,324,0.5292624900872324
volume_percentile_288b,downside_breakdown_occurred,VOLATILITY_EXPANSION,1H,324,0.5103371892690131
volume_percentile_288b,downside_breakdown_occurred,VOLATILITY_EXPANSION,24H,324,0.6005315695503977
volume_percentile_288b,downside_breakdown_occurred,VOLATILITY_EXPANSION,2H,324,0.5346228581522698
volume_percentile_288b,downside_breakdown_occurred,VOLATILITY_EXPANSION,4H,319,0.5009064845265199
volume_percentile_288b,downside_breakdown_occurred,VOLATILITY_EXPANSION,8H,319,0.5249022218523758
volume_percentile_288b,range_breached,HIGH_VOL,12H,163,0.6495495495495496
volume_percentile_288b,range_breached,HIGH_VOL,1H,163,0.6082278481012658
volume_percentile_288b,range_breached,HIGH_VOL,24H,163,0.691025641025641
volume_percentile_288b,range_breached,HIGH_VOL,2H,163,0.5615711252653928
volume_percentile_288b,range_breached,HIGH_VOL,4H,163,0.5915750915750916
volume_percentile_288b,range_breached,HIGH_VOL,8H,163,0.5916083916083916
volume_percentile_288b,range_breached,LOW_VOL_RANGE,12H,1024,0.6851692484222605
volume_percentile_288b,range_breached,LOW_VOL_RANGE,1H,1024,0.5611599441386675
volume_percentile_288b,range_breached,LOW_VOL_RANGE,24H,1024,0.6374777183600713
volume_percentile_288b,range_breached,LOW_VOL_RANGE,2H,1024,0.5564974134053081
volume_percentile_288b,range_breached,LOW_VOL_RANGE,4H,1016,0.613034991324465
volume_percentile_288b,range_breached,LOW_VOL_RANGE,8H,1016,0.6628831694621169
volume_percentile_288b,range_breached,NORMAL_RANGE,12H,2314,0.6583733074881508
volume_percentile_288b,range_breached,NORMAL_RANGE,1H,2314,0.5711280975219823
volume_percentile_288b,range_breached,NORMAL_RANGE,24H,2314,0.7808555378286357
volume_percentile_288b,range_breached,NORMAL_RANGE,2H,2314,0.630795513783297
volume_percentile_288b,range_breached,NORMAL_RANGE,4H,2303,0.659635840659937
volume_percentile_288b,range_breached,NORMAL_RANGE,8H,2303,0.6657175398633257
volume_percentile_288b,range_breached,TREND_DOWN,12H,190,0.6315666041275798
volume_percentile_288b,range_breached,TREND_DOWN,1H,190,0.5204012240734444
volume_percentile_288b,range_breached,TREND_DOWN,24H,190,0.6598895582329317
volume_percentile_288b,range_breached,TREND_DOWN,2H,190,0.543348086435824
volume_percentile_288b,range_breached,TREND_DOWN,4H,189,0.6767261088248743
volume_percentile_288b,range_breached,TREND_DOWN,8H,189,0.6570707070707071
volume_percentile_288b,range_breached,TREND_UP,12H,179,0.6255172413793104
volume_percentile_288b,range_breached,TREND_UP,1H,179,0.512263099219621
volume_percentile_288b,range_breached,TREND_UP,24H,179,0.576158940397351
volume_percentile_288b,range_breached,TREND_UP,2H,179,0.5759408602150538
volume_percentile_288b,range_breached,TREND_UP,4H,179,0.5477011494252874
volume_percentile_288b,range_breached,TREND_UP,8H,179,0.6510721247563354
volume_percentile_288b,range_breached,VOLATILITY_EXPANSION,12H,324,0.7283002588438309
volume_percentile_288b,range_breached,VOLATILITY_EXPANSION,1H,324,0.6717813051146384
volume_percentile_288b,range_breached,VOLATILITY_EXPANSION,24H,324,0.7544481605351171
volume_percentile_288b,range_breached,VOLATILITY_EXPANSION,2H,324,0.7449301487156377
volume_percentile_288b,range_breached,VOLATILITY_EXPANSION,4H,319,0.7288987138263665
volume_percentile_288b,range_breached,VOLATILITY_EXPANSION,8H,319,0.7560507674144038
volume_percentile_288b,path_inside_70,HIGH_VOL,12H,163,0.6495495495495496
volume_percentile_288b,path_inside_70,HIGH_VOL,1H,163,0.6082278481012658
volume_percentile_288b,path_inside_70,HIGH_VOL,24H,163,0.691025641025641
volume_percentile_288b,path_inside_70,HIGH_VOL,2H,163,0.5615711252653928
volume_percentile_288b,path_inside_70,HIGH_VOL,4H,163,0.5915750915750916
volume_percentile_288b,path_inside_70,HIGH_VOL,8H,163,0.5916083916083916
volume_percentile_288b,path_inside_70,LOW_VOL_RANGE,12H,1024,0.6851692484222605
volume_percentile_288b,path_inside_70,LOW_VOL_RANGE,1H,1024,0.5611599441386675
volume_percentile_288b,path_inside_70,LOW_VOL_RANGE,24H,1024,0.6374777183600713
volume_percentile_288b,path_inside_70,LOW_VOL_RANGE,2H,1024,0.5564974134053081
volume_percentile_288b,path_inside_70,LOW_VOL_RANGE,4H,1016,0.613034991324465
volume_percentile_288b,path_inside_70,LOW_VOL_RANGE,8H,1016,0.6628831694621168
volume_percentile_288b,path_inside_70,NORMAL_RANGE,12H,2314,0.6583733074881509
volume_percentile_288b,path_inside_70,NORMAL_RANGE,1H,2314,0.5711280975219825
volume_percentile_288b,path_inside_70,NORMAL_RANGE,24H,2314,0.7808555378286357
volume_percentile_288b,path_inside_70,NORMAL_RANGE,2H,2314,0.6307955137832969
volume_percentile_288b,path_inside_70,NORMAL_RANGE,4H,2303,0.6596358406599371
volume_percentile_288b,path_inside_70,NORMAL_RANGE,8H,2303,0.6657175398633257
volume_percentile_288b,path_inside_70,TREND_DOWN,12H,190,0.6315666041275797
volume_percentile_288b,path_inside_70,TREND_DOWN,1H,190,0.5204012240734444
volume_percentile_288b,path_inside_70,TREND_DOWN,24H,190,0.6598895582329317
volume_percentile_288b,path_inside_70,TREND_DOWN,2H,190,0.543348086435824
volume_percentile_288b,path_inside_70,TREND_DOWN,4H,189,0.6767261088248743
volume_percentile_288b,path_inside_70,TREND_DOWN,8H,189,0.657070707070707
volume_percentile_288b,path_inside_70,TREND_UP,12H,179,0.6255172413793103
volume_percentile_288b,path_inside_70,TREND_UP,1H,179,0.5122630992196209
volume_percentile_288b,path_inside_70,TREND_UP,24H,179,0.5761589403973509
volume_percentile_288b,path_inside_70,TREND_UP,2H,179,0.5759408602150538
volume_percentile_288b,path_inside_70,TREND_UP,4H,179,0.5477011494252874
volume_percentile_288b,path_inside_70,TREND_UP,8H,179,0.6510721247563352
volume_percentile_288b,path_inside_70,VOLATILITY_EXPANSION,12H,324,0.7283002588438309
volume_percentile_288b,path_inside_70,VOLATILITY_EXPANSION,1H,324,0.6717813051146384
volume_percentile_288b,path_inside_70,VOLATILITY_EXPANSION,24H,324,0.7544481605351171
volume_percentile_288b,path_inside_70,VOLATILITY_EXPANSION,2H,324,0.7449301487156377
volume_percentile_288b,path_inside_70,VOLATILITY_EXPANSION,4H,319,0.7288987138263665
volume_percentile_288b,path_inside_70,VOLATILITY_EXPANSION,8H,319,0.7560507674144038
volume_percentile_288b,trend_efficiency_high,HIGH_VOL,12H,163,0.6208033573141487
volume_percentile_288b,trend_efficiency_high,HIGH_VOL,1H,163,0.572027972027972
volume_percentile_288b,trend_efficiency_high,HIGH_VOL,24H,163,0.588858695652174
volume_percentile_288b,trend_efficiency_high,HIGH_VOL,2H,163,0.6007751937984496
volume_percentile_288b,trend_efficiency_high,HIGH_VOL,4H,163,0.6070277240490006
volume_percentile_288b,trend_efficiency_high,HIGH_VOL,8H,163,0.7149122807017544
volume_percentile_288b,trend_efficiency_high,LOW_VOL_RANGE,12H,1024,0.520508451185926
volume_percentile_288b,trend_efficiency_high,LOW_VOL_RANGE,1H,1024,0.5231893654232311
volume_percentile_288b,trend_efficiency_high,LOW_VOL_RANGE,24H,1024,0.582335393661881
volume_percentile_288b,trend_efficiency_high,LOW_VOL_RANGE,2H,1024,0.5050787072381575
volume_percentile_288b,trend_efficiency_high,LOW_VOL_RANGE,4H,1016,0.5119277108433735
volume_percentile_288b,trend_efficiency_high,LOW_VOL_RANGE,8H,1016,0.5444157541065207
volume_percentile_288b,trend_efficiency_high,NORMAL_RANGE,12H,2314,0.5424922508345256
volume_percentile_288b,trend_efficiency_high,NORMAL_RANGE,1H,2314,0.5043877629104901
volume_percentile_288b,trend_efficiency_high,NORMAL_RANGE,24H,2314,0.5074525203282638
volume_percentile_288b,trend_efficiency_high,NORMAL_RANGE,2H,2314,0.5100398391063743
volume_percentile_288b,trend_efficiency_high,NORMAL_RANGE,4H,2303,0.514651682256038
volume_percentile_288b,trend_efficiency_high,NORMAL_RANGE,8H,2303,0.5299347657786859
volume_percentile_288b,trend_efficiency_high,TREND_DOWN,12H,190,0.5199099722991689
volume_percentile_288b,trend_efficiency_high,TREND_DOWN,1H,190,0.5539772727272727
volume_percentile_288b,trend_efficiency_high,TREND_DOWN,24H,190,0.505050505050505
volume_percentile_288b,trend_efficiency_high,TREND_DOWN,2H,190,0.5781877510040161
volume_percentile_288b,trend_efficiency_high,TREND_DOWN,4H,189,0.5943413729128015
volume_percentile_288b,trend_efficiency_high,TREND_DOWN,8H,189,0.5428004535147393
volume_percentile_288b,trend_efficiency_high,TREND_UP,12H,179,0.5042641325536062
volume_percentile_288b,trend_efficiency_high,TREND_UP,1H,179,0.5186023127199598
volume_percentile_288b,trend_efficiency_high,TREND_UP,24H,179,0.5201342281879195
volume_percentile_288b,trend_efficiency_high,TREND_UP,2H,179,0.6096263008514664
volume_percentile_288b,trend_efficiency_high,TREND_UP,4H,179,0.6342281879194631
volume_percentile_288b,trend_efficiency_high,TREND_UP,8H,179,0.5848214285714286
volume_percentile_288b,trend_efficiency_high,VOLATILITY_EXPANSION,12H,324,0.5380373303167421
volume_percentile_288b,trend_efficiency_high,VOLATILITY_EXPANSION,1H,324,0.5615942028985508
volume_percentile_288b,trend_efficiency_high,VOLATILITY_EXPANSION,24H,324,0.5020930805220389
volume_percentile_288b,trend_efficiency_high,VOLATILITY_EXPANSION,2H,324,0.5115912208504801
volume_percentile_288b,trend_efficiency_high,VOLATILITY_EXPANSION,4H,319,0.5362413194444444
volume_percentile_288b,trend_efficiency_high,VOLATILITY_EXPANSION,8H,319,0.5018796992481203
volume_rel_12b,upside_breakout_occurred,HIGH_VOL,12H,163,0.5349225630124507
volume_rel_12b,upside_breakout_occurred,HIGH_VOL,1H,163,0.6567796610169492
volume_rel_12b,upside_breakout_occurred,HIGH_VOL,24H,163,0.5004578754578755
volume_rel_12b,upside_breakout_occurred,HIGH_VOL,2H,163,0.5432267884322679
volume_rel_12b,upside_breakout_occurred,HIGH_VOL,4H,163,0.509493670886076
volume_rel_12b,upside_breakout_occurred,HIGH_VOL,8H,163,0.5561763817577771
volume_rel_12b,upside_breakout_occurred,LOW_VOL_RANGE,12H,1024,0.5380149222362337
volume_rel_12b,upside_breakout_occurred,LOW_VOL_RANGE,1H,1024,0.576633780251286
volume_rel_12b,upside_breakout_occurred,LOW_VOL_RANGE,24H,1024,0.5249655091437462
volume_rel_12b,upside_breakout_occurred,LOW_VOL_RANGE,2H,1024,0.5208494090669318
volume_rel_12b,upside_breakout_occurred,LOW_VOL_RANGE,4H,1016,0.5072526775807803
volume_rel_12b,upside_breakout_occurred,LOW_VOL_RANGE,8H,1016,0.5020086008714165
volume_rel_12b,upside_breakout_occurred,NORMAL_RANGE,12H,2314,0.5298257913797203
volume_rel_12b,upside_breakout_occurred,NORMAL_RANGE,1H,2314,0.5604375343201504
volume_rel_12b,upside_breakout_occurred,NORMAL_RANGE,24H,2314,0.5327443325799602
volume_rel_12b,upside_breakout_occurred,NORMAL_RANGE,2H,2314,0.5505917082823398
volume_rel_12b,upside_breakout_occurred,NORMAL_RANGE,4H,2303,0.5388537963433215
volume_rel_12b,upside_breakout_occurred,NORMAL_RANGE,8H,2303,0.5467429356833893
volume_rel_12b,upside_breakout_occurred,TREND_DOWN,12H,190,0.5206105169340464
volume_rel_12b,upside_breakout_occurred,TREND_DOWN,1H,190,0.7114624505928854
volume_rel_12b,upside_breakout_occurred,TREND_DOWN,24H,190,0.5065730837789661
volume_rel_12b,upside_breakout_occurred,TREND_DOWN,2H,190,0.5841099720410066
volume_rel_12b,upside_breakout_occurred,TREND_DOWN,4H,189,0.5064441887226697
volume_rel_12b,upside_breakout_occurred,TREND_DOWN,8H,189,0.5194644464446445
volume_rel_12b,upside_breakout_occurred,TREND_UP,12H,179,0.510916476263011
volume_rel_12b,upside_breakout_occurred,TREND_UP,1H,179,0.6663336663336663
volume_rel_12b,upside_breakout_occurred,TREND_UP,24H,179,0.5342157842157842
volume_rel_12b,upside_breakout_occurred,TREND_UP,2H,179,0.575187969924812
volume_rel_12b,upside_breakout_occurred,TREND_UP,4H,179,0.5705128205128205
volume_rel_12b,upside_breakout_occurred,TREND_UP,8H,179,0.5557692307692308
volume_rel_12b,upside_breakout_occurred,VOLATILITY_EXPANSION,12H,324,0.5366728734274945
volume_rel_12b,upside_breakout_occurred,VOLATILITY_EXPANSION,1H,324,0.6595725120661917
volume_rel_12b,upside_breakout_occurred,VOLATILITY_EXPANSION,24H,324,0.5681435309973046
volume_rel_12b,upside_breakout_occurred,VOLATILITY_EXPANSION,2H,324,0.6212750586960448
volume_rel_12b,upside_breakout_occurred,VOLATILITY_EXPANSION,4H,319,0.6030593607305936
volume_rel_12b,upside_breakout_occurred,VOLATILITY_EXPANSION,8H,319,0.530876307922272
volume_rel_12b,downside_breakdown_occurred,HIGH_VOL,12H,163,0.5436629289840299
volume_rel_12b,downside_breakdown_occurred,HIGH_VOL,1H,163,0.5811447811447812
volume_rel_12b,downside_breakdown_occurred,HIGH_VOL,24H,163,0.544002718314645
volume_rel_12b,downside_breakdown_occurred,HIGH_VOL,2H,163,0.5543739279588337
volume_rel_12b,downside_breakdown_occurred,HIGH_VOL,4H,163,0.5266738274257071
volume_rel_12b,downside_breakdown_occurred,HIGH_VOL,8H,163,0.5307443365695793
volume_rel_12b,downside_breakdown_occurred,LOW_VOL_RANGE,12H,1024,0.5109083762593352
volume_rel_12b,downside_breakdown_occurred,LOW_VOL_RANGE,1H,1024,0.5707371476977171
volume_rel_12b,downside_breakdown_occurred,LOW_VOL_RANGE,24H,1024,0.5005529896834244
volume_rel_12b,downside_breakdown_occurred,LOW_VOL_RANGE,2H,1024,0.5438186970694711
volume_rel_12b,downside_breakdown_occurred,LOW_VOL_RANGE,4H,1016,0.5371308380884304
volume_rel_12b,downside_breakdown_occurred,LOW_VOL_RANGE,8H,1016,0.51442180907173
volume_rel_12b,downside_breakdown_occurred,NORMAL_RANGE,12H,2314,0.5098269394714408
volume_rel_12b,downside_breakdown_occurred,NORMAL_RANGE,1H,2314,0.5732283064288666
volume_rel_12b,downside_breakdown_occurred,NORMAL_RANGE,24H,2314,0.5039041952223053
volume_rel_12b,downside_breakdown_occurred,NORMAL_RANGE,2H,2314,0.5552587330889187
volume_rel_12b,downside_breakdown_occurred,NORMAL_RANGE,4H,2303,0.5270576774161317
volume_rel_12b,downside_breakdown_occurred,NORMAL_RANGE,8H,2303,0.517320649613959
volume_rel_12b,downside_breakdown_occurred,TREND_DOWN,12H,190,0.5697030141843972
volume_rel_12b,downside_breakdown_occurred,TREND_DOWN,1H,190,0.5868181818181818
volume_rel_12b,downside_breakdown_occurred,TREND_DOWN,24H,190,0.6199024822695035
volume_rel_12b,downside_breakdown_occurred,TREND_DOWN,2H,190,0.5744255744255744
volume_rel_12b,downside_breakdown_occurred,TREND_DOWN,4H,189,0.5667861945316002
volume_rel_12b,downside_breakdown_occurred,TREND_DOWN,8H,189,0.5727375565610859
volume_rel_12b,downside_breakdown_occurred,TREND_UP,12H,179,0.5778116273165778
volume_rel_12b,downside_breakdown_occurred,TREND_UP,1H,179,0.5832889125799574
volume_rel_12b,downside_breakdown_occurred,TREND_UP,24H,179,0.6459642946944933
volume_rel_12b,downside_breakdown_occurred,TREND_UP,2H,179,0.578954049251079
volume_rel_12b,downside_breakdown_occurred,TREND_UP,4H,179,0.5688461538461539
volume_rel_12b,downside_breakdown_occurred,TREND_UP,8H,179,0.5212355212355212
volume_rel_12b,downside_breakdown_occurred,VOLATILITY_EXPANSION,12H,324,0.5615781126090404
volume_rel_12b,downside_breakdown_occurred,VOLATILITY_EXPANSION,1H,324,0.556091557962097
volume_rel_12b,downside_breakdown_occurred,VOLATILITY_EXPANSION,24H,324,0.5799788995292972
volume_rel_12b,downside_breakdown_occurred,VOLATILITY_EXPANSION,2H,324,0.5471206500618265
volume_rel_12b,downside_breakdown_occurred,VOLATILITY_EXPANSION,4H,319,0.5834809005818365
volume_rel_12b,downside_breakdown_occurred,VOLATILITY_EXPANSION,8H,319,0.5756844470333694
volume_rel_12b,range_breached,HIGH_VOL,12H,163,0.581081081081081
volume_rel_12b,range_breached,HIGH_VOL,1H,163,0.6835443037974683
volume_rel_12b,range_breached,HIGH_VOL,24H,163,0.5938461538461538
volume_rel_12b,range_breached,HIGH_VOL,2H,163,0.529723991507431
volume_rel_12b,range_breached,HIGH_VOL,4H,163,0.5192307692307692
volume_rel_12b,range_breached,HIGH_VOL,8H,163,0.5772727272727273
volume_rel_12b,range_breached,LOW_VOL_RANGE,12H,1024,0.6606067125645438
volume_rel_12b,range_breached,LOW_VOL_RANGE,1H,1024,0.638599085407596
volume_rel_12b,range_breached,LOW_VOL_RANGE,24H,1024,0.5421865715983363
volume_rel_12b,range_breached,LOW_VOL_RANGE,2H,1024,0.6022548358074674
volume_rel_12b,range_breached,LOW_VOL_RANGE,4H,1016,0.6599551764025449
volume_rel_12b,range_breached,LOW_VOL_RANGE,8H,1016,0.6062391555812608
volume_rel_12b,range_breached,NORMAL_RANGE,12H,2314,0.57803241280318
volume_rel_12b,range_breached,NORMAL_RANGE,1H,2314,0.659052757793765
volume_rel_12b,range_breached,NORMAL_RANGE,24H,2314,0.5484219984962682
volume_rel_12b,range_breached,NORMAL_RANGE,2H,2314,0.6690357111520575
volume_rel_12b,range_breached,NORMAL_RANGE,4H,2303,0.5810268099424726
volume_rel_12b,range_breached,NORMAL_RANGE,8H,2303,0.6054290053151101
volume_rel_12b,range_breached,TREND_DOWN,12H,190,0.6235928705440901
volume_rel_12b,range_breached,TREND_DOWN,1H,190,0.7337640258415505
volume_rel_12b,range_breached,TREND_DOWN,24H,190,0.6410642570281124
volume_rel_12b,range_breached,TREND_DOWN,2H,190,0.6659724030200469
volume_rel_12b,range_breached,TREND_DOWN,4H,189,0.5507544581618655
volume_rel_12b,range_breached,TREND_DOWN,8H,189,0.5909090909090909
volume_rel_12b,range_breached,TREND_UP,12H,179,0.5871264367816091
volume_rel_12b,range_breached,TREND_UP,1H,179,0.6875696767001115
volume_rel_12b,range_breached,TREND_UP,24H,179,0.6289025543992431
volume_rel_12b,range_breached,TREND_UP,2H,179,0.624731182795699
volume_rel_12b,range_breached,TREND_UP,4H,179,0.6549425287356322
volume_rel_12b,range_breached,TREND_UP,8H,179,0.591374269005848
volume_rel_12b,range_breached,VOLATILITY_EXPANSION,12H,324,0.639344262295082
volume_rel_12b,range_breached,VOLATILITY_EXPANSION,1H,324,0.8927689594356261
volume_rel_12b,range_breached,VOLATILITY_EXPANSION,24H,324,0.6896321070234114
volume_rel_12b,range_breached,VOLATILITY_EXPANSION,2H,324,0.6106354213609734
volume_rel_12b,range_breached,VOLATILITY_EXPANSION,4H,319,0.7266881028938906
volume_rel_12b,range_breached,VOLATILITY_EXPANSION,8H,319,0.5613931523022432
volume_rel_12b,path_inside_70,HIGH_VOL,12H,163,0.5810810810810811
volume_rel_12b,path_inside_70,HIGH_VOL,1H,163,0.6835443037974683
volume_rel_12b,path_inside_70,HIGH_VOL,24H,163,0.5938461538461539
volume_rel_12b,path_inside_70,HIGH_VOL,2H,163,0.529723991507431
volume_rel_12b,path_inside_70,HIGH_VOL,4H,163,0.5192307692307693
volume_rel_12b,path_inside_70,HIGH_VOL,8H,163,0.5772727272727273
volume_rel_12b,path_inside_70,LOW_VOL_RANGE,12H,1024,0.6606067125645438
volume_rel_12b,path_inside_70,LOW_VOL_RANGE,1H,1024,0.638599085407596
volume_rel_12b,path_inside_70,LOW_VOL_RANGE,24H,1024,0.5421865715983363
volume_rel_12b,path_inside_70,LOW_VOL_RANGE,2H,1024,0.6022548358074673
volume_rel_12b,path_inside_70,LOW_VOL_RANGE,4H,1016,0.6599551764025449
volume_rel_12b,path_inside_70,LOW_VOL_RANGE,8H,1016,0.6062391555812608
volume_rel_12b,path_inside_70,NORMAL_RANGE,12H,2314,0.57803241280318
volume_rel_12b,path_inside_70,NORMAL_RANGE,1H,2314,0.659052757793765
volume_rel_12b,path_inside_70,NORMAL_RANGE,24H,2314,0.5484219984962682
volume_rel_12b,path_inside_70,NORMAL_RANGE,2H,2314,0.6690357111520575
volume_rel_12b,path_inside_70,NORMAL_RANGE,4H,2303,0.5810268099424726
volume_rel_12b,path_inside_70,NORMAL_RANGE,8H,2303,0.6054290053151101
volume_rel_12b,path_inside_70,TREND_DOWN,12H,190,0.6235928705440901
volume_rel_12b,path_inside_70,TREND_DOWN,1H,190,0.7337640258415505
volume_rel_12b,path_inside_70,TREND_DOWN,24H,190,0.6410642570281124
volume_rel_12b,path_inside_70,TREND_DOWN,2H,190,0.6659724030200469
volume_rel_12b,path_inside_70,TREND_DOWN,4H,189,0.5507544581618655
volume_rel_12b,path_inside_70,TREND_DOWN,8H,189,0.5909090909090908
volume_rel_12b,path_inside_70,TREND_UP,12H,179,0.5871264367816091
volume_rel_12b,path_inside_70,TREND_UP,1H,179,0.6875696767001115
volume_rel_12b,path_inside_70,TREND_UP,24H,179,0.6289025543992431
volume_rel_12b,path_inside_70,TREND_UP,2H,179,0.624731182795699
volume_rel_12b,path_inside_70,TREND_UP,4H,179,0.6549425287356322
volume_rel_12b,path_inside_70,TREND_UP,8H,179,0.5913742690058479
volume_rel_12b,path_inside_70,VOLATILITY_EXPANSION,12H,324,0.639344262295082
volume_rel_12b,path_inside_70,VOLATILITY_EXPANSION,1H,324,0.8927689594356261
volume_rel_12b,path_inside_70,VOLATILITY_EXPANSION,24H,324,0.6896321070234114
volume_rel_12b,path_inside_70,VOLATILITY_EXPANSION,2H,324,0.6106354213609735
volume_rel_12b,path_inside_70,VOLATILITY_EXPANSION,4H,319,0.7266881028938907
volume_rel_12b,path_inside_70,VOLATILITY_EXPANSION,8H,319,0.5613931523022433
volume_rel_12b,trend_efficiency_high,HIGH_VOL,12H,163,0.5359712230215827
volume_rel_12b,trend_efficiency_high,HIGH_VOL,1H,163,0.6622377622377622
volume_rel_12b,trend_efficiency_high,HIGH_VOL,24H,163,0.5259057971014494
volume_rel_12b,trend_efficiency_high,HIGH_VOL,2H,163,0.5766073871409029
volume_rel_12b,trend_efficiency_high,HIGH_VOL,4H,163,0.5061250805931656
volume_rel_12b,trend_efficiency_high,HIGH_VOL,8H,163,0.5789473684210527
volume_rel_12b,trend_efficiency_high,LOW_VOL_RANGE,12H,1024,0.5271595975111453
volume_rel_12b,trend_efficiency_high,LOW_VOL_RANGE,1H,1024,0.5010327976220464
volume_rel_12b,trend_efficiency_high,LOW_VOL_RANGE,24H,1024,0.5093512727183447
volume_rel_12b,trend_efficiency_high,LOW_VOL_RANGE,2H,1024,0.5081833715054349
volume_rel_12b,trend_efficiency_high,LOW_VOL_RANGE,4H,1016,0.5038766832034018
volume_rel_12b,trend_efficiency_high,LOW_VOL_RANGE,8H,1016,0.503397212543554
volume_rel_12b,trend_efficiency_high,NORMAL_RANGE,12H,2314,0.5028004291845494
volume_rel_12b,trend_efficiency_high,NORMAL_RANGE,1H,2314,0.5132849053303599
volume_rel_12b,trend_efficiency_high,NORMAL_RANGE,24H,2314,0.5062867038096672
volume_rel_12b,trend_efficiency_high,NORMAL_RANGE,2H,2314,0.50224431235909
volume_rel_12b,trend_efficiency_high,NORMAL_RANGE,4H,2303,0.5126559465942406
volume_rel_12b,trend_efficiency_high,NORMAL_RANGE,8H,2303,0.5195004632391202
volume_rel_12b,trend_efficiency_high,TREND_DOWN,12H,190,0.5235457063711911
volume_rel_12b,trend_efficiency_high,TREND_DOWN,1H,190,0.553030303030303
volume_rel_12b,trend_efficiency_high,TREND_DOWN,24H,190,0.5672799422799423
volume_rel_12b,trend_efficiency_high,TREND_DOWN,2H,190,0.5293674698795181
volume_rel_12b,trend_efficiency_high,TREND_DOWN,4H,189,0.5554730983302412
volume_rel_12b,trend_efficiency_high,TREND_DOWN,8H,189,0.5345804988662132
volume_rel_12b,trend_efficiency_high,TREND_UP,12H,179,0.5282651072124757
volume_rel_12b,trend_efficiency_high,TREND_UP,1H,179,0.5532931121166416
volume_rel_12b,trend_efficiency_high,TREND_UP,24H,179,0.6049217002237137
volume_rel_12b,trend_efficiency_high,TREND_UP,2H,179,0.6267738883632923
volume_rel_12b,trend_efficiency_high,TREND_UP,4H,179,0.5463087248322147
volume_rel_12b,trend_efficiency_high,TREND_UP,8H,179,0.6011904761904762
volume_rel_12b,trend_efficiency_high,VOLATILITY_EXPANSION,12H,324,0.5219881221719457
volume_rel_12b,trend_efficiency_high,VOLATILITY_EXPANSION,1H,324,0.5598580917874396
volume_rel_12b,trend_efficiency_high,VOLATILITY_EXPANSION,24H,324,0.5133587786259541
volume_rel_12b,trend_efficiency_high,VOLATILITY_EXPANSION,2H,324,0.519753086419753
volume_rel_12b,trend_efficiency_high,VOLATILITY_EXPANSION,4H,319,0.5562375992063492
volume_rel_12b,trend_efficiency_high,VOLATILITY_EXPANSION,8H,319,0.5245424882962122
adx_14b,upside_breakout_occurred,HIGH_VOL,12H,163,0.5889766170665047
adx_14b,upside_breakout_occurred,HIGH_VOL,1H,163,0.5516623207301173
adx_14b,upside_breakout_occurred,HIGH_VOL,24H,163,0.5587606837606838
adx_14b,upside_breakout_occurred,HIGH_VOL,2H,163,0.5153729071537291
adx_14b,upside_breakout_occurred,HIGH_VOL,4H,163,0.5081374321880651
adx_14b,upside_breakout_occurred,HIGH_VOL,8H,163,0.5410752038659015
adx_14b,upside_breakout_occurred,LOW_VOL_RANGE,12H,1024,0.5365489701555275
adx_14b,upside_breakout_occurred,LOW_VOL_RANGE,1H,1024,0.5271776709671979
adx_14b,upside_breakout_occurred,LOW_VOL_RANGE,24H,1024,0.5361845774503184
adx_14b,upside_breakout_occurred,LOW_VOL_RANGE,2H,1024,0.5181552251038656
adx_14b,upside_breakout_occurred,LOW_VOL_RANGE,4H,1016,0.5161922876616172
adx_14b,upside_breakout_occurred,LOW_VOL_RANGE,8H,1016,0.5174684548171017
adx_14b,upside_breakout_occurred,NORMAL_RANGE,12H,2314,0.5365753712552936
adx_14b,upside_breakout_occurred,NORMAL_RANGE,1H,2314,0.534563848506347
adx_14b,upside_breakout_occurred,NORMAL_RANGE,24H,2314,0.5605960208204918
adx_14b,upside_breakout_occurred,NORMAL_RANGE,2H,2314,0.5301504468644622
adx_14b,upside_breakout_occurred,NORMAL_RANGE,4H,2303,0.5190539296597257
adx_14b,upside_breakout_occurred,NORMAL_RANGE,8H,2303,0.5410389295387477
adx_14b,upside_breakout_occurred,TREND_DOWN,12H,190,0.5436720142602496
adx_14b,upside_breakout_occurred,TREND_DOWN,1H,190,0.6308539944903582
adx_14b,upside_breakout_occurred,TREND_DOWN,24H,190,0.5511363636363636
adx_14b,upside_breakout_occurred,TREND_DOWN,2H,190,0.6107875116495807
adx_14b,upside_breakout_occurred,TREND_DOWN,4H,189,0.5759493670886076
adx_14b,upside_breakout_occurred,TREND_DOWN,8H,189,0.5779702970297029
adx_14b,upside_breakout_occurred,TREND_UP,12H,179,0.5790809850215791
adx_14b,upside_breakout_occurred,TREND_UP,1H,179,0.5781718281718282
adx_14b,upside_breakout_occurred,TREND_UP,24H,179,0.5056193806193806
adx_14b,upside_breakout_occurred,TREND_UP,2H,179,0.5204260651629073
adx_14b,upside_breakout_occurred,TREND_UP,4H,179,0.537051282051282
adx_14b,upside_breakout_occurred,TREND_UP,8H,179,0.5011538461538462
adx_14b,upside_breakout_occurred,VOLATILITY_EXPANSION,12H,324,0.5096507561651301
adx_14b,upside_breakout_occurred,VOLATILITY_EXPANSION,1H,324,0.5348195817053552
adx_14b,upside_breakout_occurred,VOLATILITY_EXPANSION,24H,324,0.503158692722372
adx_14b,upside_breakout_occurred,VOLATILITY_EXPANSION,2H,324,0.5159382337005599
adx_14b,upside_breakout_occurred,VOLATILITY_EXPANSION,4H,319,0.5094520547945205
adx_14b,upside_breakout_occurred,VOLATILITY_EXPANSION,8H,319,0.562546711509716
adx_14b,downside_breakdown_occurred,HIGH_VOL,12H,163,0.5667686034658512
adx_14b,downside_breakdown_occurred,HIGH_VOL,1H,163,0.5185185185185185
adx_14b,downside_breakdown_occurred,HIGH_VOL,24H,163,0.5338090383961944
adx_14b,downside_breakdown_occurred,HIGH_VOL,2H,163,0.5108061749571183
adx_14b,downside_breakdown_occurred,HIGH_VOL,4H,163,0.5173648406731114
adx_14b,downside_breakdown_occurred,HIGH_VOL,8H,163,0.5341423948220064
adx_14b,downside_breakdown_occurred,LOW_VOL_RANGE,12H,1024,0.5130515732638242
adx_14b,downside_breakdown_occurred,LOW_VOL_RANGE,1H,1024,0.5110272051217654
adx_14b,downside_breakdown_occurred,LOW_VOL_RANGE,24H,1024,0.5372759285802764
adx_14b,downside_breakdown_occurred,LOW_VOL_RANGE,2H,1024,0.5025758841548316
adx_14b,downside_breakdown_occurred,LOW_VOL_RANGE,4H,1016,0.5118250945884325
adx_14b,downside_breakdown_occurred,LOW_VOL_RANGE,8H,1016,0.5032181236814346
adx_14b,downside_breakdown_occurred,NORMAL_RANGE,12H,2314,0.5312804774083546
adx_14b,downside_breakdown_occurred,NORMAL_RANGE,1H,2314,0.5189779800987846
adx_14b,downside_breakdown_occurred,NORMAL_RANGE,24H,2314,0.5220816799287485
adx_14b,downside_breakdown_occurred,NORMAL_RANGE,2H,2314,0.5320624741815553
adx_14b,downside_breakdown_occurred,NORMAL_RANGE,4H,2303,0.5220701254798125
adx_14b,downside_breakdown_occurred,NORMAL_RANGE,8H,2303,0.5149757316348891
adx_14b,downside_breakdown_occurred,TREND_DOWN,12H,190,0.51385195035461
adx_14b,downside_breakdown_occurred,TREND_DOWN,1H,190,0.5375
adx_14b,downside_breakdown_occurred,TREND_DOWN,24H,190,0.5270390070921986
adx_14b,downside_breakdown_occurred,TREND_DOWN,2H,190,0.5207015207015206
adx_14b,downside_breakdown_occurred,TREND_DOWN,4H,189,0.5154639175257731
adx_14b,downside_breakdown_occurred,TREND_DOWN,8H,189,0.5239819004524887
adx_14b,downside_breakdown_occurred,TREND_UP,12H,179,0.6077684691546077
adx_14b,downside_breakdown_occurred,TREND_UP,1H,179,0.603411513859275
adx_14b,downside_breakdown_occurred,TREND_UP,24H,179,0.6040985667588634
adx_14b,downside_breakdown_occurred,TREND_UP,2H,179,0.5701954810865701
adx_14b,downside_breakdown_occurred,TREND_UP,4H,179,0.6266666666666667
adx_14b,downside_breakdown_occurred,TREND_UP,8H,179,0.5779922779922779
adx_14b,downside_breakdown_occurred,VOLATILITY_EXPANSION,12H,324,0.5585249801744647
adx_14b,downside_breakdown_occurred,VOLATILITY_EXPANSION,1H,324,0.5816391828698007
adx_14b,downside_breakdown_occurred,VOLATILITY_EXPANSION,24H,324,0.6115484499269599
adx_14b,downside_breakdown_occurred,VOLATILITY_EXPANSION,2H,324,0.6144674085850557
adx_14b,downside_breakdown_occurred,VOLATILITY_EXPANSION,4H,319,0.6027489670292605
adx_14b,downside_breakdown_occurred,VOLATILITY_EXPANSION,8H,319,0.5398185903303654
adx_14b,range_breached,HIGH_VOL,12H,163,0.7941441441441441
adx_14b,range_breached,HIGH_VOL,1H,163,0.5721518987341772
adx_14b,range_breached,HIGH_VOL,24H,163,0.6948717948717948
adx_14b,range_breached,HIGH_VOL,2H,163,0.524416135881104
adx_14b,range_breached,HIGH_VOL,4H,163,0.5137362637362637
adx_14b,range_breached,HIGH_VOL,8H,163,0.5534965034965035
adx_14b,range_breached,LOW_VOL_RANGE,12H,1024,0.5366824440619622
adx_14b,range_breached,LOW_VOL_RANGE,1H,1024,0.6068621813302664
adx_14b,range_breached,LOW_VOL_RANGE,24H,1024,0.5069221628045157
adx_14b,range_breached,LOW_VOL_RANGE,2H,1024,0.5507197480881691
adx_14b,range_breached,LOW_VOL_RANGE,4H,1016,0.6201923076923077
adx_14b,range_breached,LOW_VOL_RANGE,8H,1016,0.5614878542510122
adx_14b,range_breached,NORMAL_RANGE,12H,2314,0.5328319695092278
adx_14b,range_breached,NORMAL_RANGE,1H,2314,0.6225969224620304
adx_14b,range_breached,NORMAL_RANGE,24H,2314,0.5742482869071415
adx_14b,range_breached,NORMAL_RANGE,2H,2314,0.6160341472730182
adx_14b,range_breached,NORMAL_RANGE,4H,2303,0.5616682948008249
adx_14b,range_breached,NORMAL_RANGE,8H,2303,0.5344174470598161
adx_14b,range_breached,TREND_DOWN,12H,190,0.6442307692307692
adx_14b,range_breached,TREND_DOWN,1H,190,0.6218973138388304
adx_14b,range_breached,TREND_DOWN,24H,190,0.6292670682730923
adx_14b,range_breached,TREND_DOWN,2H,190,0.5797969278833637
adx_14b,range_breached,TREND_DOWN,4H,189,0.617283950617284
adx_14b,range_breached,TREND_DOWN,8H,189,0.5752525252525252
adx_14b,range_breached,TREND_UP,12H,179,0.5609195402298851
adx_14b,range_breached,TREND_UP,1H,179,0.7360646599777034
adx_14b,range_breached,TREND_UP,24H,179,0.5040208136234626
adx_14b,range_breached,TREND_UP,2H,179,0.6314516129032258
adx_14b,range_breached,TREND_UP,4H,179,0.6850574712643678
adx_14b,range_breached,TREND_UP,8H,179,0.5553118908382066
adx_14b,range_breached,VOLATILITY_EXPANSION,12H,324,0.5679033649698015
adx_14b,range_breached,VOLATILITY_EXPANSION,1H,324,0.6948853615520283
adx_14b,range_breached,VOLATILITY_EXPANSION,24H,324,0.5662876254180602
adx_14b,range_breached,VOLATILITY_EXPANSION,2H,324,0.6710229833258224
adx_14b,range_breached,VOLATILITY_EXPANSION,4H,319,0.7343247588424437
adx_14b,range_breached,VOLATILITY_EXPANSION,8H,319,0.5788075560802833
adx_14b,path_inside_70,HIGH_VOL,12H,163,0.7941441441441441
adx_14b,path_inside_70,HIGH_VOL,1H,163,0.5721518987341773
adx_14b,path_inside_70,HIGH_VOL,24H,163,0.6948717948717948
adx_14b,path_inside_70,HIGH_VOL,2H,163,0.524416135881104
adx_14b,path_inside_70,HIGH_VOL,4H,163,0.5137362637362637
adx_14b,path_inside_70,HIGH_VOL,8H,163,0.5534965034965035
adx_14b,path_inside_70,LOW_VOL_RANGE,12H,1024,0.5366824440619621
adx_14b,path_inside_70,LOW_VOL_RANGE,1H,1024,0.6068621813302665
adx_14b,path_inside_70,LOW_VOL_RANGE,24H,1024,0.5069221628045157
adx_14b,path_inside_70,LOW_VOL_RANGE,2H,1024,0.5507197480881691
adx_14b,path_inside_70,LOW_VOL_RANGE,4H,1016,0.6201923076923077
adx_14b,path_inside_70,LOW_VOL_RANGE,8H,1016,0.5614878542510121
adx_14b,path_inside_70,NORMAL_RANGE,12H,2314,0.5328319695092278
adx_14b,path_inside_70,NORMAL_RANGE,1H,2314,0.6225969224620304
adx_14b,path_inside_70,NORMAL_RANGE,24H,2314,0.5742482869071415
adx_14b,path_inside_70,NORMAL_RANGE,2H,2314,0.6160341472730182
adx_14b,path_inside_70,NORMAL_RANGE,4H,2303,0.5616682948008249
adx_14b,path_inside_70,NORMAL_RANGE,8H,2303,0.5344174470598161
adx_14b,path_inside_70,TREND_DOWN,12H,190,0.6442307692307693
adx_14b,path_inside_70,TREND_DOWN,1H,190,0.6218973138388303
adx_14b,path_inside_70,TREND_DOWN,24H,190,0.6292670682730924
adx_14b,path_inside_70,TREND_DOWN,2H,190,0.5797969278833637
adx_14b,path_inside_70,TREND_DOWN,4H,189,0.6172839506172839
adx_14b,path_inside_70,TREND_DOWN,8H,189,0.5752525252525252
adx_14b,path_inside_70,TREND_UP,12H,179,0.560919540229885
adx_14b,path_inside_70,TREND_UP,1H,179,0.7360646599777034
adx_14b,path_inside_70,TREND_UP,24H,179,0.5040208136234626
adx_14b,path_inside_70,TREND_UP,2H,179,0.6314516129032258
adx_14b,path_inside_70,TREND_UP,4H,179,0.6850574712643678
adx_14b,path_inside_70,TREND_UP,8H,179,0.5553118908382066
adx_14b,path_inside_70,VOLATILITY_EXPANSION,12H,324,0.5679033649698015
adx_14b,path_inside_70,VOLATILITY_EXPANSION,1H,324,0.6948853615520282
adx_14b,path_inside_70,VOLATILITY_EXPANSION,24H,324,0.5662876254180602
adx_14b,path_inside_70,VOLATILITY_EXPANSION,2H,324,0.6710229833258224
adx_14b,path_inside_70,VOLATILITY_EXPANSION,4H,319,0.7343247588424437
adx_14b,path_inside_70,VOLATILITY_EXPANSION,8H,319,0.5788075560802833
adx_14b,trend_efficiency_high,HIGH_VOL,12H,163,0.7332134292565947
adx_14b,trend_efficiency_high,HIGH_VOL,1H,163,0.5289044289044289
adx_14b,trend_efficiency_high,HIGH_VOL,24H,163,0.5947463768115941
adx_14b,trend_efficiency_high,HIGH_VOL,2H,163,0.5588235294117647
adx_14b,trend_efficiency_high,HIGH_VOL,4H,163,0.6379754996776273
adx_14b,trend_efficiency_high,HIGH_VOL,8H,163,0.6180555555555556
adx_14b,trend_efficiency_high,LOW_VOL_RANGE,12H,1024,0.5084451857940875
adx_14b,trend_efficiency_high,LOW_VOL_RANGE,1H,1024,0.5016589536716495
adx_14b,trend_efficiency_high,LOW_VOL_RANGE,24H,1024,0.5183802994125916
adx_14b,trend_efficiency_high,LOW_VOL_RANGE,2H,1024,0.5135710909950195
adx_14b,trend_efficiency_high,LOW_VOL_RANGE,4H,1016,0.5205244507441531
adx_14b,trend_efficiency_high,LOW_VOL_RANGE,8H,1016,0.5124128919860628
adx_14b,trend_efficiency_high,NORMAL_RANGE,12H,2314,0.5015486409155937
adx_14b,trend_efficiency_high,NORMAL_RANGE,1H,2314,0.5046883882111155
adx_14b,trend_efficiency_high,NORMAL_RANGE,24H,2314,0.5235739628820961
adx_14b,trend_efficiency_high,NORMAL_RANGE,2H,2314,0.5066061180569789
adx_14b,trend_efficiency_high,NORMAL_RANGE,4H,2303,0.5083916083916084
adx_14b,trend_efficiency_high,NORMAL_RANGE,8H,2303,0.5453390529615575
adx_14b,trend_efficiency_high,TREND_DOWN,12H,190,0.5029432132963989
adx_14b,trend_efficiency_high,TREND_DOWN,1H,190,0.5919913419913421
adx_14b,trend_efficiency_high,TREND_DOWN,24H,190,0.5887445887445888
adx_14b,trend_efficiency_high,TREND_DOWN,2H,190,0.5612449799196787
adx_14b,trend_efficiency_high,TREND_DOWN,4H,189,0.5712430426716141
adx_14b,trend_efficiency_high,TREND_DOWN,8H,189,0.6096938775510204
adx_14b,trend_efficiency_high,TREND_UP,12H,179,0.5333820662768031
adx_14b,trend_efficiency_high,TREND_UP,1H,179,0.5133232780291603
adx_14b,trend_efficiency_high,TREND_UP,24H,179,0.519910514541387
adx_14b,trend_efficiency_high,TREND_UP,2H,179,0.5894039735099338
adx_14b,trend_efficiency_high,TREND_UP,4H,179,0.548993288590604
adx_14b,trend_efficiency_high,TREND_UP,8H,179,0.6456207482993197
adx_14b,trend_efficiency_high,VOLATILITY_EXPANSION,12H,324,0.5902149321266968
adx_14b,trend_efficiency_high,VOLATILITY_EXPANSION,1H,324,0.5593297101449275
adx_14b,trend_efficiency_high,VOLATILITY_EXPANSION,24H,324,0.5020315193302143
adx_14b,trend_efficiency_high,VOLATILITY_EXPANSION,2H,324,0.5711248285322359
adx_14b,trend_efficiency_high,VOLATILITY_EXPANSION,4H,319,0.5084325396825398
adx_14b,trend_efficiency_high,VOLATILITY_EXPANSION,8H,319,0.5441197332955029
true_range,upside_breakout_occurred,HIGH_VOL,12H,163,0.5825235347707258
true_range,upside_breakout_occurred,HIGH_VOL,1H,163,0.6373044328552803
true_range,upside_breakout_occurred,HIGH_VOL,24H,163,0.6342338217338217
true_range,upside_breakout_occurred,HIGH_VOL,2H,163,0.5635464231354642
true_range,upside_breakout_occurred,HIGH_VOL,4H,163,0.5299879445449065
true_range,upside_breakout_occurred,HIGH_VOL,8H,163,0.5452280277861673
true_range,upside_breakout_occurred,LOW_VOL_RANGE,12H,1024,0.557072299285414
true_range,upside_breakout_occurred,LOW_VOL_RANGE,1H,1024,0.5165992073530652
true_range,upside_breakout_occurred,LOW_VOL_RANGE,24H,1024,0.6091496169313412
true_range,upside_breakout_occurred,LOW_VOL_RANGE,2H,1024,0.5497203367294001
true_range,upside_breakout_occurred,LOW_VOL_RANGE,4H,1016,0.527020356406947
true_range,upside_breakout_occurred,LOW_VOL_RANGE,8H,1016,0.5631422920236595
true_range,upside_breakout_occurred,NORMAL_RANGE,12H,2314,0.5921182142094966
true_range,upside_breakout_occurred,NORMAL_RANGE,1H,2314,0.5005098421172878
true_range,upside_breakout_occurred,NORMAL_RANGE,24H,2314,0.6267314738716526
true_range,upside_breakout_occurred,NORMAL_RANGE,2H,2314,0.5368035695569497
true_range,upside_breakout_occurred,NORMAL_RANGE,4H,2303,0.5579438325292027
true_range,upside_breakout_occurred,NORMAL_RANGE,8H,2303,0.5730314912883534
true_range,upside_breakout_occurred,TREND_DOWN,12H,190,0.6036096256684492
true_range,upside_breakout_occurred,TREND_DOWN,1H,190,0.5772547610492275
true_range,upside_breakout_occurred,TREND_DOWN,24H,190,0.6146390374331551
true_range,upside_breakout_occurred,TREND_DOWN,2H,190,0.513338769804287
true_range,upside_breakout_occurred,TREND_DOWN,4H,189,0.5399309551208286
true_range,upside_breakout_occurred,TREND_DOWN,8H,189,0.5726822682268227
true_range,upside_breakout_occurred,TREND_UP,12H,179,0.6181137344503681
true_range,upside_breakout_occurred,TREND_UP,1H,179,0.5022477522477522
true_range,upside_breakout_occurred,TREND_UP,24H,179,0.5697427572427572
true_range,upside_breakout_occurred,TREND_UP,2H,179,0.5510651629072681
true_range,upside_breakout_occurred,TREND_UP,4H,179,0.5908974358974359
true_range,upside_breakout_occurred,TREND_UP,8H,179,0.5946794871794872
true_range,upside_breakout_occurred,VOLATILITY_EXPANSION,12H,324,0.6444207275534766
true_range,upside_breakout_occurred,VOLATILITY_EXPANSION,1H,324,0.5002068490002298
true_range,upside_breakout_occurred,VOLATILITY_EXPANSION,24H,324,0.6543337264150944
true_range,upside_breakout_occurred,VOLATILITY_EXPANSION,2H,324,0.5258714105111071
true_range,upside_breakout_occurred,VOLATILITY_EXPANSION,4H,319,0.532945205479452
true_range,upside_breakout_occurred,VOLATILITY_EXPANSION,8H,319,0.5433249252615844
true_range,downside_breakdown_occurred,HIGH_VOL,12H,163,0.5223411484879374
true_range,downside_breakdown_occurred,HIGH_VOL,1H,163,0.5199494949494949
true_range,downside_breakdown_occurred,HIGH_VOL,24H,163,0.5105334692490655
true_range,downside_breakdown_occurred,HIGH_VOL,2H,163,0.5577186963979417
true_range,downside_breakdown_occurred,HIGH_VOL,4H,163,0.5397422126745435
true_range,downside_breakdown_occurred,HIGH_VOL,8H,163,0.5047734627831715
true_range,downside_breakdown_occurred,LOW_VOL_RANGE,12H,1024,0.5362460952853803
true_range,downside_breakdown_occurred,LOW_VOL_RANGE,1H,1024,0.5500534226690902
true_range,downside_breakdown_occurred,LOW_VOL_RANGE,24H,1024,0.5702982605156518
true_range,downside_breakdown_occurred,LOW_VOL_RANGE,2H,1024,0.5175254312251216
true_range,downside_breakdown_occurred,LOW_VOL_RANGE,4H,1016,0.5117696355726451
true_range,downside_breakdown_occurred,LOW_VOL_RANGE,8H,1016,0.5232726793248945
true_range,downside_breakdown_occurred,NORMAL_RANGE,12H,2314,0.5272028985507247
true_range,downside_breakdown_occurred,NORMAL_RANGE,1H,2314,0.5388984637888399
true_range,downside_breakdown_occurred,NORMAL_RANGE,24H,2314,0.544694818798008
true_range,downside_breakdown_occurred,NORMAL_RANGE,2H,2314,0.510562164360219
true_range,downside_breakdown_occurred,NORMAL_RANGE,4H,2303,0.5057269419395665
true_range,downside_breakdown_occurred,NORMAL_RANGE,8H,2303,0.5079981500064852
true_range,downside_breakdown_occurred,TREND_DOWN,12H,190,0.5141843971631206
true_range,downside_breakdown_occurred,TREND_DOWN,1H,190,0.5476136363636364
true_range,downside_breakdown_occurred,TREND_DOWN,24H,190,0.5738585992907801
true_range,downside_breakdown_occurred,TREND_DOWN,2H,190,0.5246975246975247
true_range,downside_breakdown_occurred,TREND_DOWN,4H,189,0.5544598834603317
true_range,downside_breakdown_occurred,TREND_DOWN,8H,189,0.5046380090497737
true_range,downside_breakdown_occurred,TREND_UP,12H,179,0.5438563087077939
true_range,downside_breakdown_occurred,TREND_UP,1H,179,0.585820895522388
true_range,downside_breakdown_occurred,TREND_UP,24H,179,0.6008297711843098
true_range,downside_breakdown_occurred,TREND_UP,2H,179,0.5391596851992891
true_range,downside_breakdown_occurred,TREND_UP,4H,179,0.5444230769230769
true_range,downside_breakdown_occurred,TREND_UP,8H,179,0.5019305019305019
true_range,downside_breakdown_occurred,VOLATILITY_EXPANSION,12H,324,0.5529143536875496
true_range,downside_breakdown_occurred,VOLATILITY_EXPANSION,1H,324,0.5001968988432193
true_range,downside_breakdown_occurred,VOLATILITY_EXPANSION,24H,324,0.6121165395228048
true_range,downside_breakdown_occurred,VOLATILITY_EXPANSION,2H,324,0.5078166401695814
true_range,downside_breakdown_occurred,VOLATILITY_EXPANSION,4H,319,0.5118475419512607
true_range,downside_breakdown_occurred,VOLATILITY_EXPANSION,8H,319,0.5187442789381709
true_range,range_breached,HIGH_VOL,12H,163,0.7087837837837838
true_range,range_breached,HIGH_VOL,1H,163,0.6196202531645569
true_range,range_breached,HIGH_VOL,24H,163,0.7276923076923076
true_range,range_breached,HIGH_VOL,2H,163,0.6130573248407643
true_range,range_breached,HIGH_VOL,4H,163,0.5906593406593407
true_range,range_breached,HIGH_VOL,8H,163,0.512062937062937
true_range,range_breached,LOW_VOL_RANGE,12H,1024,0.7156124497991968
true_range,range_breached,LOW_VOL_RANGE,1H,1024,0.530093923710945
true_range,range_breached,LOW_VOL_RANGE,24H,1024,0.6715389185977421
true_range,range_breached,LOW_VOL_RANGE,2H,1024,0.5905026990553306
true_range,range_breached,LOW_VOL_RANGE,4H,1016,0.5887254193175246
true_range,range_breached,LOW_VOL_RANGE,8H,1016,0.6759868421052632
true_range,range_breached,NORMAL_RANGE,12H,2314,0.6473257188191368
true_range,range_breached,NORMAL_RANGE,1H,2314,0.5474795163868904
true_range,range_breached,NORMAL_RANGE,24H,2314,0.7572298325722984
true_range,range_breached,NORMAL_RANGE,2H,2314,0.5981630872933538
true_range,range_breached,NORMAL_RANGE,4H,2303,0.6377130142190384
true_range,range_breached,NORMAL_RANGE,8H,2303,0.6132308276385725
true_range,range_breached,TREND_DOWN,12H,190,0.5524155722326454
true_range,range_breached,TREND_DOWN,1H,190,0.504250255015301
true_range,range_breached,TREND_DOWN,24H,190,0.5406626506024097
true_range,range_breached,TREND_DOWN,2H,190,0.5326737828690445
true_range,range_breached,TREND_DOWN,4H,189,0.6227709190672154
true_range,range_breached,TREND_DOWN,8H,189,0.5866161616161616
true_range,range_breached,TREND_UP,12H,179,0.5562068965517242
true_range,range_breached,TREND_UP,1H,179,0.5362318840579711
true_range,range_breached,TREND_UP,24H,179,0.5341769157994324
true_range,range_breached,TREND_UP,2H,179,0.5317204301075269
true_range,range_breached,TREND_UP,4H,179,0.522183908045977
true_range,range_breached,TREND_UP,8H,179,0.5726120857699806
true_range,range_breached,VOLATILITY_EXPANSION,12H,324,0.7099223468507334
true_range,range_breached,VOLATILITY_EXPANSION,1H,324,0.5892416225749559
true_range,range_breached,VOLATILITY_EXPANSION,24H,324,0.7418729096989967
true_range,range_breached,VOLATILITY_EXPANSION,2H,324,0.665615141955836
true_range,range_breached,VOLATILITY_EXPANSION,4H,319,0.720056270096463
true_range,range_breached,VOLATILITY_EXPANSION,8H,319,0.7058736717827627
true_range,path_inside_70,HIGH_VOL,12H,163,0.7087837837837838
true_range,path_inside_70,HIGH_VOL,1H,163,0.6196202531645569
true_range,path_inside_70,HIGH_VOL,24H,163,0.7276923076923076
true_range,path_inside_70,HIGH_VOL,2H,163,0.6130573248407644
true_range,path_inside_70,HIGH_VOL,4H,163,0.5906593406593407
true_range,path_inside_70,HIGH_VOL,8H,163,0.512062937062937
true_range,path_inside_70,LOW_VOL_RANGE,12H,1024,0.7156124497991968
true_range,path_inside_70,LOW_VOL_RANGE,1H,1024,0.530093923710945
true_range,path_inside_70,LOW_VOL_RANGE,24H,1024,0.6715389185977422
true_range,path_inside_70,LOW_VOL_RANGE,2H,1024,0.5905026990553306
true_range,path_inside_70,LOW_VOL_RANGE,4H,1016,0.5887254193175245
true_range,path_inside_70,LOW_VOL_RANGE,8H,1016,0.6759868421052632
true_range,path_inside_70,NORMAL_RANGE,12H,2314,0.6473257188191369
true_range,path_inside_70,NORMAL_RANGE,1H,2314,0.5474795163868905
true_range,path_inside_70,NORMAL_RANGE,24H,2314,0.7572298325722984
true_range,path_inside_70,NORMAL_RANGE,2H,2314,0.5981630872933538
true_range,path_inside_70,NORMAL_RANGE,4H,2303,0.6377130142190384
true_range,path_inside_70,NORMAL_RANGE,8H,2303,0.6132308276385725
true_range,path_inside_70,TREND_DOWN,12H,190,0.5524155722326454
true_range,path_inside_70,TREND_DOWN,1H,190,0.504250255015301
true_range,path_inside_70,TREND_DOWN,24H,190,0.5406626506024096
true_range,path_inside_70,TREND_DOWN,2H,190,0.5326737828690445
true_range,path_inside_70,TREND_DOWN,4H,189,0.6227709190672154
true_range,path_inside_70,TREND_DOWN,8H,189,0.5866161616161616
true_range,path_inside_70,TREND_UP,12H,179,0.5562068965517242
true_range,path_inside_70,TREND_UP,1H,179,0.536231884057971
true_range,path_inside_70,TREND_UP,24H,179,0.5341769157994323
true_range,path_inside_70,TREND_UP,2H,179,0.5317204301075269
true_range,path_inside_70,TREND_UP,4H,179,0.522183908045977
true_range,path_inside_70,TREND_UP,8H,179,0.5726120857699805
true_range,path_inside_70,VOLATILITY_EXPANSION,12H,324,0.7099223468507334
true_range,path_inside_70,VOLATILITY_EXPANSION,1H,324,0.5892416225749559
true_range,path_inside_70,VOLATILITY_EXPANSION,24H,324,0.7418729096989967
true_range,path_inside_70,VOLATILITY_EXPANSION,2H,324,0.6656151419558359
true_range,path_inside_70,VOLATILITY_EXPANSION,4H,319,0.720056270096463
true_range,path_inside_70,VOLATILITY_EXPANSION,8H,319,0.7058736717827627
true_range,trend_efficiency_high,HIGH_VOL,12H,163,0.6407374100719425
true_range,trend_efficiency_high,HIGH_VOL,1H,163,0.5445221445221445
true_range,trend_efficiency_high,HIGH_VOL,24H,163,0.5675724637681159
true_range,trend_efficiency_high,HIGH_VOL,2H,163,0.5035339717282262
true_range,trend_efficiency_high,HIGH_VOL,4H,163,0.5411025145067698
true_range,trend_efficiency_high,HIGH_VOL,8H,163,0.5921052631578947
true_range,trend_efficiency_high,LOW_VOL_RANGE,12H,1024,0.5072331591295008
true_range,trend_efficiency_high,LOW_VOL_RANGE,1H,1024,0.5216635598770719
true_range,trend_efficiency_high,LOW_VOL_RANGE,24H,1024,0.5130770505588667
true_range,trend_efficiency_high,LOW_VOL_RANGE,2H,1024,0.5002326680481332
true_range,trend_efficiency_high,LOW_VOL_RANGE,4H,1016,0.5014741318214033
true_range,trend_efficiency_high,LOW_VOL_RANGE,8H,1016,0.5328646092583375
true_range,trend_efficiency_high,NORMAL_RANGE,12H,2314,0.5248503814973772
true_range,trend_efficiency_high,NORMAL_RANGE,1H,2314,0.5196581617036162
true_range,trend_efficiency_high,NORMAL_RANGE,24H,2314,0.5413217841815992
true_range,trend_efficiency_high,NORMAL_RANGE,2H,2314,0.5295373027259684
true_range,trend_efficiency_high,NORMAL_RANGE,4H,2303,0.500941708019748
true_range,trend_efficiency_high,NORMAL_RANGE,8H,2303,0.5120245453276306
true_range,trend_efficiency_high,TREND_DOWN,12H,190,0.5165339335180055
true_range,trend_efficiency_high,TREND_DOWN,1H,190,0.525974025974026
true_range,trend_efficiency_high,TREND_DOWN,24H,190,0.550865800865801
true_range,trend_efficiency_high,TREND_DOWN,2H,190,0.5309989959839357
true_range,trend_efficiency_high,TREND_DOWN,4H,189,0.5328385899814472
true_range,trend_efficiency_high,TREND_DOWN,8H,189,0.5836167800453514
true_range,trend_efficiency_high,TREND_UP,12H,179,0.5051169590643275
true_range,trend_efficiency_high,TREND_UP,1H,179,0.5667420814479638
true_range,trend_efficiency_high,TREND_UP,24H,179,0.5038031319910514
true_range,trend_efficiency_high,TREND_UP,2H,179,0.5257805108798486
true_range,trend_efficiency_high,TREND_UP,4H,179,0.5097315436241611
true_range,trend_efficiency_high,TREND_UP,8H,179,0.5449617346938775
true_range,trend_efficiency_high,VOLATILITY_EXPANSION,12H,324,0.5634191176470589
true_range,trend_efficiency_high,VOLATILITY_EXPANSION,1H,324,0.5354393115942029
true_range,trend_efficiency_high,VOLATILITY_EXPANSION,24H,324,0.5220389066732332
true_range,trend_efficiency_high,VOLATILITY_EXPANSION,2H,324,0.5371399176954732
true_range,trend_efficiency_high,VOLATILITY_EXPANSION,4H,319,0.5077194940476191
true_range,trend_efficiency_high,VOLATILITY_EXPANSION,8H,319,0.5248971485317067
volume_z_12b,upside_breakout_occurred,HIGH_VOL,12H,163,0.530671120558761
volume_z_12b,upside_breakout_occurred,HIGH_VOL,1H,163,0.6572685788787483
volume_z_12b,upside_breakout_occurred,HIGH_VOL,24H,163,0.5146520146520146
volume_z_12b,upside_breakout_occurred,HIGH_VOL,2H,163,0.5420091324200913
volume_z_12b,upside_breakout_occurred,HIGH_VOL,4H,163,0.5057263411693791
volume_z_12b,upside_breakout_occurred,HIGH_VOL,8H,163,0.5570824524312896
volume_z_12b,upside_breakout_occurred,LOW_VOL_RANGE,12H,1024,0.5387873055905843
volume_z_12b,upside_breakout_occurred,LOW_VOL_RANGE,1H,1024,0.5654060207437389
volume_z_12b,upside_breakout_occurred,LOW_VOL_RANGE,24H,1024,0.5270555082631285
volume_z_12b,upside_breakout_occurred,LOW_VOL_RANGE,2H,1024,0.5162065192276672
volume_z_12b,upside_breakout_occurred,LOW_VOL_RANGE,4H,1016,0.5087788420170731
volume_z_12b,upside_breakout_occurred,LOW_VOL_RANGE,8H,1016,0.5068755045105009
volume_z_12b,upside_breakout_occurred,NORMAL_RANGE,12H,2314,0.5281826200346811
volume_z_12b,upside_breakout_occurred,NORMAL_RANGE,1H,2314,0.5599308987570595
volume_z_12b,upside_breakout_occurred,NORMAL_RANGE,24H,2314,0.5305330114375728
volume_z_12b,upside_breakout_occurred,NORMAL_RANGE,2H,2314,0.5509849458569388
volume_z_12b,upside_breakout_occurred,NORMAL_RANGE,4H,2303,0.5403083735398679
volume_z_12b,upside_breakout_occurred,NORMAL_RANGE,8H,2303,0.5473654849011602
volume_z_12b,upside_breakout_occurred,TREND_DOWN,12H,190,0.518048128342246
volume_z_12b,upside_breakout_occurred,TREND_DOWN,1H,190,0.7024793388429752
volume_z_12b,upside_breakout_occurred,TREND_DOWN,24H,190,0.5111408199643495
volume_z_12b,upside_breakout_occurred,TREND_DOWN,2H,190,0.5770037278657968
volume_z_12b,upside_breakout_occurred,TREND_DOWN,4H,189,0.5025316455696203
volume_z_12b,upside_breakout_occurred,TREND_DOWN,8H,189,0.5162016201620162
volume_z_12b,upside_breakout_occurred,TREND_UP,12H,179,0.509012439705509
volume_z_12b,upside_breakout_occurred,TREND_UP,1H,179,0.6673326673326674
volume_z_12b,upside_breakout_occurred,TREND_UP,24H,179,0.5334665334665335
volume_z_12b,upside_breakout_occurred,TREND_UP,2H,179,0.5661654135338345
volume_z_12b,upside_breakout_occurred,TREND_UP,4H,179,0.561923076923077
volume_z_12b,upside_breakout_occurred,TREND_UP,8H,179,0.5434615384615384
volume_z_12b,upside_breakout_occurred,VOLATILITY_EXPANSION,12H,324,0.5332667241927427
volume_z_12b,upside_breakout_occurred,VOLATILITY_EXPANSION,1H,324,0.6329119742587911
volume_z_12b,upside_breakout_occurred,VOLATILITY_EXPANSION,24H,324,0.5529818059299192
volume_z_12b,upside_breakout_occurred,VOLATILITY_EXPANSION,2H,324,0.6057883330323279
volume_z_12b,upside_breakout_occurred,VOLATILITY_EXPANSION,4H,319,0.5878082191780822
volume_z_12b,upside_breakout_occurred,VOLATILITY_EXPANSION,8H,319,0.5382100149476831
volume_z_12b,downside_breakdown_occurred,HIGH_VOL,12H,163,0.5338090383961943
volume_z_12b,downside_breakdown_occurred,HIGH_VOL,1H,163,0.5747474747474748
volume_z_12b,downside_breakdown_occurred,HIGH_VOL,24H,163,0.5299014610941216
volume_z_12b,downside_breakdown_occurred,HIGH_VOL,2H,163,0.5444253859348199
volume_z_12b,downside_breakdown_occurred,HIGH_VOL,4H,163,0.5089509488005729
volume_z_12b,downside_breakdown_occurred,HIGH_VOL,8H,163,0.5127831715210356
volume_z_12b,downside_breakdown_occurred,LOW_VOL_RANGE,12H,1024,0.5055876207617038
volume_z_12b,downside_breakdown_occurred,LOW_VOL_RANGE,1H,1024,0.5685151052064754
volume_z_12b,downside_breakdown_occurred,LOW_VOL_RANGE,24H,1024,0.5083612040133779
volume_z_12b,downside_breakdown_occurred,LOW_VOL_RANGE,2H,1024,0.5384498828771275
volume_z_12b,downside_breakdown_occurred,LOW_VOL_RANGE,4H,1016,0.5273248624821812
volume_z_12b,downside_breakdown_occurred,LOW_VOL_RANGE,8H,1016,0.507754812763713
volume_z_12b,downside_breakdown_occurred,NORMAL_RANGE,12H,2314,0.5128098891730605
volume_z_12b,downside_breakdown_occurred,NORMAL_RANGE,1H,2314,0.5730839996589113
volume_z_12b,downside_breakdown_occurred,NORMAL_RANGE,24H,2314,0.5089938240373317
volume_z_12b,downside_breakdown_occurred,NORMAL_RANGE,2H,2314,0.5570684446968914
volume_z_12b,downside_breakdown_occurred,NORMAL_RANGE,4H,2303,0.5303391368787417
volume_z_12b,downside_breakdown_occurred,NORMAL_RANGE,8H,2303,0.5216256391352133
volume_z_12b,downside_breakdown_occurred,TREND_DOWN,12H,190,0.5664893617021277
volume_z_12b,downside_breakdown_occurred,TREND_DOWN,1H,190,0.5894318181818182
volume_z_12b,downside_breakdown_occurred,TREND_DOWN,24H,190,0.6245567375886525
volume_z_12b,downside_breakdown_occurred,TREND_DOWN,2H,190,0.5718725718725719
volume_z_12b,downside_breakdown_occurred,TREND_DOWN,4H,189,0.5618556701030928
volume_z_12b,downside_breakdown_occurred,TREND_DOWN,8H,189,0.5699095022624434
volume_z_12b,downside_breakdown_occurred,TREND_UP,12H,179,0.5866971312515867
volume_z_12b,downside_breakdown_occurred,TREND_UP,1H,179,0.5856876332622601
volume_z_12b,downside_breakdown_occurred,TREND_UP,24H,179,0.6374151370379684
volume_z_12b,downside_breakdown_occurred,TREND_UP,2H,179,0.5916476263010917
volume_z_12b,downside_breakdown_occurred,TREND_UP,4H,179,0.5778205128205128
volume_z_12b,downside_breakdown_occurred,TREND_UP,8H,179,0.5305019305019305
volume_z_12b,downside_breakdown_occurred,VOLATILITY_EXPANSION,12H,324,0.5683584456780333
volume_z_12b,downside_breakdown_occurred,VOLATILITY_EXPANSION,1H,324,0.5593896135860201
volume_z_12b,downside_breakdown_occurred,VOLATILITY_EXPANSION,24H,324,0.5891089108910891
volume_z_12b,downside_breakdown_occurred,VOLATILITY_EXPANSION,2H,324,0.5638579756226815
volume_z_12b,downside_breakdown_occurred,VOLATILITY_EXPANSION,4H,319,0.5972678977991399
volume_z_12b,downside_breakdown_occurred,VOLATILITY_EXPANSION,8H,319,0.5829657984521928
volume_z_12b,range_breached,HIGH_VOL,12H,163,0.5414414414414415
volume_z_12b,range_breached,HIGH_VOL,1H,163,0.6088607594936709
volume_z_12b,range_breached,HIGH_VOL,24H,163,0.5364102564102564
volume_z_12b,range_breached,HIGH_VOL,2H,163,0.5233545647558386
volume_z_12b,range_breached,HIGH_VOL,4H,163,0.5137362637362637
volume_z_12b,range_breached,HIGH_VOL,8H,163,0.5548951048951049
volume_z_12b,range_breached,LOW_VOL_RANGE,12H,1024,0.6535427423981641
volume_z_12b,range_breached,LOW_VOL_RANGE,1H,1024,0.6048358388783921
volume_z_12b,range_breached,LOW_VOL_RANGE,24H,1024,0.5674688057040999
volume_z_12b,range_breached,LOW_VOL_RANGE,2H,1024,0.5614597390913181
volume_z_12b,range_breached,LOW_VOL_RANGE,4H,1016,0.6204091960670908
volume_z_12b,range_breached,LOW_VOL_RANGE,8H,1016,0.5961176980913823
volume_z_12b,range_breached,NORMAL_RANGE,12H,2314,0.5840479608069259
volume_z_12b,range_breached,NORMAL_RANGE,1H,2314,0.6485861310951239
volume_z_12b,range_breached,NORMAL_RANGE,24H,2314,0.5637710659991565
volume_z_12b,range_breached,NORMAL_RANGE,2H,2314,0.6666924732514748
volume_z_12b,range_breached,NORMAL_RANGE,4H,2303,0.5888689894713991
volume_z_12b,range_breached,NORMAL_RANGE,8H,2303,0.6178562389268539
volume_z_12b,range_breached,TREND_DOWN,12H,190,0.6207786116322702
volume_z_12b,range_breached,TREND_DOWN,1H,190,0.7177830669840191
volume_z_12b,range_breached,TREND_DOWN,24H,190,0.6440763052208835
volume_z_12b,range_breached,TREND_DOWN,2H,190,0.6368133298620151
volume_z_12b,range_breached,TREND_DOWN,4H,189,0.5338363054412437
volume_z_12b,range_breached,TREND_DOWN,8H,189,0.5775252525252526
volume_z_12b,range_breached,TREND_UP,12H,179,0.5986206896551725
volume_z_12b,range_breached,TREND_UP,1H,179,0.6878483835005574
volume_z_12b,range_breached,TREND_UP,24H,179,0.631267738883633
volume_z_12b,range_breached,TREND_UP,2H,179,0.6279569892473118
volume_z_12b,range_breached,TREND_UP,4H,179,0.6489655172413793
volume_z_12b,range_breached,TREND_UP,8H,179,0.5940545808966862
volume_z_12b,range_breached,VOLATILITY_EXPANSION,12H,324,0.6942191544434858
volume_z_12b,range_breached,VOLATILITY_EXPANSION,1H,324,0.8867724867724868
volume_z_12b,range_breached,VOLATILITY_EXPANSION,24H,324,0.6945819397993311
volume_z_12b,range_breached,VOLATILITY_EXPANSION,2H,324,0.6363226678684092
volume_z_12b,range_breached,VOLATILITY_EXPANSION,4H,319,0.7411575562700965
volume_z_12b,range_breached,VOLATILITY_EXPANSION,8H,319,0.6440377804014168
volume_z_12b,path_inside_70,HIGH_VOL,12H,163,0.5414414414414415
volume_z_12b,path_inside_70,HIGH_VOL,1H,163,0.6088607594936709
volume_z_12b,path_inside_70,HIGH_VOL,24H,163,0.5364102564102564
volume_z_12b,path_inside_70,HIGH_VOL,2H,163,0.5233545647558386
volume_z_12b,path_inside_70,HIGH_VOL,4H,163,0.5137362637362637
volume_z_12b,path_inside_70,HIGH_VOL,8H,163,0.554895104895105
volume_z_12b,path_inside_70,LOW_VOL_RANGE,12H,1024,0.6535427423981641
volume_z_12b,path_inside_70,LOW_VOL_RANGE,1H,1024,0.6048358388783921
volume_z_12b,path_inside_70,LOW_VOL_RANGE,24H,1024,0.5674688057040997
volume_z_12b,path_inside_70,LOW_VOL_RANGE,2H,1024,0.5614597390913181
volume_z_12b,path_inside_70,LOW_VOL_RANGE,4H,1016,0.6204091960670908
volume_z_12b,path_inside_70,LOW_VOL_RANGE,8H,1016,0.5961176980913823
volume_z_12b,path_inside_70,NORMAL_RANGE,12H,2314,0.5840479608069258
volume_z_12b,path_inside_70,NORMAL_RANGE,1H,2314,0.648586131095124
volume_z_12b,path_inside_70,NORMAL_RANGE,24H,2314,0.5637710659991564
volume_z_12b,path_inside_70,NORMAL_RANGE,2H,2314,0.6666924732514748
volume_z_12b,path_inside_70,NORMAL_RANGE,4H,2303,0.5888689894713991
volume_z_12b,path_inside_70,NORMAL_RANGE,8H,2303,0.617856238926854
volume_z_12b,path_inside_70,TREND_DOWN,12H,190,0.6207786116322702
volume_z_12b,path_inside_70,TREND_DOWN,1H,190,0.7177830669840191
volume_z_12b,path_inside_70,TREND_DOWN,24H,190,0.6440763052208835
volume_z_12b,path_inside_70,TREND_DOWN,2H,190,0.6368133298620151
volume_z_12b,path_inside_70,TREND_DOWN,4H,189,0.5338363054412437
volume_z_12b,path_inside_70,TREND_DOWN,8H,189,0.5775252525252526
volume_z_12b,path_inside_70,TREND_UP,12H,179,0.5986206896551725
volume_z_12b,path_inside_70,TREND_UP,1H,179,0.6878483835005574
volume_z_12b,path_inside_70,TREND_UP,24H,179,0.631267738883633
volume_z_12b,path_inside_70,TREND_UP,2H,179,0.6279569892473118
volume_z_12b,path_inside_70,TREND_UP,4H,179,0.6489655172413793
volume_z_12b,path_inside_70,TREND_UP,8H,179,0.5940545808966862
volume_z_12b,path_inside_70,VOLATILITY_EXPANSION,12H,324,0.6942191544434857
volume_z_12b,path_inside_70,VOLATILITY_EXPANSION,1H,324,0.8867724867724868
volume_z_12b,path_inside_70,VOLATILITY_EXPANSION,24H,324,0.6945819397993311
volume_z_12b,path_inside_70,VOLATILITY_EXPANSION,2H,324,0.6363226678684092
volume_z_12b,path_inside_70,VOLATILITY_EXPANSION,4H,319,0.7411575562700965
volume_z_12b,path_inside_70,VOLATILITY_EXPANSION,8H,319,0.6440377804014168
volume_z_12b,trend_efficiency_high,HIGH_VOL,12H,163,0.5335731414868106
volume_z_12b,trend_efficiency_high,HIGH_VOL,1H,163,0.668997668997669
volume_z_12b,trend_efficiency_high,HIGH_VOL,24H,163,0.5182971014492754
volume_z_12b,trend_efficiency_high,HIGH_VOL,2H,163,0.5797993616051071
volume_z_12b,trend_efficiency_high,HIGH_VOL,4H,163,0.5019342359767892
volume_z_12b,trend_efficiency_high,HIGH_VOL,8H,163,0.5844298245614035
volume_z_12b,trend_efficiency_high,LOW_VOL_RANGE,12H,1024,0.5242615337537426
volume_z_12b,trend_efficiency_high,LOW_VOL_RANGE,1H,1024,0.5104395327580374
volume_z_12b,trend_efficiency_high,LOW_VOL_RANGE,24H,1024,0.5198534240941818
volume_z_12b,trend_efficiency_high,LOW_VOL_RANGE,2H,1024,0.5113462027847457
volume_z_12b,trend_efficiency_high,LOW_VOL_RANGE,4H,1016,0.5128490432317505
volume_z_12b,trend_efficiency_high,LOW_VOL_RANGE,8H,1016,0.5047349427575909
volume_z_12b,trend_efficiency_high,NORMAL_RANGE,12H,2314,0.5059060562708632
volume_z_12b,trend_efficiency_high,NORMAL_RANGE,1H,2314,0.5088411167956622
volume_z_12b,trend_efficiency_high,NORMAL_RANGE,24H,2314,0.5044326908598102
volume_z_12b,trend_efficiency_high,NORMAL_RANGE,2H,2314,0.5009338491494159
volume_z_12b,trend_efficiency_high,NORMAL_RANGE,4H,2303,0.51455966900613
volume_z_12b,trend_efficiency_high,NORMAL_RANGE,8H,2303,0.5232622187250137
volume_z_12b,trend_efficiency_high,TREND_DOWN,12H,190,0.5178324099722992
volume_z_12b,trend_efficiency_high,TREND_DOWN,1H,190,0.5676406926406926
volume_z_12b,trend_efficiency_high,TREND_DOWN,24H,190,0.5797258297258298
volume_z_12b,trend_efficiency_high,TREND_DOWN,2H,190,0.5228413654618473
volume_z_12b,trend_efficiency_high,TREND_DOWN,4H,189,0.5541743970315399
volume_z_12b,trend_efficiency_high,TREND_DOWN,8H,189,0.5065192743764173
volume_z_12b,trend_efficiency_high,TREND_UP,12H,179,0.5289961013645224
volume_z_12b,trend_efficiency_high,TREND_UP,1H,179,0.5460030165912519
volume_z_12b,trend_efficiency_high,TREND_UP,24H,179,0.6337807606263982
volume_z_12b,trend_efficiency_high,TREND_UP,2H,179,0.6246452223273415
volume_z_12b,trend_efficiency_high,TREND_UP,4H,179,0.5308724832214765
volume_z_12b,trend_efficiency_high,TREND_UP,8H,179,0.5933248299319728
volume_z_12b,trend_efficiency_high,VOLATILITY_EXPANSION,12H,324,0.513433257918552
volume_z_12b,trend_efficiency_high,VOLATILITY_EXPANSION,1H,324,0.5498943236714976
volume_z_12b,trend_efficiency_high,VOLATILITY_EXPANSION,24H,324,0.5249938438808175
volume_z_12b,trend_efficiency_high,VOLATILITY_EXPANSION,2H,324,0.5032921810699589
volume_z_12b,trend_efficiency_high,VOLATILITY_EXPANSION,4H,319,0.5690104166666666
volume_z_12b,trend_efficiency_high,VOLATILITY_EXPANSION,8H,319,0.5071641367569868
atr_slope_24b,upside_breakout_occurred,HIGH_VOL,12H,163,0.5546614029760097
atr_slope_24b,upside_breakout_occurred,HIGH_VOL,1H,163,0.5294980443285529
atr_slope_24b,upside_breakout_occurred,HIGH_VOL,24H,163,0.5430402930402931
atr_slope_24b,upside_breakout_occurred,HIGH_VOL,2H,163,0.5657534246575342
atr_slope_24b,upside_breakout_occurred,HIGH_VOL,4H,163,0.5715792646172393
atr_slope_24b,upside_breakout_occurred,HIGH_VOL,8H,163,0.5504379341588644
atr_slope_24b,upside_breakout_occurred,LOW_VOL_RANGE,12H,1024,0.5140552753257671
atr_slope_24b,upside_breakout_occurred,LOW_VOL_RANGE,1H,1024,0.5183826629564043
atr_slope_24b,upside_breakout_occurred,LOW_VOL_RANGE,24H,1024,0.5144509349223589
atr_slope_24b,upside_breakout_occurred,LOW_VOL_RANGE,2H,1024,0.508594795603859
atr_slope_24b,upside_breakout_occurred,LOW_VOL_RANGE,4H,1016,0.500966872721509
atr_slope_24b,upside_breakout_occurred,LOW_VOL_RANGE,8H,1016,0.5173268378343931
atr_slope_24b,upside_breakout_occurred,NORMAL_RANGE,12H,2314,0.5106781794148363
atr_slope_24b,upside_breakout_occurred,NORMAL_RANGE,1H,2314,0.5268849528436124
atr_slope_24b,upside_breakout_occurred,NORMAL_RANGE,24H,2314,0.528004931169098
atr_slope_24b,upside_breakout_occurred,NORMAL_RANGE,2H,2314,0.5237349216243627
atr_slope_24b,upside_breakout_occurred,NORMAL_RANGE,4H,2303,0.500092845352971
atr_slope_24b,upside_breakout_occurred,NORMAL_RANGE,8H,2303,0.5143639083154788
atr_slope_24b,upside_breakout_occurred,TREND_DOWN,12H,190,0.5513591800356505
atr_slope_24b,upside_breakout_occurred,TREND_DOWN,1H,190,0.5388669301712781
atr_slope_24b,upside_breakout_occurred,TREND_DOWN,24H,190,0.5486853832442068
atr_slope_24b,upside_breakout_occurred,TREND_DOWN,2H,190,0.5246971109040075
atr_slope_24b,upside_breakout_occurred,TREND_DOWN,4H,189,0.570886075949367
atr_slope_24b,upside_breakout_occurred,TREND_DOWN,8H,189,0.5336408640864087
atr_slope_24b,upside_breakout_occurred,TREND_UP,12H,179,0.5437928408225439
atr_slope_24b,upside_breakout_occurred,TREND_UP,1H,179,0.5480769230769231
atr_slope_24b,upside_breakout_occurred,TREND_UP,24H,179,0.5337162837162837
atr_slope_24b,upside_breakout_occurred,TREND_UP,2H,179,0.5587719298245615
atr_slope_24b,upside_breakout_occurred,TREND_UP,4H,179,0.560128205128205
atr_slope_24b,upside_breakout_occurred,TREND_UP,8H,179,0.5343589743589743
atr_slope_24b,upside_breakout_occurred,VOLATILITY_EXPANSION,12H,324,0.5850856078841
atr_slope_24b,upside_breakout_occurred,VOLATILITY_EXPANSION,1H,324,0.5137669501264077
atr_slope_24b,upside_breakout_occurred,VOLATILITY_EXPANSION,24H,324,0.5524342991913747
atr_slope_24b,upside_breakout_occurred,VOLATILITY_EXPANSION,2H,324,0.5120552645837095
atr_slope_24b,upside_breakout_occurred,VOLATILITY_EXPANSION,4H,319,0.5352511415525114
atr_slope_24b,upside_breakout_occurred,VOLATILITY_EXPANSION,8H,319,0.5492806427503737
atr_slope_24b,downside_breakdown_occurred,HIGH_VOL,12H,163,0.6700645599728168
atr_slope_24b,downside_breakdown_occurred,HIGH_VOL,1H,163,0.6328282828282829
atr_slope_24b,downside_breakdown_occurred,HIGH_VOL,24H,163,0.6202854230377166
atr_slope_24b,downside_breakdown_occurred,HIGH_VOL,2H,163,0.6234991423670668
atr_slope_24b,downside_breakdown_occurred,HIGH_VOL,4H,163,0.6825993555316864
atr_slope_24b,downside_breakdown_occurred,HIGH_VOL,8H,163,0.6237864077669903
atr_slope_24b,downside_breakdown_occurred,LOW_VOL_RANGE,12H,1024,0.5015908479695483
atr_slope_24b,downside_breakdown_occurred,LOW_VOL_RANGE,1H,1024,0.5210221395459712
atr_slope_24b,downside_breakdown_occurred,LOW_VOL_RANGE,24H,1024,0.5235263930916105
atr_slope_24b,downside_breakdown_occurred,LOW_VOL_RANGE,2H,1024,0.5221919177027536
atr_slope_24b,downside_breakdown_occurred,LOW_VOL_RANGE,4H,1016,0.5196633021530422
atr_slope_24b,downside_breakdown_occurred,LOW_VOL_RANGE,8H,1016,0.5285222178270043
atr_slope_24b,downside_breakdown_occurred,NORMAL_RANGE,12H,2314,0.5126854219948849
atr_slope_24b,downside_breakdown_occurred,NORMAL_RANGE,1H,2314,0.5000803526332706
atr_slope_24b,downside_breakdown_occurred,NORMAL_RANGE,24H,2314,0.5158421596216648
atr_slope_24b,downside_breakdown_occurred,NORMAL_RANGE,2H,2314,0.5159775831353919
atr_slope_24b,downside_breakdown_occurred,NORMAL_RANGE,4H,2303,0.5054829765443509
atr_slope_24b,downside_breakdown_occurred,NORMAL_RANGE,8H,2303,0.5032460218312889
atr_slope_24b,downside_breakdown_occurred,TREND_DOWN,12H,190,0.5126329787234043
atr_slope_24b,downside_breakdown_occurred,TREND_DOWN,1H,190,0.5128409090909091
atr_slope_24b,downside_breakdown_occurred,TREND_DOWN,24H,190,0.5110815602836879
atr_slope_24b,downside_breakdown_occurred,TREND_DOWN,2H,190,0.5121545121545121
atr_slope_24b,downside_breakdown_occurred,TREND_DOWN,4H,189,0.5217391304347826
atr_slope_24b,downside_breakdown_occurred,TREND_DOWN,8H,189,0.5130090497737556
atr_slope_24b,downside_breakdown_occurred,TREND_UP,12H,179,0.5036811373445037
atr_slope_24b,downside_breakdown_occurred,TREND_UP,1H,179,0.5389125799573561
atr_slope_24b,downside_breakdown_occurred,TREND_UP,24H,179,0.5163439778727684
atr_slope_24b,downside_breakdown_occurred,TREND_UP,2H,179,0.5099009900990099
atr_slope_24b,downside_breakdown_occurred,TREND_UP,4H,179,0.5393589743589744
atr_slope_24b,downside_breakdown_occurred,TREND_UP,8H,179,0.5181467181467181
atr_slope_24b,downside_breakdown_occurred,VOLATILITY_EXPANSION,12H,324,0.5978191911181602
atr_slope_24b,downside_breakdown_occurred,VOLATILITY_EXPANSION,1H,324,0.503224218557716
atr_slope_24b,downside_breakdown_occurred,VOLATILITY_EXPANSION,24H,324,0.639019639668885
atr_slope_24b,downside_breakdown_occurred,VOLATILITY_EXPANSION,2H,324,0.5274244833068362
atr_slope_24b,downside_breakdown_occurred,VOLATILITY_EXPANSION,4H,319,0.5432582848469516
atr_slope_24b,downside_breakdown_occurred,VOLATILITY_EXPANSION,8H,319,0.5727302987434468
atr_slope_24b,range_breached,HIGH_VOL,12H,163,0.7238738738738739
atr_slope_24b,range_breached,HIGH_VOL,1H,163,0.6075949367088608
atr_slope_24b,range_breached,HIGH_VOL,24H,163,0.7435897435897436
atr_slope_24b,range_breached,HIGH_VOL,2H,163,0.5583864118895966
atr_slope_24b,range_breached,HIGH_VOL,4H,163,0.6327838827838828
atr_slope_24b,range_breached,HIGH_VOL,8H,163,0.6101398601398602
atr_slope_24b,range_breached,LOW_VOL_RANGE,12H,1024,0.5305507745266782
atr_slope_24b,range_breached,LOW_VOL_RANGE,1H,1024,0.5038199293518442
atr_slope_24b,range_breached,LOW_VOL_RANGE,24H,1024,0.5122994652406417
atr_slope_24b,range_breached,LOW_VOL_RANGE,2H,1024,0.5648054430949168
atr_slope_24b,range_breached,LOW_VOL_RANGE,4H,1016,0.5259543088490457
atr_slope_24b,range_breached,LOW_VOL_RANGE,8H,1016,0.5767423366107577
atr_slope_24b,range_breached,NORMAL_RANGE,12H,2314,0.5159426335095877
atr_slope_24b,range_breached,NORMAL_RANGE,1H,2314,0.6025329736211031
atr_slope_24b,range_breached,NORMAL_RANGE,24H,2314,0.6018350418416436
atr_slope_24b,range_breached,NORMAL_RANGE,2H,2314,0.6145631719389519
atr_slope_24b,range_breached,NORMAL_RANGE,4H,2303,0.5241452295669163
atr_slope_24b,range_breached,NORMAL_RANGE,8H,2303,0.528456930734835
atr_slope_24b,range_breached,TREND_DOWN,12H,190,0.5856003752345216
atr_slope_24b,range_breached,TREND_DOWN,1H,190,0.500170010200612
atr_slope_24b,range_breached,TREND_DOWN,24H,190,0.5489457831325302
atr_slope_24b,range_breached,TREND_DOWN,2H,190,0.5032543608435304
atr_slope_24b,range_breached,TREND_DOWN,4H,189,0.6154549611339735
atr_slope_24b,range_breached,TREND_DOWN,8H,189,0.5527777777777778
atr_slope_24b,range_breached,TREND_UP,12H,179,0.562528735632184
atr_slope_24b,range_breached,TREND_UP,1H,179,0.6045150501672241
atr_slope_24b,range_breached,TREND_UP,24H,179,0.5170293282876064
atr_slope_24b,range_breached,TREND_UP,2H,179,0.6502688172043011
atr_slope_24b,range_breached,TREND_UP,4H,179,0.6604597701149425
atr_slope_24b,range_breached,TREND_UP,8H,179,0.5913742690058479
atr_slope_24b,range_breached,VOLATILITY_EXPANSION,12H,324,0.7485763589301122
atr_slope_24b,range_breached,VOLATILITY_EXPANSION,1H,324,0.5622574955908289
atr_slope_24b,range_breached,VOLATILITY_EXPANSION,24H,324,0.6779933110367893
atr_slope_24b,range_breached,VOLATILITY_EXPANSION,2H,324,0.5187021180712033
atr_slope_24b,range_breached,VOLATILITY_EXPANSION,4H,319,0.5755627009646302
atr_slope_24b,range_breached,VOLATILITY_EXPANSION,8H,319,0.7801062573789846
atr_slope_24b,path_inside_70,HIGH_VOL,12H,163,0.7238738738738739
atr_slope_24b,path_inside_70,HIGH_VOL,1H,163,0.6075949367088608
atr_slope_24b,path_inside_70,HIGH_VOL,24H,163,0.7435897435897436
atr_slope_24b,path_inside_70,HIGH_VOL,2H,163,0.5583864118895966
atr_slope_24b,path_inside_70,HIGH_VOL,4H,163,0.6327838827838828
atr_slope_24b,path_inside_70,HIGH_VOL,8H,163,0.6101398601398601
atr_slope_24b,path_inside_70,LOW_VOL_RANGE,12H,1024,0.5305507745266781
atr_slope_24b,path_inside_70,LOW_VOL_RANGE,1H,1024,0.5038199293518443
atr_slope_24b,path_inside_70,LOW_VOL_RANGE,24H,1024,0.5122994652406417
atr_slope_24b,path_inside_70,LOW_VOL_RANGE,2H,1024,0.5648054430949168
atr_slope_24b,path_inside_70,LOW_VOL_RANGE,4H,1016,0.5259543088490457
atr_slope_24b,path_inside_70,LOW_VOL_RANGE,8H,1016,0.5767423366107577
atr_slope_24b,path_inside_70,NORMAL_RANGE,12H,2314,0.5159426335095877
atr_slope_24b,path_inside_70,NORMAL_RANGE,1H,2314,0.6025329736211031
atr_slope_24b,path_inside_70,NORMAL_RANGE,24H,2314,0.6018350418416436
atr_slope_24b,path_inside_70,NORMAL_RANGE,2H,2314,0.6145631719389519
atr_slope_24b,path_inside_70,NORMAL_RANGE,4H,2303,0.5241452295669163
atr_slope_24b,path_inside_70,NORMAL_RANGE,8H,2303,0.528456930734835
atr_slope_24b,path_inside_70,TREND_DOWN,12H,190,0.5856003752345216
atr_slope_24b,path_inside_70,TREND_DOWN,1H,190,0.500170010200612
atr_slope_24b,path_inside_70,TREND_DOWN,24H,190,0.5489457831325302
atr_slope_24b,path_inside_70,TREND_DOWN,2H,190,0.5032543608435303
atr_slope_24b,path_inside_70,TREND_DOWN,4H,189,0.6154549611339735
atr_slope_24b,path_inside_70,TREND_DOWN,8H,189,0.5527777777777778
atr_slope_24b,path_inside_70,TREND_UP,12H,179,0.5625287356321839
atr_slope_24b,path_inside_70,TREND_UP,1H,179,0.6045150501672241
atr_slope_24b,path_inside_70,TREND_UP,24H,179,0.5170293282876064
atr_slope_24b,path_inside_70,TREND_UP,2H,179,0.6502688172043011
atr_slope_24b,path_inside_70,TREND_UP,4H,179,0.6604597701149425
atr_slope_24b,path_inside_70,TREND_UP,8H,179,0.591374269005848
atr_slope_24b,path_inside_70,VOLATILITY_EXPANSION,12H,324,0.7485763589301122
atr_slope_24b,path_inside_70,VOLATILITY_EXPANSION,1H,324,0.5622574955908289
atr_slope_24b,path_inside_70,VOLATILITY_EXPANSION,24H,324,0.6779933110367893
atr_slope_24b,path_inside_70,VOLATILITY_EXPANSION,2H,324,0.5187021180712033
atr_slope_24b,path_inside_70,VOLATILITY_EXPANSION,4H,319,0.5755627009646302
atr_slope_24b,path_inside_70,VOLATILITY_EXPANSION,8H,319,0.7801062573789846
atr_slope_24b,trend_efficiency_high,HIGH_VOL,12H,163,0.5413669064748201
atr_slope_24b,trend_efficiency_high,HIGH_VOL,1H,163,0.5585081585081585
atr_slope_24b,trend_efficiency_high,HIGH_VOL,24H,163,0.5119565217391304
atr_slope_24b,trend_efficiency_high,HIGH_VOL,2H,163,0.5310077519379846
atr_slope_24b,trend_efficiency_high,HIGH_VOL,4H,163,0.5061250805931657
atr_slope_24b,trend_efficiency_high,HIGH_VOL,8H,163,0.5073099415204678
atr_slope_24b,trend_efficiency_high,LOW_VOL_RANGE,12H,1024,0.5270755956631046
atr_slope_24b,trend_efficiency_high,LOW_VOL_RANGE,1H,1024,0.5121236766155906
atr_slope_24b,trend_efficiency_high,LOW_VOL_RANGE,24H,1024,0.5268998704877884
atr_slope_24b,trend_efficiency_high,LOW_VOL_RANGE,2H,1024,0.5128003780855782
atr_slope_24b,trend_efficiency_high,LOW_VOL_RANGE,4H,1016,0.5206803685329553
atr_slope_24b,trend_efficiency_high,LOW_VOL_RANGE,8H,1016,0.5239049278247885
atr_slope_24b,trend_efficiency_high,NORMAL_RANGE,12H,2314,0.5197401049117787
atr_slope_24b,trend_efficiency_high,NORMAL_RANGE,1H,2314,0.5139790764790765
atr_slope_24b,trend_efficiency_high,NORMAL_RANGE,24H,2314,0.5003493920343322
atr_slope_24b,trend_efficiency_high,NORMAL_RANGE,2H,2314,0.5156602275056364
atr_slope_24b,trend_efficiency_high,NORMAL_RANGE,4H,2303,0.5027870496110061
atr_slope_24b,trend_efficiency_high,NORMAL_RANGE,8H,2303,0.532268094881525
atr_slope_24b,trend_efficiency_high,TREND_DOWN,12H,190,0.5296052631578947
atr_slope_24b,trend_efficiency_high,TREND_DOWN,1H,190,0.5170454545454546
atr_slope_24b,trend_efficiency_high,TREND_DOWN,24H,190,0.6028138528138528
atr_slope_24b,trend_efficiency_high,TREND_DOWN,2H,190,0.5253514056224899
atr_slope_24b,trend_efficiency_high,TREND_DOWN,4H,189,0.5946196660482375
atr_slope_24b,trend_efficiency_high,TREND_DOWN,8H,189,0.5028344671201814
atr_slope_24b,trend_efficiency_high,TREND_UP,12H,179,0.5460526315789473
atr_slope_24b,trend_efficiency_high,TREND_UP,1H,179,0.5417295123177477
atr_slope_24b,trend_efficiency_high,TREND_UP,24H,179,0.5722595078299776
atr_slope_24b,trend_efficiency_high,TREND_UP,2H,179,0.6986754966887417
atr_slope_24b,trend_efficiency_high,TREND_UP,4H,179,0.534675615212528
atr_slope_24b,trend_efficiency_high,TREND_UP,8H,179,0.5318877551020408
atr_slope_24b,trend_efficiency_high,VOLATILITY_EXPANSION,12H,324,0.5956589366515836
atr_slope_24b,trend_efficiency_high,VOLATILITY_EXPANSION,1H,324,0.5279287439613527
atr_slope_24b,trend_efficiency_high,VOLATILITY_EXPANSION,24H,324,0.5512804727899532
atr_slope_24b,trend_efficiency_high,VOLATILITY_EXPANSION,2H,324,0.502400548696845
atr_slope_24b,trend_efficiency_high,VOLATILITY_EXPANSION,4H,319,0.5398065476190477
atr_slope_24b,trend_efficiency_high,VOLATILITY_EXPANSION,8H,319,0.5445453255780962
choppiness_24b,upside_breakout_occurred,HIGH_VOL,12H,163,0.6302763437594898
choppiness_24b,upside_breakout_occurred,HIGH_VOL,1H,163,0.5308018252933507
choppiness_24b,upside_breakout_occurred,HIGH_VOL,24H,163,0.5831807081807082
choppiness_24b,upside_breakout_occurred,HIGH_VOL,2H,163,0.5015220700152208
choppiness_24b,upside_breakout_occurred,HIGH_VOL,4H,163,0.520042194092827
choppiness_24b,upside_breakout_occurred,HIGH_VOL,8H,163,0.5907580791301722
choppiness_24b,upside_breakout_occurred,LOW_VOL_RANGE,12H,1024,0.5491750735603195
choppiness_24b,upside_breakout_occurred,LOW_VOL_RANGE,1H,1024,0.5244919470444388
choppiness_24b,upside_breakout_occurred,LOW_VOL_RANGE,24H,1024,0.5132415534094579
choppiness_24b,upside_breakout_occurred,LOW_VOL_RANGE,2H,1024,0.5215425729020895
choppiness_24b,upside_breakout_occurred,LOW_VOL_RANGE,4H,1016,0.5040871317618821
choppiness_24b,upside_breakout_occurred,LOW_VOL_RANGE,8H,1016,0.5017584108686314
choppiness_24b,upside_breakout_occurred,NORMAL_RANGE,12H,2314,0.5395971836448867
choppiness_24b,upside_breakout_occurred,NORMAL_RANGE,1H,2314,0.5110946775208526
choppiness_24b,upside_breakout_occurred,NORMAL_RANGE,24H,2314,0.5546101294431888
choppiness_24b,upside_breakout_occurred,NORMAL_RANGE,2H,2314,0.5197627492901629
choppiness_24b,upside_breakout_occurred,NORMAL_RANGE,4H,2303,0.5254495460893854
choppiness_24b,upside_breakout_occurred,NORMAL_RANGE,8H,2303,0.5419145409710151
choppiness_24b,upside_breakout_occurred,TREND_DOWN,12H,190,0.5513591800356507
choppiness_24b,upside_breakout_occurred,TREND_DOWN,1H,190,0.5961192957240388
choppiness_24b,upside_breakout_occurred,TREND_DOWN,24H,190,0.5681818181818182
choppiness_24b,upside_breakout_occurred,TREND_DOWN,2H,190,0.5742078285181733
choppiness_24b,upside_breakout_occurred,TREND_DOWN,4H,189,0.5660529344073648
choppiness_24b,upside_breakout_occurred,TREND_DOWN,8H,189,0.5442169216921692
choppiness_24b,upside_breakout_occurred,TREND_UP,12H,179,0.5026656511805027
choppiness_24b,upside_breakout_occurred,TREND_UP,1H,179,0.602022977022977
choppiness_24b,upside_breakout_occurred,TREND_UP,24H,179,0.5485764235764236
choppiness_24b,upside_breakout_occurred,TREND_UP,2H,179,0.6078947368421053
choppiness_24b,upside_breakout_occurred,TREND_UP,4H,179,0.6384615384615384
choppiness_24b,upside_breakout_occurred,TREND_UP,8H,179,0.5471794871794872
choppiness_24b,upside_breakout_occurred,VOLATILITY_EXPANSION,12H,324,0.5163268086652436
choppiness_24b,upside_breakout_occurred,VOLATILITY_EXPANSION,1H,324,0.515651574350724
choppiness_24b,upside_breakout_occurred,VOLATILITY_EXPANSION,24H,324,0.518825808625337
choppiness_24b,upside_breakout_occurred,VOLATILITY_EXPANSION,2H,324,0.5202727108542532
choppiness_24b,upside_breakout_occurred,VOLATILITY_EXPANSION,4H,319,0.5332876712328767
choppiness_24b,upside_breakout_occurred,VOLATILITY_EXPANSION,8H,319,0.5137331838565022
choppiness_24b,downside_breakdown_occurred,HIGH_VOL,12H,163,0.5044172612979952
choppiness_24b,downside_breakdown_occurred,HIGH_VOL,1H,163,0.5075757575757576
choppiness_24b,downside_breakdown_occurred,HIGH_VOL,24H,163,0.5402650356778798
choppiness_24b,downside_breakdown_occurred,HIGH_VOL,2H,163,0.5060034305317325
choppiness_24b,downside_breakdown_occurred,HIGH_VOL,4H,163,0.5472610096670247
choppiness_24b,downside_breakdown_occurred,HIGH_VOL,8H,163,0.6244336569579287
choppiness_24b,downside_breakdown_occurred,LOW_VOL_RANGE,12H,1024,0.5032809946420075
choppiness_24b,downside_breakdown_occurred,LOW_VOL_RANGE,1H,1024,0.5025306595039141
choppiness_24b,downside_breakdown_occurred,LOW_VOL_RANGE,24H,1024,0.5021345401780184
choppiness_24b,downside_breakdown_occurred,LOW_VOL_RANGE,2H,1024,0.5137578423182139
choppiness_24b,downside_breakdown_occurred,LOW_VOL_RANGE,4H,1016,0.5029742464762985
choppiness_24b,downside_breakdown_occurred,LOW_VOL_RANGE,8H,1016,0.5087952432753164
choppiness_24b,downside_breakdown_occurred,NORMAL_RANGE,12H,2314,0.5180255754475703
choppiness_24b,downside_breakdown_occurred,NORMAL_RANGE,1H,2314,0.5377481092533436
choppiness_24b,downside_breakdown_occurred,NORMAL_RANGE,24H,2314,0.5035111414032022
choppiness_24b,downside_breakdown_occurred,NORMAL_RANGE,2H,2314,0.530151505860787
choppiness_24b,downside_breakdown_occurred,NORMAL_RANGE,4H,2303,0.5179352034571478
choppiness_24b,downside_breakdown_occurred,NORMAL_RANGE,8H,2303,0.5109472171592019
choppiness_24b,downside_breakdown_occurred,TREND_DOWN,12H,190,0.5278147163120568
choppiness_24b,downside_breakdown_occurred,TREND_DOWN,1H,190,0.5371590909090909
choppiness_24b,downside_breakdown_occurred,TREND_DOWN,24H,190,0.5575132978723405
choppiness_24b,downside_breakdown_occurred,TREND_DOWN,2H,190,0.5456765456765457
choppiness_24b,downside_breakdown_occurred,TREND_DOWN,4H,189,0.5603989242492156
choppiness_24b,downside_breakdown_occurred,TREND_DOWN,8H,189,0.5610859728506787
choppiness_24b,downside_breakdown_occurred,TREND_UP,12H,179,0.5095201827875095
choppiness_24b,downside_breakdown_occurred,TREND_UP,1H,179,0.6036780383795309
choppiness_24b,downside_breakdown_occurred,TREND_UP,24H,179,0.501257229067136
choppiness_24b,downside_breakdown_occurred,TREND_UP,2H,179,0.5423965473470423
choppiness_24b,downside_breakdown_occurred,TREND_UP,4H,179,0.5517948717948717
choppiness_24b,downside_breakdown_occurred,TREND_UP,8H,179,0.5205920205920206
choppiness_24b,downside_breakdown_occurred,VOLATILITY_EXPANSION,12H,324,0.5670499603489294
choppiness_24b,downside_breakdown_occurred,VOLATILITY_EXPANSION,1H,324,0.5174501599803101
choppiness_24b,downside_breakdown_occurred,VOLATILITY_EXPANSION,24H,324,0.6208001947735757
choppiness_24b,downside_breakdown_occurred,VOLATILITY_EXPANSION,2H,324,0.6017046458222929
choppiness_24b,downside_breakdown_occurred,VOLATILITY_EXPANSION,4H,319,0.5789273969137364
choppiness_24b,downside_breakdown_occurred,VOLATILITY_EXPANSION,8H,319,0.5565865024548556
choppiness_24b,range_breached,HIGH_VOL,12H,163,0.7315315315315315
choppiness_24b,range_breached,HIGH_VOL,1H,163,0.7734177215189874
choppiness_24b,range_breached,HIGH_VOL,24H,163,0.62
choppiness_24b,range_breached,HIGH_VOL,2H,163,0.5021231422505308
choppiness_24b,range_breached,HIGH_VOL,4H,163,0.5778388278388278
choppiness_24b,range_breached,HIGH_VOL,8H,163,0.5104895104895104
choppiness_24b,range_breached,LOW_VOL_RANGE,12H,1024,0.5776678141135972
choppiness_24b,range_breached,LOW_VOL_RANGE,1H,1024,0.6305758646184179
choppiness_24b,range_breached,LOW_VOL_RANGE,24H,1024,0.5273915626856803
choppiness_24b,range_breached,LOW_VOL_RANGE,2H,1024,0.5709345479082322
choppiness_24b,range_breached,LOW_VOL_RANGE,4H,1016,0.6215297860034702
choppiness_24b,range_breached,LOW_VOL_RANGE,8H,1016,0.5875867553499132
choppiness_24b,range_breached,NORMAL_RANGE,12H,2314,0.5210176131646853
choppiness_24b,range_breached,NORMAL_RANGE,1H,2314,0.6292366107114309
choppiness_24b,range_breached,NORMAL_RANGE,24H,2314,0.5812106874988539
choppiness_24b,range_breached,NORMAL_RANGE,2H,2314,0.6290716339181105
choppiness_24b,range_breached,NORMAL_RANGE,4H,2303,0.5746336698143927
choppiness_24b,range_breached,NORMAL_RANGE,8H,2303,0.5334851936218679
choppiness_24b,range_breached,TREND_DOWN,12H,190,0.5485459662288931
choppiness_24b,range_breached,TREND_DOWN,1H,190,0.606596395783747
choppiness_24b,range_breached,TREND_DOWN,24H,190,0.5637550200803213
choppiness_24b,range_breached,TREND_DOWN,2H,190,0.5581879718823223
choppiness_24b,range_breached,TREND_DOWN,4H,189,0.5880201188843164
choppiness_24b,range_breached,TREND_DOWN,8H,189,0.522979797979798
choppiness_24b,range_breached,TREND_UP,12H,179,0.5462068965517242
choppiness_24b,range_breached,TREND_UP,1H,179,0.7840022296544036
choppiness_24b,range_breached,TREND_UP,24H,179,0.554635761589404
choppiness_24b,range_breached,TREND_UP,2H,179,0.707258064516129
choppiness_24b,range_breached,TREND_UP,4H,179,0.6944827586206896
choppiness_24b,range_breached,TREND_UP,8H,179,0.5414230019493177
choppiness_24b,range_breached,VOLATILITY_EXPANSION,12H,324,0.5858498705780846
choppiness_24b,range_breached,VOLATILITY_EXPANSION,1H,324,0.6028218694885361
choppiness_24b,range_breached,VOLATILITY_EXPANSION,24H,324,0.5838127090301003
choppiness_24b,range_breached,VOLATILITY_EXPANSION,2H,324,0.6480396575033799
choppiness_24b,range_breached,VOLATILITY_EXPANSION,4H,319,0.7753215434083601
choppiness_24b,range_breached,VOLATILITY_EXPANSION,8H,319,0.5690672963400236
choppiness_24b,path_inside_70,HIGH_VOL,12H,163,0.7315315315315316
choppiness_24b,path_inside_70,HIGH_VOL,1H,163,0.7734177215189874
choppiness_24b,path_inside_70,HIGH_VOL,24H,163,0.62
choppiness_24b,path_inside_70,HIGH_VOL,2H,163,0.5021231422505308
choppiness_24b,path_inside_70,HIGH_VOL,4H,163,0.5778388278388278
choppiness_24b,path_inside_70,HIGH_VOL,8H,163,0.5104895104895105
choppiness_24b,path_inside_70,LOW_VOL_RANGE,12H,1024,0.5776678141135972
choppiness_24b,path_inside_70,LOW_VOL_RANGE,1H,1024,0.6305758646184179
choppiness_24b,path_inside_70,LOW_VOL_RANGE,24H,1024,0.5273915626856803
choppiness_24b,path_inside_70,LOW_VOL_RANGE,2H,1024,0.5709345479082322
choppiness_24b,path_inside_70,LOW_VOL_RANGE,4H,1016,0.6215297860034702
choppiness_24b,path_inside_70,LOW_VOL_RANGE,8H,1016,0.5875867553499132
choppiness_24b,path_inside_70,NORMAL_RANGE,12H,2314,0.5210176131646853
choppiness_24b,path_inside_70,NORMAL_RANGE,1H,2314,0.6292366107114309
choppiness_24b,path_inside_70,NORMAL_RANGE,24H,2314,0.5812106874988539
choppiness_24b,path_inside_70,NORMAL_RANGE,2H,2314,0.6290716339181106
choppiness_24b,path_inside_70,NORMAL_RANGE,4H,2303,0.5746336698143928
choppiness_24b,path_inside_70,NORMAL_RANGE,8H,2303,0.5334851936218679
choppiness_24b,path_inside_70,TREND_DOWN,12H,190,0.5485459662288931
choppiness_24b,path_inside_70,TREND_DOWN,1H,190,0.606596395783747
choppiness_24b,path_inside_70,TREND_DOWN,24H,190,0.5637550200803213
choppiness_24b,path_inside_70,TREND_DOWN,2H,190,0.5581879718823224
choppiness_24b,path_inside_70,TREND_DOWN,4H,189,0.5880201188843164
choppiness_24b,path_inside_70,TREND_DOWN,8H,189,0.522979797979798
choppiness_24b,path_inside_70,TREND_UP,12H,179,0.5462068965517242
choppiness_24b,path_inside_70,TREND_UP,1H,179,0.7840022296544036
choppiness_24b,path_inside_70,TREND_UP,24H,179,0.554635761589404
choppiness_24b,path_inside_70,TREND_UP,2H,179,0.707258064516129
choppiness_24b,path_inside_70,TREND_UP,4H,179,0.6944827586206896
choppiness_24b,path_inside_70,TREND_UP,8H,179,0.5414230019493178
choppiness_24b,path_inside_70,VOLATILITY_EXPANSION,12H,324,0.5858498705780846
choppiness_24b,path_inside_70,VOLATILITY_EXPANSION,1H,324,0.6028218694885361
choppiness_24b,path_inside_70,VOLATILITY_EXPANSION,24H,324,0.5838127090301004
choppiness_24b,path_inside_70,VOLATILITY_EXPANSION,2H,324,0.6480396575033799
choppiness_24b,path_inside_70,VOLATILITY_EXPANSION,4H,319,0.7753215434083601
choppiness_24b,path_inside_70,VOLATILITY_EXPANSION,8H,319,0.5690672963400236
choppiness_24b,trend_efficiency_high,HIGH_VOL,12H,163,0.7526978417266187
choppiness_24b,trend_efficiency_high,HIGH_VOL,1H,163,0.5941724941724942
choppiness_24b,trend_efficiency_high,HIGH_VOL,24H,163,0.6210144927536232
choppiness_24b,trend_efficiency_high,HIGH_VOL,2H,163,0.5738714090287278
choppiness_24b,trend_efficiency_high,HIGH_VOL,4H,163,0.5747904577691811
choppiness_24b,trend_efficiency_high,HIGH_VOL,8H,163,0.5310672514619883
choppiness_24b,trend_efficiency_high,LOW_VOL_RANGE,12H,1024,0.5163653600379209
choppiness_24b,trend_efficiency_high,LOW_VOL_RANGE,1H,1024,0.5331178972672247
choppiness_24b,trend_efficiency_high,LOW_VOL_RANGE,24H,1024,0.5130402224418269
choppiness_24b,trend_efficiency_high,LOW_VOL_RANGE,2H,1024,0.5069873123205002
choppiness_24b,trend_efficiency_high,LOW_VOL_RANGE,4H,1016,0.5261871013465628
choppiness_24b,trend_efficiency_high,LOW_VOL_RANGE,8H,1016,0.5031172224987557
choppiness_24b,trend_efficiency_high,NORMAL_RANGE,12H,2314,0.501455054840248
choppiness_24b,trend_efficiency_high,NORMAL_RANGE,1H,2314,0.5189393939393939
choppiness_24b,trend_efficiency_high,NORMAL_RANGE,24H,2314,0.5126522266977864
choppiness_24b,trend_efficiency_high,NORMAL_RANGE,2H,2314,0.5280564664890346
choppiness_24b,trend_efficiency_high,NORMAL_RANGE,4H,2303,0.5246322642874367
choppiness_24b,trend_efficiency_high,NORMAL_RANGE,8H,2303,0.5137785082431181
choppiness_24b,trend_efficiency_high,TREND_DOWN,12H,190,0.5188711911357341
choppiness_24b,trend_efficiency_high,TREND_DOWN,1H,190,0.5487012987012987
choppiness_24b,trend_efficiency_high,TREND_DOWN,24H,190,0.6194083694083694
choppiness_24b,trend_efficiency_high,TREND_DOWN,2H,190,0.5747991967871486
choppiness_24b,trend_efficiency_high,TREND_DOWN,4H,189,0.6205936920222634
choppiness_24b,trend_efficiency_high,TREND_DOWN,8H,189,0.5206916099773242
choppiness_24b,trend_efficiency_high,TREND_UP,12H,179,0.621832358674464
choppiness_24b,trend_efficiency_high,TREND_UP,1H,179,0.6045751633986928
choppiness_24b,trend_efficiency_high,TREND_UP,24H,179,0.5140939597315437
choppiness_24b,trend_efficiency_high,TREND_UP,2H,179,0.5894039735099338
choppiness_24b,trend_efficiency_high,TREND_UP,4H,179,0.5384787472035795
choppiness_24b,trend_efficiency_high,TREND_UP,8H,179,0.5610119047619048
choppiness_24b,trend_efficiency_high,VOLATILITY_EXPANSION,12H,324,0.5274321266968326
choppiness_24b,trend_efficiency_high,VOLATILITY_EXPANSION,1H,324,0.5486865942028986
choppiness_24b,trend_efficiency_high,VOLATILITY_EXPANSION,24H,324,0.5398916523023886
choppiness_24b,trend_efficiency_high,VOLATILITY_EXPANSION,2H,324,0.5161865569272976
choppiness_24b,trend_efficiency_high,VOLATILITY_EXPANSION,4H,319,0.574280753968254
choppiness_24b,trend_efficiency_high,VOLATILITY_EXPANSION,8H,319,0.5397928784224713
volume_z_288b,upside_breakout_occurred,HIGH_VOL,12H,163,0.5419070756149408
volume_z_288b,upside_breakout_occurred,HIGH_VOL,1H,163,0.6755215123859192
volume_z_288b,upside_breakout_occurred,HIGH_VOL,24H,163,0.5262515262515263
volume_z_288b,upside_breakout_occurred,HIGH_VOL,2H,163,0.5815829528158295
volume_z_288b,upside_breakout_occurred,HIGH_VOL,4H,163,0.5547016274864376
volume_z_288b,upside_breakout_occurred,HIGH_VOL,8H,163,0.5777710661431592
volume_z_288b,upside_breakout_occurred,LOW_VOL_RANGE,12H,1024,0.5531998738965952
volume_z_288b,upside_breakout_occurred,LOW_VOL_RANGE,1H,1024,0.5035036681001771
volume_z_288b,upside_breakout_occurred,LOW_VOL_RANGE,24H,1024,0.5768867232218863
volume_z_288b,upside_breakout_occurred,LOW_VOL_RANGE,2H,1024,0.5310376095874585
volume_z_288b,upside_breakout_occurred,LOW_VOL_RANGE,4H,1016,0.5354210538233363
volume_z_288b,upside_breakout_occurred,LOW_VOL_RANGE,8H,1016,0.5381114903299203
volume_z_288b,upside_breakout_occurred,NORMAL_RANGE,12H,2314,0.5377576431810823
volume_z_288b,upside_breakout_occurred,NORMAL_RANGE,1H,2314,0.5026137424896489
volume_z_288b,upside_breakout_occurred,NORMAL_RANGE,24H,2314,0.5627927881651942
volume_z_288b,upside_breakout_occurred,NORMAL_RANGE,2H,2314,0.511786488546069
volume_z_288b,upside_breakout_occurred,NORMAL_RANGE,4H,2303,0.5222305104113764
volume_z_288b,upside_breakout_occurred,NORMAL_RANGE,8H,2303,0.5359437280187573
volume_z_288b,upside_breakout_occurred,TREND_DOWN,12H,190,0.5940285204991087
volume_z_288b,upside_breakout_occurred,TREND_DOWN,1H,190,0.561863696251048
volume_z_288b,upside_breakout_occurred,TREND_DOWN,24H,190,0.6013814616755793
volume_z_288b,upside_breakout_occurred,TREND_DOWN,2H,190,0.5208527493010252
volume_z_288b,upside_breakout_occurred,TREND_DOWN,4H,189,0.5585730724971232
volume_z_288b,upside_breakout_occurred,TREND_DOWN,8H,189,0.5725697569756976
volume_z_288b,upside_breakout_occurred,TREND_UP,12H,179,0.6181772023356182
volume_z_288b,upside_breakout_occurred,TREND_UP,1H,179,0.5625624375624375
volume_z_288b,upside_breakout_occurred,TREND_UP,24H,179,0.6000249750249751
volume_z_288b,upside_breakout_occurred,TREND_UP,2H,179,0.5225563909774436
volume_z_288b,upside_breakout_occurred,TREND_UP,4H,179,0.543974358974359
volume_z_288b,upside_breakout_occurred,TREND_UP,8H,179,0.5841025641025641
volume_z_288b,upside_breakout_occurred,VOLATILITY_EXPANSION,12H,324,0.6362232617285072
volume_z_288b,upside_breakout_occurred,VOLATILITY_EXPANSION,1H,324,0.5078832452309814
volume_z_288b,upside_breakout_occurred,VOLATILITY_EXPANSION,24H,324,0.6265161725067385
volume_z_288b,upside_breakout_occurred,VOLATILITY_EXPANSION,2H,324,0.5107458912768648
volume_z_288b,upside_breakout_occurred,VOLATILITY_EXPANSION,4H,319,0.5289954337899543
volume_z_288b,upside_breakout_occurred,VOLATILITY_EXPANSION,8H,319,0.6023449177877429
volume_z_288b,downside_breakdown_occurred,HIGH_VOL,12H,163,0.5922528032619776
volume_z_288b,downside_breakdown_occurred,HIGH_VOL,1H,163,0.5087542087542087
volume_z_288b,downside_breakdown_occurred,HIGH_VOL,24H,163,0.5487597689432552
volume_z_288b,downside_breakdown_occurred,HIGH_VOL,2H,163,0.5591766723842195
volume_z_288b,downside_breakdown_occurred,HIGH_VOL,4H,163,0.5882563551736484
volume_z_288b,downside_breakdown_occurred,HIGH_VOL,8H,163,0.6457928802588997
volume_z_288b,downside_breakdown_occurred,LOW_VOL_RANGE,12H,1024,0.5298744285152774
volume_z_288b,downside_breakdown_occurred,LOW_VOL_RANGE,1H,1024,0.5134365462138013
volume_z_288b,downside_breakdown_occurred,LOW_VOL_RANGE,24H,1024,0.5482251243120808
volume_z_288b,downside_breakdown_occurred,LOW_VOL_RANGE,2H,1024,0.5001310465706751
volume_z_288b,downside_breakdown_occurred,LOW_VOL_RANGE,4H,1016,0.5124413058749584
volume_z_288b,downside_breakdown_occurred,LOW_VOL_RANGE,8H,1016,0.5271542062236287
volume_z_288b,downside_breakdown_occurred,NORMAL_RANGE,12H,2314,0.5303768115942029
volume_z_288b,downside_breakdown_occurred,NORMAL_RANGE,1H,2314,0.5049154493516035
volume_z_288b,downside_breakdown_occurred,NORMAL_RANGE,24H,2314,0.5346326410289648
volume_z_288b,downside_breakdown_occurred,NORMAL_RANGE,2H,2314,0.5195445626355468
volume_z_288b,downside_breakdown_occurred,NORMAL_RANGE,4H,2303,0.5376372825752087
volume_z_288b,downside_breakdown_occurred,NORMAL_RANGE,8H,2303,0.5264904052919372
volume_z_288b,downside_breakdown_occurred,TREND_DOWN,12H,190,0.5503102836879432
volume_z_288b,downside_breakdown_occurred,TREND_DOWN,1H,190,0.5065909090909091
volume_z_288b,downside_breakdown_occurred,TREND_DOWN,24H,190,0.5252659574468085
volume_z_288b,downside_breakdown_occurred,TREND_DOWN,2H,190,0.5318015318015318
volume_z_288b,downside_breakdown_occurred,TREND_DOWN,4H,189,0.569363514119229
volume_z_288b,downside_breakdown_occurred,TREND_DOWN,8H,189,0.5481900452488688
volume_z_288b,downside_breakdown_occurred,TREND_UP,12H,179,0.5152322924600152
volume_z_288b,downside_breakdown_occurred,TREND_UP,1H,179,0.5190565031982942
volume_z_288b,downside_breakdown_occurred,TREND_UP,24H,179,0.5520492833794317
volume_z_288b,downside_breakdown_occurred,TREND_UP,2H,179,0.5134551916730135
volume_z_288b,downside_breakdown_occurred,TREND_UP,4H,179,0.5274358974358975
volume_z_288b,downside_breakdown_occurred,TREND_UP,8H,179,0.5606177606177607
volume_z_288b,downside_breakdown_occurred,VOLATILITY_EXPANSION,12H,324,0.5264472640761301
volume_z_288b,downside_breakdown_occurred,VOLATILITY_EXPANSION,1H,324,0.504356386906227
volume_z_288b,downside_breakdown_occurred,VOLATILITY_EXPANSION,24H,324,0.6003489693231618
volume_z_288b,downside_breakdown_occurred,VOLATILITY_EXPANSION,2H,324,0.535329447094153
volume_z_288b,downside_breakdown_occurred,VOLATILITY_EXPANSION,4H,319,0.502318913905051
volume_z_288b,downside_breakdown_occurred,VOLATILITY_EXPANSION,8H,319,0.5264209037197304
volume_z_288b,range_breached,HIGH_VOL,12H,163,0.6635135135135135
volume_z_288b,range_breached,HIGH_VOL,1H,163,0.579746835443038
volume_z_288b,range_breached,HIGH_VOL,24H,163,0.696923076923077
volume_z_288b,range_breached,HIGH_VOL,2H,163,0.5668789808917197
volume_z_288b,range_breached,HIGH_VOL,4H,163,0.6007326007326007
volume_z_288b,range_breached,HIGH_VOL,8H,163,0.5979020979020979
volume_z_288b,range_breached,LOW_VOL_RANGE,12H,1024,0.6819779116465863
volume_z_288b,range_breached,LOW_VOL_RANGE,1H,1024,0.5597086448150278
volume_z_288b,range_breached,LOW_VOL_RANGE,24H,1024,0.6250742721330957
volume_z_288b,range_breached,LOW_VOL_RANGE,2H,1024,0.5535593792172739
volume_z_288b,range_breached,LOW_VOL_RANGE,4H,1016,0.6129265471370735
volume_z_288b,range_breached,LOW_VOL_RANGE,8H,1016,0.6623048004626952
volume_z_288b,range_breached,NORMAL_RANGE,12H,2314,0.6565412439220882
volume_z_288b,range_breached,NORMAL_RANGE,1H,2314,0.5711280975219823
volume_z_288b,range_breached,NORMAL_RANGE,24H,2314,0.787943249405537
volume_z_288b,range_breached,NORMAL_RANGE,2H,2314,0.6319722940505499
volume_z_288b,range_breached,NORMAL_RANGE,4H,2303,0.6611852816672094
volume_z_288b,range_breached,NORMAL_RANGE,8H,2303,0.6623091200539948
volume_z_288b,range_breached,TREND_DOWN,12H,190,0.6296904315196998
volume_z_288b,range_breached,TREND_DOWN,1H,190,0.5181910914654879
volume_z_288b,range_breached,TREND_DOWN,24H,190,0.6578815261044177
volume_z_288b,range_breached,TREND_DOWN,2H,190,0.5404842488935173
volume_z_288b,range_breached,TREND_DOWN,4H,189,0.6700960219478738
volume_z_288b,range_breached,TREND_DOWN,8H,189,0.641919191919192
volume_z_288b,range_breached,TREND_UP,12H,179,0.6271264367816092
volume_z_288b,range_breached,TREND_UP,1H,179,0.5228539576365663
volume_z_288b,range_breached,TREND_UP,24H,179,0.5834910122989594
volume_z_288b,range_breached,TREND_UP,2H,179,0.5760752688172043
volume_z_288b,range_breached,TREND_UP,4H,179,0.5367816091954023
volume_z_288b,range_breached,TREND_UP,8H,179,0.6527777777777778
volume_z_288b,range_breached,VOLATILITY_EXPANSION,12H,324,0.7163071613459879
volume_z_288b,range_breached,VOLATILITY_EXPANSION,1H,324,0.6973544973544974
volume_z_288b,range_breached,VOLATILITY_EXPANSION,24H,324,0.7487625418060201
volume_z_288b,range_breached,VOLATILITY_EXPANSION,2H,324,0.7629562866155926
volume_z_288b,range_breached,VOLATILITY_EXPANSION,4H,319,0.7467845659163987
volume_z_288b,range_breached,VOLATILITY_EXPANSION,8H,319,0.7390791027154664
volume_z_288b,path_inside_70,HIGH_VOL,12H,163,0.6635135135135135
volume_z_288b,path_inside_70,HIGH_VOL,1H,163,0.579746835443038
volume_z_288b,path_inside_70,HIGH_VOL,24H,163,0.696923076923077
volume_z_288b,path_inside_70,HIGH_VOL,2H,163,0.5668789808917197
volume_z_288b,path_inside_70,HIGH_VOL,4H,163,0.6007326007326007
volume_z_288b,path_inside_70,HIGH_VOL,8H,163,0.5979020979020979
volume_z_288b,path_inside_70,LOW_VOL_RANGE,12H,1024,0.6819779116465864
volume_z_288b,path_inside_70,LOW_VOL_RANGE,1H,1024,0.5597086448150278
volume_z_288b,path_inside_70,LOW_VOL_RANGE,24H,1024,0.6250742721330956
volume_z_288b,path_inside_70,LOW_VOL_RANGE,2H,1024,0.5535593792172739
volume_z_288b,path_inside_70,LOW_VOL_RANGE,4H,1016,0.6129265471370735
volume_z_288b,path_inside_70,LOW_VOL_RANGE,8H,1016,0.6623048004626952
volume_z_288b,path_inside_70,NORMAL_RANGE,12H,2314,0.6565412439220882
volume_z_288b,path_inside_70,NORMAL_RANGE,1H,2314,0.5711280975219825
volume_z_288b,path_inside_70,NORMAL_RANGE,24H,2314,0.787943249405537
volume_z_288b,path_inside_70,NORMAL_RANGE,2H,2314,0.6319722940505499
volume_z_288b,path_inside_70,NORMAL_RANGE,4H,2303,0.6611852816672094
volume_z_288b,path_inside_70,NORMAL_RANGE,8H,2303,0.6623091200539948
volume_z_288b,path_inside_70,TREND_DOWN,12H,190,0.6296904315196998
volume_z_288b,path_inside_70,TREND_DOWN,1H,190,0.5181910914654879
volume_z_288b,path_inside_70,TREND_DOWN,24H,190,0.6578815261044176
volume_z_288b,path_inside_70,TREND_DOWN,2H,190,0.5404842488935173
volume_z_288b,path_inside_70,TREND_DOWN,4H,189,0.6700960219478738
volume_z_288b,path_inside_70,TREND_DOWN,8H,189,0.6419191919191919
volume_z_288b,path_inside_70,TREND_UP,12H,179,0.6271264367816092
volume_z_288b,path_inside_70,TREND_UP,1H,179,0.5228539576365663
volume_z_288b,path_inside_70,TREND_UP,24H,179,0.5834910122989593
volume_z_288b,path_inside_70,TREND_UP,2H,179,0.5760752688172043
volume_z_288b,path_inside_70,TREND_UP,4H,179,0.5367816091954023
volume_z_288b,path_inside_70,TREND_UP,8H,179,0.6527777777777778
volume_z_288b,path_inside_70,VOLATILITY_EXPANSION,12H,324,0.7163071613459879
volume_z_288b,path_inside_70,VOLATILITY_EXPANSION,1H,324,0.6973544973544974
volume_z_288b,path_inside_70,VOLATILITY_EXPANSION,24H,324,0.7487625418060201
volume_z_288b,path_inside_70,VOLATILITY_EXPANSION,2H,324,0.7629562866155926
volume_z_288b,path_inside_70,VOLATILITY_EXPANSION,4H,319,0.7467845659163987
volume_z_288b,path_inside_70,VOLATILITY_EXPANSION,8H,319,0.7390791027154664
volume_z_288b,trend_efficiency_high,HIGH_VOL,12H,163,0.618705035971223
volume_z_288b,trend_efficiency_high,HIGH_VOL,1H,163,0.5636363636363637
volume_z_288b,trend_efficiency_high,HIGH_VOL,24H,163,0.5936594202898551
volume_z_288b,trend_efficiency_high,HIGH_VOL,2H,163,0.5896032831737346
volume_z_288b,trend_efficiency_high,HIGH_VOL,4H,163,0.6134751773049645
volume_z_288b,trend_efficiency_high,HIGH_VOL,8H,163,0.7141812865497076
volume_z_288b,trend_efficiency_high,LOW_VOL_RANGE,12H,1024,0.5291516413361094
volume_z_288b,trend_efficiency_high,LOW_VOL_RANGE,1H,1024,0.5252657564612827
volume_z_288b,trend_efficiency_high,LOW_VOL_RANGE,24H,1024,0.592717853657339
volume_z_288b,trend_efficiency_high,LOW_VOL_RANGE,2H,1024,0.5043516195877413
volume_z_288b,trend_efficiency_high,LOW_VOL_RANGE,4H,1016,0.5143656980864635
volume_z_288b,trend_efficiency_high,LOW_VOL_RANGE,8H,1016,0.5525012444001991
volume_z_288b,trend_efficiency_high,NORMAL_RANGE,12H,2314,0.542894611349547
volume_z_288b,trend_efficiency_high,NORMAL_RANGE,1H,2314,0.5047799422799423
volume_z_288b,trend_efficiency_high,NORMAL_RANGE,24H,2314,0.5089230255232645
volume_z_288b,trend_efficiency_high,NORMAL_RANGE,2H,2314,0.5108949067431852
volume_z_288b,trend_efficiency_high,NORMAL_RANGE,4H,2303,0.5132054877971393
volume_z_288b,trend_efficiency_high,NORMAL_RANGE,8H,2303,0.5330333912911045
volume_z_288b,trend_efficiency_high,TREND_DOWN,12H,190,0.51696675900277
volume_z_288b,trend_efficiency_high,TREND_DOWN,1H,190,0.563582251082251
volume_z_288b,trend_efficiency_high,TREND_DOWN,24H,190,0.5037878787878788
volume_z_288b,trend_efficiency_high,TREND_DOWN,2H,190,0.5750502008032128
volume_z_288b,trend_efficiency_high,TREND_DOWN,4H,189,0.5914656771799629
volume_z_288b,trend_efficiency_high,TREND_DOWN,8H,189,0.5561224489795918
volume_z_288b,trend_efficiency_high,TREND_UP,12H,179,0.5038986354775828
volume_z_288b,trend_efficiency_high,TREND_UP,1H,179,0.5198592257415787
volume_z_288b,trend_efficiency_high,TREND_UP,24H,179,0.5340044742729306
volume_z_288b,trend_efficiency_high,TREND_UP,2H,179,0.6061967833491012
volume_z_288b,trend_efficiency_high,TREND_UP,4H,179,0.6346756152125279
volume_z_288b,trend_efficiency_high,TREND_UP,8H,179,0.5903486394557823
volume_z_288b,trend_efficiency_high,VOLATILITY_EXPANSION,12H,324,0.544612556561086
volume_z_288b,trend_efficiency_high,VOLATILITY_EXPANSION,1H,324,0.5517059178743962
volume_z_288b,trend_efficiency_high,VOLATILITY_EXPANSION,24H,324,0.5126200443240582
volume_z_288b,trend_efficiency_high,VOLATILITY_EXPANSION,2H,324,0.5120027434842249
volume_z_288b,trend_efficiency_high,VOLATILITY_EXPANSION,4H,319,0.529327876984127
volume_z_288b,trend_efficiency_high,VOLATILITY_EXPANSION,8H,319,0.5002837281883955
volume_z_6b,upside_breakout_occurred,HIGH_VOL,12H,163,0.5037959307622228
volume_z_6b,upside_breakout_occurred,HIGH_VOL,1H,163,0.6316818774445893
volume_z_6b,upside_breakout_occurred,HIGH_VOL,24H,163,0.5233516483516483
volume_z_6b,upside_breakout_occurred,HIGH_VOL,2H,163,0.5289193302891934
volume_z_6b,upside_breakout_occurred,HIGH_VOL,4H,163,0.5140144665461122
volume_z_6b,upside_breakout_occurred,HIGH_VOL,8H,163,0.5428873452129266
volume_z_6b,upside_breakout_occurred,LOW_VOL_RANGE,12H,1024,0.5506935687263557
volume_z_6b,upside_breakout_occurred,LOW_VOL_RANGE,1H,1024,0.5472552491778396
volume_z_6b,upside_breakout_occurred,LOW_VOL_RANGE,24H,1024,0.5283001144802888
volume_z_6b,upside_breakout_occurred,LOW_VOL_RANGE,2H,1024,0.5128671261601775
volume_z_6b,upside_breakout_occurred,LOW_VOL_RANGE,4H,1016,0.5061974956411476
volume_z_6b,upside_breakout_occurred,LOW_VOL_RANGE,8H,1016,0.5178177767077828
volume_z_6b,upside_breakout_occurred,NORMAL_RANGE,12H,2313,0.5239017426933065
volume_z_6b,upside_breakout_occurred,NORMAL_RANGE,1H,2313,0.557074900328095
volume_z_6b,upside_breakout_occurred,NORMAL_RANGE,24H,2313,0.530810323677159
volume_z_6b,upside_breakout_occurred,NORMAL_RANGE,2H,2313,0.5501080390517799
volume_z_6b,upside_breakout_occurred,NORMAL_RANGE,4H,2302,0.5298320845890261
volume_z_6b,upside_breakout_occurred,NORMAL_RANGE,8H,2302,0.5364381952383379
volume_z_6b,upside_breakout_occurred,TREND_DOWN,12H,190,0.5369875222816399
volume_z_6b,upside_breakout_occurred,TREND_DOWN,1H,190,0.6843933405198227
volume_z_6b,upside_breakout_occurred,TREND_DOWN,24H,190,0.5093582887700534
volume_z_6b,upside_breakout_occurred,TREND_DOWN,2H,190,0.5581314072693383
volume_z_6b,upside_breakout_occurred,TREND_DOWN,4H,189,0.5306098964326812
volume_z_6b,upside_breakout_occurred,TREND_DOWN,8H,189,0.5294779477947795
volume_z_6b,upside_breakout_occurred,TREND_UP,12H,179,0.5145976136075145
volume_z_6b,upside_breakout_occurred,TREND_UP,1H,179,0.6302447552447552
volume_z_6b,upside_breakout_occurred,TREND_UP,24H,179,0.5492007992007992
volume_z_6b,upside_breakout_occurred,TREND_UP,2H,179,0.5794486215538847
volume_z_6b,upside_breakout_occurred,TREND_UP,4H,179,0.5761538461538461
volume_z_6b,upside_breakout_occurred,TREND_UP,8H,179,0.5282051282051282
volume_z_6b,upside_breakout_occurred,VOLATILITY_EXPANSION,12H,324,0.5445751396521187
volume_z_6b,upside_breakout_occurred,VOLATILITY_EXPANSION,1H,324,0.5896575499885084
volume_z_6b,upside_breakout_occurred,VOLATILITY_EXPANSION,24H,324,0.5442638140161725
volume_z_6b,upside_breakout_occurred,VOLATILITY_EXPANSION,2H,324,0.5909788694238758
volume_z_6b,upside_breakout_occurred,VOLATILITY_EXPANSION,4H,319,0.5763470319634704
volume_z_6b,upside_breakout_occurred,VOLATILITY_EXPANSION,8H,319,0.5624065769805681
volume_z_6b,downside_breakdown_occurred,HIGH_VOL,12H,163,0.555045871559633
volume_z_6b,downside_breakdown_occurred,HIGH_VOL,1H,163,0.5658249158249158
volume_z_6b,downside_breakdown_occurred,HIGH_VOL,24H,163,0.5377166156982671
volume_z_6b,downside_breakdown_occurred,HIGH_VOL,2H,163,0.5548885077186964
volume_z_6b,downside_breakdown_occurred,HIGH_VOL,4H,163,0.5259577515216612
volume_z_6b,downside_breakdown_occurred,HIGH_VOL,8H,163,0.5357605177993527
volume_z_6b,downside_breakdown_occurred,LOW_VOL_RANGE,12H,1024,0.503237551459484
volume_z_6b,downside_breakdown_occurred,LOW_VOL_RANGE,1H,1024,0.5510069428185885
volume_z_6b,downside_breakdown_occurred,LOW_VOL_RANGE,24H,1024,0.5255702429615473
volume_z_6b,downside_breakdown_occurred,LOW_VOL_RANGE,2H,1024,0.5303372811112749
volume_z_6b,downside_breakdown_occurred,LOW_VOL_RANGE,4H,1016,0.5233482456464673
volume_z_6b,downside_breakdown_occurred,LOW_VOL_RANGE,8H,1016,0.502975013185654
volume_z_6b,downside_breakdown_occurred,NORMAL_RANGE,12H,2313,0.5021804222648752
volume_z_6b,downside_breakdown_occurred,NORMAL_RANGE,1H,2313,0.5599460786405123
volume_z_6b,downside_breakdown_occurred,NORMAL_RANGE,24H,2313,0.5037448137467719
volume_z_6b,downside_breakdown_occurred,NORMAL_RANGE,2H,2313,0.548130846403387
volume_z_6b,downside_breakdown_occurred,NORMAL_RANGE,4H,2302,0.5254375966512025
volume_z_6b,downside_breakdown_occurred,NORMAL_RANGE,8H,2302,0.5088994711976481
volume_z_6b,downside_breakdown_occurred,TREND_DOWN,12H,190,0.5336879432624113
volume_z_6b,downside_breakdown_occurred,TREND_DOWN,1H,190,0.5531818181818182
volume_z_6b,downside_breakdown_occurred,TREND_DOWN,24H,190,0.577238475177305
volume_z_6b,downside_breakdown_occurred,TREND_DOWN,2H,190,0.5503385503385504
volume_z_6b,downside_breakdown_occurred,TREND_DOWN,4H,189,0.5087404751232631
volume_z_6b,downside_breakdown_occurred,TREND_DOWN,8H,189,0.5340497737556561
volume_z_6b,downside_breakdown_occurred,TREND_UP,12H,179,0.5588981975120589
volume_z_6b,downside_breakdown_occurred,TREND_UP,1H,179,0.535181236673774
volume_z_6b,downside_breakdown_occurred,TREND_UP,24H,179,0.6141563992959517
volume_z_6b,downside_breakdown_occurred,TREND_UP,2H,179,0.5116780908860117
volume_z_6b,downside_breakdown_occurred,TREND_UP,4H,179,0.5147435897435897
volume_z_6b,downside_breakdown_occurred,TREND_UP,8H,179,0.5021879021879022
volume_z_6b,downside_breakdown_occurred,VOLATILITY_EXPANSION,12H,324,0.5440523394131641
volume_z_6b,downside_breakdown_occurred,VOLATILITY_EXPANSION,1H,324,0.527836573960128
volume_z_6b,downside_breakdown_occurred,VOLATILITY_EXPANSION,24H,324,0.5441892549910728
volume_z_6b,downside_breakdown_occurred,VOLATILITY_EXPANSION,2H,324,0.5382882882882883
volume_z_6b,downside_breakdown_occurred,VOLATILITY_EXPANSION,4H,319,0.5572560924192597
volume_z_6b,downside_breakdown_occurred,VOLATILITY_EXPANSION,8H,319,0.5667803944412083
volume_z_6b,range_breached,HIGH_VOL,12H,163,0.5509009009009009
volume_z_6b,range_breached,HIGH_VOL,1H,163,0.5506329113924051
volume_z_6b,range_breached,HIGH_VOL,24H,163,0.5394871794871795
volume_z_6b,range_breached,HIGH_VOL,2H,163,0.5414012738853503
volume_z_6b,range_breached,HIGH_VOL,4H,163,0.5192307692307693
volume_z_6b,range_breached,HIGH_VOL,8H,163,0.5720279720279721
volume_z_6b,range_breached,LOW_VOL_RANGE,12H,1024,0.6413152610441767
volume_z_6b,range_breached,LOW_VOL_RANGE,1H,1024,0.5220296284126071
volume_z_6b,range_breached,LOW_VOL_RANGE,24H,1024,0.5174688057040998
volume_z_6b,range_breached,LOW_VOL_RANGE,2H,1024,0.5330915429599641
volume_z_6b,range_breached,LOW_VOL_RANGE,4H,1016,0.5178571428571429
volume_z_6b,range_breached,LOW_VOL_RANGE,8H,1016,0.6063837478311163
volume_z_6b,range_breached,NORMAL_RANGE,12H,2313,0.5399882170999337
volume_z_6b,range_breached,NORMAL_RANGE,1H,2313,0.6110161443494777
volume_z_6b,range_breached,NORMAL_RANGE,24H,2313,0.5364664872798435
volume_z_6b,range_breached,NORMAL_RANGE,2H,2313,0.642041288430358
volume_z_6b,range_breached,NORMAL_RANGE,4H,2302,0.5408112847966902
volume_z_6b,range_breached,NORMAL_RANGE,8H,2302,0.5818435801343732
volume_z_6b,range_breached,TREND_DOWN,12H,190,0.599437148217636
volume_z_6b,range_breached,TREND_DOWN,1H,190,0.703842230533832
volume_z_6b,range_breached,TREND_DOWN,24H,190,0.6016566265060241
volume_z_6b,range_breached,TREND_DOWN,2H,190,0.6099973965113252
volume_z_6b,range_breached,TREND_DOWN,4H,189,0.5224051211705533
volume_z_6b,range_breached,TREND_DOWN,8H,189,0.5032828282828283
volume_z_6b,range_breached,TREND_UP,12H,179,0.5535632183908046
volume_z_6b,range_breached,TREND_UP,1H,179,0.6438127090301003
volume_z_6b,range_breached,TREND_UP,24H,179,0.5920056764427626
volume_z_6b,range_breached,TREND_UP,2H,179,0.6018817204301076
volume_z_6b,range_breached,TREND_UP,4H,179,0.5710344827586207
volume_z_6b,range_breached,TREND_UP,8H,179,0.5436159844054581
volume_z_6b,range_breached,VOLATILITY_EXPANSION,12H,324,0.6586712683347714
volume_z_6b,range_breached,VOLATILITY_EXPANSION,1H,324,0.7125220458553791
volume_z_6b,range_breached,VOLATILITY_EXPANSION,24H,324,0.6498996655518394
volume_z_6b,range_breached,VOLATILITY_EXPANSION,2H,324,0.5813429472735466
volume_z_6b,range_breached,VOLATILITY_EXPANSION,4H,319,0.6302250803858521
volume_z_6b,range_breached,VOLATILITY_EXPANSION,8H,319,0.6192443919716647
volume_z_6b,path_inside_70,HIGH_VOL,12H,163,0.5509009009009009
volume_z_6b,path_inside_70,HIGH_VOL,1H,163,0.5506329113924051
volume_z_6b,path_inside_70,HIGH_VOL,24H,163,0.5394871794871795
volume_z_6b,path_inside_70,HIGH_VOL,2H,163,0.5414012738853503
volume_z_6b,path_inside_70,HIGH_VOL,4H,163,0.5192307692307692
volume_z_6b,path_inside_70,HIGH_VOL,8H,163,0.572027972027972
volume_z_6b,path_inside_70,LOW_VOL_RANGE,12H,1024,0.6413152610441767
volume_z_6b,path_inside_70,LOW_VOL_RANGE,1H,1024,0.5220296284126071
volume_z_6b,path_inside_70,LOW_VOL_RANGE,24H,1024,0.5174688057040998
volume_z_6b,path_inside_70,LOW_VOL_RANGE,2H,1024,0.533091542959964
volume_z_6b,path_inside_70,LOW_VOL_RANGE,4H,1016,0.5178571428571428
volume_z_6b,path_inside_70,LOW_VOL_RANGE,8H,1016,0.6063837478311163
volume_z_6b,path_inside_70,NORMAL_RANGE,12H,2313,0.5399882170999337
volume_z_6b,path_inside_70,NORMAL_RANGE,1H,2313,0.6110161443494777
volume_z_6b,path_inside_70,NORMAL_RANGE,24H,2313,0.5364664872798435
volume_z_6b,path_inside_70,NORMAL_RANGE,2H,2313,0.6420412884303581
volume_z_6b,path_inside_70,NORMAL_RANGE,4H,2302,0.5408112847966902
volume_z_6b,path_inside_70,NORMAL_RANGE,8H,2302,0.5818435801343732
volume_z_6b,path_inside_70,TREND_DOWN,12H,190,0.5994371482176359
volume_z_6b,path_inside_70,TREND_DOWN,1H,190,0.7038422305338321
volume_z_6b,path_inside_70,TREND_DOWN,24H,190,0.6016566265060241
volume_z_6b,path_inside_70,TREND_DOWN,2H,190,0.6099973965113252
volume_z_6b,path_inside_70,TREND_DOWN,4H,189,0.5224051211705533
volume_z_6b,path_inside_70,TREND_DOWN,8H,189,0.5032828282828283
volume_z_6b,path_inside_70,TREND_UP,12H,179,0.5535632183908046
volume_z_6b,path_inside_70,TREND_UP,1H,179,0.6438127090301003
volume_z_6b,path_inside_70,TREND_UP,24H,179,0.5920056764427626
volume_z_6b,path_inside_70,TREND_UP,2H,179,0.6018817204301075
volume_z_6b,path_inside_70,TREND_UP,4H,179,0.5710344827586207
volume_z_6b,path_inside_70,TREND_UP,8H,179,0.5436159844054581
volume_z_6b,path_inside_70,VOLATILITY_EXPANSION,12H,324,0.6586712683347713
volume_z_6b,path_inside_70,VOLATILITY_EXPANSION,1H,324,0.7125220458553791
volume_z_6b,path_inside_70,VOLATILITY_EXPANSION,24H,324,0.6498996655518394
volume_z_6b,path_inside_70,VOLATILITY_EXPANSION,2H,324,0.5813429472735466
volume_z_6b,path_inside_70,VOLATILITY_EXPANSION,4H,319,0.630225080385852
volume_z_6b,path_inside_70,VOLATILITY_EXPANSION,8H,319,0.6192443919716647
volume_z_6b,trend_efficiency_high,HIGH_VOL,12H,163,0.5035971223021583
volume_z_6b,trend_efficiency_high,HIGH_VOL,1H,163,0.6843822843822844
volume_z_6b,trend_efficiency_high,HIGH_VOL,24H,163,0.5273550724637681
volume_z_6b,trend_efficiency_high,HIGH_VOL,2H,163,0.5884632922936617
volume_z_6b,trend_efficiency_high,HIGH_VOL,4H,163,0.501611863313991
volume_z_6b,trend_efficiency_high,HIGH_VOL,8H,163,0.5471491228070176
volume_z_6b,trend_efficiency_high,LOW_VOL_RANGE,12H,1024,0.5300936620605654
volume_z_6b,trend_efficiency_high,LOW_VOL_RANGE,1H,1024,0.5162620642997489
volume_z_6b,trend_efficiency_high,LOW_VOL_RANGE,24H,1024,0.5050853491612396
volume_z_6b,trend_efficiency_high,LOW_VOL_RANGE,2H,1024,0.5385101974042971
volume_z_6b,trend_efficiency_high,LOW_VOL_RANGE,4H,1016,0.5009851169383416
volume_z_6b,trend_efficiency_high,LOW_VOL_RANGE,8H,1016,0.5108200597312096
volume_z_6b,trend_efficiency_high,NORMAL_RANGE,12H,2313,0.5026814576250969
volume_z_6b,trend_efficiency_high,NORMAL_RANGE,1H,2313,0.5099298634182354
volume_z_6b,trend_efficiency_high,NORMAL_RANGE,24H,2313,0.505247236902506
volume_z_6b,trend_efficiency_high,NORMAL_RANGE,2H,2313,0.5141355754072516
volume_z_6b,trend_efficiency_high,NORMAL_RANGE,4H,2302,0.5231348855636486
volume_z_6b,trend_efficiency_high,NORMAL_RANGE,8H,2302,0.5067402147522831
volume_z_6b,trend_efficiency_high,TREND_DOWN,12H,190,0.5439750692520776
volume_z_6b,trend_efficiency_high,TREND_DOWN,1H,190,0.5392316017316018
volume_z_6b,trend_efficiency_high,TREND_DOWN,24H,190,0.5995670995670995
volume_z_6b,trend_efficiency_high,TREND_DOWN,2H,190,0.5258534136546185
volume_z_6b,trend_efficiency_high,TREND_DOWN,4H,189,0.5487940630797774
volume_z_6b,trend_efficiency_high,TREND_DOWN,8H,189,0.5045351473922902
volume_z_6b,trend_efficiency_high,TREND_UP,12H,179,0.5723684210526316
volume_z_6b,trend_efficiency_high,TREND_UP,1H,179,0.5100553041729512
volume_z_6b,trend_efficiency_high,TREND_UP,24H,179,0.6044742729306487
volume_z_6b,trend_efficiency_high,TREND_UP,2H,179,0.5037842951750237
volume_z_6b,trend_efficiency_high,TREND_UP,4H,179,0.5038031319910514
volume_z_6b,trend_efficiency_high,TREND_UP,8H,179,0.5486819727891157
volume_z_6b,trend_efficiency_high,VOLATILITY_EXPANSION,12H,324,0.5106052036199095
volume_z_6b,trend_efficiency_high,VOLATILITY_EXPANSION,1H,324,0.52181461352657
volume_z_6b,trend_efficiency_high,VOLATILITY_EXPANSION,24H,324,0.5411844373307068
volume_z_6b,trend_efficiency_high,VOLATILITY_EXPANSION,2H,324,0.5142661179698217
volume_z_6b,trend_efficiency_high,VOLATILITY_EXPANSION,4H,319,0.5375744047619048
volume_z_6b,trend_efficiency_high,VOLATILITY_EXPANSION,8H,319,0.5508582777698965
adx_24b,upside_breakout_occurred,HIGH_VOL,12H,163,0.6096264804129973
adx_24b,upside_breakout_occurred,HIGH_VOL,1H,163,0.5534550195567145
adx_24b,upside_breakout_occurred,HIGH_VOL,24H,163,0.5543345543345544
adx_24b,upside_breakout_occurred,HIGH_VOL,2H,163,0.5161339421613395
adx_24b,upside_breakout_occurred,HIGH_VOL,4H,163,0.5150693188667872
adx_24b,upside_breakout_occurred,HIGH_VOL,8H,163,0.5300513440048324
adx_24b,upside_breakout_occurred,LOW_VOL_RANGE,12H,1024,0.5560477091214796
adx_24b,upside_breakout_occurred,LOW_VOL_RANGE,1H,1024,0.5170039632346741
adx_24b,upside_breakout_occurred,LOW_VOL_RANGE,24H,1024,0.5756832124930285
adx_24b,upside_breakout_occurred,LOW_VOL_RANGE,2H,1024,0.5079495864994354
adx_24b,upside_breakout_occurred,LOW_VOL_RANGE,4H,1016,0.5136064126078391
adx_24b,upside_breakout_occurred,LOW_VOL_RANGE,8H,1016,0.5213204367467748
adx_24b,upside_breakout_occurred,NORMAL_RANGE,12H,2314,0.5483274950035419
adx_24b,upside_breakout_occurred,NORMAL_RANGE,1H,2314,0.5203331609810453
adx_24b,upside_breakout_occurred,NORMAL_RANGE,24H,2314,0.5745180124648996
adx_24b,upside_breakout_occurred,NORMAL_RANGE,2H,2314,0.5231564920056141
adx_24b,upside_breakout_occurred,NORMAL_RANGE,4H,2303,0.5275274568308785
adx_24b,upside_breakout_occurred,NORMAL_RANGE,8H,2303,0.5579658002182966
adx_24b,upside_breakout_occurred,TREND_DOWN,12H,190,0.5934714795008913
adx_24b,upside_breakout_occurred,TREND_DOWN,1H,190,0.6251048029704156
adx_24b,upside_breakout_occurred,TREND_DOWN,24H,190,0.5845588235294117
adx_24b,upside_breakout_occurred,TREND_DOWN,2H,190,0.5968080149114632
adx_24b,upside_breakout_occurred,TREND_DOWN,4H,189,0.5536248561565017
adx_24b,upside_breakout_occurred,TREND_DOWN,8H,189,0.6071107110711071
adx_24b,upside_breakout_occurred,TREND_UP,12H,179,0.5354150799695354
adx_24b,upside_breakout_occurred,TREND_UP,1H,179,0.5807942057942058
adx_24b,upside_breakout_occurred,TREND_UP,24H,179,0.5061188811188811
adx_24b,upside_breakout_occurred,TREND_UP,2H,179,0.5384711779448621
adx_24b,upside_breakout_occurred,TREND_UP,4H,179,0.5449999999999999
adx_24b,upside_breakout_occurred,TREND_UP,8H,179,0.5132051282051282
adx_24b,upside_breakout_occurred,VOLATILITY_EXPANSION,12H,324,0.5126027521685816
adx_24b,upside_breakout_occurred,VOLATILITY_EXPANSION,1H,324,0.5428637094920707
adx_24b,upside_breakout_occurred,VOLATILITY_EXPANSION,24H,324,0.5360090970350404
adx_24b,upside_breakout_occurred,VOLATILITY_EXPANSION,2H,324,0.5019866353621094
adx_24b,upside_breakout_occurred,VOLATILITY_EXPANSION,4H,319,0.5161643835616438
adx_24b,upside_breakout_occurred,VOLATILITY_EXPANSION,8H,319,0.5253643497757847
adx_24b,downside_breakdown_occurred,HIGH_VOL,12H,163,0.5062861026163779
adx_24b,downside_breakdown_occurred,HIGH_VOL,1H,163,0.553030303030303
adx_24b,downside_breakdown_occurred,HIGH_VOL,24H,163,0.5042473666326878
adx_24b,downside_breakdown_occurred,HIGH_VOL,2H,163,0.5068610634648371
adx_24b,downside_breakdown_occurred,HIGH_VOL,4H,163,0.5495882563551736
adx_24b,downside_breakdown_occurred,HIGH_VOL,8H,163,0.5880258899676375
adx_24b,downside_breakdown_occurred,LOW_VOL_RANGE,12H,1024,0.5067792051966321
adx_24b,downside_breakdown_occurred,LOW_VOL_RANGE,1H,1024,0.5087370540484166
adx_24b,downside_breakdown_occurred,LOW_VOL_RANGE,24H,1024,0.5279016474668649
adx_24b,downside_breakdown_occurred,LOW_VOL_RANGE,2H,1024,0.5021499828001376
adx_24b,downside_breakdown_occurred,LOW_VOL_RANGE,4H,1016,0.5056753059489038
adx_24b,downside_breakdown_occurred,LOW_VOL_RANGE,8H,1016,0.5087560983649789
adx_24b,downside_breakdown_occurred,NORMAL_RANGE,12H,2314,0.5118192668371697
adx_24b,downside_breakdown_occurred,NORMAL_RANGE,1H,2314,0.5331864574655796
adx_24b,downside_breakdown_occurred,NORMAL_RANGE,24H,2314,0.5030662379313662
adx_24b,downside_breakdown_occurred,NORMAL_RANGE,2H,2314,0.530988588247444
adx_24b,downside_breakdown_occurred,NORMAL_RANGE,4H,2303,0.5320843637332534
adx_24b,downside_breakdown_occurred,NORMAL_RANGE,8H,2303,0.509645907145344
adx_24b,downside_breakdown_occurred,TREND_DOWN,12H,190,0.5110815602836879
adx_24b,downside_breakdown_occurred,TREND_DOWN,1H,190,0.5035227272727273
adx_24b,downside_breakdown_occurred,TREND_DOWN,24H,190,0.5223847517730497
adx_24b,downside_breakdown_occurred,TREND_DOWN,2H,190,0.5718725718725719
adx_24b,downside_breakdown_occurred,TREND_DOWN,4H,189,0.5727252353204841
adx_24b,downside_breakdown_occurred,TREND_DOWN,8H,189,0.5012443438914027
adx_24b,downside_breakdown_occurred,TREND_UP,12H,179,0.5823813150545825
adx_24b,downside_breakdown_occurred,TREND_UP,1H,179,0.5575692963752665
adx_24b,downside_breakdown_occurred,TREND_UP,24H,179,0.6126477244153885
adx_24b,downside_breakdown_occurred,TREND_UP,2H,179,0.5112972835745113
adx_24b,downside_breakdown_occurred,TREND_UP,4H,179,0.5638461538461539
adx_24b,downside_breakdown_occurred,TREND_UP,8H,179,0.5263835263835264
adx_24b,downside_breakdown_occurred,VOLATILITY_EXPANSION,12H,324,0.5200237906423473
adx_24b,downside_breakdown_occurred,VOLATILITY_EXPANSION,1H,324,0.5364508983509721
adx_24b,downside_breakdown_occurred,VOLATILITY_EXPANSION,24H,324,0.5389547151436456
adx_24b,downside_breakdown_occurred,VOLATILITY_EXPANSION,2H,324,0.5802861685214626
adx_24b,downside_breakdown_occurred,VOLATILITY_EXPANSION,4H,319,0.559954464963319
adx_24b,downside_breakdown_occurred,VOLATILITY_EXPANSION,8H,319,0.5265873346093035
adx_24b,range_breached,HIGH_VOL,12H,163,0.7545045045045045
adx_24b,range_breached,HIGH_VOL,1H,163,0.5784810126582278
adx_24b,range_breached,HIGH_VOL,24H,163,0.86
adx_24b,range_breached,HIGH_VOL,2H,163,0.5265392781316348
adx_24b,range_breached,HIGH_VOL,4H,163,0.5247252747252747
adx_24b,range_breached,HIGH_VOL,8H,163,0.5496503496503496
adx_24b,range_breached,LOW_VOL_RANGE,12H,1024,0.5817555938037866
adx_24b,range_breached,LOW_VOL_RANGE,1H,1024,0.6096552479531203
adx_24b,range_breached,LOW_VOL_RANGE,24H,1024,0.527361853832442
adx_24b,range_breached,LOW_VOL_RANGE,2H,1024,0.5660706252811516
adx_24b,range_breached,LOW_VOL_RANGE,4H,1016,0.5477877385772123
adx_24b,range_breached,LOW_VOL_RANGE,8H,1016,0.5334008097165992
adx_24b,range_breached,NORMAL_RANGE,12H,2314,0.5136893589004348
adx_24b,range_breached,NORMAL_RANGE,1H,2314,0.6282723820943246
adx_24b,range_breached,NORMAL_RANGE,24H,2314,0.576259375401148
adx_24b,range_breached,NORMAL_RANGE,2H,2314,0.618743838677877
adx_24b,range_breached,NORMAL_RANGE,4H,2303,0.5653804406816455
adx_24b,range_breached,NORMAL_RANGE,8H,2303,0.5143128321943812
adx_24b,range_breached,TREND_DOWN,12H,190,0.6515009380863039
adx_24b,range_breached,TREND_DOWN,1H,190,0.5861951717103027
adx_24b,range_breached,TREND_DOWN,24H,190,0.6857429718875502
adx_24b,range_breached,TREND_DOWN,2H,190,0.5269461077844312
adx_24b,range_breached,TREND_DOWN,4H,189,0.501143118427069
adx_24b,range_breached,TREND_DOWN,8H,189,0.6497474747474747
adx_24b,range_breached,TREND_UP,12H,179,0.5719540229885057
adx_24b,range_breached,TREND_UP,1H,179,0.7087513935340022
adx_24b,range_breached,TREND_UP,24H,179,0.5314569536423841
adx_24b,range_breached,TREND_UP,2H,179,0.6056451612903226
adx_24b,range_breached,TREND_UP,4H,179,0.6147126436781609
adx_24b,range_breached,TREND_UP,8H,179,0.5131578947368421
adx_24b,range_breached,VOLATILITY_EXPANSION,12H,324,0.5698015530629854
adx_24b,range_breached,VOLATILITY_EXPANSION,1H,324,0.7552028218694885
adx_24b,range_breached,VOLATILITY_EXPANSION,24H,324,0.5339130434782609
adx_24b,range_breached,VOLATILITY_EXPANSION,2H,324,0.7444794952681388
adx_24b,range_breached,VOLATILITY_EXPANSION,4H,319,0.7652733118971061
adx_24b,range_breached,VOLATILITY_EXPANSION,8H,319,0.5876623376623377
adx_24b,path_inside_70,HIGH_VOL,12H,163,0.7545045045045045
adx_24b,path_inside_70,HIGH_VOL,1H,163,0.5784810126582278
adx_24b,path_inside_70,HIGH_VOL,24H,163,0.86
adx_24b,path_inside_70,HIGH_VOL,2H,163,0.5265392781316348
adx_24b,path_inside_70,HIGH_VOL,4H,163,0.5247252747252747
adx_24b,path_inside_70,HIGH_VOL,8H,163,0.5496503496503496
adx_24b,path_inside_70,LOW_VOL_RANGE,12H,1024,0.5817555938037866
adx_24b,path_inside_70,LOW_VOL_RANGE,1H,1024,0.6096552479531203
adx_24b,path_inside_70,LOW_VOL_RANGE,24H,1024,0.527361853832442
adx_24b,path_inside_70,LOW_VOL_RANGE,2H,1024,0.5660706252811516
adx_24b,path_inside_70,LOW_VOL_RANGE,4H,1016,0.5477877385772123
adx_24b,path_inside_70,LOW_VOL_RANGE,8H,1016,0.5334008097165992
adx_24b,path_inside_70,NORMAL_RANGE,12H,2314,0.5136893589004347
adx_24b,path_inside_70,NORMAL_RANGE,1H,2314,0.6282723820943246
adx_24b,path_inside_70,NORMAL_RANGE,24H,2314,0.576259375401148
adx_24b,path_inside_70,NORMAL_RANGE,2H,2314,0.6187438386778771
adx_24b,path_inside_70,NORMAL_RANGE,4H,2303,0.5653804406816455
adx_24b,path_inside_70,NORMAL_RANGE,8H,2303,0.5143128321943812
adx_24b,path_inside_70,TREND_DOWN,12H,190,0.6515009380863039
adx_24b,path_inside_70,TREND_DOWN,1H,190,0.5861951717103027
adx_24b,path_inside_70,TREND_DOWN,24H,190,0.6857429718875502
adx_24b,path_inside_70,TREND_DOWN,2H,190,0.5269461077844311
adx_24b,path_inside_70,TREND_DOWN,4H,189,0.501143118427069
adx_24b,path_inside_70,TREND_DOWN,8H,189,0.6497474747474747
adx_24b,path_inside_70,TREND_UP,12H,179,0.5719540229885057
adx_24b,path_inside_70,TREND_UP,1H,179,0.7087513935340022
adx_24b,path_inside_70,TREND_UP,24H,179,0.5314569536423841
adx_24b,path_inside_70,TREND_UP,2H,179,0.6056451612903225
adx_24b,path_inside_70,TREND_UP,4H,179,0.6147126436781609
adx_24b,path_inside_70,TREND_UP,8H,179,0.513157894736842
adx_24b,path_inside_70,VOLATILITY_EXPANSION,12H,324,0.5698015530629853
adx_24b,path_inside_70,VOLATILITY_EXPANSION,1H,324,0.7552028218694885
adx_24b,path_inside_70,VOLATILITY_EXPANSION,24H,324,0.5339130434782609
adx_24b,path_inside_70,VOLATILITY_EXPANSION,2H,324,0.7444794952681388
adx_24b,path_inside_70,VOLATILITY_EXPANSION,4H,319,0.7652733118971061
adx_24b,path_inside_70,VOLATILITY_EXPANSION,8H,319,0.5876623376623377
adx_24b,trend_efficiency_high,HIGH_VOL,12H,163,0.7488009592326139
adx_24b,trend_efficiency_high,HIGH_VOL,1H,163,0.5195804195804196
adx_24b,trend_efficiency_high,HIGH_VOL,24H,163,0.6106884057971014
adx_24b,trend_efficiency_high,HIGH_VOL,2H,163,0.5113999088007296
adx_24b,trend_efficiency_high,HIGH_VOL,4H,163,0.5431979368149581
adx_24b,trend_efficiency_high,HIGH_VOL,8H,163,0.5763888888888888
adx_24b,trend_efficiency_high,LOW_VOL_RANGE,12H,1024,0.5308136779009138
adx_24b,trend_efficiency_high,LOW_VOL_RANGE,1H,1024,0.509727010356765
adx_24b,trend_efficiency_high,LOW_VOL_RANGE,24H,1024,0.533093132169974
adx_24b,trend_efficiency_high,LOW_VOL_RANGE,2H,1024,0.5275747991420365
adx_24b,trend_efficiency_high,LOW_VOL_RANGE,4H,1016,0.5227710843373494
adx_24b,trend_efficiency_high,LOW_VOL_RANGE,8H,1016,0.5042185166749626
adx_24b,trend_efficiency_high,NORMAL_RANGE,12H,2314,0.5023450166905102
adx_24b,trend_efficiency_high,NORMAL_RANGE,1H,2314,0.5172763894354804
adx_24b,trend_efficiency_high,NORMAL_RANGE,24H,2314,0.5114958214124379
adx_24b,trend_efficiency_high,NORMAL_RANGE,2H,2314,0.5378304980528796
adx_24b,trend_efficiency_high,NORMAL_RANGE,4H,2303,0.5135925780208902
adx_24b,trend_efficiency_high,NORMAL_RANGE,8H,2303,0.5574479966494486
adx_24b,trend_efficiency_high,TREND_DOWN,12H,190,0.5280470914127424
adx_24b,trend_efficiency_high,TREND_DOWN,1H,190,0.5027056277056277
adx_24b,trend_efficiency_high,TREND_DOWN,24H,190,0.5665584415584415
adx_24b,trend_efficiency_high,TREND_DOWN,2H,190,0.5203313253012049
adx_24b,trend_efficiency_high,TREND_DOWN,4H,189,0.5120593692022264
adx_24b,trend_efficiency_high,TREND_DOWN,8H,189,0.5385487528344671
adx_24b,trend_efficiency_high,TREND_UP,12H,179,0.5085282651072125
adx_24b,trend_efficiency_high,TREND_UP,1H,179,0.5372046254399195
adx_24b,trend_efficiency_high,TREND_UP,24H,179,0.5559284116331096
adx_24b,trend_efficiency_high,TREND_UP,2H,179,0.5529801324503312
adx_24b,trend_efficiency_high,TREND_UP,4H,179,0.5319910514541387
adx_24b,trend_efficiency_high,TREND_UP,8H,179,0.6360544217687075
adx_24b,trend_efficiency_high,VOLATILITY_EXPANSION,12H,324,0.5366233031674208
adx_24b,trend_efficiency_high,VOLATILITY_EXPANSION,1H,324,0.5190217391304348
adx_24b,trend_efficiency_high,VOLATILITY_EXPANSION,24H,324,0.5550357054912584
adx_24b,trend_efficiency_high,VOLATILITY_EXPANSION,2H,324,0.6006858710562415
adx_24b,trend_efficiency_high,VOLATILITY_EXPANSION,4H,319,0.5222594246031746
adx_24b,trend_efficiency_high,VOLATILITY_EXPANSION,8H,319,0.5366718683501206
volume_rel_6b,upside_breakout_occurred,HIGH_VOL,12H,163,0.5135135135135135
volume_rel_6b,upside_breakout_occurred,HIGH_VOL,1H,163,0.635593220338983
volume_rel_6b,upside_breakout_occurred,HIGH_VOL,24H,163,0.5157203907203907
volume_rel_6b,upside_breakout_occurred,HIGH_VOL,2H,163,0.5427701674277017
volume_rel_6b,upside_breakout_occurred,HIGH_VOL,4H,163,0.5090415913200723
volume_rel_6b,upside_breakout_occurred,HIGH_VOL,8H,163,0.5505889459377832
volume_rel_6b,upside_breakout_occurred,LOW_VOL_RANGE,12H,1024,0.5469577553593947
volume_rel_6b,upside_breakout_occurred,LOW_VOL_RANGE,1H,1024,0.5543469095201956
volume_rel_6b,upside_breakout_occurred,LOW_VOL_RANGE,24H,1024,0.5220946957466169
volume_rel_6b,upside_breakout_occurred,LOW_VOL_RANGE,2H,1024,0.5142490943095173
volume_rel_6b,upside_breakout_occurred,LOW_VOL_RANGE,4H,1016,0.5062971265539026
volume_rel_6b,upside_breakout_occurred,LOW_VOL_RANGE,8H,1016,0.5126251540084686
volume_rel_6b,upside_breakout_occurred,NORMAL_RANGE,12H,2313,0.5155236281020055
volume_rel_6b,upside_breakout_occurred,NORMAL_RANGE,1H,2313,0.5576861678659383
volume_rel_6b,upside_breakout_occurred,NORMAL_RANGE,24H,2313,0.5248163339432691
volume_rel_6b,upside_breakout_occurred,NORMAL_RANGE,2H,2313,0.5465995299906945
volume_rel_6b,upside_breakout_occurred,NORMAL_RANGE,4H,2302,0.5255168689672151
volume_rel_6b,upside_breakout_occurred,NORMAL_RANGE,8H,2302,0.5281412495337772
volume_rel_6b,upside_breakout_occurred,TREND_DOWN,12H,190,0.5287433155080213
volume_rel_6b,upside_breakout_occurred,TREND_DOWN,1H,190,0.6926578033297401
volume_rel_6b,upside_breakout_occurred,TREND_DOWN,24H,190,0.5135918003565063
volume_rel_6b,upside_breakout_occurred,TREND_DOWN,2H,190,0.5658201304753029
volume_rel_6b,upside_breakout_occurred,TREND_DOWN,4H,189,0.5238204833141542
volume_rel_6b,upside_breakout_occurred,TREND_DOWN,8H,189,0.5141764176417641
volume_rel_6b,upside_breakout_occurred,TREND_UP,12H,179,0.505965981213506
volume_rel_6b,upside_breakout_occurred,TREND_UP,1H,179,0.6102647352647352
volume_rel_6b,upside_breakout_occurred,TREND_UP,24H,179,0.5303446553446554
volume_rel_6b,upside_breakout_occurred,TREND_UP,2H,179,0.5631578947368421
volume_rel_6b,upside_breakout_occurred,TREND_UP,4H,179,0.5597435897435897
volume_rel_6b,upside_breakout_occurred,TREND_UP,8H,179,0.5166666666666667
volume_rel_6b,upside_breakout_occurred,VOLATILITY_EXPANSION,12H,324,0.5502974703665017
volume_rel_6b,upside_breakout_occurred,VOLATILITY_EXPANSION,1H,324,0.6170075844633418
volume_rel_6b,upside_breakout_occurred,VOLATILITY_EXPANSION,24H,324,0.5649006064690026
volume_rel_6b,upside_breakout_occurred,VOLATILITY_EXPANSION,2H,324,0.6059237854433809
volume_rel_6b,upside_breakout_occurred,VOLATILITY_EXPANSION,4H,319,0.5882648401826484
volume_rel_6b,upside_breakout_occurred,VOLATILITY_EXPANSION,8H,319,0.554372197309417
volume_rel_6b,downside_breakdown_occurred,HIGH_VOL,12H,163,0.554366292898403
volume_rel_6b,downside_breakdown_occurred,HIGH_VOL,1H,163,0.556060606060606
volume_rel_6b,downside_breakdown_occurred,HIGH_VOL,24H,163,0.5356778797145769
volume_rel_6b,downside_breakdown_occurred,HIGH_VOL,2H,163,0.5560891938250428
volume_rel_6b,downside_breakdown_occurred,HIGH_VOL,4H,163,0.5152166129609739
volume_rel_6b,downside_breakdown_occurred,HIGH_VOL,8H,163,0.5262135922330097
volume_rel_6b,downside_breakdown_occurred,LOW_VOL_RANGE,12H,1024,0.5024928111876539
volume_rel_6b,downside_breakdown_occurred,LOW_VOL_RANGE,1H,1024,0.5506706566944352
volume_rel_6b,downside_breakdown_occurred,LOW_VOL_RANGE,24H,1024,0.5180982463591159
volume_rel_6b,downside_breakdown_occurred,LOW_VOL_RANGE,2H,1024,0.5294240503218831
volume_rel_6b,downside_breakdown_occurred,LOW_VOL_RANGE,4H,1016,0.5247942881321814
volume_rel_6b,downside_breakdown_occurred,LOW_VOL_RANGE,8H,1016,0.5020561379219409
volume_rel_6b,downside_breakdown_occurred,NORMAL_RANGE,12H,2313,0.5024329281296651
volume_rel_6b,downside_breakdown_occurred,NORMAL_RANGE,1H,2313,0.5624805138118102
volume_rel_6b,downside_breakdown_occurred,NORMAL_RANGE,24H,2313,0.5045038184547769
volume_rel_6b,downside_breakdown_occurred,NORMAL_RANGE,2H,2313,0.5523663350508888
volume_rel_6b,downside_breakdown_occurred,NORMAL_RANGE,4H,2302,0.5270590038927105
volume_rel_6b,downside_breakdown_occurred,NORMAL_RANGE,8H,2302,0.5087568747294297
volume_rel_6b,downside_breakdown_occurred,TREND_DOWN,12H,190,0.5282579787234043
volume_rel_6b,downside_breakdown_occurred,TREND_DOWN,1H,190,0.5376136363636363
volume_rel_6b,downside_breakdown_occurred,TREND_DOWN,24H,190,0.5800088652482269
volume_rel_6b,downside_breakdown_occurred,TREND_DOWN,2H,190,0.5244755244755245
volume_rel_6b,downside_breakdown_occurred,TREND_DOWN,4H,189,0.5101972209771403
volume_rel_6b,downside_breakdown_occurred,TREND_DOWN,8H,189,0.53710407239819
volume_rel_6b,downside_breakdown_occurred,TREND_UP,12H,179,0.5535668951510536
volume_rel_6b,downside_breakdown_occurred,TREND_UP,1H,179,0.540911513859275
volume_rel_6b,downside_breakdown_occurred,TREND_UP,24H,179,0.6216997736987679
volume_rel_6b,downside_breakdown_occurred,TREND_UP,2H,179,0.5189134298045189
volume_rel_6b,downside_breakdown_occurred,TREND_UP,4H,179,0.5075641025641026
volume_rel_6b,downside_breakdown_occurred,TREND_UP,8H,179,0.5006435006435006
volume_rel_6b,downside_breakdown_occurred,VOLATILITY_EXPANSION,12H,324,0.5496431403647899
volume_rel_6b,downside_breakdown_occurred,VOLATILITY_EXPANSION,1H,324,0.5360078759537288
volume_rel_6b,downside_breakdown_occurred,VOLATILITY_EXPANSION,24H,324,0.5484093491316345
volume_rel_6b,downside_breakdown_occurred,VOLATILITY_EXPANSION,2H,324,0.5385974209503621
volume_rel_6b,downside_breakdown_occurred,VOLATILITY_EXPANSION,4H,319,0.5667425583944683
volume_rel_6b,downside_breakdown_occurred,VOLATILITY_EXPANSION,8H,319,0.558916534908879
volume_rel_6b,range_breached,HIGH_VOL,12H,163,0.5743243243243243
volume_rel_6b,range_breached,HIGH_VOL,1H,163,0.5481012658227848
volume_rel_6b,range_breached,HIGH_VOL,24H,163,0.56
volume_rel_6b,range_breached,HIGH_VOL,2H,163,0.5159235668789809
volume_rel_6b,range_breached,HIGH_VOL,4H,163,0.5082417582417582
volume_rel_6b,range_breached,HIGH_VOL,8H,163,0.5664335664335665
volume_rel_6b,range_breached,LOW_VOL_RANGE,12H,1024,0.616035570854848
volume_rel_6b,range_breached,LOW_VOL_RANGE,1H,1024,0.5401297954489443
volume_rel_6b,range_breached,LOW_VOL_RANGE,24H,1024,0.5122103386809269
volume_rel_6b,range_breached,LOW_VOL_RANGE,2H,1024,0.5091093117408907
volume_rel_6b,range_breached,LOW_VOL_RANGE,4H,1016,0.5436668594563332
volume_rel_6b,range_breached,LOW_VOL_RANGE,8H,1016,0.6242047426257953
volume_rel_6b,range_breached,NORMAL_RANGE,12H,2313,0.539558632201684
volume_rel_6b,range_breached,NORMAL_RANGE,1H,2313,0.6131154096066377
volume_rel_6b,range_breached,NORMAL_RANGE,24H,2313,0.5224804305283758
volume_rel_6b,range_breached,NORMAL_RANGE,2H,2313,0.6384990344001404
volume_rel_6b,range_breached,NORMAL_RANGE,4H,2302,0.5345129956509228
volume_rel_6b,range_breached,NORMAL_RANGE,8H,2302,0.5778427698436814
volume_rel_6b,range_breached,TREND_DOWN,12H,190,0.576688555347092
volume_rel_6b,range_breached,TREND_DOWN,1H,190,0.6783407004420265
volume_rel_6b,range_breached,TREND_DOWN,24H,190,0.5893574297188755
volume_rel_6b,range_breached,TREND_DOWN,2H,190,0.587867742775319
volume_rel_6b,range_breached,TREND_DOWN,4H,189,0.5269775948788294
volume_rel_6b,range_breached,TREND_DOWN,8H,189,0.5126262626262627
volume_rel_6b,range_breached,TREND_UP,12H,179,0.5659770114942528
volume_rel_6b,range_breached,TREND_UP,1H,179,0.6307134894091416
volume_rel_6b,range_breached,TREND_UP,24H,179,0.5806527909176916
volume_rel_6b,range_breached,TREND_UP,2H,179,0.5865591397849462
volume_rel_6b,range_breached,TREND_UP,4H,179,0.5742528735632184
volume_rel_6b,range_breached,TREND_UP,8H,179,0.5480019493177388
volume_rel_6b,range_breached,VOLATILITY_EXPANSION,12H,324,0.6640207075064711
volume_rel_6b,range_breached,VOLATILITY_EXPANSION,1H,324,0.7686067019400352
volume_rel_6b,range_breached,VOLATILITY_EXPANSION,24H,324,0.6820066889632107
volume_rel_6b,range_breached,VOLATILITY_EXPANSION,2H,324,0.5029292474087427
volume_rel_6b,range_breached,VOLATILITY_EXPANSION,4H,319,0.6655948553054662
volume_rel_6b,range_breached,VOLATILITY_EXPANSION,8H,319,0.609504132231405
volume_rel_6b,path_inside_70,HIGH_VOL,12H,163,0.5743243243243243
volume_rel_6b,path_inside_70,HIGH_VOL,1H,163,0.5481012658227848
volume_rel_6b,path_inside_70,HIGH_VOL,24H,163,0.56
volume_rel_6b,path_inside_70,HIGH_VOL,2H,163,0.5159235668789809
volume_rel_6b,path_inside_70,HIGH_VOL,4H,163,0.5082417582417582
volume_rel_6b,path_inside_70,HIGH_VOL,8H,163,0.5664335664335665
volume_rel_6b,path_inside_70,LOW_VOL_RANGE,12H,1024,0.616035570854848
volume_rel_6b,path_inside_70,LOW_VOL_RANGE,1H,1024,0.5401297954489443
volume_rel_6b,path_inside_70,LOW_VOL_RANGE,24H,1024,0.5122103386809269
volume_rel_6b,path_inside_70,LOW_VOL_RANGE,2H,1024,0.5091093117408907
volume_rel_6b,path_inside_70,LOW_VOL_RANGE,4H,1016,0.5436668594563332
volume_rel_6b,path_inside_70,LOW_VOL_RANGE,8H,1016,0.6242047426257953
volume_rel_6b,path_inside_70,NORMAL_RANGE,12H,2313,0.539558632201684
volume_rel_6b,path_inside_70,NORMAL_RANGE,1H,2313,0.6131154096066377
volume_rel_6b,path_inside_70,NORMAL_RANGE,24H,2313,0.5224804305283757
volume_rel_6b,path_inside_70,NORMAL_RANGE,2H,2313,0.6384990344001404
volume_rel_6b,path_inside_70,NORMAL_RANGE,4H,2302,0.5345129956509227
volume_rel_6b,path_inside_70,NORMAL_RANGE,8H,2302,0.5778427698436814
volume_rel_6b,path_inside_70,TREND_DOWN,12H,190,0.576688555347092
volume_rel_6b,path_inside_70,TREND_DOWN,1H,190,0.6783407004420265
volume_rel_6b,path_inside_70,TREND_DOWN,24H,190,0.5893574297188755
volume_rel_6b,path_inside_70,TREND_DOWN,2H,190,0.587867742775319
volume_rel_6b,path_inside_70,TREND_DOWN,4H,189,0.5269775948788294
volume_rel_6b,path_inside_70,TREND_DOWN,8H,189,0.5126262626262627
volume_rel_6b,path_inside_70,TREND_UP,12H,179,0.5659770114942528
volume_rel_6b,path_inside_70,TREND_UP,1H,179,0.6307134894091415
volume_rel_6b,path_inside_70,TREND_UP,24H,179,0.5806527909176915
volume_rel_6b,path_inside_70,TREND_UP,2H,179,0.5865591397849462
volume_rel_6b,path_inside_70,TREND_UP,4H,179,0.5742528735632184
volume_rel_6b,path_inside_70,TREND_UP,8H,179,0.5480019493177388
volume_rel_6b,path_inside_70,VOLATILITY_EXPANSION,12H,324,0.664020707506471
volume_rel_6b,path_inside_70,VOLATILITY_EXPANSION,1H,324,0.7686067019400353
volume_rel_6b,path_inside_70,VOLATILITY_EXPANSION,24H,324,0.6820066889632107
volume_rel_6b,path_inside_70,VOLATILITY_EXPANSION,2H,324,0.5029292474087427
volume_rel_6b,path_inside_70,VOLATILITY_EXPANSION,4H,319,0.6655948553054662
volume_rel_6b,path_inside_70,VOLATILITY_EXPANSION,8H,319,0.609504132231405
volume_rel_6b,trend_efficiency_high,HIGH_VOL,12H,163,0.5089928057553956
volume_rel_6b,trend_efficiency_high,HIGH_VOL,1H,163,0.6668997668997669
volume_rel_6b,trend_efficiency_high,HIGH_VOL,24H,163,0.5260869565217392
volume_rel_6b,trend_efficiency_high,HIGH_VOL,2H,163,0.595531235750114
volume_rel_6b,trend_efficiency_high,HIGH_VOL,4H,163,0.5145067698259187
volume_rel_6b,trend_efficiency_high,HIGH_VOL,8H,163,0.5402046783625731
volume_rel_6b,trend_efficiency_high,LOW_VOL_RANGE,12H,1024,0.5276276078073718
volume_rel_6b,trend_efficiency_high,LOW_VOL_RANGE,1H,1024,0.5284972974529123
volume_rel_6b,trend_efficiency_high,LOW_VOL_RANGE,24H,1024,0.5031948391531988
volume_rel_6b,trend_efficiency_high,LOW_VOL_RANGE,2H,1024,0.5347584251281492
volume_rel_6b,trend_efficiency_high,LOW_VOL_RANGE,4H,1016,0.5070800850460666
volume_rel_6b,trend_efficiency_high,LOW_VOL_RANGE,8H,1016,0.5116226978596317
volume_rel_6b,trend_efficiency_high,NORMAL_RANGE,12H,2313,0.5041712888411761
volume_rel_6b,trend_efficiency_high,NORMAL_RANGE,1H,2313,0.5002091792789467
volume_rel_6b,trend_efficiency_high,NORMAL_RANGE,24H,2313,0.5048694075966054
volume_rel_6b,trend_efficiency_high,NORMAL_RANGE,2H,2313,0.5039373005395844
volume_rel_6b,trend_efficiency_high,NORMAL_RANGE,4H,2302,0.52015207387316
volume_rel_6b,trend_efficiency_high,NORMAL_RANGE,8H,2302,0.5069179898211075
volume_rel_6b,trend_efficiency_high,TREND_DOWN,12H,190,0.5382617728531855
volume_rel_6b,trend_efficiency_high,TREND_DOWN,1H,190,0.5257034632034632
volume_rel_6b,trend_efficiency_high,TREND_DOWN,24H,190,0.6060606060606061
volume_rel_6b,trend_efficiency_high,TREND_DOWN,2H,190,0.545933734939759
volume_rel_6b,trend_efficiency_high,TREND_DOWN,4H,189,0.5326530612244897
volume_rel_6b,trend_efficiency_high,TREND_DOWN,8H,189,0.5263605442176871
volume_rel_6b,trend_efficiency_high,TREND_UP,12H,179,0.5484892787524367
volume_rel_6b,trend_efficiency_high,TREND_UP,1H,179,0.512569130216189
volume_rel_6b,trend_efficiency_high,TREND_UP,24H,179,0.5572706935123042
volume_rel_6b,trend_efficiency_high,TREND_UP,2H,179,0.5402081362346263
volume_rel_6b,trend_efficiency_high,TREND_UP,4H,179,0.508724832214765
volume_rel_6b,trend_efficiency_high,TREND_UP,8H,179,0.5567602040816326
volume_rel_6b,trend_efficiency_high,VOLATILITY_EXPANSION,12H,324,0.5038885746606334
volume_rel_6b,trend_efficiency_high,VOLATILITY_EXPANSION,1H,324,0.5264945652173914
volume_rel_6b,trend_efficiency_high,VOLATILITY_EXPANSION,24H,324,0.5237010588524994
volume_rel_6b,trend_efficiency_high,VOLATILITY_EXPANSION,2H,324,0.5183813443072702
volume_rel_6b,trend_efficiency_high,VOLATILITY_EXPANSION,4H,319,0.5447048611111112
volume_rel_6b,trend_efficiency_high,VOLATILITY_EXPANSION,8H,319,0.548801248404029
price_efficiency_48b,upside_breakout_occurred,HIGH_VOL,12H,163,0.5109322805952019
price_efficiency_48b,upside_breakout_occurred,HIGH_VOL,1H,163,0.5304758800521513
price_efficiency_48b,upside_breakout_occurred,HIGH_VOL,24H,163,0.5465506715506716
price_efficiency_48b,upside_breakout_occurred,HIGH_VOL,2H,163,0.5100456621004565
price_efficiency_48b,upside_breakout_occurred,HIGH_VOL,4H,163,0.5403857745629898
price_efficiency_48b,upside_breakout_occurred,HIGH_VOL,8H,163,0.5610087586831772
price_efficiency_48b,upside_breakout_occurred,LOW_VOL_RANGE,12H,1024,0.5149800336275746
price_efficiency_48b,upside_breakout_occurred,LOW_VOL_RANGE,1H,1024,0.5078421452061725
price_efficiency_48b,upside_breakout_occurred,LOW_VOL_RANGE,24H,1024,0.5148912437255996
price_efficiency_48b,upside_breakout_occurred,LOW_VOL_RANGE,2H,1024,0.5041306461246038
price_efficiency_48b,upside_breakout_occurred,LOW_VOL_RANGE,4H,1016,0.5099245975137559
price_efficiency_48b,upside_breakout_occurred,LOW_VOL_RANGE,8H,1016,0.5081028516939752
price_efficiency_48b,upside_breakout_occurred,NORMAL_RANGE,12H,2314,0.5311378941278331
price_efficiency_48b,upside_breakout_occurred,NORMAL_RANGE,1H,2314,0.5105146920305104
price_efficiency_48b,upside_breakout_occurred,NORMAL_RANGE,24H,2314,0.5431990959523321
price_efficiency_48b,upside_breakout_occurred,NORMAL_RANGE,2H,2314,0.5035344098638799
price_efficiency_48b,upside_breakout_occurred,NORMAL_RANGE,4H,2303,0.5043200863382428
price_efficiency_48b,upside_breakout_occurred,NORMAL_RANGE,8H,2303,0.5293406637829972
price_efficiency_48b,upside_breakout_occurred,TREND_DOWN,12H,190,0.6007130124777184
price_efficiency_48b,upside_breakout_occurred,TREND_DOWN,1H,190,0.5319199904180141
price_efficiency_48b,upside_breakout_occurred,TREND_DOWN,24H,190,0.5520276292335116
price_efficiency_48b,upside_breakout_occurred,TREND_DOWN,2H,190,0.5352982292637465
price_efficiency_48b,upside_breakout_occurred,TREND_DOWN,4H,189,0.5841196777905638
price_efficiency_48b,upside_breakout_occurred,TREND_DOWN,8H,189,0.599009900990099
price_efficiency_48b,upside_breakout_occurred,TREND_UP,12H,179,0.5044427519675044
price_efficiency_48b,upside_breakout_occurred,TREND_UP,1H,179,0.5463286713286714
price_efficiency_48b,upside_breakout_occurred,TREND_UP,24H,179,0.5629370629370629
price_efficiency_48b,upside_breakout_occurred,TREND_UP,2H,179,0.5666666666666667
price_efficiency_48b,upside_breakout_occurred,TREND_UP,4H,179,0.5641025641025641
price_efficiency_48b,upside_breakout_occurred,TREND_UP,8H,179,0.5278205128205129
price_efficiency_48b,upside_breakout_occurred,VOLATILITY_EXPANSION,12H,324,0.5537490349243834
price_efficiency_48b,upside_breakout_occurred,VOLATILITY_EXPANSION,1H,324,0.549528843943921
price_efficiency_48b,upside_breakout_occurred,VOLATILITY_EXPANSION,24H,324,0.5190785040431267
price_efficiency_48b,upside_breakout_occurred,VOLATILITY_EXPANSION,2H,324,0.5404551201011378
price_efficiency_48b,upside_breakout_occurred,VOLATILITY_EXPANSION,4H,319,0.5610958904109589
price_efficiency_48b,upside_breakout_occurred,VOLATILITY_EXPANSION,8H,319,0.547131913303438
price_efficiency_48b,downside_breakdown_occurred,HIGH_VOL,12H,163,0.528032619775739
price_efficiency_48b,downside_breakdown_occurred,HIGH_VOL,1H,163,0.5218855218855218
price_efficiency_48b,downside_breakdown_occurred,HIGH_VOL,24H,163,0.5130818892286783
price_efficiency_48b,downside_breakdown_occurred,HIGH_VOL,2H,163,0.5037735849056604
price_efficiency_48b,downside_breakdown_occurred,HIGH_VOL,4H,163,0.516469745793054
price_efficiency_48b,downside_breakdown_occurred,HIGH_VOL,8H,163,0.5014563106796117
price_efficiency_48b,downside_breakdown_occurred,LOW_VOL_RANGE,12H,1024,0.514826537578353
price_efficiency_48b,downside_breakdown_occurred,LOW_VOL_RANGE,1H,1024,0.5193428373183948
price_efficiency_48b,downside_breakdown_occurred,LOW_VOL_RANGE,24H,1024,0.5471412645325688
price_efficiency_48b,downside_breakdown_occurred,LOW_VOL_RANGE,2H,1024,0.5138602224515537
price_efficiency_48b,downside_breakdown_occurred,LOW_VOL_RANGE,4H,1016,0.5071809155256488
price_efficiency_48b,downside_breakdown_occurred,LOW_VOL_RANGE,8H,1016,0.5090898602320675
price_efficiency_48b,downside_breakdown_occurred,NORMAL_RANGE,12H,2314,0.5133725490196078
price_efficiency_48b,downside_breakdown_occurred,NORMAL_RANGE,1H,2314,0.5320467619528642
price_efficiency_48b,downside_breakdown_occurred,NORMAL_RANGE,24H,2314,0.5040906867151991
price_efficiency_48b,downside_breakdown_occurred,NORMAL_RANGE,2H,2314,0.5374710349323557
price_efficiency_48b,downside_breakdown_occurred,NORMAL_RANGE,4H,2303,0.5350136137686409
price_efficiency_48b,downside_breakdown_occurred,NORMAL_RANGE,8H,2303,0.5080105231180925
price_efficiency_48b,downside_breakdown_occurred,TREND_DOWN,12H,190,0.5691489361702128
price_efficiency_48b,downside_breakdown_occurred,TREND_DOWN,1H,190,0.5194318181818182
price_efficiency_48b,downside_breakdown_occurred,TREND_DOWN,24H,190,0.5414450354609929
price_efficiency_48b,downside_breakdown_occurred,TREND_DOWN,2H,190,0.5046065046065046
price_efficiency_48b,downside_breakdown_occurred,TREND_DOWN,4H,189,0.534625728372927
price_efficiency_48b,downside_breakdown_occurred,TREND_DOWN,8H,189,0.5147058823529411
price_efficiency_48b,downside_breakdown_occurred,TREND_UP,12H,179,0.546966235085047
price_efficiency_48b,downside_breakdown_occurred,TREND_UP,1H,179,0.5206556503198294
price_efficiency_48b,downside_breakdown_occurred,TREND_UP,24H,179,0.5637415137037969
price_efficiency_48b,downside_breakdown_occurred,TREND_UP,2H,179,0.5021579080985021
price_efficiency_48b,downside_breakdown_occurred,TREND_UP,4H,179,0.5728205128205128
price_efficiency_48b,downside_breakdown_occurred,TREND_UP,8H,179,0.5418275418275418
price_efficiency_48b,downside_breakdown_occurred,VOLATILITY_EXPANSION,12H,324,0.5313639968279144
price_efficiency_48b,downside_breakdown_occurred,VOLATILITY_EXPANSION,1H,324,0.5485109524981541
price_efficiency_48b,downside_breakdown_occurred,VOLATILITY_EXPANSION,24H,324,0.5890277552345399
price_efficiency_48b,downside_breakdown_occurred,VOLATILITY_EXPANSION,2H,324,0.570791379614909
price_efficiency_48b,downside_breakdown_occurred,VOLATILITY_EXPANSION,4H,319,0.5532928577451725
price_efficiency_48b,downside_breakdown_occurred,VOLATILITY_EXPANSION,8H,319,0.5390696513272863
price_efficiency_48b,range_breached,HIGH_VOL,12H,163,0.6171171171171171
price_efficiency_48b,range_breached,HIGH_VOL,1H,163,0.5240506329113924
price_efficiency_48b,range_breached,HIGH_VOL,24H,163,0.6846153846153846
price_efficiency_48b,range_breached,HIGH_VOL,2H,163,0.5276008492569002
price_efficiency_48b,range_breached,HIGH_VOL,4H,163,0.6465201465201466
price_efficiency_48b,range_breached,HIGH_VOL,8H,163,0.541958041958042
price_efficiency_48b,range_breached,LOW_VOL_RANGE,12H,1024,0.555364314400459
price_efficiency_48b,range_breached,LOW_VOL_RANGE,1H,1024,0.550316273720529
price_efficiency_48b,range_breached,LOW_VOL_RANGE,24H,1024,0.6596850861556743
price_efficiency_48b,range_breached,LOW_VOL_RANGE,2H,1024,0.5228857399910032
price_efficiency_48b,range_breached,LOW_VOL_RANGE,4H,1016,0.5256651243493349
price_efficiency_48b,range_breached,LOW_VOL_RANGE,8H,1016,0.6666064198958935
price_efficiency_48b,range_breached,NORMAL_RANGE,12H,2314,0.5489320459815239
price_efficiency_48b,range_breached,NORMAL_RANGE,1H,2314,0.5801358912869704
price_efficiency_48b,range_breached,NORMAL_RANGE,24H,2314,0.5465087136980189
price_efficiency_48b,range_breached,NORMAL_RANGE,2H,2314,0.5956933971272109
price_efficiency_48b,range_breached,NORMAL_RANGE,4H,2303,0.5717735808097254
price_efficiency_48b,range_breached,NORMAL_RANGE,8H,2303,0.5481186197587109
price_efficiency_48b,range_breached,TREND_DOWN,12H,190,0.62312382739212
price_efficiency_48b,range_breached,TREND_DOWN,1H,190,0.551173070384223
price_efficiency_48b,range_breached,TREND_DOWN,24H,190,0.6290160642570282
price_efficiency_48b,range_breached,TREND_DOWN,2H,190,0.5050768029159073
price_efficiency_48b,range_breached,TREND_DOWN,4H,189,0.5987654320987654
price_efficiency_48b,range_breached,TREND_DOWN,8H,189,0.5858585858585859
price_efficiency_48b,range_breached,TREND_UP,12H,179,0.508735632183908
price_efficiency_48b,range_breached,TREND_UP,1H,179,0.6755852842809364
price_efficiency_48b,range_breached,TREND_UP,24H,179,0.5915326395458845
price_efficiency_48b,range_breached,TREND_UP,2H,179,0.6994623655913978
price_efficiency_48b,range_breached,TREND_UP,4H,179,0.6708045977011494
price_efficiency_48b,range_breached,TREND_UP,8H,179,0.5428849902534113
price_efficiency_48b,range_breached,VOLATILITY_EXPANSION,12H,324,0.5779119930974979
price_efficiency_48b,range_breached,VOLATILITY_EXPANSION,1H,324,0.6962962962962963
price_efficiency_48b,range_breached,VOLATILITY_EXPANSION,24H,324,0.5284280936454849
price_efficiency_48b,range_breached,VOLATILITY_EXPANSION,2H,324,0.7886435331230284
price_efficiency_48b,range_breached,VOLATILITY_EXPANSION,4H,319,0.7504019292604501
price_efficiency_48b,range_breached,VOLATILITY_EXPANSION,8H,319,0.5410271546635184
price_efficiency_48b,path_inside_70,HIGH_VOL,12H,163,0.6171171171171171
price_efficiency_48b,path_inside_70,HIGH_VOL,1H,163,0.5240506329113924
price_efficiency_48b,path_inside_70,HIGH_VOL,24H,163,0.6846153846153846
price_efficiency_48b,path_inside_70,HIGH_VOL,2H,163,0.5276008492569002
price_efficiency_48b,path_inside_70,HIGH_VOL,4H,163,0.6465201465201464
price_efficiency_48b,path_inside_70,HIGH_VOL,8H,163,0.541958041958042
price_efficiency_48b,path_inside_70,LOW_VOL_RANGE,12H,1024,0.555364314400459
price_efficiency_48b,path_inside_70,LOW_VOL_RANGE,1H,1024,0.550316273720529
price_efficiency_48b,path_inside_70,LOW_VOL_RANGE,24H,1024,0.6596850861556744
price_efficiency_48b,path_inside_70,LOW_VOL_RANGE,2H,1024,0.5228857399910032
price_efficiency_48b,path_inside_70,LOW_VOL_RANGE,4H,1016,0.5256651243493349
price_efficiency_48b,path_inside_70,LOW_VOL_RANGE,8H,1016,0.6666064198958936
price_efficiency_48b,path_inside_70,NORMAL_RANGE,12H,2314,0.548932045981524
price_efficiency_48b,path_inside_70,NORMAL_RANGE,1H,2314,0.5801358912869704
price_efficiency_48b,path_inside_70,NORMAL_RANGE,24H,2314,0.5465087136980189
price_efficiency_48b,path_inside_70,NORMAL_RANGE,2H,2314,0.595693397127211
price_efficiency_48b,path_inside_70,NORMAL_RANGE,4H,2303,0.5717735808097254
price_efficiency_48b,path_inside_70,NORMAL_RANGE,8H,2303,0.5481186197587109
price_efficiency_48b,path_inside_70,TREND_DOWN,12H,190,0.62312382739212
price_efficiency_48b,path_inside_70,TREND_DOWN,1H,190,0.551173070384223
price_efficiency_48b,path_inside_70,TREND_DOWN,24H,190,0.6290160642570282
price_efficiency_48b,path_inside_70,TREND_DOWN,2H,190,0.5050768029159074
price_efficiency_48b,path_inside_70,TREND_DOWN,4H,189,0.5987654320987654
price_efficiency_48b,path_inside_70,TREND_DOWN,8H,189,0.5858585858585859
price_efficiency_48b,path_inside_70,TREND_UP,12H,179,0.508735632183908
price_efficiency_48b,path_inside_70,TREND_UP,1H,179,0.6755852842809364
price_efficiency_48b,path_inside_70,TREND_UP,24H,179,0.5915326395458846
price_efficiency_48b,path_inside_70,TREND_UP,2H,179,0.6994623655913978
price_efficiency_48b,path_inside_70,TREND_UP,4H,179,0.6708045977011494
price_efficiency_48b,path_inside_70,TREND_UP,8H,179,0.5428849902534113
price_efficiency_48b,path_inside_70,VOLATILITY_EXPANSION,12H,324,0.5779119930974979
price_efficiency_48b,path_inside_70,VOLATILITY_EXPANSION,1H,324,0.6962962962962963
price_efficiency_48b,path_inside_70,VOLATILITY_EXPANSION,24H,324,0.5284280936454849
price_efficiency_48b,path_inside_70,VOLATILITY_EXPANSION,2H,324,0.7886435331230284
price_efficiency_48b,path_inside_70,VOLATILITY_EXPANSION,4H,319,0.7504019292604501
price_efficiency_48b,path_inside_70,VOLATILITY_EXPANSION,8H,319,0.5410271546635183
price_efficiency_48b,trend_efficiency_high,HIGH_VOL,12H,163,0.6642685851318945
price_efficiency_48b,trend_efficiency_high,HIGH_VOL,1H,163,0.5272727272727272
price_efficiency_48b,trend_efficiency_high,HIGH_VOL,24H,163,0.663768115942029
price_efficiency_48b,trend_efficiency_high,HIGH_VOL,2H,163,0.5084359325125398
price_efficiency_48b,trend_efficiency_high,HIGH_VOL,4H,163,0.6050934880722114
price_efficiency_48b,trend_efficiency_high,HIGH_VOL,8H,163,0.6944444444444444
price_efficiency_48b,trend_efficiency_high,LOW_VOL_RANGE,12H,1024,0.5310416829170241
price_efficiency_48b,trend_efficiency_high,LOW_VOL_RANGE,1H,1024,0.5110692874056267
price_efficiency_48b,trend_efficiency_high,LOW_VOL_RANGE,24H,1024,0.5028081439242814
price_efficiency_48b,trend_efficiency_high,LOW_VOL_RANGE,2H,1024,0.5102810193768859
price_efficiency_48b,trend_efficiency_high,LOW_VOL_RANGE,4H,1016,0.5590077958894402
price_efficiency_48b,trend_efficiency_high,LOW_VOL_RANGE,8H,1016,0.5143790443006471
price_efficiency_48b,trend_efficiency_high,NORMAL_RANGE,12H,2314,0.5425232474964234
price_efficiency_48b,trend_efficiency_high,NORMAL_RANGE,1H,2314,0.526230240718877
price_efficiency_48b,trend_efficiency_high,NORMAL_RANGE,24H,2314,0.5674344272323446
price_efficiency_48b,trend_efficiency_high,NORMAL_RANGE,2H,2314,0.512965643574503
price_efficiency_48b,trend_efficiency_high,NORMAL_RANGE,4H,2303,0.5103480004568934
price_efficiency_48b,trend_efficiency_high,NORMAL_RANGE,8H,2303,0.5099463150279847
price_efficiency_48b,trend_efficiency_high,TREND_DOWN,12H,190,0.5330678670360111
price_efficiency_48b,trend_efficiency_high,TREND_DOWN,1H,190,0.5581709956709957
price_efficiency_48b,trend_efficiency_high,TREND_DOWN,24H,190,0.6237373737373737
price_efficiency_48b,trend_efficiency_high,TREND_DOWN,2H,190,0.5434236947791165
price_efficiency_48b,trend_efficiency_high,TREND_DOWN,4H,189,0.5358070500927643
price_efficiency_48b,trend_efficiency_high,TREND_DOWN,8H,189,0.5357142857142857
price_efficiency_48b,trend_efficiency_high,TREND_UP,12H,179,0.5036549707602339
price_efficiency_48b,trend_efficiency_high,TREND_UP,1H,179,0.6070889894419307
price_efficiency_48b,trend_efficiency_high,TREND_UP,24H,179,0.5373601789709173
price_efficiency_48b,trend_efficiency_high,TREND_UP,2H,179,0.5179754020813623
price_efficiency_48b,trend_efficiency_high,TREND_UP,4H,179,0.5583892617449664
price_efficiency_48b,trend_efficiency_high,TREND_UP,8H,179,0.5790816326530612
price_efficiency_48b,trend_efficiency_high,VOLATILITY_EXPANSION,12H,324,0.5227658371040724
price_efficiency_48b,trend_efficiency_high,VOLATILITY_EXPANSION,1H,324,0.5605374396135265
price_efficiency_48b,trend_efficiency_high,VOLATILITY_EXPANSION,24H,324,0.5302881063777395
price_efficiency_48b,trend_efficiency_high,VOLATILITY_EXPANSION,2H,324,0.5505486968449931
price_efficiency_48b,trend_efficiency_high,VOLATILITY_EXPANSION,4H,319,0.529327876984127
price_efficiency_48b,trend_efficiency_high,VOLATILITY_EXPANSION,8H,319,0.5146120017023692
price_efficiency_24b,upside_breakout_occurred,HIGH_VOL,12H,163,0.5116914667476465
price_efficiency_24b,upside_breakout_occurred,HIGH_VOL,1H,163,0.5086375488917861
price_efficiency_24b,upside_breakout_occurred,HIGH_VOL,24H,163,0.5071733821733821
price_efficiency_24b,upside_breakout_occurred,HIGH_VOL,2H,163,0.5372907153729072
price_efficiency_24b,upside_breakout_occurred,HIGH_VOL,4H,163,0.5575647980711271
price_efficiency_24b,upside_breakout_occurred,HIGH_VOL,8H,163,0.5173663545756569
price_efficiency_24b,upside_breakout_occurred,LOW_VOL_RANGE,12H,1024,0.5555511769651114
price_efficiency_24b,upside_breakout_occurred,LOW_VOL_RANGE,1H,1024,0.5289569103634371
price_efficiency_24b,upside_breakout_occurred,LOW_VOL_RANGE,24H,1024,0.5693016702380602
price_efficiency_24b,upside_breakout_occurred,LOW_VOL_RANGE,2H,1024,0.5384662333302817
price_efficiency_24b,upside_breakout_occurred,LOW_VOL_RANGE,4H,1016,0.510286891741956
price_efficiency_24b,upside_breakout_occurred,LOW_VOL_RANGE,8H,1016,0.5366882396536993
price_efficiency_24b,upside_breakout_occurred,NORMAL_RANGE,12H,2314,0.5218679734138933
price_efficiency_24b,upside_breakout_occurred,NORMAL_RANGE,1H,2314,0.5156968844317786
price_efficiency_24b,upside_breakout_occurred,NORMAL_RANGE,24H,2314,0.5281958427504965
price_efficiency_24b,upside_breakout_occurred,NORMAL_RANGE,2H,2314,0.5194711703270334
price_efficiency_24b,upside_breakout_occurred,NORMAL_RANGE,4H,2303,0.5112239715591671
price_efficiency_24b,upside_breakout_occurred,NORMAL_RANGE,8H,2303,0.5252330517039253
price_efficiency_24b,upside_breakout_occurred,TREND_DOWN,12H,190,0.5286319073083778
price_efficiency_24b,upside_breakout_occurred,TREND_DOWN,1H,190,0.508803449514912
price_efficiency_24b,upside_breakout_occurred,TREND_DOWN,24H,190,0.5509135472370766
price_efficiency_24b,upside_breakout_occurred,TREND_DOWN,2H,190,0.554403541472507
price_efficiency_24b,upside_breakout_occurred,TREND_DOWN,4H,189,0.5142692750287687
price_efficiency_24b,upside_breakout_occurred,TREND_DOWN,8H,189,0.5127137713771377
price_efficiency_24b,upside_breakout_occurred,TREND_UP,12H,179,0.5677837014470678
price_efficiency_24b,upside_breakout_occurred,TREND_UP,1H,179,0.5047452547452547
price_efficiency_24b,upside_breakout_occurred,TREND_UP,24H,179,0.5751748251748252
price_efficiency_24b,upside_breakout_occurred,TREND_UP,2H,179,0.5289473684210526
price_efficiency_24b,upside_breakout_occurred,TREND_UP,4H,179,0.5025641025641026
price_efficiency_24b,upside_breakout_occurred,TREND_UP,8H,179,0.5417948717948718
price_efficiency_24b,upside_breakout_occurred,VOLATILITY_EXPANSION,12H,324,0.5179163449747946
price_efficiency_24b,upside_breakout_occurred,VOLATILITY_EXPANSION,1H,324,0.5142725810158584
price_efficiency_24b,upside_breakout_occurred,VOLATILITY_EXPANSION,24H,324,0.5132454514824798
price_efficiency_24b,upside_breakout_occurred,VOLATILITY_EXPANSION,2H,324,0.5300704352537475
price_efficiency_24b,upside_breakout_occurred,VOLATILITY_EXPANSION,4H,319,0.538607305936073
price_efficiency_24b,upside_breakout_occurred,VOLATILITY_EXPANSION,8H,319,0.5137098281016442
price_efficiency_24b,downside_breakdown_occurred,HIGH_VOL,12H,163,0.5159700985389059
price_efficiency_24b,downside_breakdown_occurred,HIGH_VOL,1H,163,0.5355218855218855
price_efficiency_24b,downside_breakdown_occurred,HIGH_VOL,24H,163,0.5579340808698607
price_efficiency_24b,downside_breakdown_occurred,HIGH_VOL,2H,163,0.5854202401372213
price_efficiency_24b,downside_breakdown_occurred,HIGH_VOL,4H,163,0.5470819906910133
price_efficiency_24b,downside_breakdown_occurred,HIGH_VOL,8H,163,0.5970873786407767
price_efficiency_24b,downside_breakdown_occurred,LOW_VOL_RANGE,12H,1024,0.5294482715819525
price_efficiency_24b,downside_breakdown_occurred,LOW_VOL_RANGE,1H,1024,0.5101630774862825
price_efficiency_24b,downside_breakdown_occurred,LOW_VOL_RANGE,24H,1024,0.5002654350480438
price_efficiency_24b,downside_breakdown_occurred,LOW_VOL_RANGE,2H,1024,0.5031799269415369
price_efficiency_24b,downside_breakdown_occurred,LOW_VOL_RANGE,4H,1016,0.5175414812897713
price_efficiency_24b,downside_breakdown_occurred,LOW_VOL_RANGE,8H,1016,0.5221106935654009
price_efficiency_24b,downside_breakdown_occurred,NORMAL_RANGE,12H,2314,0.5096457800511509
price_efficiency_24b,downside_breakdown_occurred,NORMAL_RANGE,1H,2314,0.5005378706880154
price_efficiency_24b,downside_breakdown_occurred,NORMAL_RANGE,24H,2314,0.5093471543321639
price_efficiency_24b,downside_breakdown_occurred,NORMAL_RANGE,2H,2314,0.5053016562532273
price_efficiency_24b,downside_breakdown_occurred,NORMAL_RANGE,4H,2303,0.5087053181125571
price_efficiency_24b,downside_breakdown_occurred,NORMAL_RANGE,8H,2303,0.5000371193348215
price_efficiency_24b,downside_breakdown_occurred,TREND_DOWN,12H,190,0.5433289007092199
price_efficiency_24b,downside_breakdown_occurred,TREND_DOWN,1H,190,0.5017045454545455
price_efficiency_24b,downside_breakdown_occurred,TREND_DOWN,24H,190,0.559729609929078
price_efficiency_24b,downside_breakdown_occurred,TREND_DOWN,2H,190,0.5334665334665335
price_efficiency_24b,downside_breakdown_occurred,TREND_DOWN,4H,189,0.5568130883012102
price_efficiency_24b,downside_breakdown_occurred,TREND_DOWN,8H,189,0.5368778280542986
price_efficiency_24b,downside_breakdown_occurred,TREND_UP,12H,179,0.6169078446306169
price_efficiency_24b,downside_breakdown_occurred,TREND_UP,1H,179,0.5795575692963753
price_efficiency_24b,downside_breakdown_occurred,TREND_UP,24H,179,0.5754337440281619
price_efficiency_24b,downside_breakdown_occurred,TREND_UP,2H,179,0.5581365828890581
price_efficiency_24b,downside_breakdown_occurred,TREND_UP,4H,179,0.6203846153846153
price_efficiency_24b,downside_breakdown_occurred,TREND_UP,8H,179,0.6118404118404118
price_efficiency_24b,downside_breakdown_occurred,VOLATILITY_EXPANSION,12H,324,0.5324742268041237
price_efficiency_24b,downside_breakdown_occurred,VOLATILITY_EXPANSION,1H,324,0.5347526458282057
price_efficiency_24b,downside_breakdown_occurred,VOLATILITY_EXPANSION,24H,324,0.5634231455932479
price_efficiency_24b,downside_breakdown_occurred,VOLATILITY_EXPANSION,2H,324,0.5901563328033916
price_efficiency_24b,downside_breakdown_occurred,VOLATILITY_EXPANSION,4H,319,0.5588582511172948
price_efficiency_24b,downside_breakdown_occurred,VOLATILITY_EXPANSION,8H,319,0.5271282350004161
price_efficiency_24b,range_breached,HIGH_VOL,12H,163,0.6121621621621622
price_efficiency_24b,range_breached,HIGH_VOL,1H,163,0.6012658227848101
price_efficiency_24b,range_breached,HIGH_VOL,24H,163,0.5492307692307692
price_efficiency_24b,range_breached,HIGH_VOL,2H,163,0.8524416135881104
price_efficiency_24b,range_breached,HIGH_VOL,4H,163,0.652014652014652
price_efficiency_24b,range_breached,HIGH_VOL,8H,163,0.5573426573426573
price_efficiency_24b,range_breached,LOW_VOL_RANGE,12H,1024,0.6091508892713712
price_efficiency_24b,range_breached,LOW_VOL_RANGE,1H,1024,0.5391987732413264
price_efficiency_24b,range_breached,LOW_VOL_RANGE,24H,1024,0.5834224598930482
price_efficiency_24b,range_breached,LOW_VOL_RANGE,2H,1024,0.5612348178137652
price_efficiency_24b,range_breached,LOW_VOL_RANGE,4H,1016,0.6229395604395604
price_efficiency_24b,range_breached,LOW_VOL_RANGE,8H,1016,0.6639676113360324
price_efficiency_24b,range_breached,NORMAL_RANGE,12H,2314,0.5074366240957253
price_efficiency_24b,range_breached,NORMAL_RANGE,1H,2314,0.556787070343725
price_efficiency_24b,range_breached,NORMAL_RANGE,24H,2314,0.5188852823776078
price_efficiency_24b,range_breached,NORMAL_RANGE,2H,2314,0.5629422603471501
price_efficiency_24b,range_breached,NORMAL_RANGE,4H,2303,0.5051828937371106
price_efficiency_24b,range_breached,NORMAL_RANGE,8H,2303,0.5044334767569392
price_efficiency_24b,range_breached,TREND_DOWN,12H,190,0.550891181988743
price_efficiency_24b,range_breached,TREND_DOWN,1H,190,0.5073104386263175
price_efficiency_24b,range_breached,TREND_DOWN,24H,190,0.5582329317269077
price_efficiency_24b,range_breached,TREND_DOWN,2H,190,0.5180942462900286
price_efficiency_24b,range_breached,TREND_DOWN,4H,189,0.5112025605852766
price_efficiency_24b,range_breached,TREND_DOWN,8H,189,0.5244949494949495
price_efficiency_24b,range_breached,TREND_UP,12H,179,0.532183908045977
price_efficiency_24b,range_breached,TREND_UP,1H,179,0.6747491638795986
price_efficiency_24b,range_breached,TREND_UP,24H,179,0.5915326395458845
price_efficiency_24b,range_breached,TREND_UP,2H,179,0.6376344086021506
price_efficiency_24b,range_breached,TREND_UP,4H,179,0.6510344827586207
price_efficiency_24b,range_breached,TREND_UP,8H,179,0.5745614035087719
price_efficiency_24b,range_breached,VOLATILITY_EXPANSION,12H,324,0.5130284728213977
price_efficiency_24b,range_breached,VOLATILITY_EXPANSION,1H,324,0.545679012345679
price_efficiency_24b,range_breached,VOLATILITY_EXPANSION,24H,324,0.5039464882943144
price_efficiency_24b,range_breached,VOLATILITY_EXPANSION,2H,324,0.5556557007661109
price_efficiency_24b,range_breached,VOLATILITY_EXPANSION,4H,319,0.6985530546623795
price_efficiency_24b,range_breached,VOLATILITY_EXPANSION,8H,319,0.6148170011806375
price_efficiency_24b,path_inside_70,HIGH_VOL,12H,163,0.6121621621621621
price_efficiency_24b,path_inside_70,HIGH_VOL,1H,163,0.6012658227848101
price_efficiency_24b,path_inside_70,HIGH_VOL,24H,163,0.5492307692307692
price_efficiency_24b,path_inside_70,HIGH_VOL,2H,163,0.8524416135881104
price_efficiency_24b,path_inside_70,HIGH_VOL,4H,163,0.652014652014652
price_efficiency_24b,path_inside_70,HIGH_VOL,8H,163,0.5573426573426574
price_efficiency_24b,path_inside_70,LOW_VOL_RANGE,12H,1024,0.6091508892713712
price_efficiency_24b,path_inside_70,LOW_VOL_RANGE,1H,1024,0.5391987732413265
price_efficiency_24b,path_inside_70,LOW_VOL_RANGE,24H,1024,0.5834224598930481
price_efficiency_24b,path_inside_70,LOW_VOL_RANGE,2H,1024,0.5612348178137652
price_efficiency_24b,path_inside_70,LOW_VOL_RANGE,4H,1016,0.6229395604395604
price_efficiency_24b,path_inside_70,LOW_VOL_RANGE,8H,1016,0.6639676113360324
price_efficiency_24b,path_inside_70,NORMAL_RANGE,12H,2314,0.5074366240957253
price_efficiency_24b,path_inside_70,NORMAL_RANGE,1H,2314,0.556787070343725
price_efficiency_24b,path_inside_70,NORMAL_RANGE,24H,2314,0.5188852823776079
price_efficiency_24b,path_inside_70,NORMAL_RANGE,2H,2314,0.5629422603471502
price_efficiency_24b,path_inside_70,NORMAL_RANGE,4H,2303,0.5051828937371106
price_efficiency_24b,path_inside_70,NORMAL_RANGE,8H,2303,0.5044334767569392
price_efficiency_24b,path_inside_70,TREND_DOWN,12H,190,0.550891181988743
price_efficiency_24b,path_inside_70,TREND_DOWN,1H,190,0.5073104386263176
price_efficiency_24b,path_inside_70,TREND_DOWN,24H,190,0.5582329317269076
price_efficiency_24b,path_inside_70,TREND_DOWN,2H,190,0.5180942462900286
price_efficiency_24b,path_inside_70,TREND_DOWN,4H,189,0.5112025605852767
price_efficiency_24b,path_inside_70,TREND_DOWN,8H,189,0.5244949494949496
price_efficiency_24b,path_inside_70,TREND_UP,12H,179,0.532183908045977
price_efficiency_24b,path_inside_70,TREND_UP,1H,179,0.6747491638795987
price_efficiency_24b,path_inside_70,TREND_UP,24H,179,0.5915326395458846
price_efficiency_24b,path_inside_70,TREND_UP,2H,179,0.6376344086021506
price_efficiency_24b,path_inside_70,TREND_UP,4H,179,0.6510344827586206
price_efficiency_24b,path_inside_70,TREND_UP,8H,179,0.5745614035087719
price_efficiency_24b,path_inside_70,VOLATILITY_EXPANSION,12H,324,0.5130284728213977
price_efficiency_24b,path_inside_70,VOLATILITY_EXPANSION,1H,324,0.5456790123456791
price_efficiency_24b,path_inside_70,VOLATILITY_EXPANSION,24H,324,0.5039464882943143
price_efficiency_24b,path_inside_70,VOLATILITY_EXPANSION,2H,324,0.5556557007661108
price_efficiency_24b,path_inside_70,VOLATILITY_EXPANSION,4H,319,0.6985530546623794
price_efficiency_24b,path_inside_70,VOLATILITY_EXPANSION,8H,319,0.6148170011806375
price_efficiency_24b,trend_efficiency_high,HIGH_VOL,12H,163,0.7011390887290168
price_efficiency_24b,trend_efficiency_high,HIGH_VOL,1H,163,0.5566433566433566
price_efficiency_24b,trend_efficiency_high,HIGH_VOL,24H,163,0.5625
price_efficiency_24b,trend_efficiency_high,HIGH_VOL,2H,163,0.6274509803921569
price_efficiency_24b,trend_efficiency_high,HIGH_VOL,4H,163,0.5670535138620245
price_efficiency_24b,trend_efficiency_high,HIGH_VOL,8H,163,0.5113304093567251
price_efficiency_24b,trend_efficiency_high,LOW_VOL_RANGE,12H,1024,0.5138513047287041
price_efficiency_24b,trend_efficiency_high,LOW_VOL_RANGE,1H,1024,0.5398652684913957
price_efficiency_24b,trend_efficiency_high,LOW_VOL_RANGE,24H,1024,0.5091364420356128
price_efficiency_24b,trend_efficiency_high,LOW_VOL_RANGE,2H,1024,0.502908350601665
price_efficiency_24b,trend_efficiency_high,LOW_VOL_RANGE,4H,1016,0.5143834160170092
price_efficiency_24b,trend_efficiency_high,LOW_VOL_RANGE,8H,1016,0.5109102787456445
price_efficiency_24b,trend_efficiency_high,NORMAL_RANGE,12H,2314,0.517679422985217
price_efficiency_24b,trend_efficiency_high,NORMAL_RANGE,1H,2314,0.5019178527701255
price_efficiency_24b,trend_efficiency_high,NORMAL_RANGE,24H,2314,0.5001899892711941
price_efficiency_24b,trend_efficiency_high,NORMAL_RANGE,2H,2314,0.5175753228120517
price_efficiency_24b,trend_efficiency_high,NORMAL_RANGE,4H,2303,0.5005082938839744
price_efficiency_24b,trend_efficiency_high,NORMAL_RANGE,8H,2303,0.5005660401304685
price_efficiency_24b,trend_efficiency_high,TREND_DOWN,12H,190,0.53601108033241
price_efficiency_24b,trend_efficiency_high,TREND_DOWN,1H,190,0.5189393939393939
price_efficiency_24b,trend_efficiency_high,TREND_DOWN,24H,190,0.5638528138528138
price_efficiency_24b,trend_efficiency_high,TREND_DOWN,2H,190,0.5120481927710844
price_efficiency_24b,trend_efficiency_high,TREND_DOWN,4H,189,0.5743970315398887
price_efficiency_24b,trend_efficiency_high,TREND_DOWN,8H,189,0.5085034013605443
price_efficiency_24b,trend_efficiency_high,TREND_UP,12H,179,0.5628654970760234
price_efficiency_24b,trend_efficiency_high,TREND_UP,1H,179,0.5661136249371543
price_efficiency_24b,trend_efficiency_high,TREND_UP,24H,179,0.5051454138702461
price_efficiency_24b,trend_efficiency_high,TREND_UP,2H,179,0.5510879848628193
price_efficiency_24b,trend_efficiency_high,TREND_UP,4H,179,0.5747203579418345
price_efficiency_24b,trend_efficiency_high,TREND_UP,8H,179,0.5654761904761905
price_efficiency_24b,trend_efficiency_high,VOLATILITY_EXPANSION,12H,324,0.505656108597285
price_efficiency_24b,trend_efficiency_high,VOLATILITY_EXPANSION,1H,324,0.5677838164251208
price_efficiency_24b,trend_efficiency_high,VOLATILITY_EXPANSION,24H,324,0.5118197488303373
price_efficiency_24b,trend_efficiency_high,VOLATILITY_EXPANSION,2H,324,0.5034979423868313
price_efficiency_24b,trend_efficiency_high,VOLATILITY_EXPANSION,4H,319,0.5946800595238095
price_efficiency_24b,trend_efficiency_high,VOLATILITY_EXPANSION,8H,319,0.520570293658675
atr_slope_288b,upside_breakout_occurred,HIGH_VOL,12H,163,0.615548132402065
atr_slope_288b,upside_breakout_occurred,HIGH_VOL,1H,163,0.5234680573663625
atr_slope_288b,upside_breakout_occurred,HIGH_VOL,24H,163,0.7007020757020757
atr_slope_288b,upside_breakout_occurred,HIGH_VOL,2H,163,0.5127853881278539
atr_slope_288b,upside_breakout_occurred,HIGH_VOL,4H,163,0.5452079566003616
atr_slope_288b,upside_breakout_occurred,HIGH_VOL,8H,163,0.5362428269405013
atr_slope_288b,upside_breakout_occurred,LOW_VOL_RANGE,12H,1024,0.5486548970155527
atr_slope_288b,upside_breakout_occurred,LOW_VOL_RANGE,1H,1024,0.5488700564971751
atr_slope_288b,upside_breakout_occurred,LOW_VOL_RANGE,24H,1024,0.594381659670649
atr_slope_288b,upside_breakout_occurred,LOW_VOL_RANGE,2H,1024,0.5415614932231246
atr_slope_288b,upside_breakout_occurred,LOW_VOL_RANGE,4H,1016,0.5072753209700428
atr_slope_288b,upside_breakout_occurred,LOW_VOL_RANGE,8H,1016,0.517043603868976
atr_slope_288b,upside_breakout_occurred,NORMAL_RANGE,12H,2314,0.5663025723543116
atr_slope_288b,upside_breakout_occurred,NORMAL_RANGE,1H,2314,0.5084769268384578
atr_slope_288b,upside_breakout_occurred,NORMAL_RANGE,24H,2314,0.5787377576878296
atr_slope_288b,upside_breakout_occurred,NORMAL_RANGE,2H,2314,0.524554494926132
atr_slope_288b,upside_breakout_occurred,NORMAL_RANGE,4H,2303,0.5380237430167598
atr_slope_288b,upside_breakout_occurred,NORMAL_RANGE,8H,2303,0.5578712050774144
atr_slope_288b,upside_breakout_occurred,TREND_DOWN,12H,190,0.6325757575757576
atr_slope_288b,upside_breakout_occurred,TREND_DOWN,1H,190,0.6516948137501497
atr_slope_288b,upside_breakout_occurred,TREND_DOWN,24H,190,0.5677361853832442
atr_slope_288b,upside_breakout_occurred,TREND_DOWN,2H,190,0.602865796831314
atr_slope_288b,upside_breakout_occurred,TREND_DOWN,4H,189,0.5594936708860759
atr_slope_288b,upside_breakout_occurred,TREND_DOWN,8H,189,0.6053105310531053
atr_slope_288b,upside_breakout_occurred,TREND_UP,12H,179,0.525006346788525
atr_slope_288b,upside_breakout_occurred,TREND_UP,1H,179,0.5144855144855145
atr_slope_288b,upside_breakout_occurred,TREND_UP,24H,179,0.5078671328671329
atr_slope_288b,upside_breakout_occurred,TREND_UP,2H,179,0.562155388471178
atr_slope_288b,upside_breakout_occurred,TREND_UP,4H,179,0.5162820512820513
atr_slope_288b,upside_breakout_occurred,TREND_UP,8H,179,0.5046153846153847
atr_slope_288b,upside_breakout_occurred,VOLATILITY_EXPANSION,12H,324,0.5542486034788138
atr_slope_288b,upside_breakout_occurred,VOLATILITY_EXPANSION,1H,324,0.5319236957021374
atr_slope_288b,upside_breakout_occurred,VOLATILITY_EXPANSION,24H,324,0.5894120619946092
atr_slope_288b,upside_breakout_occurred,VOLATILITY_EXPANSION,2H,324,0.5010384684847391
atr_slope_288b,upside_breakout_occurred,VOLATILITY_EXPANSION,4H,319,0.5143835616438356
atr_slope_288b,upside_breakout_occurred,VOLATILITY_EXPANSION,8H,319,0.530689461883408
atr_slope_288b,downside_breakdown_occurred,HIGH_VOL,12H,163,0.6574923547400612
atr_slope_288b,downside_breakdown_occurred,HIGH_VOL,1H,163,0.5005050505050506
atr_slope_288b,downside_breakdown_occurred,HIGH_VOL,24H,163,0.6841658171933401
atr_slope_288b,downside_breakdown_occurred,HIGH_VOL,2H,163,0.5380789022298457
atr_slope_288b,downside_breakdown_occurred,HIGH_VOL,4H,163,0.547798066595059
atr_slope_288b,downside_breakdown_occurred,HIGH_VOL,8H,163,0.5597087378640777
atr_slope_288b,downside_breakdown_occurred,LOW_VOL_RANGE,12H,1024,0.5211857920105918
atr_slope_288b,downside_breakdown_occurred,LOW_VOL_RANGE,1H,1024,0.507830358549117
atr_slope_288b,downside_breakdown_occurred,LOW_VOL_RANGE,24H,1024,0.5069322786714091
atr_slope_288b,downside_breakdown_occurred,LOW_VOL_RANGE,2H,1024,0.507682605205825
atr_slope_288b,downside_breakdown_occurred,LOW_VOL_RANGE,4H,1016,0.511147262173254
atr_slope_288b,downside_breakdown_occurred,LOW_VOL_RANGE,8H,1016,0.5226175171413502
atr_slope_288b,downside_breakdown_occurred,NORMAL_RANGE,12H,2314,0.5228849104859336
atr_slope_288b,downside_breakdown_occurred,NORMAL_RANGE,1H,2314,0.5213672410513404
atr_slope_288b,downside_breakdown_occurred,NORMAL_RANGE,24H,2314,0.5434353740074346
atr_slope_288b,downside_breakdown_occurred,NORMAL_RANGE,2H,2314,0.5167335794691728
atr_slope_288b,downside_breakdown_occurred,NORMAL_RANGE,4H,2303,0.5199252283532751
atr_slope_288b,downside_breakdown_occurred,NORMAL_RANGE,8H,2303,0.5104318130619099
atr_slope_288b,downside_breakdown_occurred,TREND_DOWN,12H,190,0.5218306737588653
atr_slope_288b,downside_breakdown_occurred,TREND_DOWN,1H,190,0.5276136363636363
atr_slope_288b,downside_breakdown_occurred,TREND_DOWN,24H,190,0.5251551418439716
atr_slope_288b,downside_breakdown_occurred,TREND_DOWN,2H,190,0.5001665001665002
atr_slope_288b,downside_breakdown_occurred,TREND_DOWN,4H,189,0.5658897355445989
atr_slope_288b,downside_breakdown_occurred,TREND_DOWN,8H,189,0.546606334841629
atr_slope_288b,downside_breakdown_occurred,TREND_UP,12H,179,0.5543285097740543
atr_slope_288b,downside_breakdown_occurred,TREND_UP,1H,179,0.5910181236673774
atr_slope_288b,downside_breakdown_occurred,TREND_UP,24H,179,0.5178526527533316
atr_slope_288b,downside_breakdown_occurred,TREND_UP,2H,179,0.5369383092155369
atr_slope_288b,downside_breakdown_occurred,TREND_UP,4H,179,0.5417948717948717
atr_slope_288b,downside_breakdown_occurred,TREND_UP,8H,179,0.5788931788931788
atr_slope_288b,downside_breakdown_occurred,VOLATILITY_EXPANSION,12H,324,0.500396510705789
atr_slope_288b,downside_breakdown_occurred,VOLATILITY_EXPANSION,1H,324,0.5100664533595866
atr_slope_288b,downside_breakdown_occurred,VOLATILITY_EXPANSION,24H,324,0.5231699399448142
atr_slope_288b,downside_breakdown_occurred,VOLATILITY_EXPANSION,2H,324,0.5008390743684861
atr_slope_288b,downside_breakdown_occurred,VOLATILITY_EXPANSION,4H,319,0.5148410489923265
atr_slope_288b,downside_breakdown_occurred,VOLATILITY_EXPANSION,8H,319,0.5224681700923691
atr_slope_288b,range_breached,HIGH_VOL,12H,163,0.5162162162162163
atr_slope_288b,range_breached,HIGH_VOL,1H,163,0.7481012658227848
atr_slope_288b,range_breached,HIGH_VOL,24H,163,0.6933333333333334
atr_slope_288b,range_breached,HIGH_VOL,2H,163,0.5169851380042463
atr_slope_288b,range_breached,HIGH_VOL,4H,163,0.6364468864468864
atr_slope_288b,range_breached,HIGH_VOL,8H,163,0.5115384615384615
atr_slope_288b,range_breached,LOW_VOL_RANGE,12H,1024,0.6473752151462995
atr_slope_288b,range_breached,LOW_VOL_RANGE,1H,1024,0.5130206194035981
atr_slope_288b,range_breached,LOW_VOL_RANGE,24H,1024,0.5510695187165775
atr_slope_288b,range_breached,LOW_VOL_RANGE,2H,1024,0.5268499775078722
atr_slope_288b,range_breached,LOW_VOL_RANGE,4H,1016,0.5062897628687102
atr_slope_288b,range_breached,LOW_VOL_RANGE,8H,1016,0.7420112781954887
atr_slope_288b,range_breached,NORMAL_RANGE,12H,2314,0.5430105548126429
atr_slope_288b,range_breached,NORMAL_RANGE,1H,2314,0.5357014388489209
atr_slope_288b,range_breached,NORMAL_RANGE,24H,2314,0.6007164120714211
atr_slope_288b,range_breached,NORMAL_RANGE,2H,2314,0.5825268775580776
atr_slope_288b,range_breached,NORMAL_RANGE,4H,2303,0.5792575708238359
atr_slope_288b,range_breached,NORMAL_RANGE,8H,2303,0.5553235467814055
atr_slope_288b,range_breached,TREND_DOWN,12H,190,0.7164634146341464
atr_slope_288b,range_breached,TREND_DOWN,1H,190,0.5542332539952397
atr_slope_288b,range_breached,TREND_DOWN,24H,190,0.6654116465863453
atr_slope_288b,range_breached,TREND_DOWN,2H,190,0.5548034366050507
atr_slope_288b,range_breached,TREND_DOWN,4H,189,0.6213991769547325
atr_slope_288b,range_breached,TREND_DOWN,8H,189,0.6982323232323233
atr_slope_288b,range_breached,TREND_UP,12H,179,0.5535632183908046
atr_slope_288b,range_breached,TREND_UP,1H,179,0.6073021181716833
atr_slope_288b,range_breached,TREND_UP,24H,179,0.5144276253547777
atr_slope_288b,range_breached,TREND_UP,2H,179,0.5244623655913978
atr_slope_288b,range_breached,TREND_UP,4H,179,0.504367816091954
atr_slope_288b,range_breached,TREND_UP,8H,179,0.5394736842105263
atr_slope_288b,range_breached,VOLATILITY_EXPANSION,12H,324,0.5004314063848145
atr_slope_288b,range_breached,VOLATILITY_EXPANSION,1H,324,0.7365079365079366
atr_slope_288b,range_breached,VOLATILITY_EXPANSION,24H,324,0.5864882943143812
atr_slope_288b,range_breached,VOLATILITY_EXPANSION,2H,324,0.6412798557908967
atr_slope_288b,range_breached,VOLATILITY_EXPANSION,4H,319,0.7692926045016077
atr_slope_288b,range_breached,VOLATILITY_EXPANSION,8H,319,0.5926800472255017
atr_slope_288b,path_inside_70,HIGH_VOL,12H,163,0.5162162162162162
atr_slope_288b,path_inside_70,HIGH_VOL,1H,163,0.7481012658227848
atr_slope_288b,path_inside_70,HIGH_VOL,24H,163,0.6933333333333334
atr_slope_288b,path_inside_70,HIGH_VOL,2H,163,0.5169851380042463
atr_slope_288b,path_inside_70,HIGH_VOL,4H,163,0.6364468864468864
atr_slope_288b,path_inside_70,HIGH_VOL,8H,163,0.5115384615384615
atr_slope_288b,path_inside_70,LOW_VOL_RANGE,12H,1024,0.6473752151462995
atr_slope_288b,path_inside_70,LOW_VOL_RANGE,1H,1024,0.5130206194035981
atr_slope_288b,path_inside_70,LOW_VOL_RANGE,24H,1024,0.5510695187165775
atr_slope_288b,path_inside_70,LOW_VOL_RANGE,2H,1024,0.5268499775078723
atr_slope_288b,path_inside_70,LOW_VOL_RANGE,4H,1016,0.5062897628687102
atr_slope_288b,path_inside_70,LOW_VOL_RANGE,8H,1016,0.7420112781954887
atr_slope_288b,path_inside_70,NORMAL_RANGE,12H,2314,0.5430105548126428
atr_slope_288b,path_inside_70,NORMAL_RANGE,1H,2314,0.5357014388489209
atr_slope_288b,path_inside_70,NORMAL_RANGE,24H,2314,0.6007164120714211
atr_slope_288b,path_inside_70,NORMAL_RANGE,2H,2314,0.5825268775580777
atr_slope_288b,path_inside_70,NORMAL_RANGE,4H,2303,0.5792575708238359
atr_slope_288b,path_inside_70,NORMAL_RANGE,8H,2303,0.5553235467814055
atr_slope_288b,path_inside_70,TREND_DOWN,12H,190,0.7164634146341463
atr_slope_288b,path_inside_70,TREND_DOWN,1H,190,0.5542332539952397
atr_slope_288b,path_inside_70,TREND_DOWN,24H,190,0.6654116465863453
atr_slope_288b,path_inside_70,TREND_DOWN,2H,190,0.5548034366050507
atr_slope_288b,path_inside_70,TREND_DOWN,4H,189,0.6213991769547325
atr_slope_288b,path_inside_70,TREND_DOWN,8H,189,0.6982323232323232
atr_slope_288b,path_inside_70,TREND_UP,12H,179,0.5535632183908046
atr_slope_288b,path_inside_70,TREND_UP,1H,179,0.6073021181716833
atr_slope_288b,path_inside_70,TREND_UP,24H,179,0.5144276253547777
atr_slope_288b,path_inside_70,TREND_UP,2H,179,0.5244623655913978
atr_slope_288b,path_inside_70,TREND_UP,4H,179,0.504367816091954
atr_slope_288b,path_inside_70,TREND_UP,8H,179,0.5394736842105263
atr_slope_288b,path_inside_70,VOLATILITY_EXPANSION,12H,324,0.5004314063848145
atr_slope_288b,path_inside_70,VOLATILITY_EXPANSION,1H,324,0.7365079365079366
atr_slope_288b,path_inside_70,VOLATILITY_EXPANSION,24H,324,0.5864882943143813
atr_slope_288b,path_inside_70,VOLATILITY_EXPANSION,2H,324,0.6412798557908967
atr_slope_288b,path_inside_70,VOLATILITY_EXPANSION,4H,319,0.7692926045016077
atr_slope_288b,path_inside_70,VOLATILITY_EXPANSION,8H,319,0.5926800472255018
atr_slope_288b,trend_efficiency_high,HIGH_VOL,12H,163,0.744904076738609
atr_slope_288b,trend_efficiency_high,HIGH_VOL,1H,163,0.6184149184149185
atr_slope_288b,trend_efficiency_high,HIGH_VOL,24H,163,0.6327898550724638
atr_slope_288b,trend_efficiency_high,HIGH_VOL,2H,163,0.5864113087095303
atr_slope_288b,trend_efficiency_high,HIGH_VOL,4H,163,0.5135396518375241
atr_slope_288b,trend_efficiency_high,HIGH_VOL,8H,163,0.680921052631579
atr_slope_288b,trend_efficiency_high,LOW_VOL_RANGE,12H,1024,0.5482980625573762
atr_slope_288b,trend_efficiency_high,LOW_VOL_RANGE,1H,1024,0.5286988189401409
atr_slope_288b,trend_efficiency_high,LOW_VOL_RANGE,24H,1024,0.5649310393508431
atr_slope_288b,trend_efficiency_high,LOW_VOL_RANGE,2H,1024,0.5501290580579489
atr_slope_288b,trend_efficiency_high,LOW_VOL_RANGE,4H,1016,0.575223245924876
atr_slope_288b,trend_efficiency_high,LOW_VOL_RANGE,8H,1016,0.5448232951717272
atr_slope_288b,trend_efficiency_high,NORMAL_RANGE,12H,2314,0.5010765379113019
atr_slope_288b,trend_efficiency_high,NORMAL_RANGE,1H,2314,0.5303891184573003
atr_slope_288b,trend_efficiency_high,NORMAL_RANGE,24H,2314,0.5024480970486372
atr_slope_288b,trend_efficiency_high,NORMAL_RANGE,2H,2314,0.5342731604837057
atr_slope_288b,trend_efficiency_high,NORMAL_RANGE,4H,2303,0.5519081644308504
atr_slope_288b,trend_efficiency_high,NORMAL_RANGE,8H,2303,0.533094310408285
atr_slope_288b,trend_efficiency_high,TREND_DOWN,12H,190,0.5881232686980609
atr_slope_288b,trend_efficiency_high,TREND_DOWN,1H,190,0.5213744588744589
atr_slope_288b,trend_efficiency_high,TREND_DOWN,24H,190,0.5488816738816739
atr_slope_288b,trend_efficiency_high,TREND_DOWN,2H,190,0.5188253012048193
atr_slope_288b,trend_efficiency_high,TREND_DOWN,4H,189,0.5515769944341373
atr_slope_288b,trend_efficiency_high,TREND_DOWN,8H,189,0.504251700680272
atr_slope_288b,trend_efficiency_high,TREND_UP,12H,179,0.6018518518518519
atr_slope_288b,trend_efficiency_high,TREND_UP,1H,179,0.5397184514831573
atr_slope_288b,trend_efficiency_high,TREND_UP,24H,179,0.5107382550335571
atr_slope_288b,trend_efficiency_high,TREND_UP,2H,179,0.5830179754020813
atr_slope_288b,trend_efficiency_high,TREND_UP,4H,179,0.5498881431767337
atr_slope_288b,trend_efficiency_high,TREND_UP,8H,179,0.5625
atr_slope_288b,trend_efficiency_high,VOLATILITY_EXPANSION,12H,324,0.568085407239819
atr_slope_288b,trend_efficiency_high,VOLATILITY_EXPANSION,1H,324,0.5658212560386473
atr_slope_288b,trend_efficiency_high,VOLATILITY_EXPANSION,24H,324,0.5687638512681605
atr_slope_288b,trend_efficiency_high,VOLATILITY_EXPANSION,2H,324,0.5038408779149519
atr_slope_288b,trend_efficiency_high,VOLATILITY_EXPANSION,4H,319,0.5264136904761905
atr_slope_288b,trend_efficiency_high,VOLATILITY_EXPANSION,8H,319,0.5329834019009788
