prediction_timestamp,horizon,horizon_hours,record_type,symbol,regime,prediction_id,snapshot_id,feature_source_timestamp,feature_contract_version,label_version,model_version_source,feature_version_source,atr_slope_96b,rv_slope_96b,atr_pct_12b,bollinger_bandwidth_20b,keltner_width_20b,rv_12b,price_efficiency_96b,rolling_vwap_z_96b,donchian_pos_96b,volume_z_96b,high_atr_pct_and_rising_atr_slope,ema_spread_high_and_rising_atr,low_vwap_displacement_and_low_atr,high_vwap_displacement_and_rising_atr,low_atr_and_mid_donchian,rising_atr_and_high_volume,low_atr_pct_and_falling_atr_slope,low_adx_and_falling_atr,mean_reversion,upside_breakout,downside_breakdown,range_continuation,trend_continuation,mean_reversion_eligible,upside_breakout_eligible,downside_breakdown_eligible,range_continuation_eligible,trend_continuation_eligible,path_inside_70,range_breached,upper_breach_only,lower_breach_only,both_side_breach,max_abs_excursion_atr,max_abs_excursion_ge_1_5_atr,realized_path_range,realized_over_range_width,realized_over_range_width_ge_1,oscillatory_path,trend_efficiency_high,one_sided_runaway,fast_1atr_touch,up_excursion_ge_1_0_atr,down_excursion_ge_1_0_atr,strategy_targets_are_research_only
2026-05-24 03:00:00+00:00,1H,1.0,BACKTEST,ETHUSD,NORMAL_RANGE,c34be495-585c-4690-8bbd-eb662f0bde83,4b0058d4-eb88-4754-8977-1b1ac692dfb4,2026-05-24 03:00:00+00:00,probability_v2_features_v1,label_v2,probability_v1,historical_reconstructible_v1,-0.06325459317585301,-0.0028809305089238795,0.0013365316025053073,0.003286800172153315,0.005014746134368315,32.64792907838295,0.24343569203382281,2.0827771779242656,0.7129629629629629,0.26057730109062915,,,,,0.0,,,,False,False,True,False,False,True,True,True,True,True,False,True,False,True,False,2.1233933161954006,True,0.005220704089551708,1.8718381112985953,True,False,True,True,True,True,True,True
2026-05-24 03:00:00+00:00,2H,2.0,BACKTEST,ETHUSD,NORMAL_RANGE,53592995-2a02-46a4-b6f3-994171ce7e5d,4b0058d4-eb88-4754-8977-1b1ac692dfb4,2026-05-24 03:00:00+00:00,probability_v2_features_v1,label_v2,probability_v1,historical_reconstructible_v1,-0.06325459317585301,-0.0028809305089238795,0.0013365316025053073,0.003286800172153315,0.005014746134368315,32.64792907838295,0.24343569203382281,2.0827771779242656,0.7129629629629629,0.26057730109062915,,,,,0.0,,,,False,False,True,False,False,True,True,True,True,True,False,True,False,True,False,2.1233933161954006,True,0.005220704089551708,1.324582338902174,True,False,False,False,True,True,True,True
2026-05-24 03:00:00+00:00,4H,4.0,BACKTEST,ETHUSD,NORMAL_RANGE,2ab8c505-4b45-42ab-9395-401a666a60b8,4b0058d4-eb88-4754-8977-1b1ac692dfb4,2026-05-24 03:00:00+00:00,probability_v2_features_v1,label_v2,probability_v1,historical_reconstructible_v1,-0.06325459317585301,-0.0028809305089238795,0.0013365316025053073,0.003286800172153315,0.005014746134368315,32.64792907838295,0.24343569203382281,2.0827771779242656,0.7129629629629629,0.26057730109062915,,,,,0.0,,,,False,False,True,False,False,True,True,True,True,True,False,True,False,True,False,3.1850899742930188,True,0.00785457281941529,1.4092827004218824,True,True,False,False,True,True,True,True
2026-05-24 03:00:00+00:00,8H,8.0,BACKTEST,ETHUSD,NORMAL_RANGE,08513437-029c-4342-af29-2117c2586665,4b0058d4-eb88-4754-8977-1b1ac692dfb4,2026-05-24 03:00:00+00:00,probability_v2_features_v1,label_v2,probability_v1,historical_reconstructible_v1,-0.06325459317585301,-0.0028809305089238795,0.0013365316025053073,0.003286800172153315,0.005014746134368315,32.64792907838295,0.24343569203382281,2.0827771779242656,0.7129629629629629,0.26057730109062915,,,,,0.0,,,,False,False,True,False,False,True,True,True,True,True,False,True,False,True,False,3.3470437017995436,True,0.008536556686969447,1.0835820895522443,True,True,False,False,True,True,True,True
2026-05-24 03:00:00+00:00,12H,12.0,BACKTEST,ETHUSD,NORMAL_RANGE,b9ac01ee-f50f-4c6e-9c49-c46aa4ffd539,4b0058d4-eb88-4754-8977-1b1ac692dfb4,2026-05-24 03:00:00+00:00,probability_v2_features_v1,label_v2,probability_v1,historical_reconstructible_v1,-0.06325459317585301,-0.0028809305089238795,0.0013365316025053073,0.003286800172153315,0.005014746134368315,32.64792907838295,0.24343569203382281,2.0827771779242656,0.7129629629629629,0.26057730109062915,,,,,0.0,,,,True,False,True,False,False,True,True,True,True,True,False,True,False,True,False,15.673521850899608,True,0.02485713613808993,2.5755360623781653,True,False,False,False,True,True,True,True
2026-05-24 03:00:00+00:00,24H,24.0,BACKTEST,ETHUSD,NORMAL_RANGE,ab995997-9efa-4d4f-a6fb-7a310ebf8128,4b0058d4-eb88-4754-8977-1b1ac692dfb4,2026-05-24 03:00:00+00:00,probability_v2_features_v1,label_v2,probability_v1,historical_reconstructible_v1,-0.06325459317585301,-0.0028809305089238795,0.0013365316025053073,0.003286800172153315,0.005014746134368315,32.64792907838295,0.24343569203382281,2.0827771779242656,0.7129629629629629,0.26057730109062915,,,,,0.0,,,,True,False,True,False,False,True,True,True,True,True,False,True,False,True,False,21.737789203084816,True,0.03278225901276969,2.4017918676774745,True,False,False,False,True,True,True,True
2026-05-24 03:30:00+00:00,1H,1.0,BACKTEST,ETHUSD,NORMAL_RANGE,91b677e7-4924-40ad-864d-15e5ffc91372,6a425b4c-1ae1-4e24-9a8d-8b6030cd7289,2026-05-24 03:30:00+00:00,probability_v2_features_v1,label_v2,probability_v1,historical_reconstructible_v1,-0.09275010125557036,-0.003995658795005353,0.001082225574306283,0.00323289581919091,0.004702811084120482,25.45286056922483,0.1909959072305581,-0.12024193121940427,0.6,-0.32267038645561746,,,,,,,,,False,False,True,False,False,True,True,True,True,True,False,True,False,True,False,3.2069510268562307,True,0.0034646931271803353,1.5248962655603335,True,True,False,False,True,False,True,True
2026-05-24 03:30:00+00:00,2H,2.0,BACKTEST,ETHUSD,NORMAL_RANGE,885e1f29-7d17-461e-97b2-a3e6c82932f4,6a425b4c-1ae1-4e24-9a8d-8b6030cd7289,2026-05-24 03:30:00+00:00,probability_v2_features_v1,label_v2,probability_v1,historical_reconstructible_v1,-0.09275010125557036,-0.003995658795005353,0.001082225574306283,0.00323289581919091,0.004702811084120482,25.45286056922483,0.1909959072305581,-0.12024193121940427,0.6,-0.32267038645561746,,,,,,,,,False,False,True,False,False,True,True,True,True,True,False,True,False,True,False,4.180094786729765,True,0.0045017441312341765,1.4002932551319578,True,False,False,False,True,False,True,True
2026-05-24 03:30:00+00:00,4H,4.0,BACKTEST,ETHUSD,NORMAL_RANGE,e5d93085-8b57-496c-ade6-083641b8c892,6a425b4c-1ae1-4e24-9a8d-8b6030cd7289,2026-05-24 03:30:00+00:00,probability_v2_features_v1,label_v2,probability_v1,historical_reconstructible_v1,-0.09275010125557036,-0.003995658795005353,0.001082225574306283,0.00323289581919091,0.004702811084120482,25.45286056922483,0.1909959072305581,-0.12024193121940427,0.6,-0.32267038645561746,,,,,,,,,False,True,True,False,False,True,True,True,True,True,False,True,False,False,True,4.511848341232134,True,0.007872159894409266,1.7323651452281381,True,True,False,False,True,True,True,True
2026-05-24 03:30:00+00:00,8H,8.0,BACKTEST,ETHUSD,NORMAL_RANGE,2ebc5915-dc7f-4c38-820c-70c363d93ed9,6a425b4c-1ae1-4e24-9a8d-8b6030cd7289,2026-05-24 03:30:00+00:00,probability_v2_features_v1,label_v2,probability_v1,historical_reconstructible_v1,-0.09275010125557036,-0.003995658795005353,0.001082225574306283,0.00323289581919091,0.004702811084120482,25.45286056922483,0.1909959072305581,-0.12024193121940427,0.6,-0.32267038645561746,,,,,,,,,False,True,True,False,True,True,True,True,True,True,False,True,False,False,True,4.511848341232134,True,0.008555670783444937,1.3306451612903416,True,True,False,False,True,True,True,True
2026-05-24 03:30:00+00:00,12H,12.0,BACKTEST,ETHUSD,NORMAL_RANGE,53163c19-1364-45bb-8349-06b66f04247c,6a425b4c-1ae1-4e24-9a8d-8b6030cd7289,2026-05-24 03:30:00+00:00,probability_v2_features_v1,label_v2,probability_v1,historical_reconstructible_v1,-0.09275010125557036,-0.003995658795005353,0.001082225574306283,0.00323289581919091,0.004702811084120482,25.45286056922483,0.1909959072305581,-0.12024193121940427,0.6,-0.32267038645561746,,,,,,,,,True,True,True,False,False,True,True,True,True,True,False,True,False,False,True,19.86097946287498,True,0.02491279343829542,3.1646706586825775,True,False,False,False,True,True,True,True
2026-05-24 03:30:00+00:00,24H,24.0,BACKTEST,ETHUSD,NORMAL_RANGE,07ef3b3c-c9d4-49fb-b563-1a6580dbb95a,6a425b4c-1ae1-4e24-9a8d-8b6030cd7289,2026-05-24 03:30:00+00:00,probability_v2_features_v1,label_v2,probability_v1,historical_reconstructible_v1,-0.09275010125557036,-0.003995658795005353,0.001082225574306283,0.00323289581919091,0.004702811084120482,25.45286056922483,0.1909959072305581,-0.12024193121940427,0.6,-0.32267038645561746,,,,,,,,,True,False,True,False,False,True,True,True,True,True,False,True,False,True,False,27.31437598736169,True,0.032855661355708624,2.952138924184663,True,False,False,False,True,True,True,True
2026-05-24 04:00:00+00:00,1H,1.0,BACKTEST,ETHUSD,NORMAL_RANGE,d24f0753-8039-4cfe-b2e1-b0ce8bcc9094,9927b888-7f52-4eee-9448-cabc9d1645d4,2026-05-24 04:00:00+00:00,probability_v2_features_v1,label_v2,probability_v1,historical_reconstructible_v1,-0.05165717244950755,-0.0022214362340017167,0.00105505127902866,0.004278454739815993,0.004478649804943057,23.21382351959724,0.180056607881557,-0.21935246437971345,0.5907142857142844,0.2660633535399172,,,,,,,,,False,False,False,True,False,True,True,True,True,True,True,False,False,False,False,1.77011494252874,True,0.0020747377107155915,0.8301886792452717,False,False,False,False,True,True,False,True
2026-05-24 04:00:00+00:00,2H,2.0,BACKTEST,ETHUSD,NORMAL_RANGE,576f69e2-3ab8-438e-9072-9eb1a8171325,9927b888-7f52-4eee-9448-cabc9d1645d4,2026-05-24 04:00:00+00:00,probability_v2_features_v1,label_v2,probability_v1,historical_reconstructible_v1,-0.05165717244950755,-0.0022214362340017167,0.00105505127902866,0.004278454739815993,0.004478649804943057,23.21382351959724,0.180056607881557,-0.21935246437971345,0.5907142857142844,0.2660633535399172,,,,,,,,,False,False,True,False,False,True,True,True,True,True,False,True,False,True,False,2.3534482758619895,True,0.0048331958033714486,1.3684913217623897,True,True,False,False,True,True,True,True
2026-05-24 04:00:00+00:00,4H,4.0,BACKTEST,ETHUSD,NORMAL_RANGE,3c320394-1c40-4aff-b712-64ebcfe9f766,9927b888-7f52-4eee-9448-cabc9d1645d4,2026-05-24 04:00:00+00:00,probability_v2_features_v1,label_v2,probability_v1,historical_reconstructible_v1,-0.05165717244950755,-0.0022214362340017167,0.00105505127902866,0.004278454739815993,0.004478649804943057,23.21382351959724,0.180056607881557,-0.21935246437971345,0.5907142857142844,0.2660633535399172,,,,,,,,,False,True,True,False,False,True,True,True,True,True,False,True,False,False,True,4.364942528735516,True,0.007874572674761202,1.575471698113204,True,True,False,False,True,True,True,True
2026-05-24 04:00:00+00:00,8H,8.0,BACKTEST,ETHUSD,NORMAL_RANGE,db1f9179-6067-4ed0-a943-46018adcadb6,9927b888-7f52-4eee-9448-cabc9d1645d4,2026-05-24 04:00:00+00:00,probability_v2_features_v1,label_v2,probability_v1,historical_reconstructible_v1,-0.05165717244950755,-0.0022214362340017167,0.00105505127902866,0.004278454739815993,0.004478649804943057,23.21382351959724,0.180056607881557,-0.21935246437971345,0.5907142857142844,0.2660633535399172,,,,,,,,,False,True,False,False,False,True,True,True,True,True,False,True,True,False,False,4.948275862068948,True,0.008558293056701681,1.210807204803226,True,True,False,False,True,True,True,True
2026-05-24 04:00:00+00:00,12H,12.0,BACKTEST,ETHUSD,NORMAL_RANGE,5fad73f1-c93d-4e31-82eb-297c507b1d91,9927b888-7f52-4eee-9448-cabc9d1645d4,2026-05-24 04:00:00+00:00,probability_v2_features_v1,label_v2,probability_v1,historical_reconstructible_v1,-0.05165717244950755,-0.0022214362340017167,0.00105505127902866,0.004278454739815993,0.004478649804943057,23.21382351959724,0.180056607881557,-0.21935246437971345,0.5907142857142844,0.2660633535399172,,,,,,,,,True,True,True,False,True,True,True,True,True,True,False,True,False,False,True,16.31321839080419,True,0.024920429093481036,2.878540305010868,True,False,False,False,True,True,True,True
2026-05-24 04:00:00+00:00,24H,24.0,BACKTEST,ETHUSD,NORMAL_RANGE,66176c7a-5f7b-488c-95ae-ac6fef63ff10,9927b888-7f52-4eee-9448-cabc9d1645d4,2026-05-24 04:00:00+00:00,probability_v2_features_v1,label_v2,probability_v1,historical_reconstructible_v1,-0.05165717244950755,-0.0022214362340017167,0.00105505127902866,0.004278454739815993,0.004478649804943057,23.21382351959724,0.180056607881557,-0.21935246437971345,0.5907142857142844,0.2660633535399172,,,,,,,,,True,False,True,False,True,True,True,True,True,True,False,True,False,True,False,23.091954022988123,True,0.03286573146292598,2.6848998459168016,True,False,False,False,True,True,True,True
2026-05-24 04:30:00+00:00,1H,1.0,BACKTEST,ETHUSD,NORMAL_RANGE,7b311b7c-3df6-41e7-8ffd-dc744c1a72a7,fc621714-0c57-4b3c-86b5-1ffe67bfeb07,2026-05-24 04:30:00+00:00,probability_v2_features_v1,label_v2,probability_v1,historical_reconstructible_v1,0.024041503226625155,0.0018327288779375747,0.0009746358870365818,0.004172606414199636,0.004125368778501963,24.553957890574654,0.1739038339334857,-0.28024685796237525,0.5864285714285675,-0.3105332656340407,,,,,,,,,False,False,True,False,False,True,True,True,True,True,False,True,False,True,False,3.2151898734175592,True,0.0038199438798367847,1.9239904988123133,True,False,False,False,True,False,True,True
2026-05-24 04:30:00+00:00,2H,2.0,BACKTEST,ETHUSD,NORMAL_RANGE,709ae0c9-b89d-4739-9730-f268cb44b7f5,fc621714-0c57-4b3c-86b5-1ffe67bfeb07,2026-05-24 04:30:00+00:00,probability_v2_features_v1,label_v2,probability_v1,historical_reconstructible_v1,0.024041503226625155,0.0018327288779375747,0.0009746358870365818,0.004172606414199636,0.004125368778501963,24.553957890574654,0.1739038339334857,-0.28024685796237525,0.5864285714285675,-0.3105332656340407,,,,,,,,,False,False,True,False,False,True,True,True,True,True,False,True,False,True,False,3.5949367088605837,True,0.0045273408946213825,1.6107382550335319,True,True,False,False,True,True,True,True
2026-05-24 04:30:00+00:00,4H,4.0,BACKTEST,ETHUSD,NORMAL_RANGE,4330fb6d-d164-477c-829a-934b9fd77e23,fc621714-0c57-4b3c-86b5-1ffe67bfeb07,2026-05-24 04:30:00+00:00,probability_v2_features_v1,label_v2,probability_v1,historical_reconstructible_v1,0.024041503226625155,0.0018327288779375747,0.0009746358870365818,0.004172606414199636,0.004125368778501963,24.553957890574654,0.1739038339334857,-0.28024685796237525,0.5864285714285675,-0.3105332656340407,,,,,,,,,False,True,True,False,False,True,True,True,True,True,False,True,False,False,True,4.860759493670664,True,0.007875686764601769,1.9833729216151632,True,True,False,False,True,True,True,True
2026-05-24 04:30:00+00:00,8H,8.0,BACKTEST,ETHUSD,NORMAL_RANGE,d81cf647-4c76-47d1-a0a1-1032a7705a48,fc621714-0c57-4b3c-86b5-1ffe67bfeb07,2026-05-24 04:30:00+00:00,probability_v2_features_v1,label_v2,probability_v1,historical_reconstructible_v1,0.024041503226625155,0.0018327288779375747,0.0009746358870365818,0.004172606414199636,0.004125368778501963,24.553957890574654,0.1739038339334857,-0.28024685796237525,0.5864285714285675,-0.3105332656340407,,,,,,,,,False,True,True,False,False,True,True,True,True,True,False,True,False,False,True,5.59493670886065,True,0.008559503878893674,1.5239294710327718,True,True,False,False,True,True,True,True
2026-05-24 04:30:00+00:00,12H,12.0,BACKTEST,ETHUSD,NORMAL_RANGE,f084ef41-d1f7-420a-9a6f-4d6d108e5971,fc621714-0c57-4b3c-86b5-1ffe67bfeb07,2026-05-24 04:30:00+00:00,probability_v2_features_v1,label_v2,probability_v1,historical_reconstructible_v1,0.024041503226625155,0.0018327288779375747,0.0009746358870365818,0.004172606414199636,0.004125368778501963,24.553957890574654,0.1739038339334857,-0.28024685796237525,0.5864285714285675,-0.3105332656340407,,,,,,,,,True,True,True,False,False,True,True,True,True,True,False,True,False,False,True,21.164556962024413,True,0.024923954820910615,3.6223440712816575,True,False,False,False,True,True,True,True
2026-05-24 04:30:00+00:00,24H,24.0,BACKTEST,ETHUSD,NORMAL_RANGE,e3f21ab2-2455-4faa-bef7-482c7c751d1c,fc621714-0c57-4b3c-86b5-1ffe67bfeb07,2026-05-24 04:30:00+00:00,probability_v2_features_v1,label_v2,probability_v1,historical_reconstructible_v1,0.024041503226625155,0.0018327288779375747,0.0009746358870365818,0.004172606414199636,0.004125368778501963,24.553957890574654,0.1739038339334857,-0.28024685796237525,0.5864285714285675,-0.3105332656340407,,,,,,,,,True,True,True,False,False,True,True,True,True,True,False,True,False,False,True,29.69620253164454,True,0.0328703812869911,3.378574890935526,True,True,False,False,True,True,True,True
2026-05-24 05:00:00+00:00,1H,1.0,BACKTEST,ETHUSD,NORMAL_RANGE,dcf0ddcc-7449-44d3-9166-7bd9b56edcdb,4c505e47-2d15-446a-a324-b97e6e460b89,2026-05-24 05:00:00+00:00,probability_v2_features_v1,label_v2,probability_v1,historical_reconstructible_v1,-0.2282398452611218,-1.485183021780314,0.0007215092321726239,0.0027276539388013934,0.003495328359212267,16.48648956525078,0.07835820895522168,0.3006414204218473,0.5096011816839009,-0.27538604678250184,,,,,,,,,False,False,True,False,False,True,True,True,True,True,False,True,False,True,False,3.7568134171908434,True,0.003751061621213465,2.1900826446279833,True,True,False,False,True,False,True,True
2026-05-24 05:00:00+00:00,2H,2.0,BACKTEST,ETHUSD,NORMAL_RANGE,129e9a33-6a11-49d2-9d7a-89848dd571d9,4c505e47-2d15-446a-a324-b97e6e460b89,2026-05-24 05:00:00+00:00,probability_v2_features_v1,label_v2,probability_v1,historical_reconstructible_v1,-0.2282398452611218,-1.485183021780314,0.0007215092321726239,0.0027276539388013934,0.003495328359212267,16.48648956525078,0.07835820895522168,0.3006414204218473,0.5096011816839009,-0.27538604678250184,,,,,,,,,False,True,True,False,False,True,True,True,True,True,False,True,False,False,True,6.046121593291267,True,0.007879588562800707,3.249027237353843,True,False,False,False,True,True,True,True
2026-05-24 05:00:00+00:00,4H,4.0,BACKTEST,ETHUSD,NORMAL_RANGE,74a745fb-131d-43ae-bc32-e9891d4bcd25,4c505e47-2d15-446a-a324-b97e6e460b89,2026-05-24 05:00:00+00:00,probability_v2_features_v1,label_v2,probability_v1,historical_reconstructible_v1,-0.2282398452611218,-1.485183021780314,0.0007215092321726239,0.0027276539388013934,0.003495328359212267,16.48648956525078,0.07835820895522168,0.3006414204218473,0.5096011816839009,-0.27538604678250184,,,,,,,,,False,True,True,False,False,True,True,True,True,True,False,True,False,False,True,6.046121593291267,True,0.007879588562800707,2.2971114167812736,True,True,False,False,True,True,True,True
2026-05-24 05:00:00+00:00,8H,8.0,BACKTEST,ETHUSD,NORMAL_RANGE,8843d9f9-ae9b-4d00-883d-8e57360686b4,4c505e47-2d15-446a-a324-b97e6e460b89,2026-05-24 05:00:00+00:00,probability_v2_features_v1,label_v2,probability_v1,historical_reconstructible_v1,-0.2282398452611218,-1.485183021780314,0.0007215092321726239,0.0027276539388013934,0.003495328359212267,16.48648956525078,0.07835820895522168,0.3006414204218473,0.5096011816839009,-0.27538604678250184,,,,,,,,,False,True,True,False,False,True,True,True,True,True,False,True,False,False,True,6.8972746331237165,True,0.00856374445597815,1.7672833495618425,True,True,False,False,True,True,True,True
2026-05-24 05:00:00+00:00,12H,12.0,BACKTEST,ETHUSD,NORMAL_RANGE,4e4b3cf6-75d5-4d76-a251-ae9780c046dd,4c505e47-2d15-446a-a324-b97e6e460b89,2026-05-24 05:00:00+00:00,probability_v2_features_v1,label_v2,probability_v1,historical_reconstructible_v1,-0.2282398452611218,-1.485183021780314,0.0007215092321726239,0.0027276539388013934,0.003495328359212267,16.48648956525078,0.07835820895522168,0.3006414204218473,0.5096011816839009,-0.27538604678250184,,,,,,,,,True,True,True,False,True,True,True,True,True,True,False,True,False,False,True,24.12578616352205,True,0.024936302727186895,4.2011128775834825,True,True,False,False,True,True,True,True
2026-05-24 05:00:00+00:00,24H,24.0,BACKTEST,ETHUSD,NORMAL_RANGE,d41e7e47-9c91-44d6-b70c-8538567c864c,4c505e47-2d15-446a-a324-b97e6e460b89,2026-05-24 05:00:00+00:00,probability_v2_features_v1,label_v2,probability_v1,historical_reconstructible_v1,-0.2282398452611218,-1.485183021780314,0.0007215092321726239,0.0027276539388013934,0.003495328359212267,16.48648956525078,0.07835820895522168,0.3006414204218473,0.5096011816839009,-0.27538604678250184,,,,,,,,,True,True,True,False,True,True,True,True,True,True,False,True,False,False,True,34.01677148846989,True,0.032886666037557924,3.915730337078627,True,True,False,False,True,True,True,True
2026-05-24 05:30:00+00:00,1H,1.0,BACKTEST,ETHUSD,NORMAL_RANGE,a75d8e2f-9286-4675-9785-771efac56b50,fcd4946e-9159-4150-8447-2dbf6d6be312,2026-05-24 05:30:00+00:00,probability_v2_features_v1,label_v2,probability_v1,historical_reconstructible_v1,-0.37217487958503503,-1.8333880774577145,0.0007818346528023554,0.0037331608696449478,0.0032372386260139286,12.947037714302875,0.02364394993045905,-0.641479621208645,0.5517241379310288,-0.06767302685930827,,,,,,,,,False,True,True,False,False,True,True,True,True,True,False,True,False,False,True,4.244343891402704,True,0.004537398085785139,2.8486646884273648,True,True,False,False,True,True,True,True
2026-05-24 05:30:00+00:00,2H,2.0,BACKTEST,ETHUSD,NORMAL_RANGE,24aeb2d0-3a7d-482c-9429-a08dd26d303c,fcd4946e-9159-4150-8447-2dbf6d6be312,2026-05-24 05:30:00+00:00,probability_v2_features_v1,label_v2,probability_v1,historical_reconstructible_v1,-0.37217487958503503,-1.8333880774577145,0.0007818346528023554,0.0037331608696449478,0.0032372386260139286,12.947037714302875,0.02364394993045905,-0.641479621208645,0.5517241379310288,-0.06767302685930827,,,,,,,,,False,True,True,False,False,True,True,True,True,True,False,True,False,False,True,8.742081447963844,True,0.007893182086730387,3.508403361344339,True,False,False,False,True,True,True,True
2026-05-24 05:30:00+00:00,4H,4.0,BACKTEST,ETHUSD,NORMAL_RANGE,65488842-734a-4333-a218-0c9ea4c64a8d,fcd4946e-9159-4150-8447-2dbf6d6be312,2026-05-24 05:30:00+00:00,probability_v2_features_v1,label_v2,probability_v1,historical_reconstructible_v1,-0.37217487958503503,-1.8333880774577145,0.0007818346528023554,0.0037331608696449478,0.0032372386260139286,12.947037714302875,0.02364394993045905,-0.641479621208645,0.5517241379310288,-0.06767302685930827,,,,,,,,,False,True,False,False,False,True,True,True,True,True,False,True,True,False,False,8.742081447963844,True,0.007893182086730387,2.481426448736965,True,True,False,False,True,True,True,True
2026-05-24 05:30:00+00:00,8H,8.0,BACKTEST,ETHUSD,NORMAL_RANGE,37e9ac3a-8131-4cb2-a03f-13bf34642f78,fcd4946e-9159-4150-8447-2dbf6d6be312,2026-05-24 05:30:00+00:00,probability_v2_features_v1,label_v2,probability_v1,historical_reconstructible_v1,-0.37217487958503503,-1.8333880774577145,0.0007818346528023554,0.0037331608696449478,0.0032372386260139286,12.947037714302875,0.02364394993045905,-0.641479621208645,0.5517241379310288,-0.06767302685930827,,,,,,,,,False,True,False,False,False,True,True,True,True,True,False,True,True,False,False,9.660633484163133,True,0.008578518255937653,1.90651260504203,True,True,False,False,True,True,True,True
2026-05-24 05:30:00+00:00,12H,12.0,BACKTEST,ETHUSD,NORMAL_RANGE,6546569c-7f72-43af-8109-98abf6aa6aa3,fcd4946e-9159-4150-8447-2dbf6d6be312,2026-05-24 05:30:00+00:00,probability_v2_features_v1,label_v2,probability_v1,historical_reconstructible_v1,-0.37217487958503503,-1.8333880774577145,0.0007818346528023554,0.0037331608696449478,0.0032372386260139286,12.947037714302875,0.02364394993045905,-0.641479621208645,0.5517241379310288,-0.06767302685930827,,,,,,,,,True,True,True,False,True,True,True,True,True,True,False,True,False,False,True,23.819004524887408,True,0.02497932175351526,4.532590051457848,True,True,False,False,True,True,True,True
2026-05-24 05:30:00+00:00,24H,24.0,BACKTEST,ETHUSD,NORMAL_RANGE,6a153423-c6e9-46ca-8d08-9f8fea1f9495,fcd4946e-9159-4150-8447-2dbf6d6be312,2026-05-24 05:30:00+00:00,probability_v2_features_v1,label_v2,probability_v1,historical_reconstructible_v1,-0.37217487958503503,-1.8333880774577145,0.0007818346528023554,0.0037331608696449478,0.0032372386260139286,12.947037714302875,0.02364394993045905,-0.641479621208645,0.5517241379310288,-0.06767302685930827,,,,,,,,,True,True,True,False,True,True,True,True,True,True,False,True,False,False,True,34.49321266968428,True,0.0329434006853363,4.226804123711413,True,True,False,False,True,True,True,True
2026-05-24 06:00:00+00:00,1H,1.0,BACKTEST,ETHUSD,NORMAL_RANGE,11e83e8b-327b-4503-a0ff-b7c3dcacf8f1,6d97d533-89b1-4913-b8b2-671f59059257,2026-05-24 06:00:00+00:00,probability_v2_features_v1,label_v2,probability_v1,historical_reconstructible_v1,-0.5355864811133269,-1.868638959407522,0.001023808962356815,0.004305169331355186,0.003559756340815922,29.242957928532505,0.010768126346015499,0.9784269648607984,0.7383367139959331,1.070172443861008,,,,,0.0,,,,False,True,True,False,False,True,True,True,True,True,False,True,False,False,True,5.0753064798600604,True,0.00606032023015064,2.9608294930877475,True,False,False,False,True,True,True,True
2026-05-24 06:00:00+00:00,2H,2.0,BACKTEST,ETHUSD,NORMAL_RANGE,e9fff77e-e79b-4e30-a7d6-972013e416e0,6d97d533-89b1-4913-b8b2-671f59059257,2026-05-24 06:00:00+00:00,probability_v2_features_v1,label_v2,probability_v1,historical_reconstructible_v1,-0.5355864811133269,-1.868638959407522,0.001023808962356815,0.004305169331355186,0.003559756340815922,29.242957928532505,0.010768126346015499,0.9784269648607984,0.7383367139959331,1.070172443861008,,,,,0.0,,,,False,True,True,False,False,True,True,True,True,True,False,True,False,False,True,5.0753064798600604,True,0.00606032023015064,2.0894308943088973,True,True,False,False,True,True,True,True
2026-05-24 06:00:00+00:00,4H,4.0,BACKTEST,ETHUSD,NORMAL_RANGE,daafcfdd-110f-4a74-8173-202b5bf8fad8,6d97d533-89b1-4913-b8b2-671f59059257,2026-05-24 06:00:00+00:00,probability_v2_features_v1,label_v2,probability_v1,historical_reconstructible_v1,-0.5355864811133269,-1.868638959407522,0.001023808962356815,0.004305169331355186,0.003559756340815922,29.242957928532505,0.010768126346015499,0.9784269648607984,0.7383367139959331,1.070172443861008,,,,,0.0,,,,False,True,False,False,False,True,True,True,True,True,False,True,True,False,False,5.0753064798600604,True,0.00606032023015064,1.477011494252894,True,True,False,False,True,True,True,True
2026-05-24 06:00:00+00:00,8H,8.0,BACKTEST,ETHUSD,NORMAL_RANGE,89d28ed3-5d01-4bc2-8b19-a2bd758af86c,6d97d533-89b1-4913-b8b2-671f59059257,2026-05-24 06:00:00+00:00,probability_v2_features_v1,label_v2,probability_v1,historical_reconstructible_v1,-0.5355864811133269,-1.868638959407522,0.001023808962356815,0.004305169331355186,0.003559756340815922,29.242957928532505,0.010768126346015499,0.9784269648607984,0.7383367139959331,1.070172443861008,,,,,0.0,,,,False,True,True,False,False,True,True,True,True,True,False,True,False,False,True,7.036777583187638,True,0.012332869573419527,2.126016260162656,True,False,False,False,True,True,True,True
2026-05-24 06:00:00+00:00,12H,12.0,BACKTEST,ETHUSD,NORMAL_RANGE,9068c757-d9e5-443c-a030-123022c67c76,6d97d533-89b1-4913-b8b2-671f59059257,2026-05-24 06:00:00+00:00,probability_v2_features_v1,label_v2,probability_v1,historical_reconstructible_v1,-0.5355864811133269,-1.868638959407522,0.001023808962356815,0.004305169331355186,0.003559756340815922,29.242957928532505,0.010768126346015499,0.9784269648607984,0.7383367139959331,1.070172443861008,,,,,0.0,,,,True,True,True,False,False,True,True,True,True,True,False,True,False,False,True,20.129597197899123,True,0.0249251302850944,3.5092961487383865,True,True,False,False,True,True,True,True
2026-05-24 06:00:00+00:00,24H,24.0,BACKTEST,ETHUSD,NORMAL_RANGE,a318f0ee-bcfe-4baf-969f-83e764143343,6d97d533-89b1-4913-b8b2-671f59059257,2026-05-24 06:00:00+00:00,probability_v2_features_v1,label_v2,probability_v1,historical_reconstructible_v1,-0.5355864811133269,-1.868638959407522,0.001023808962356815,0.004305169331355186,0.003559756340815922,29.242957928532505,0.010768126346015499,0.9784269648607984,0.7383367139959331,1.070172443861008,,,,,0.0,,,,True,False,True,False,False,True,True,True,True,True,False,True,False,True,False,28.39229422066672,True,0.03287193152073963,3.272300469483553,True,True,False,False,True,True,True,True
2026-05-24 06:30:00+00:00,1H,1.0,BACKTEST,ETHUSD,NORMAL_RANGE,2ab58e41-14ac-46a8-8786-e1eddaa3ee28,949dd880-6fa9-4fc8-a23a-67121d6d28b9,2026-05-24 06:30:00+00:00,probability_v2_features_v1,label_v2,probability_v1,historical_reconstructible_v1,-0.6294845360824829,-1.9998777480904069,0.0010352455854451448,0.004235170009080383,0.003706624233295273,30.132323433229185,0.06605922551252859,-0.490727655778369,0.6044624746450319,0.46137001252741794,,,,,,,,,False,True,False,False,False,True,True,True,True,True,False,True,True,False,False,5.2760330578511505,True,0.006069766892609956,2.7934782608696005,True,False,False,False,True,True,False,True
2026-05-24 06:30:00+00:00,2H,2.0,BACKTEST,ETHUSD,NORMAL_RANGE,dc4ac9b4-33db-4877-abe7-f6a548a908b3,949dd880-6fa9-4fc8-a23a-67121d6d28b9,2026-05-24 06:30:00+00:00,probability_v2_features_v1,label_v2,probability_v1,historical_reconstructible_v1,-0.6294845360824829,-1.9998777480904069,0.0010352455854451448,0.004235170009080383,0.003706624233295273,30.132323433229185,0.06605922551252859,-0.490727655778369,0.6044624746450319,0.46137001252741794,,,,,,,,,False,True,False,False,False,True,True,True,True,True,False,True,True,False,False,5.2760330578511505,True,0.006069766892609956,1.970858895705513,True,True,False,False,True,True,False,True
2026-05-24 06:30:00+00:00,4H,4.0,BACKTEST,ETHUSD,NORMAL_RANGE,7361161e-7562-46ee-b2aa-39a0ea5ddeca,949dd880-6fa9-4fc8-a23a-67121d6d28b9,2026-05-24 06:30:00+00:00,probability_v2_features_v1,label_v2,probability_v1,historical_reconstructible_v1,-0.6294845360824829,-1.9998777480904069,0.0010352455854451448,0.004235170009080383,0.003706624233295273,30.132323433229185,0.06605922551252859,-0.490727655778369,0.6044624746450319,0.46137001252741794,,,,,,,,,False,True,False,False,False,True,True,True,True,True,False,True,True,False,False,5.947107438016577,True,0.006754682222904599,1.5526601520087764,True,False,False,False,True,True,False,True
2026-05-24 06:30:00+00:00,8H,8.0,BACKTEST,ETHUSD,NORMAL_RANGE,e246a668-3b95-445c-b315-052bb18620b4,949dd880-6fa9-4fc8-a23a-67121d6d28b9,2026-05-24 06:30:00+00:00,probability_v2_features_v1,label_v2,probability_v1,historical_reconstructible_v1,-0.6294845360824829,-1.9998777480904069,0.0010352455854451448,0.004235170009080383,0.003706624233295273,30.132323433229185,0.06605922551252859,-0.490727655778369,0.6044624746450319,0.46137001252741794,,,,,,,,,True,True,True,False,True,True,True,True,True,True,False,True,False,False,True,18.512396694215155,True,0.02496398290073447,4.05602455871074,True,False,False,False,True,True,True,True
2026-05-24 06:30:00+00:00,12H,12.0,BACKTEST,ETHUSD,NORMAL_RANGE,715d5b26-bef4-4f81-9cb3-f035e1a5440d,949dd880-6fa9-4fc8-a23a-67121d6d28b9,2026-05-24 06:30:00+00:00,probability_v2_features_v1,label_v2,probability_v1,historical_reconstructible_v1,-0.6294845360824829,-1.9998777480904069,0.0010352455854451448,0.004235170009080383,0.003706624233295273,30.132323433229185,0.06605922551252859,-0.490727655778369,0.6044624746450319,0.46137001252741794,,,,,,,,,True,True,True,False,True,True,True,True,True,True,False,True,False,False,True,18.512396694215155,True,0.02496398290073447,3.3114035087719165,True,True,False,False,True,True,True,True
2026-05-24 06:30:00+00:00,24H,24.0,BACKTEST,ETHUSD,NORMAL_RANGE,0d4152f7-18b7-433f-8573-143f3a0456cd,949dd880-6fa9-4fc8-a23a-67121d6d28b9,2026-05-24 06:30:00+00:00,probability_v2_features_v1,label_v2,probability_v1,historical_reconstructible_v1,-0.6294845360824829,-1.9998777480904069,0.0010352455854451448,0.004235170009080383,0.003706624233295273,30.132323433229185,0.06605922551252859,-0.490727655778369,0.6044624746450319,0.46137001252741794,,,,,,,,,True,True,True,False,True,True,True,True,True,True,False,True,False,False,True,26.31074380165346,True,0.03292317139415709,3.088170137350517,True,True,False,False,True,True,True,True
2026-05-24 07:00:00+00:00,1H,1.0,BACKTEST,ETHUSD,NORMAL_RANGE,52a512d9-f77c-4375-9b87-96cd3b6e9434,81fb3dbb-751f-4300-87e1-4a160c7a47a3,2026-05-24 07:00:00+00:00,probability_v2_features_v1,label_v2,probability_v1,historical_reconstructible_v1,-0.33018867924529244,-0.38021936369508624,0.0011790605120490974,0.007430076003679993,0.004684713586141053,24.38309793958801,0.10612244897958789,3.085961230407994,0.8804664723032204,0.9576378485251652,,,,,0.0,,,,False,False,True,False,False,True,True,True,True,True,False,True,False,True,False,3.8947368421054227,True,0.0049826078781610925,2.0907297830375775,True,False,True,True,True,False,True,True
2026-05-24 07:00:00+00:00,2H,2.0,BACKTEST,ETHUSD,NORMAL_RANGE,592658b1-4a0e-4bd0-979e-f1f3370f5b84,81fb3dbb-751f-4300-87e1-4a160c7a47a3,2026-05-24 07:00:00+00:00,probability_v2_features_v1,label_v2,probability_v1,historical_reconstructible_v1,-0.33018867924529244,-0.38021936369508624,0.0011790605120490974,0.007430076003679993,0.004684713586141053,24.38309793958801,0.10612244897958789,3.085961230407994,0.8804664723032204,0.9576378485251652,,,,,0.0,,,,False,False,True,False,False,True,True,True,True,True,False,True,False,True,False,3.8947368421054227,True,0.0049826078781610925,1.480446927374319,True,False,True,True,True,False,True,True
2026-05-24 07:00:00+00:00,4H,4.0,BACKTEST,ETHUSD,NORMAL_RANGE,aa0c864c-5b82-4023-a7cb-c53f40c09dab,81fb3dbb-751f-4300-87e1-4a160c7a47a3,2026-05-24 07:00:00+00:00,probability_v2_features_v1,label_v2,probability_v1,historical_reconstructible_v1,-0.33018867924529244,-0.38021936369508624,0.0011790605120490974,0.007430076003679993,0.004684713586141053,24.38309793958801,0.10612244897958789,3.085961230407994,0.8804664723032204,0.9576378485251652,,,,,0.0,,,,False,False,True,False,False,True,True,True,True,True,False,True,False,True,False,4.021052631579189,True,0.006087242643602647,1.2796442687747442,True,False,False,False,True,True,True,True
2026-05-24 07:00:00+00:00,8H,8.0,BACKTEST,ETHUSD,NORMAL_RANGE,71a3ddb8-172d-48b2-9983-17369d52d447,81fb3dbb-751f-4300-87e1-4a160c7a47a3,2026-05-24 07:00:00+00:00,probability_v2_features_v1,label_v2,probability_v1,historical_reconstructible_v1,-0.33018867924529244,-0.38021936369508624,0.0011790605120490974,0.007430076003679993,0.004684713586141053,24.38309793958801,0.10612244897958789,3.085961230407994,0.8804664723032204,0.9576378485251652,,,,,0.0,,,,True,False,True,False,False,True,True,True,True,True,False,True,False,True,False,20.82105263157972,True,0.024842530788756183,3.690642458100627,True,False,False,False,True,True,True,True
2026-05-24 07:00:00+00:00,12H,12.0,BACKTEST,ETHUSD,NORMAL_RANGE,f88fb82f-879a-4799-b608-798b355be4e7,81fb3dbb-751f-4300-87e1-4a160c7a47a3,2026-05-24 07:00:00+00:00,probability_v2_features_v1,label_v2,probability_v1,historical_reconstructible_v1,-0.33018867924529244,-0.38021936369508624,0.0011790605120490974,0.007430076003679993,0.004684713586141053,24.38309793958801,0.10612244897958789,3.085961230407994,0.8804664723032204,0.9576378485251652,,,,,0.0,,,,True,False,True,False,False,True,True,True,True,True,False,True,False,True,False,20.82105263157972,True,0.024842530788756183,3.0131128848346647,True,False,False,False,True,True,True,True
2026-05-24 07:00:00+00:00,24H,24.0,BACKTEST,ETHUSD,NORMAL_RANGE,a23ffde3-3402-451a-8fa1-91709164ef16,81fb3dbb-751f-4300-87e1-4a160c7a47a3,2026-05-24 07:00:00+00:00,probability_v2_features_v1,label_v2,probability_v1,historical_reconstructible_v1,-0.33018867924529244,-0.38021936369508624,0.0011790605120490974,0.007430076003679993,0.004684713586141053,24.38309793958801,0.10612244897958789,3.085961230407994,0.8804664723032204,0.9576378485251652,,,,,0.0,,,,True,False,True,False,False,True,True,True,True,True,False,True,False,True,False,27.91578947368543,True,0.03276299708564458,2.809351068117712,True,True,False,False,True,True,True,True
2026-05-24 07:30:00+00:00,1H,1.0,BACKTEST,ETHUSD,NORMAL_RANGE,64846e2a-3c11-42e3-ab79-6f5ff01a2c29,7c56798a-198d-4d9d-ae9a-795405f0523e,2026-05-24 07:30:00+00:00,probability_v2_features_v1,label_v2,probability_v1,historical_reconstructible_v1,-0.19082285462167678,-0.22415748331727428,0.001245041435921527,0.005844772852811008,0.0042933371978078495,27.034865733427242,0.01771734651833549,0.6147846808025542,0.5510204081632664,0.5650259769763185,,,,,,,,,False,False,True,False,False,True,True,True,True,True,False,True,False,True,False,1.8598540145987132,True,0.0021680216802167592,0.8812260536397863,False,True,False,False,True,False,True,True
2026-05-24 07:30:00+00:00,2H,2.0,BACKTEST,ETHUSD,NORMAL_RANGE,10af2283-ad89-4463-816c-c14b0f1d4967,7c56798a-198d-4d9d-ae9a-795405f0523e,2026-05-24 07:30:00+00:00,probability_v2_features_v1,label_v2,probability_v1,historical_reconstructible_v1,-0.19082285462167678,-0.22415748331727428,0.001245041435921527,0.005844772852811008,0.0042933371978078495,27.034865733427242,0.01771734651833549,0.6147846808025542,0.5510204081632664,0.5650259769763185,,,,,,,,,False,False,True,False,False,True,True,True,True,True,False,True,False,True,False,1.9824817518250715,True,0.002545068928950202,0.7317073170731723,False,True,False,False,True,False,True,True
2026-05-24 07:30:00+00:00,4H,4.0,BACKTEST,ETHUSD,NORMAL_RANGE,2468ee16-91f9-40e8-96d2-44a29657dca9,7c56798a-198d-4d9d-ae9a-795405f0523e,2026-05-24 07:30:00+00:00,probability_v2_features_v1,label_v2,probability_v1,historical_reconstructible_v1,-0.19082285462167678,-0.22415748331727428,0.001245041435921527,0.005844772852811008,0.0042933371978078495,27.034865733427242,0.01771734651833549,0.6147846808025542,0.5510204081632664,0.5650259769763185,,,,,,,,,False,True,False,False,True,True,True,True,True,True,False,True,True,False,False,3.310948905109628,True,0.006103452338871343,1.2416107382550792,True,True,False,False,True,True,True,True
2026-05-24 07:30:00+00:00,8H,8.0,BACKTEST,ETHUSD,NORMAL_RANGE,ba17385a-fba2-42ba-bea8-070c5ea8284d,7c56798a-198d-4d9d-ae9a-795405f0523e,2026-05-24 07:30:00+00:00,probability_v2_features_v1,label_v2,probability_v1,historical_reconstructible_v1,-0.19082285462167678,-0.22415748331727428,0.001245041435921527,0.005844772852811008,0.0042933371978078495,27.034865733427242,0.01771734651833549,0.6147846808025542,0.5510204081632664,0.5650259769763185,,,,,,,,,True,True,True,False,False,True,True,True,True,True,False,True,False,False,True,18.29197080292068,True,0.02490868386944735,3.580623306233003,True,False,False,False,True,True,True,True
2026-05-24 07:30:00+00:00,12H,12.0,BACKTEST,ETHUSD,NORMAL_RANGE,13305685-324e-4379-9b03-be7a9d8c653f,7c56798a-198d-4d9d-ae9a-795405f0523e,2026-05-24 07:30:00+00:00,probability_v2_features_v1,label_v2,probability_v1,historical_reconstructible_v1,-0.19082285462167678,-0.22415748331727428,0.001245041435921527,0.005844772852811008,0.0042933371978078495,27.034865733427242,0.01771734651833549,0.6147846808025542,0.5510204081632664,0.5650259769763185,,,,,,,,,True,False,True,False,False,True,True,True,True,True,False,True,False,True,False,18.29197080292068,True,0.02490868386944735,2.924737133370269,True,False,False,False,True,True,True,True
2026-05-24 07:30:00+00:00,24H,24.0,BACKTEST,ETHUSD,NORMAL_RANGE,566d0ca7-9f70-4b1f-88e0-043a913c1617,7c56798a-198d-4d9d-ae9a-795405f0523e,2026-05-24 07:30:00+00:00,probability_v2_features_v1,label_v2,probability_v1,historical_reconstructible_v1,-0.19082285462167678,-0.22415748331727428,0.001245041435921527,0.005844772852811008,0.0042933371978078495,27.034865733427242,0.01771734651833549,0.6147846808025542,0.5510204081632664,0.5650259769763185,,,,,,,,,True,False,True,False,False,True,True,True,True,True,False,True,False,True,False,25.179562043797105,True,0.032850241545893846,2.727984344422692,True,True,False,False,True,True,True,True
2026-05-24 08:00:00+00:00,1H,1.0,BACKTEST,ETHUSD,NORMAL_RANGE,f3198453-28c0-4475-8e4f-edbe1947c7f9,6a1d4ea3-3954-4908-bf5f-cb1b1cc40d40,2026-05-24 08:00:00+00:00,probability_v2_features_v1,label_v2,probability_v1,historical_reconstructible_v1,-0.11703308905175054,-0.20631030129741706,0.000900093546840207,0.005671282886743848,0.004227154163888091,17.131538493937207,0.03273322422258451,-0.08255717388053738,0.4577259475218703,-0.15174992545521815,,,,,,,,,False,True,False,False,False,True,True,True,True,True,False,True,True,False,False,1.1920289855072435,False,0.0020281583850200137,1.0213776722090606,True,True,False,False,True,True,False,True
2026-05-24 08:00:00+00:00,2H,2.0,BACKTEST,ETHUSD,NORMAL_RANGE,652d96ff-1bb7-4ccc-9a94-0621c3a52dfb,6a1d4ea3-3954-4908-bf5f-cb1b1cc40d40,2026-05-24 08:00:00+00:00,probability_v2_features_v1,label_v2,probability_v1,historical_reconstructible_v1,-0.11703308905175054,-0.20631030129741706,0.000900093546840207,0.005671282886743848,0.004227154163888091,17.131538493937207,0.03273322422258451,-0.08255717388053738,0.4577259475218703,-0.15174992545521815,,,,,,,,,False,True,False,False,False,True,True,True,True,True,False,True,True,False,False,1.8007246376810861,True,0.0027828219701436646,0.9932659932659994,False,False,False,False,True,True,True,True
2026-05-24 08:00:00+00:00,4H,4.0,BACKTEST,ETHUSD,NORMAL_RANGE,a2827950-d868-4904-9be3-7afd49071ec7,6a1d4ea3-3954-4908-bf5f-cb1b1cc40d40,2026-05-24 08:00:00+00:00,probability_v2_features_v1,label_v2,probability_v1,historical_reconstructible_v1,-0.11703308905175054,-0.20631030129741706,0.000900093546840207,0.005671282886743848,0.004227154163888091,17.131538493937207,0.03273322422258451,-0.08255717388053738,0.4577259475218703,-0.15174992545521815,,,,,,,,,False,True,False,False,False,True,True,True,True,True,False,True,True,False,False,5.376811594203047,True,0.006108058392095027,1.5398335315100828,True,False,False,False,True,True,True,True
2026-05-24 08:00:00+00:00,8H,8.0,BACKTEST,ETHUSD,NORMAL_RANGE,61044cb5-990d-496b-b1eb-4186677652be,6a1d4ea3-3954-4908-bf5f-cb1b1cc40d40,2026-05-24 08:00:00+00:00,probability_v2_features_v1,label_v2,probability_v1,historical_reconstructible_v1,-0.11703308905175054,-0.20631030129741706,0.000900093546840207,0.005671282886743848,0.004227154163888091,17.131538493937207,0.03273322422258451,-0.08255717388053738,0.4577259475218703,-0.15174992545521815,,,,,,,,,True,True,True,False,True,True,True,True,True,True,False,True,False,False,True,21.43115942029063,True,0.024927481546116976,4.444911690496255,True,False,False,False,True,True,True,True
2026-05-24 08:00:00+00:00,12H,12.0,BACKTEST,ETHUSD,NORMAL_RANGE,06a6eed9-0c7d-477b-b653-e94386117f32,6a1d4ea3-3954-4908-bf5f-cb1b1cc40d40,2026-05-24 08:00:00+00:00,probability_v2_features_v1,label_v2,probability_v1,historical_reconstructible_v1,-0.11703308905175054,-0.20631030129741706,0.000900093546840207,0.005671282886743848,0.004227154163888091,17.131538493937207,0.03273322422258451,-0.08255717388053738,0.4577259475218703,-0.15174992545521815,,,,,,,,,True,True,True,False,True,True,True,True,True,True,False,True,False,False,True,21.43115942029063,True,0.024927481546116976,3.6298076923076996,True,False,False,False,True,True,True,True
2026-05-24 08:00:00+00:00,24H,24.0,BACKTEST,ETHUSD,NORMAL_RANGE,74a01bf8-658e-41d4-b169-599abf05d483,6a1d4ea3-3954-4908-bf5f-cb1b1cc40d40,2026-05-24 08:00:00+00:00,probability_v2_features_v1,label_v2,probability_v1,historical_reconstructible_v1,-0.11703308905175054,-0.20631030129741706,0.000900093546840207,0.005671282886743848,0.004227154163888091,17.131538493937207,0.03273322422258451,-0.08255717388053738,0.4577259475218703,-0.15174992545521815,,,,,,,,,True,True,True,False,True,True,True,True,True,True,False,True,False,False,True,29.978260869566487,True,0.03287503242695105,3.385138416707129,True,True,False,False,True,True,True,True
2026-05-24 08:30:00+00:00,1H,1.0,BACKTEST,ETHUSD,NORMAL_RANGE,6210a06b-5973-4b83-a0df-4784300f0c10,9cf699cb-8431-41f8-80f5-281ea9e81f62,2026-05-24 08:30:00+00:00,probability_v2_features_v1,label_v2,probability_v1,historical_reconstructible_v1,-0.0987766198459487,-0.15633810224997524,0.0008999874237565452,0.004953685464791623,0.003760975402843748,19.16099214878214,0.035478547854785436,-0.09712062231443669,0.4580838323353398,-0.4111384994140985,,,,,,,,,False,True,True,False,False,True,True,True,True,True,False,True,False,False,True,1.5736434108527515,True,0.0025466893039049663,1.374045801526798,True,True,False,False,True,True,True,True
2026-05-24 08:30:00+00:00,2H,2.0,BACKTEST,ETHUSD,NORMAL_RANGE,84a16526-f4cf-42d7-bf0e-01b1f5936aee,9cf699cb-8431-41f8-80f5-281ea9e81f62,2026-05-24 08:30:00+00:00,probability_v2_features_v1,label_v2,probability_v1,historical_reconstructible_v1,-0.0987766198459487,-0.15633810224997524,0.0008999874237565452,0.004953685464791623,0.003760975402843748,19.16099214878214,0.035478547854785436,-0.09712062231443669,0.4580838323353398,-0.4111384994140985,,,,,,,,,False,True,False,False,False,True,True,True,True,True,False,True,True,False,False,5.6705426356590225,True,0.006107338238068418,2.3333333333334974,True,True,False,False,True,True,True,True
2026-05-24 08:30:00+00:00,4H,4.0,BACKTEST,ETHUSD,NORMAL_RANGE,2ce15f7b-17d2-4855-8aad-baeed9b6fdb0,9cf699cb-8431-41f8-80f5-281ea9e81f62,2026-05-24 08:30:00+00:00,probability_v2_features_v1,label_v2,probability_v1,historical_reconstructible_v1,-0.0987766198459487,-0.15633810224997524,0.0008999874237565452,0.004953685464791623,0.003760975402843748,19.16099214878214,0.035478547854785436,-0.09712062231443669,0.4580838323353398,-0.4111384994140985,,,,,,,,,False,True,False,False,True,True,True,True,True,True,False,True,True,False,False,5.6705426356590225,True,0.006437464629315266,1.7366412213740292,True,True,False,False,True,True,True,True
2026-05-24 08:30:00+00:00,8H,8.0,BACKTEST,ETHUSD,NORMAL_RANGE,3e18f81a-5519-4d7f-ae51-284ac8952ee8,9cf699cb-8431-41f8-80f5-281ea9e81f62,2026-05-24 08:30:00+00:00,probability_v2_features_v1,label_v2,probability_v1,historical_reconstructible_v1,-0.0987766198459487,-0.15633810224997524,0.0008999874237565452,0.004953685464791623,0.003760975402843748,19.16099214878214,0.035478547854785436,-0.09712062231443669,0.4580838323353398,-0.4111384994140985,,,,,,,,,True,True,True,False,True,True,True,True,True,True,False,True,False,False,True,23.007751937984136,True,0.024924542539143515,4.756975697569694,True,False,False,False,True,True,True,True
2026-05-24 08:30:00+00:00,12H,12.0,BACKTEST,ETHUSD,NORMAL_RANGE,9034194e-3e7e-44c5-bd81-25a6447a348f,9cf699cb-8431-41f8-80f5-281ea9e81f62,2026-05-24 08:30:00+00:00,probability_v2_features_v1,label_v2,probability_v1,historical_reconstructible_v1,-0.0987766198459487,-0.15633810224997524,0.0008999874237565452,0.004953685464791623,0.003760975402843748,19.16099214878214,0.035478547854785436,-0.09712062231443669,0.4580838323353398,-0.4111384994140985,,,,,,,,,True,True,True,False,True,True,True,True,True,True,False,True,False,False,True,23.007751937984136,True,0.024924542539143515,3.8831741366641745,True,False,False,False,True,True,True,True
2026-05-24 08:30:00+00:00,24H,24.0,BACKTEST,ETHUSD,NORMAL_RANGE,c66c33e7-ad9c-4621-924d-23f06a52fa8d,9cf699cb-8431-41f8-80f5-281ea9e81f62,2026-05-24 08:30:00+00:00,probability_v2_features_v1,label_v2,probability_v1,historical_reconstructible_v1,-0.0987766198459487,-0.15633810224997524,0.0008999874237565452,0.004953685464791623,0.003760975402843748,19.16099214878214,0.035478547854785436,-0.09712062231443669,0.4580838323353398,-0.4111384994140985,,,,,,,,,True,True,True,False,True,True,True,True,True,True,False,True,False,False,True,32.15116279069745,True,0.032871156385587755,3.620779220779235,True,True,False,False,True,True,True,True
2026-05-24 09:00:00+00:00,1H,1.0,BACKTEST,ETHUSD,NORMAL_RANGE,2c5953db-9b4b-4102-af7d-3ec63208c866,f5379ef2-ea8a-484a-b7a9-43faec65d76d,2026-05-24 09:00:00+00:00,probability_v2_features_v1,label_v2,probability_v1,historical_reconstructible_v1,-0.11339221771305692,-0.05958599152399148,0.0007984267453294252,0.002268905345873335,0.003188607802419582,16.36381948762929,0.014818140996856981,-0.8879895764894331,0.3592814371257524,0.12157114926007918,,,,,,,,,False,True,False,False,False,True,True,True,True,True,False,True,True,False,False,2.6510638297870233,True,0.0027846607669616947,1.648044692737489,True,False,False,False,True,True,False,True
2026-05-24 09:00:00+00:00,2H,2.0,BACKTEST,ETHUSD,NORMAL_RANGE,b835e623-c17f-4b72-ac12-1d9064e4b053,f5379ef2-ea8a-484a-b7a9-43faec65d76d,2026-05-24 09:00:00+00:00,probability_v2_features_v1,label_v2,probability_v1,historical_reconstructible_v1,-0.11339221771305692,-0.05958599152399148,0.0007984267453294252,0.002268905345873335,0.003188607802419582,16.36381948762929,0.014818140996856981,-0.8879895764894331,0.3592814371257524,0.12157114926007918,,,,,,,,,False,True,False,False,False,True,True,True,True,True,False,True,True,False,False,6.85106382978697,True,0.006112094395280365,2.5542406311639083,True,True,False,False,True,True,False,True
2026-05-24 09:00:00+00:00,4H,4.0,BACKTEST,ETHUSD,NORMAL_RANGE,0bc9c366-c35a-4055-bc97-83631d1696a8,f5379ef2-ea8a-484a-b7a9-43faec65d76d,2026-05-24 09:00:00+00:00,probability_v2_features_v1,label_v2,probability_v1,historical_reconstructible_v1,-0.11339221771305692,-0.05958599152399148,0.0007984267453294252,0.002268905345873335,0.003188607802419582,16.36381948762929,0.014818140996856981,-0.8879895764894331,0.3592814371257524,0.12157114926007918,,,,,,,,,False,True,False,False,False,True,True,True,True,True,False,True,True,False,False,6.85106382978697,True,0.007056047197640246,2.0879888268155904,True,True,False,False,True,True,True,True
2026-05-24 09:00:00+00:00,8H,8.0,BACKTEST,ETHUSD,NORMAL_RANGE,bae19d4b-15dc-47b5-b0ca-eb5ae5ee0897,f5379ef2-ea8a-484a-b7a9-43faec65d76d,2026-05-24 09:00:00+00:00,probability_v2_features_v1,label_v2,probability_v1,historical_reconstructible_v1,-0.11339221771305692,-0.05958599152399148,0.0007984267453294252,0.002268905345873335,0.003188607802419582,16.36381948762929,0.014818140996856981,-0.8879895764894331,0.3592814371257524,0.12157114926007918,,,,,,,,,True,True,True,False,True,True,True,True,True,True,False,True,False,False,True,24.634042553190483,True,0.02494395280235984,5.222332015810324,True,True,False,False,True,True,True,True
2026-05-24 09:00:00+00:00,12H,12.0,BACKTEST,ETHUSD,NORMAL_RANGE,26bfaa24-145c-4007-b166-7201d1b045ef,f5379ef2-ea8a-484a-b7a9-43faec65d76d,2026-05-24 09:00:00+00:00,probability_v2_features_v1,label_v2,probability_v1,historical_reconstructible_v1,-0.11339221771305692,-0.05958599152399148,0.0007984267453294252,0.002268905345873335,0.003188607802419582,16.36381948762929,0.014818140996856981,-0.8879895764894331,0.3592814371257524,0.12157114926007918,,,,,,,,,True,True,True,False,True,True,True,True,True,True,False,True,False,False,True,24.634042553190483,True,0.02494395280235984,4.265536723163878,True,False,False,False,True,True,True,True
2026-05-24 09:00:00+00:00,24H,24.0,BACKTEST,ETHUSD,NORMAL_RANGE,6036c8fe-3987-49e1-bcea-026e177a7372,f5379ef2-ea8a-484a-b7a9-43faec65d76d,2026-05-24 09:00:00+00:00,probability_v2_features_v1,label_v2,probability_v1,historical_reconstructible_v1,-0.11339221771305692,-0.05958599152399148,0.0007984267453294252,0.002268905345873335,0.003188607802419582,16.36381948762929,0.014818140996856981,-0.8879895764894331,0.3592814371257524,0.12157114926007918,,,,,,,,,True,True,True,False,True,True,True,True,True,True,False,True,False,False,True,34.672340425530734,True,0.03289675516224202,3.9760410724473068,True,True,False,False,True,True,True,True
2026-05-24 09:30:00+00:00,1H,1.0,BACKTEST,ETHUSD,NORMAL_RANGE,d69c5e2b-7949-4ccf-b055-85b6ae83360a,c7fe55e2-d408-4cfd-a98a-4fd578953894,2026-05-24 09:30:00+00:00,probability_v2_features_v1,label_v2,probability_v1,historical_reconstructible_v1,-0.09439884113953914,-0.0425961840565552,0.0008531282680316648,0.0020766261199069674,0.003509392577917739,19.369289400043392,0.020568927789932984,-0.4672688311613934,0.41317365269462075,-0.8101605260925234,,,,,,,,,False,True,False,False,True,True,True,True,True,True,False,True,True,False,False,5.53672316384177,True,0.005967966409548789,3.1311881188119317,True,False,False,False,True,True,True,True
2026-05-24 09:30:00+00:00,2H,2.0,BACKTEST,ETHUSD,NORMAL_RANGE,4491f671-955b-4f45-8ce2-a11bcc0b0dce,c7fe55e2-d408-4cfd-a98a-4fd578953894,2026-05-24 09:30:00+00:00,probability_v2_features_v1,label_v2,probability_v1,historical_reconstructible_v1,-0.09439884113953914,-0.0425961840565552,0.0008531282680316648,0.0020766261199069674,0.003509392577917739,19.369289400043392,0.020568927789932984,-0.4672688311613934,0.41317365269462075,-0.8101605260925234,,,,,,,,,False,True,False,False,True,True,True,True,True,True,False,True,True,False,False,5.53672316384177,True,0.005967966409548789,2.211538461538379,True,True,False,False,True,True,True,True
2026-05-24 09:30:00+00:00,4H,4.0,BACKTEST,ETHUSD,NORMAL_RANGE,87c7a4fd-ccc7-4445-94d6-5fd28d413d64,c7fe55e2-d408-4cfd-a98a-4fd578953894,2026-05-24 09:30:00+00:00,probability_v2_features_v1,label_v2,probability_v1,historical_reconstructible_v1,-0.09439884113953914,-0.0425961840565552,0.0008531282680316648,0.0020766261199069674,0.003509392577917739,19.369289400043392,0.020568927789932984,-0.4672688311613934,0.41317365269462075,-0.8101605260925234,,,,,,,,,False,True,True,False,False,True,True,True,True,True,False,True,False,False,True,5.53672316384177,True,0.0076427712122285624,2.0024721878862772,True,True,False,False,True,True,True,True
2026-05-24 09:30:00+00:00,8H,8.0,BACKTEST,ETHUSD,NORMAL_RANGE,b01ef308-0dfd-45ad-a178-f72df400f65f,c7fe55e2-d408-4cfd-a98a-4fd578953894,2026-05-24 09:30:00+00:00,probability_v2_features_v1,label_v2,probability_v1,historical_reconstructible_v1,-0.09439884113953914,-0.0425961840565552,0.0008531282680316648,0.0020766261199069674,0.003509392577917739,19.369289400043392,0.020568927789932984,-0.4672688311613934,0.41317365269462075,-0.8101605260925234,,,,,,,,,True,True,True,False,False,True,True,True,True,True,False,True,False,False,True,22.331450094161756,True,0.024933361639893334,4.619755244755399,True,False,False,False,True,True,True,True
2026-05-24 09:30:00+00:00,12H,12.0,BACKTEST,ETHUSD,NORMAL_RANGE,4ca4a117-e3ff-4888-93c9-e6070ae0907e,c7fe55e2-d408-4cfd-a98a-4fd578953894,2026-05-24 09:30:00+00:00,probability_v2_features_v1,label_v2,probability_v1,historical_reconstructible_v1,-0.09439884113953914,-0.0425961840565552,0.0008531282680316648,0.0020766261199069674,0.003509392577917739,19.369289400043392,0.020568927789932984,-0.4672688311613934,0.41317365269462075,-0.8101605260925234,,,,,,,,,True,True,True,False,False,True,True,True,True,True,False,True,False,False,True,22.331450094161756,True,0.024933361639893334,3.77230549607429,True,False,False,False,True,True,True,True
2026-05-24 09:30:00+00:00,24H,24.0,BACKTEST,ETHUSD,NORMAL_RANGE,b6943877-0651-4d45-a1c2-a5c2c309048a,c7fe55e2-d408-4cfd-a98a-4fd578953894,2026-05-24 09:30:00+00:00,probability_v2_features_v1,label_v2,probability_v1,historical_reconstructible_v1,-0.09439884113953914,-0.0425961840565552,0.0008531282680316648,0.0020766261199069674,0.003509392577917739,19.369289400043392,0.020568927789932984,-0.4672688311613934,0.41317365269462075,-0.8101605260925234,,,,,,,,,True,True,True,False,False,True,True,True,True,True,False,True,False,False,True,31.216572504708026,True,0.03288278725261259,3.51842503785969,True,True,False,False,True,True,True,True
2026-05-24 10:00:00+00:00,1H,1.0,BACKTEST,ETHUSD,NORMAL_RANGE,cd470ec2-14e5-4e0b-9be1-a4bde18d7263,949274ca-a42c-459f-8d24-e10e8f8f11b5,2026-05-24 10:00:00+00:00,probability_v2_features_v1,label_v2,probability_v1,historical_reconstructible_v1,-0.08978702807357217,-0.05751087814984032,0.0010987412631396447,0.0023332280542633105,0.0038480582867652,24.756468496579497,0.021949078138717718,-0.37742694772147445,0.4251497005988016,0.22942383870048993,,,,,,,,,False,True,False,False,False,True,True,True,True,True,False,True,True,False,False,3.963993453355292,True,0.00596740335401094,2.714592274678216,True,True,False,False,True,True,True,True
2026-05-24 10:00:00+00:00,2H,2.0,BACKTEST,ETHUSD,NORMAL_RANGE,1123ecbf-ab84-45a9-927a-58a91ac07d18,949274ca-a42c-459f-8d24-e10e8f8f11b5,2026-05-24 10:00:00+00:00,probability_v2_features_v1,label_v2,probability_v1,historical_reconstructible_v1,-0.08978702807357217,-0.05751087814984032,0.0010987412631396447,0.0023332280542633105,0.0038480582867652,24.756468496579497,0.021949078138717718,-0.37742694772147445,0.4251497005988016,0.22942383870048993,,,,,,,,,False,True,False,False,False,True,True,True,True,True,False,True,True,False,False,3.963993453355292,True,0.00596740335401094,1.9224924012158406,True,False,False,False,True,True,True,True
2026-05-24 10:00:00+00:00,4H,4.0,BACKTEST,ETHUSD,NORMAL_RANGE,f153857b-9fb0-4313-a94e-879e104c3a6f,949274ca-a42c-459f-8d24-e10e8f8f11b5,2026-05-24 10:00:00+00:00,probability_v2_features_v1,label_v2,probability_v1,historical_reconstructible_v1,-0.08978702807357217,-0.05751087814984032,0.0010987412631396447,0.0023332280542633105,0.0038480582867652,24.756468496579497,0.021949078138717718,-0.37742694772147445,0.4251497005988016,0.22942383870048993,,,,,,,,,False,True,True,False,False,True,True,True,True,True,False,True,False,False,True,8.019639934533743,True,0.012335778474892135,2.811827956989202,True,False,False,False,True,True,True,True
2026-05-24 10:00:00+00:00,8H,8.0,BACKTEST,ETHUSD,NORMAL_RANGE,50b45660-7337-4d5f-be7b-6f9edc3d58ee,949274ca-a42c-459f-8d24-e10e8f8f11b5,2026-05-24 10:00:00+00:00,probability_v2_features_v1,label_v2,probability_v1,historical_reconstructible_v1,-0.08978702807357217,-0.05751087814984032,0.0010987412631396447,0.0023332280542633105,0.0038480582867652,24.756468496579497,0.021949078138717718,-0.37742694772147445,0.4251497005988016,0.22942383870048993,,,,,,,,,True,True,True,False,False,True,True,True,True,True,False,True,False,False,True,20.25531914893657,True,0.024931009269523744,4.015957446808548,True,True,False,False,True,True,True,True
2026-05-24 10:00:00+00:00,12H,12.0,BACKTEST,ETHUSD,NORMAL_RANGE,09cda007-d0ae-4500-bd58-0217190aaebb,949274ca-a42c-459f-8d24-e10e8f8f11b5,2026-05-24 10:00:00+00:00,probability_v2_features_v1,label_v2,probability_v1,historical_reconstructible_v1,-0.08978702807357217,-0.05751087814984032,0.0010987412631396447,0.0023332280542633105,0.0038480582867652,24.756468496579497,0.021949078138717718,-0.37742694772147445,0.4251497005988016,0.22942383870048993,,,,,,,,,True,True,True,False,False,True,True,True,True,True,False,True,False,False,True,27.977086743044943,True,0.03287968488336452,4.323821339950419,True,False,True,True,True,True,True,True
2026-05-24 10:00:00+00:00,24H,24.0,BACKTEST,ETHUSD,NORMAL_RANGE,9ed93810-2b11-4e75-b9a6-6bc1ed534e60,949274ca-a42c-459f-8d24-e10e8f8f11b5,2026-05-24 10:00:00+00:00,probability_v2_features_v1,label_v2,probability_v1,historical_reconstructible_v1,-0.08978702807357217,-0.05751087814984032,0.0010987412631396447,0.0023332280542633105,0.0038480582867652,24.756468496579497,0.021949078138717718,-0.37742694772147445,0.4251497005988016,0.22942383870048993,,,,,,,,,True,False,True,False,False,True,True,True,True,True,False,True,False,True,False,27.977086743044943,True,0.03287968488336452,3.058358929354997,True,True,False,False,True,True,True,True
2026-05-24 10:30:00+00:00,1H,1.0,BACKTEST,ETHUSD,VOLATILITY_EXPANSION,7a389c29-01f1-4fae-b799-24f307229e8f,285d07bb-7650-4305-9ed0-58881b02c527,2026-05-24 10:30:00+00:00,probability_v2_features_v1,label_v2,probability_v1,historical_reconstructible_v1,-0.035664007508212074,-0.07182126001317637,0.0015035881974215122,0.002774961918447427,0.0051486483619329546,26.68801374306357,0.02647837599293842,0.8213537059703416,0.5482093663911718,1.9553490972735936,,,,,,,,,False,True,True,False,False,True,True,True,True,True,False,True,False,False,True,1.857142857142832,True,0.003863004663871399,1.2220566318926638,True,True,False,False,True,False,True,True
2026-05-24 10:30:00+00:00,2H,2.0,BACKTEST,ETHUSD,VOLATILITY_EXPANSION,ea0c2f08-edd8-4d3a-992e-ce17189f3b82,285d07bb-7650-4305-9ed0-58881b02c527,2026-05-24 10:30:00+00:00,probability_v2_features_v1,label_v2,probability_v1,historical_reconstructible_v1,-0.035664007508212074,-0.07182126001317637,0.0015035881974215122,0.002774961918447427,0.0051486483619329546,26.68801374306357,0.02647837599293842,0.8213537059703416,0.5482093663911718,1.9553490972735936,,,,,,,,,False,False,True,False,False,True,True,True,True,True,False,True,False,True,False,2.2539682539682295,True,0.004451877326046931,0.994736842105244,False,False,False,False,True,False,True,True
2026-05-24 10:30:00+00:00,4H,4.0,BACKTEST,ETHUSD,VOLATILITY_EXPANSION,30fd413a-be84-4cda-bf29-8dd91052b146,285d07bb-7650-4305-9ed0-58881b02c527,2026-05-24 10:30:00+00:00,probability_v2_features_v1,label_v2,probability_v1,historical_reconstructible_v1,-0.035664007508212074,-0.07182126001317637,0.0015035881974215122,0.002774961918447427,0.0051486483619329546,26.68801374306357,0.02647837599293842,0.8213537059703416,0.5482093663911718,1.9553490972735936,,,,,,,,,True,False,True,False,False,True,True,True,True,True,False,True,False,True,False,14.69841269841264,True,0.022918924011871504,3.6224869694713497,True,False,False,False,True,False,True,True
2026-05-24 10:30:00+00:00,8H,8.0,BACKTEST,ETHUSD,VOLATILITY_EXPANSION,d187d8a4-a164-4802-bf7e-ac98762f8065,285d07bb-7650-4305-9ed0-58881b02c527,2026-05-24 10:30:00+00:00,probability_v2_features_v1,label_v2,probability_v1,historical_reconstructible_v1,-0.035664007508212074,-0.07182126001317637,0.0015035881974215122,0.002774961918447427,0.0051486483619329546,26.68801374306357,0.02647837599293842,0.8213537059703416,0.5482093663911718,1.9553490972735936,,,,,,,,,True,False,True,False,False,True,True,True,True,True,False,True,False,True,False,14.69841269841264,True,0.022918924011871504,2.5618746708794204,True,False,False,False,True,False,True,True
2026-05-24 10:30:00+00:00,12H,12.0,BACKTEST,ETHUSD,VOLATILITY_EXPANSION,5d6fcb16-91a5-4133-b321-ffdd9e5584de,285d07bb-7650-4305-9ed0-58881b02c527,2026-05-24 10:30:00+00:00,probability_v2_features_v1,label_v2,probability_v1,historical_reconstructible_v1,-0.035664007508212074,-0.07182126001317637,0.0015035881974215122,0.002774961918447427,0.0051486483619329546,26.68801374306357,0.02647837599293842,0.8213537059703416,0.5482093663911718,1.9553490972735936,,,,,,,,,True,False,True,False,False,True,True,True,True,True,False,True,False,True,False,20.047619047619115,True,0.030856927497997837,2.815993121238206,True,False,False,False,True,False,True,True
2026-05-24 10:30:00+00:00,24H,24.0,BACKTEST,ETHUSD,VOLATILITY_EXPANSION,6d58897e-ddc3-4b89-b4d7-5d85d7ecdf72,285d07bb-7650-4305-9ed0-58881b02c527,2026-05-24 10:30:00+00:00,probability_v2_features_v1,label_v2,probability_v1,historical_reconstructible_v1,-0.035664007508212074,-0.07182126001317637,0.0015035881974215122,0.002774961918447427,0.0051486483619329546,26.68801374306357,0.02647837599293842,0.8213537059703416,0.5482093663911718,1.9553490972735936,,,,,,,,,True,False,True,False,False,True,True,True,True,True,False,True,False,True,False,20.047619047619115,True,0.030856927497997837,1.9908814589665598,True,True,False,False,True,False,True,True
2026-05-24 11:00:00+00:00,1H,1.0,BACKTEST,ETHUSD,VOLATILITY_EXPANSION,f81bdb22-ca5d-40bc-8b55-e90cedbbd13d,69c9979b-12b9-4a91-930f-2bae563cdf6b,2026-05-24 11:00:00+00:00,probability_v2_features_v1,label_v2,probability_v1,historical_reconstructible_v1,-0.003593675131772428,-0.057249342367772516,0.001420945203328616,0.002542763326677263,0.00530393929464675,24.844930249577036,0.028597367226509636,0.9940864058688458,0.5647382920110164,3.635142395467607,,,,,,,,,False,True,False,False,False,True,True,True,True,True,False,True,True,False,False,1.9083023543990132,True,0.002637776731040937,0.9105691056910287,False,False,False,False,True,True,False,True
2026-05-24 11:00:00+00:00,2H,2.0,BACKTEST,ETHUSD,VOLATILITY_EXPANSION,0e63451d-6bfa-4906-809a-c59254f5837f,69c9979b-12b9-4a91-930f-2bae563cdf6b,2026-05-24 11:00:00+00:00,probability_v2_features_v1,label_v2,probability_v1,historical_reconstructible_v1,-0.003593675131772428,-0.057249342367772516,0.001420945203328616,0.002542763326677263,0.00530393929464675,24.844930249577036,0.028597367226509636,0.9940864058688458,0.5647382920110164,3.635142395467607,,,,,,,,,False,False,True,False,True,True,True,True,True,True,False,True,False,True,False,1.9083023543990132,True,0.005063589260480453,1.2370540851553433,True,False,False,False,True,True,True,True
2026-05-24 11:00:00+00:00,4H,4.0,BACKTEST,ETHUSD,VOLATILITY_EXPANSION,acf34cdb-635c-42c7-9ad7-32cdc042ce76,69c9979b-12b9-4a91-930f-2bae563cdf6b,2026-05-24 11:00:00+00:00,probability_v2_features_v1,label_v2,probability_v1,historical_reconstructible_v1,-0.003593675131772428,-0.057249342367772516,0.001420945203328616,0.002542763326677263,0.00530393929464675,24.844930249577036,0.028597367226509636,0.9940864058688458,0.5647382920110164,3.635142395467607,,,,,,,,,True,False,True,False,True,True,True,True,True,True,False,True,False,True,False,14.971499380421221,True,0.02291568535091834,3.9585028478437576,True,False,False,False,True,True,True,True
2026-05-24 11:00:00+00:00,8H,8.0,BACKTEST,ETHUSD,VOLATILITY_EXPANSION,ca379518-e202-4e4c-9857-5a3e909df23a,69c9979b-12b9-4a91-930f-2bae563cdf6b,2026-05-24 11:00:00+00:00,probability_v2_features_v1,label_v2,probability_v1,historical_reconstructible_v1,-0.003593675131772428,-0.057249342367772516,0.001420945203328616,0.002542763326677263,0.00530393929464675,24.844930249577036,0.028597367226509636,0.9940864058688458,0.5647382920110164,3.635142395467607,,,,,,,,,True,False,True,False,True,True,True,True,True,True,False,True,False,True,False,14.971499380421221,True,0.02291568535091834,2.7991944764096277,True,False,False,False,True,True,True,True
2026-05-24 11:00:00+00:00,12H,12.0,BACKTEST,ETHUSD,VOLATILITY_EXPANSION,0cc3e927-8226-4ce7-9ab3-d2b790c6e1b9,69c9979b-12b9-4a91-930f-2bae563cdf6b,2026-05-24 11:00:00+00:00,probability_v2_features_v1,label_v2,probability_v1,historical_reconstructible_v1,-0.003593675131772428,-0.057249342367772516,0.001420945203328616,0.002542763326677263,0.00530393929464675,24.844930249577036,0.028597367226509636,0.9940864058688458,0.5647382920110164,3.635142395467607,,,,,,,,,True,False,True,False,True,True,True,True,True,True,False,True,False,True,False,20.817843866171053,True,0.030852567121997174,3.0780075187969635,True,False,False,False,True,True,True,True
2026-05-24 11:00:00+00:00,24H,24.0,BACKTEST,ETHUSD,VOLATILITY_EXPANSION,7d35df3d-9915-455d-9bf0-8ead05c54864,69c9979b-12b9-4a91-930f-2bae563cdf6b,2026-05-24 11:00:00+00:00,probability_v2_features_v1,label_v2,probability_v1,historical_reconstructible_v1,-0.003593675131772428,-0.057249342367772516,0.001420945203328616,0.002542763326677263,0.00530393929464675,24.844930249577036,0.028597367226509636,0.9940864058688458,0.5647382920110164,3.635142395467607,,,,,,,,,True,False,True,False,True,True,True,True,True,True,False,True,False,True,False,20.817843866171053,True,0.030852567121997174,2.1760797342192757,True,True,False,False,True,True,True,True
2026-05-24 11:30:00+00:00,1H,1.0,BACKTEST,ETHUSD,NORMAL_RANGE,72cc23ea-15f9-421f-afb7-eeb50d633192,a06a1c17-5b9e-4d87-abdc-90db4c754579,2026-05-24 11:30:00+00:00,probability_v2_features_v1,label_v2,probability_v1,historical_reconstructible_v1,0.01918067724366241,-0.06007182060780279,0.0010034493571652342,0.003972438036496636,0.00507041324339159,17.93349746482846,0.04136690647481889,2.279425998763018,0.7300275482093628,-0.6071197619185567,,,,,0.0,,,,False,False,True,False,False,True,True,True,True,True,False,True,False,True,False,2.2725118483412117,True,0.004256820319849568,1.407465007776114,True,False,True,True,True,False,True,True
2026-05-24 11:30:00+00:00,2H,2.0,BACKTEST,ETHUSD,NORMAL_RANGE,184ffe34-254a-4e47-a0a7-5e093359978e,a06a1c17-5b9e-4d87-abdc-90db4c754579,2026-05-24 11:30:00+00:00,probability_v2_features_v1,label_v2,probability_v1,historical_reconstructible_v1,0.01918067724366241,-0.06007182060780279,0.0010034493571652342,0.003972438036496636,0.00507041324339159,17.93349746482846,0.04136690647481889,2.279425998763018,0.7300275482093628,-0.6071197619185567,,,,,0.0,,,,False,False,True,False,False,True,True,True,True,True,False,True,False,True,False,3.1184834123223184,True,0.005456255879586249,1.2761276127612957,True,False,True,True,True,False,True,True
2026-05-24 11:30:00+00:00,4H,4.0,BACKTEST,ETHUSD,NORMAL_RANGE,a62f2041-c9b6-4329-86b8-d319bd858851,a06a1c17-5b9e-4d87-abdc-90db4c754579,2026-05-24 11:30:00+00:00,probability_v2_features_v1,label_v2,probability_v1,historical_reconstructible_v1,0.01918067724366241,-0.06007182060780279,0.0010034493571652342,0.003972438036496636,0.00507041324339159,17.93349746482846,0.04136690647481889,2.279425998763018,0.7300275482093628,-0.6071197619185567,,,,,0.0,,,,True,False,True,False,False,True,True,True,True,True,False,True,False,True,False,15.277251184834098,True,0.022695202257761053,3.7519440124416423,True,False,False,False,True,False,True,True
2026-05-24 11:30:00+00:00,8H,8.0,BACKTEST,ETHUSD,NORMAL_RANGE,27c28454-4875-4af9-a0e7-c919c07d01d6,a06a1c17-5b9e-4d87-abdc-90db4c754579,2026-05-24 11:30:00+00:00,probability_v2_features_v1,label_v2,probability_v1,historical_reconstructible_v1,0.01918067724366241,-0.06007182060780279,0.0010034493571652342,0.003972438036496636,0.00507041324339159,17.93349746482846,0.04136690647481889,2.279425998763018,0.7300275482093628,-0.6071197619185567,,,,,0.0,,,,True,False,True,False,False,True,True,True,True,True,False,True,False,True,False,15.277251184834098,True,0.022695202257761053,2.6554760594386244,True,False,False,False,True,False,True,True
2026-05-24 11:30:00+00:00,12H,12.0,BACKTEST,ETHUSD,NORMAL_RANGE,fec6ffab-32bc-4fe8-80a6-06f1ebcffd14,a06a1c17-5b9e-4d87-abdc-90db4c754579,2026-05-24 11:30:00+00:00,probability_v2_features_v1,label_v2,probability_v1,historical_reconstructible_v1,0.01918067724366241,-0.06007182060780279,0.0010034493571652342,0.003972438036496636,0.00507041324339159,17.93349746482846,0.04136690647481889,2.279425998763018,0.7300275482093628,-0.6071197619185567,,,,,0.0,,,,True,False,True,False,False,True,True,True,True,True,False,True,False,True,False,20.867298578199172,True,0.030620884289746172,2.923215087561761,True,False,False,False,True,False,True,True
2026-05-24 11:30:00+00:00,24H,24.0,BACKTEST,ETHUSD,NORMAL_RANGE,e380b1b4-0851-4f51-9a8a-310583795914,a06a1c17-5b9e-4d87-abdc-90db4c754579,2026-05-24 11:30:00+00:00,probability_v2_features_v1,label_v2,probability_v1,historical_reconstructible_v1,0.01918067724366241,-0.06007182060780279,0.0010034493571652342,0.003972438036496636,0.00507041324339159,17.93349746482846,0.04136690647481889,2.279425998763018,0.7300275482093628,-0.6071197619185567,,,,,0.0,,,,True,False,True,False,False,True,True,True,True,True,False,True,False,True,False,20.867298578199172,True,0.030620884289746172,2.0679796696315225,True,True,False,False,True,False,True,True
2026-05-24 12:00:00+00:00,1H,1.0,BACKTEST,ETHUSD,NORMAL_RANGE,c5d4e82f-aaa8-48f6-a38a-237f29878459,1935c214-8be6-4ea2-96be-fe4e47796663,2026-05-24 12:00:00+00:00,probability_v2_features_v1,label_v2,probability_v1,historical_reconstructible_v1,0.017827430473019403,-0.0791489169295675,0.0011188580581335092,0.0034121846341894323,0.005392536635104236,19.257507389739907,0.018097447795821824,0.6273721294140747,0.5482093663911718,0.5649124184692832,,,,,,,,,False,True,True,False,False,True,True,True,True,True,False,True,False,False,True,4.000000000000141,True,0.004498987139021144,1.9489795918369166,True,False,False,False,True,False,True,True
2026-05-24 12:00:00+00:00,2H,2.0,BACKTEST,ETHUSD,NORMAL_RANGE,3a38a850-aed6-42e9-b7e6-06b6c9cc57cc,1935c214-8be6-4ea2-96be-fe4e47796663,2026-05-24 12:00:00+00:00,probability_v2_features_v1,label_v2,probability_v1,historical_reconstructible_v1,0.017827430473019403,-0.0791489169295675,0.0011188580581335092,0.0034121846341894323,0.005392536635104236,19.257507389739907,0.018097447795821824,0.6273721294140747,0.5482093663911718,0.5649124184692832,,,,,,,,,True,False,True,False,False,True,True,True,True,True,False,True,False,True,False,8.869565217391393,True,0.009775286192113819,2.994227994228065,True,False,False,False,True,False,True,True
2026-05-24 12:00:00+00:00,4H,4.0,BACKTEST,ETHUSD,NORMAL_RANGE,4f5a272f-c669-4cc4-979d-0a01d2358d27,1935c214-8be6-4ea2-96be-fe4e47796663,2026-05-24 12:00:00+00:00,probability_v2_features_v1,label_v2,probability_v1,historical_reconstructible_v1,0.017827430473019403,-0.0791489169295675,0.0011188580581335092,0.0034121846341894323,0.005392536635104236,19.257507389739907,0.018097447795821824,0.6273721294140747,0.5482093663911718,0.5649124184692832,,,,,,,,,True,False,True,False,False,True,True,True,True,True,False,True,False,True,False,20.478260869565293,True,0.02235360625618308,4.8418367346939934,True,False,False,False,True,False,True,True
2026-05-24 12:00:00+00:00,8H,8.0,BACKTEST,ETHUSD,NORMAL_RANGE,b6a71f32-7589-4946-9bcc-6518329f776c,1935c214-8be6-4ea2-96be-fe4e47796663,2026-05-24 12:00:00+00:00,probability_v2_features_v1,label_v2,probability_v1,historical_reconstructible_v1,0.017827430473019403,-0.0791489169295675,0.0011188580581335092,0.0034121846341894323,0.005392536635104236,19.257507389739907,0.018097447795821824,0.6273721294140747,0.5482093663911718,0.5649124184692832,,,,,,,,,True,False,True,False,False,True,True,True,True,True,False,True,False,True,False,20.478260869565293,True,0.02235360625618308,3.421052631578961,True,False,False,False,True,False,True,True
2026-05-24 12:00:00+00:00,12H,12.0,BACKTEST,ETHUSD,NORMAL_RANGE,48426a0f-acb8-40a8-8f2c-70bf2726ba35,1935c214-8be6-4ea2-96be-fe4e47796663,2026-05-24 12:00:00+00:00,probability_v2_features_v1,label_v2,probability_v1,historical_reconstructible_v1,0.017827430473019403,-0.0791489169295675,0.0011188580581335092,0.0034121846341894323,0.005392536635104236,19.257507389739907,0.018097447795821824,0.6273721294140747,0.5482093663911718,0.5649124184692832,,,,,,,,,True,False,True,False,False,True,True,True,True,True,False,True,False,True,False,27.804347826087234,True,0.030291609742309412,3.786808009422857,True,False,False,False,True,False,True,True
2026-05-24 12:00:00+00:00,24H,24.0,BACKTEST,ETHUSD,NORMAL_RANGE,82719827-792e-4123-8947-b9cd00628b3e,1935c214-8be6-4ea2-96be-fe4e47796663,2026-05-24 12:00:00+00:00,probability_v2_features_v1,label_v2,probability_v1,historical_reconstructible_v1,0.017827430473019403,-0.0791489169295675,0.0011188580581335092,0.0034121846341894323,0.005392536635104236,19.257507389739907,0.018097447795821824,0.6273721294140747,0.5482093663911718,0.5649124184692832,,,,,,,,,True,False,True,False,False,True,True,True,True,True,False,True,False,True,False,27.804347826087234,True,0.030291609742309412,2.676935886761042,True,True,False,False,True,False,True,True
2026-05-24 12:30:00+00:00,1H,1.0,BACKTEST,ETHUSD,VOLATILITY_EXPANSION,84266d3c-4695-450c-967c-29e06478edc8,5d53996a-a81d-40a8-a06b-3b3db792e09d,2026-05-24 12:30:00+00:00,probability_v2_features_v1,label_v2,probability_v1,historical_reconstructible_v1,0.014566473988435734,-0.04461488344541941,0.001176896614158993,0.004891980698825924,0.004432855894497103,20.141828628153853,0.03058387395736538,-1.7766893196049154,0.24242424242424623,1.7590457271711513,,,,,0.0,,,,False,True,False,False,False,True,True,True,True,True,False,True,True,False,False,1.383954154727699,False,0.002833998535767423,1.1299435028248703,True,True,False,False,True,True,True,True
2026-05-24 12:30:00+00:00,2H,2.0,BACKTEST,ETHUSD,VOLATILITY_EXPANSION,76677bdb-2d82-4cc1-bef8-036b2c8d76ef,5d53996a-a81d-40a8-a06b-3b3db792e09d,2026-05-24 12:30:00+00:00,probability_v2_features_v1,label_v2,probability_v1,historical_reconstructible_v1,0.014566473988435734,-0.04461488344541941,0.001176896614158993,0.004891980698825924,0.004432855894497103,20.141828628153853,0.03058387395736538,-1.7766893196049154,0.24242424242424623,1.7590457271711513,,,,,0.0,,,,True,True,True,False,True,True,True,True,True,True,False,True,False,False,True,15.724928366761858,True,0.02014500625841326,5.6790945406123035,True,False,False,False,True,True,True,True
2026-05-24 12:30:00+00:00,4H,4.0,BACKTEST,ETHUSD,VOLATILITY_EXPANSION,1c73c919-d019-432a-838f-dfe3aea449de,5d53996a-a81d-40a8-a06b-3b3db792e09d,2026-05-24 12:30:00+00:00,probability_v2_features_v1,label_v2,probability_v1,historical_reconstructible_v1,0.014566473988435734,-0.04461488344541941,0.001176896614158993,0.004891980698825924,0.004432855894497103,20.141828628153853,0.03058387395736538,-1.7766893196049154,0.24242424242424623,1.7590457271711513,,,,,0.0,,,,True,False,True,False,True,True,True,True,True,True,False,True,False,True,False,15.724928366761858,True,0.02014500625841326,4.012229539040376,True,False,False,False,True,True,True,True
2026-05-24 12:30:00+00:00,8H,8.0,BACKTEST,ETHUSD,VOLATILITY_EXPANSION,c0d6d474-3159-42d4-9262-487666f19a93,5d53996a-a81d-40a8-a06b-3b3db792e09d,2026-05-24 12:30:00+00:00,probability_v2_features_v1,label_v2,probability_v1,historical_reconstructible_v1,0.014566473988435734,-0.04461488344541941,0.001176896614158993,0.004891980698825924,0.004432855894497103,20.141828628153853,0.03058387395736538,-1.7766893196049154,0.24242424242424623,1.7590457271711513,,,,,0.0,,,,True,False,True,False,True,True,True,True,True,True,False,True,False,True,False,15.724928366761858,True,0.02014500625841326,2.8357712765957275,True,False,False,False,True,True,True,True
2026-05-24 12:30:00+00:00,12H,12.0,BACKTEST,ETHUSD,VOLATILITY_EXPANSION,26fed4c1-a251-4c1d-8fe7-22b6106e731a,5d53996a-a81d-40a8-a06b-3b3db792e09d,2026-05-24 12:30:00+00:00,probability_v2_features_v1,label_v2,probability_v1,historical_reconstructible_v1,0.014566473988435734,-0.04461488344541941,0.001176896614158993,0.004891980698825924,0.004432855894497103,20.141828628153853,0.03058387395736538,-1.7766893196049154,0.24242424242424623,1.7590457271711513,,,,,0.0,,,,True,False,True,False,True,True,True,True,True,True,False,True,False,True,False,22.484240687678803,True,0.028103818813026947,3.2319391634981245,True,True,False,False,True,True,True,True
2026-05-24 12:30:00+00:00,24H,24.0,BACKTEST,ETHUSD,VOLATILITY_EXPANSION,de1debcd-ace5-49bf-8bb5-9f10ba79c45b,5d53996a-a81d-40a8-a06b-3b3db792e09d,2026-05-24 12:30:00+00:00,probability_v2_features_v1,label_v2,probability_v1,historical_reconstructible_v1,0.014566473988435734,-0.04461488344541941,0.001176896614158993,0.004891980698825924,0.004432855894497103,20.141828628153853,0.03058387395736538,-1.7766893196049154,0.24242424242424623,1.7590457271711513,,,,,0.0,,,,True,False,True,False,False,True,True,True,True,True,False,True,False,True,False,22.484240687678803,True,0.02954443473537547,2.4020737327189043,True,True,False,False,True,True,True,True
2026-05-24 13:00:00+00:00,1H,1.0,BACKTEST,ETHUSD,NORMAL_RANGE,309613ab-0e63-4a51-beee-ffd46b3a126e,6cf2eec3-fc7a-48c4-b2f0-124c9e1db205,2026-05-24 13:00:00+00:00,probability_v2_features_v1,label_v2,probability_v1,historical_reconstructible_v1,0.03513638465094782,-0.00023656529956221926,0.0009560003776791687,0.0054492222634551606,0.0041811813840794895,21.28941985779587,0.010999083409718367,-1.2914651820721121,0.3002754820936524,-0.41511743997171924,,,,,0.0,,,,False,False,True,False,True,True,True,True,True,True,False,True,False,True,False,6.604651162790533,True,0.007199509017089983,3.329694323143827,True,False,False,False,True,False,True,True
2026-05-24 13:00:00+00:00,2H,2.0,BACKTEST,ETHUSD,NORMAL_RANGE,6814c149-867e-46f1-8753-9781d5f9b5a1,6cf2eec3-fc7a-48c4-b2f0-124c9e1db205,2026-05-24 13:00:00+00:00,probability_v2_features_v1,label_v2,probability_v1,historical_reconstructible_v1,0.03513638465094782,-0.00023656529956221926,0.0009560003776791687,0.0054492222634551606,0.0041811813840794895,21.28941985779587,0.010999083409718367,-1.2914651820721121,0.3002754820936524,-0.41511743997171924,,,,,0.0,,,,True,False,True,False,True,True,True,True,True,True,False,True,False,True,False,19.02325581395309,True,0.01980455103389662,6.473765432098719,True,False,False,False,True,False,True,True
2026-05-24 13:00:00+00:00,4H,4.0,BACKTEST,ETHUSD,NORMAL_RANGE,2db6715f-9c2e-40b1-b321-59912f5c725d,6cf2eec3-fc7a-48c4-b2f0-124c9e1db205,2026-05-24 13:00:00+00:00,probability_v2_features_v1,label_v2,probability_v1,historical_reconstructible_v1,0.03513638465094782,-0.00023656529956221926,0.0009560003776791687,0.0054492222634551606,0.0041811813840794895,21.28941985779587,0.010999083409718367,-1.2914651820721121,0.3002754820936524,-0.41511743997171924,,,,,0.0,,,,True,False,True,False,True,True,True,True,True,True,False,True,False,True,False,19.02325581395309,True,0.01980455103389662,4.574700109051425,True,False,False,False,True,False,True,True
2026-05-24 13:00:00+00:00,8H,8.0,BACKTEST,ETHUSD,NORMAL_RANGE,e7f2bbf4-b70b-49b6-88da-7eb8197b7394,6cf2eec3-fc7a-48c4-b2f0-124c9e1db205,2026-05-24 13:00:00+00:00,probability_v2_features_v1,label_v2,probability_v1,historical_reconstructible_v1,0.03513638465094782,-0.00023656529956221926,0.0009560003776791687,0.0054492222634551606,0.0041811813840794895,21.28941985779587,0.010999083409718367,-1.2914651820721121,0.3002754820936524,-0.41511743997171924,,,,,0.0,,,,True,False,True,False,True,True,True,True,True,True,False,True,False,True,False,19.02325581395309,True,0.01980455103389662,3.2343870470315337,True,False,False,False,True,False,True,True
2026-05-24 13:00:00+00:00,12H,12.0,BACKTEST,ETHUSD,NORMAL_RANGE,1ff5f8d3-62ea-42e4-a39f-e085d4e1246d,6cf2eec3-fc7a-48c4-b2f0-124c9e1db205,2026-05-24 13:00:00+00:00,probability_v2_features_v1,label_v2,probability_v1,historical_reconstructible_v1,0.03513638465094782,-0.00023656529956221926,0.0009560003776791687,0.0054492222634551606,0.0041811813840794895,21.28941985779587,0.010999083409718367,-1.2914651820721121,0.3002754820936524,-0.41511743997171924,,,,,0.0,,,,True,False,True,False,True,True,True,True,True,True,False,True,False,True,False,26.860465116278743,True,0.027759418374091297,3.702770780856409,True,True,False,False,True,False,True,True
2026-05-24 13:00:00+00:00,24H,24.0,BACKTEST,ETHUSD,NORMAL_RANGE,08b094cd-f81b-43f6-9e98-d0fd5b39a4a5,6cf2eec3-fc7a-48c4-b2f0-124c9e1db205,2026-05-24 13:00:00+00:00,probability_v2_features_v1,label_v2,probability_v1,historical_reconstructible_v1,0.03513638465094782,-0.00023656529956221926,0.0009560003776791687,0.0054492222634551606,0.0041811813840794895,21.28941985779587,0.010999083409718367,-1.2914651820721121,0.3002754820936524,-0.41511743997171924,,,,,0.0,,,,True,False,True,False,False,True,True,True,True,True,False,True,False,True,False,26.860465116278743,True,0.029529789443867523,2.7849510240427464,True,True,False,False,True,True,True,True
2026-05-24 13:30:00+00:00,1H,1.0,BACKTEST,ETHUSD,NORMAL_RANGE,406d80d5-2e8c-48b4-938d-2cdf09a0e1d5,70a2d385-9140-4040-998c-45dd2a20dc46,2026-05-24 13:30:00+00:00,probability_v2_features_v1,label_v2,probability_v1,historical_reconstructible_v1,0.03826007743111202,0.00083597070945618,0.0009108650660622944,0.004060179374220583,0.004133147750595691,16.675198116339676,0.02009132420091158,-1.4386564060348328,0.28650137741045684,-0.19100109649710018,,,,,0.0,,,,True,False,True,False,False,True,True,True,True,True,False,True,False,True,False,18.934027777777867,True,0.019665242333388247,9.509132420091005,True,False,False,False,True,True,True,True
2026-05-24 13:30:00+00:00,2H,2.0,BACKTEST,ETHUSD,NORMAL_RANGE,1c45669a-d98a-47a8-b89a-49fa41afb49f,70a2d385-9140-4040-998c-45dd2a20dc46,2026-05-24 13:30:00+00:00,probability_v2_features_v1,label_v2,probability_v1,historical_reconstructible_v1,0.03826007743111202,0.00083597070945618,0.0009108650660622944,0.004060179374220583,0.004133147750595691,16.675198116339676,0.02009132420091158,-1.4386564060348328,0.28650137741045684,-0.19100109649710018,,,,,0.0,,,,True,False,True,False,False,True,True,True,True,True,False,True,False,True,False,18.934027777777867,True,0.019665242333388247,6.717741935483517,True,False,False,False,True,True,True,True
2026-05-24 13:30:00+00:00,4H,4.0,BACKTEST,ETHUSD,NORMAL_RANGE,0e66d37f-1a47-4b4a-8efa-82b33454fdb3,70a2d385-9140-4040-998c-45dd2a20dc46,2026-05-24 13:30:00+00:00,probability_v2_features_v1,label_v2,probability_v1,historical_reconstructible_v1,0.03826007743111202,0.00083597070945618,0.0009108650660622944,0.004060179374220583,0.004133147750595691,16.675198116339676,0.02009132420091158,-1.4386564060348328,0.28650137741045684,-0.19100109649710018,,,,,0.0,,,,True,False,True,False,False,True,True,True,True,True,False,True,False,True,False,18.934027777777867,True,0.019665242333388247,4.749144811858577,True,False,False,False,True,True,True,True
2026-05-24 13:30:00+00:00,8H,8.0,BACKTEST,ETHUSD,NORMAL_RANGE,16db23cd-d9e6-409e-ba6d-b294311d8888,70a2d385-9140-4040-998c-45dd2a20dc46,2026-05-24 13:30:00+00:00,probability_v2_features_v1,label_v2,probability_v1,historical_reconstructible_v1,0.03826007743111202,0.00083597070945618,0.0009108650660622944,0.004060179374220583,0.004133147750595691,16.675198116339676,0.02009132420091158,-1.4386564060348328,0.28650137741045684,-0.19100109649710018,,,,,0.0,,,,True,False,True,False,False,True,True,True,True,True,False,True,False,True,False,18.934027777777867,True,0.019665242333388247,3.3561643835615307,True,False,True,True,True,True,True,True
2026-05-24 13:30:00+00:00,12H,12.0,BACKTEST,ETHUSD,NORMAL_RANGE,47891e8d-f43e-48fe-8769-373d15318c16,70a2d385-9140-4040-998c-45dd2a20dc46,2026-05-24 13:30:00+00:00,probability_v2_features_v1,label_v2,probability_v1,historical_reconstructible_v1,0.03826007743111202,0.00083597070945618,0.0009108650660622944,0.004060179374220583,0.004133147750595691,16.675198116339676,0.02009132420091158,-1.4386564060348328,0.28650137741045684,-0.19100109649710018,,,,,0.0,,,,True,False,True,False,False,True,True,True,True,True,False,True,False,True,False,27.125000000000345,True,0.027621048655539555,3.851217906517432,True,True,False,False,True,True,True,True
2026-05-24 13:30:00+00:00,24H,24.0,BACKTEST,ETHUSD,NORMAL_RANGE,6f497146-dca7-4630-8686-90a18fd37c9c,70a2d385-9140-4040-998c-45dd2a20dc46,2026-05-24 13:30:00+00:00,probability_v2_features_v1,label_v2,probability_v1,historical_reconstructible_v1,0.03826007743111202,0.00083597070945618,0.0009108650660622944,0.004060179374220583,0.004133147750595691,16.675198116339676,0.02009132420091158,-1.4386564060348328,0.28650137741045684,-0.19100109649710018,,,,,0.0,,,,True,False,True,False,False,True,True,True,True,True,False,True,False,True,False,27.125000000000345,True,0.02953327510092315,2.910656119125151,True,True,False,False,True,True,True,True
2026-05-24 14:00:00+00:00,1H,1.0,BACKTEST,ETHUSD,VOLATILITY_EXPANSION,ba657ef4-fe51-4535-8b4f-2284781b684e,88b42497-90f7-482c-bab8-d97e31fb1f24,2026-05-24 14:00:00+00:00,probability_v2_features_v1,label_v2,probability_v1,historical_reconstructible_v1,0.10241092383188026,0.13296993989174896,0.0017428625628378984,0.006813689006126204,0.005593665551713044,43.21535113959498,0.1001278227524504,-4.443876787447466,0.14722753346079906,2.3411804775720357,,,,,0.0,,,,True,True,True,False,True,True,True,True,True,True,False,True,False,False,True,9.220588235294109,True,0.0161007303424072,4.68275862068963,True,True,False,False,True,False,True,True
2026-05-24 14:00:00+00:00,2H,2.0,BACKTEST,ETHUSD,VOLATILITY_EXPANSION,52818ba0-15ca-494e-a85d-17097cc18d0e,88b42497-90f7-482c-bab8-d97e31fb1f24,2026-05-24 14:00:00+00:00,probability_v2_features_v1,label_v2,probability_v1,historical_reconstructible_v1,0.10241092383188026,0.13296993989174896,0.0017428625628378984,0.006813689006126204,0.005593665551713044,43.21535113959498,0.1001278227524504,-4.443876787447466,0.14722753346079906,2.3411804775720357,,,,,0.0,,,,True,False,True,False,True,True,True,True,True,True,False,True,False,True,False,9.220588235294109,True,0.0161007303424072,3.3121951219512016,True,False,False,False,True,False,True,True
2026-05-24 14:00:00+00:00,4H,4.0,BACKTEST,ETHUSD,VOLATILITY_EXPANSION,16d46dfd-2cf0-44a9-9b20-eae9f8e1608c,88b42497-90f7-482c-bab8-d97e31fb1f24,2026-05-24 14:00:00+00:00,probability_v2_features_v1,label_v2,probability_v1,historical_reconstructible_v1,0.10241092383188026,0.13296993989174896,0.0017428625628378984,0.006813689006126204,0.005593665551713044,43.21535113959498,0.1001278227524504,-4.443876787447466,0.14722753346079906,2.3411804775720357,,,,,0.0,,,,True,False,True,False,True,True,True,True,True,True,False,True,False,True,False,9.220588235294109,True,0.0161007303424072,2.341379310344815,True,True,False,False,True,False,True,True
2026-05-24 14:00:00+00:00,8H,8.0,BACKTEST,ETHUSD,VOLATILITY_EXPANSION,0f782a41-39b8-4b04-accd-69987ec759b0,88b42497-90f7-482c-bab8-d97e31fb1f24,2026-05-24 14:00:00+00:00,probability_v2_features_v1,label_v2,probability_v1,historical_reconstructible_v1,0.10241092383188026,0.13296993989174896,0.0017428625628378984,0.006813689006126204,0.005593665551713044,43.21535113959498,0.1001278227524504,-4.443876787447466,0.14722753346079906,2.3411804775720357,,,,,0.0,,,,True,False,True,False,True,True,True,True,True,True,False,True,False,True,False,14.1764705882354,True,0.024091814474058705,2.4780487804878137,True,False,True,True,True,False,True,True
2026-05-24 14:00:00+00:00,12H,12.0,BACKTEST,ETHUSD,VOLATILITY_EXPANSION,8e928a4c-cce1-41a4-94a8-dd2d30cf7cfc,88b42497-90f7-482c-bab8-d97e31fb1f24,2026-05-24 14:00:00+00:00,probability_v2_features_v1,label_v2,probability_v1,historical_reconstructible_v1,0.10241092383188026,0.13296993989174896,0.0017428625628378984,0.006813689006126204,0.005593665551713044,43.21535113959498,0.1001278227524504,-4.443876787447466,0.14722753346079906,2.3411804775720357,,,,,0.0,,,,True,False,True,False,True,True,True,True,True,True,False,True,False,True,False,14.1764705882354,True,0.024091814474058705,2.0230983671844225,True,True,False,False,True,False,True,True
2026-05-24 14:00:00+00:00,24H,24.0,BACKTEST,ETHUSD,VOLATILITY_EXPANSION,018fc466-c753-49ae-9b6d-805ce43a3fba,88b42497-90f7-482c-bab8-d97e31fb1f24,2026-05-24 14:00:00+00:00,probability_v2_features_v1,label_v2,probability_v1,historical_reconstructible_v1,0.10241092383188026,0.13296993989174896,0.0017428625628378984,0.006813689006126204,0.005593665551713044,43.21535113959498,0.1001278227524504,-4.443876787447466,0.14722753346079906,2.3411804775720357,,,,,0.0,,,,True,False,True,False,False,True,True,True,True,True,False,True,False,True,False,14.1764705882354,True,0.029664232191975805,1.7609797297297358,True,True,False,False,True,True,True,True
2026-05-24 14:30:00+00:00,1H,1.0,BACKTEST,ETHUSD,TREND_DOWN,64608397-f2b9-48c8-b36b-7c62079d3d39,f8ef2298-f0f3-4812-9dfe-1ec8b61b6ed7,2026-05-24 14:30:00+00:00,probability_v2_features_v1,label_v2,probability_v1,historical_reconstructible_v1,0.25456739055498473,0.45253212173340923,0.003851966750188898,0.02011624236327474,0.01081172035990082,99.76437773739201,0.14323258869908237,-5.686931246551426,0.3254493850520312,0.016129570959096437,,,,,0.0,,,,False,False,False,True,False,True,True,True,True,True,True,False,False,False,False,0.793467819404374,False,0.003293163107027627,0.43505674653212995,False,True,False,False,False,False,False,True
2026-05-24 14:30:00+00:00,2H,2.0,BACKTEST,ETHUSD,TREND_DOWN,8b2ceaec-3147-4c94-b242-3a04d410c4ae,f8ef2298-f0f3-4812-9dfe-1ec8b61b6ed7,2026-05-24 14:30:00+00:00,probability_v2_features_v1,label_v2,probability_v1,historical_reconstructible_v1,0.25456739055498473,0.45253212173340923,0.003851966750188898,0.02011624236327474,0.01081172035990082,99.76437773739201,0.14323258869908237,-5.686931246551426,0.3254493850520312,0.016129570959096437,,,,,0.0,,,,False,True,False,False,False,True,True,True,True,True,False,True,True,False,False,1.9769452449567582,True,0.007493139243526938,0.7002676181980271,False,False,False,False,True,True,False,True
2026-05-24 14:30:00+00:00,4H,4.0,BACKTEST,ETHUSD,TREND_DOWN,e9ed18cc-e6fd-4e2a-8a07-c9bb7591fa7b,f8ef2298-f0f3-4812-9dfe-1ec8b61b6ed7,2026-05-24 14:30:00+00:00,probability_v2_features_v1,label_v2,probability_v1,historical_reconstructible_v1,0.25456739055498473,0.45253212173340923,0.003851966750188898,0.02011624236327474,0.01081172035990082,99.76437773739201,0.14323258869908237,-5.686931246551426,0.3254493850520312,0.016129570959096437,,,,,0.0,,,,False,False,False,True,False,True,True,True,True,True,True,False,False,False,False,1.9769452449567582,True,0.007493139243526938,0.4952681388012518,False,True,False,False,True,True,False,True
2026-05-24 14:30:00+00:00,8H,8.0,BACKTEST,ETHUSD,TREND_DOWN,7ad6cec7-c5bd-46fe-a08d-303308e1547c,f8ef2298-f0f3-4812-9dfe-1ec8b61b6ed7,2026-05-24 14:30:00+00:00,probability_v2_features_v1,label_v2,probability_v1,historical_reconstructible_v1,0.25456739055498473,0.45253212173340923,0.003851966750188898,0.02011624236327474,0.01081172035990082,99.76437773739201,0.14323258869908237,-5.686931246551426,0.3254493850520312,0.016129570959096437,,,,,0.0,,,,False,False,True,False,False,True,True,True,True,True,False,True,False,True,False,4.350624399615826,True,0.0224555542298056,1.0492863514719006,True,True,False,False,True,True,True,True
2026-05-24 14:30:00+00:00,12H,12.0,BACKTEST,ETHUSD,TREND_DOWN,25c600fc-80f8-4b8f-a5e0-b8092c0308ce,f8ef2298-f0f3-4812-9dfe-1ec8b61b6ed7,2026-05-24 14:30:00+00:00,probability_v2_features_v1,label_v2,probability_v1,historical_reconstructible_v1,0.25456739055498473,0.45253212173340923,0.003851966750188898,0.02011624236327474,0.01081172035990082,99.76437773739201,0.14323258869908237,-5.686931246551426,0.3254493850520312,0.016129570959096437,,,,,0.0,,,,False,False,True,False,False,True,True,True,True,True,False,True,False,True,False,4.350624399615826,True,0.024770313805035242,0.9450109249818,False,True,False,False,True,True,True,True
2026-05-24 14:30:00+00:00,24H,24.0,BACKTEST,ETHUSD,TREND_DOWN,05fb1afd-9010-4423-8d29-cf1480eda875,f8ef2298-f0f3-4812-9dfe-1ec8b61b6ed7,2026-05-24 14:30:00+00:00,probability_v2_features_v1,label_v2,probability_v1,historical_reconstructible_v1,0.25456739055498473,0.45253212173340923,0.003851966750188898,0.02011624236327474,0.01081172035990082,99.76437773739201,0.14323258869908237,-5.686931246551426,0.3254493850520312,0.016129570959096437,,,,,0.0,,,,False,False,False,True,False,True,True,True,True,True,True,False,False,False,False,4.498559077809797,True,0.03140436702064202,0.8472830285861487,False,False,False,False,True,True,True,True
2026-05-24 15:00:00+00:00,1H,1.0,BACKTEST,ETHUSD,NORMAL_RANGE,353248bf-bfb6-4fdc-b1eb-605927926b33,a1a2e59d-eef4-4456-8ead-cb8225f02853,2026-05-24 15:00:00+00:00,probability_v2_features_v1,label_v2,probability_v1,historical_reconstructible_v1,0.2591197122795051,0.4431435061648602,0.003481236255666411,0.019004050403044037,0.011920285763531815,95.23079184549854,0.1869376874375241,-3.628580747434789,0.40302743614001446,-0.09239842735763616,,,,,,,,,False,False,False,True,True,True,True,True,True,True,True,False,False,False,False,0.574468085106348,False,0.003000928858932397,0.41888297872338714,False,False,True,False,False,False,False,True
2026-05-24 15:00:00+00:00,2H,2.0,BACKTEST,ETHUSD,NORMAL_RANGE,f7fbb2da-3baf-46ec-b4dc-6bb7c16f2a82,a1a2e59d-eef4-4456-8ead-cb8225f02853,2026-05-24 15:00:00+00:00,probability_v2_features_v1,label_v2,probability_v1,historical_reconstructible_v1,0.2591197122795051,0.4431435061648602,0.003481236255666411,0.019004050403044037,0.011920285763531815,95.23079184549854,0.1869376874375241,-3.628580747434789,0.40302743614001446,-0.09239842735763616,,,,,,,,,False,False,False,True,False,True,True,True,True,True,True,False,False,False,False,1.5673758865248586,True,0.0071927025031556955,0.7102539981185361,False,True,False,False,True,True,False,True
2026-05-24 15:00:00+00:00,4H,4.0,BACKTEST,ETHUSD,NORMAL_RANGE,48d55a6b-d6df-41ad-b3d6-8f27ddaff9c3,a1a2e59d-eef4-4456-8ead-cb8225f02853,2026-05-24 15:00:00+00:00,probability_v2_features_v1,label_v2,probability_v1,historical_reconstructible_v1,0.2591197122795051,0.4431435061648602,0.003481236255666411,0.019004050403044037,0.011920285763531815,95.23079184549854,0.1869376874375241,-3.628580747434789,0.40302743614001446,-0.09239842735763616,,,,,,,,,False,False,False,True,False,True,True,True,True,True,True,False,False,False,False,1.5673758865248586,True,0.0071927025031556955,0.5023286759813609,False,True,False,False,True,True,False,True
2026-05-24 15:00:00+00:00,8H,8.0,BACKTEST,ETHUSD,NORMAL_RANGE,8f04da40-988d-4b3c-9b7d-9380db21982b,a1a2e59d-eef4-4456-8ead-cb8225f02853,2026-05-24 15:00:00+00:00,probability_v2_features_v1,label_v2,probability_v1,historical_reconstructible_v1,0.2591197122795051,0.4431435061648602,0.003481236255666411,0.019004050403044037,0.011920285763531815,95.23079184549854,0.1869376874375241,-3.628580747434789,0.40302743614001446,-0.09239842735763616,,,,,,,,,False,False,True,False,True,True,True,True,True,True,False,True,False,True,False,5.106382978723437,True,0.022411698859170784,1.1067984003763807,True,True,False,False,True,True,True,True
2026-05-24 15:00:00+00:00,12H,12.0,BACKTEST,ETHUSD,NORMAL_RANGE,e629dd7c-d4d4-47fd-a66e-d51c5f128693,a1a2e59d-eef4-4456-8ead-cb8225f02853,2026-05-24 15:00:00+00:00,probability_v2_features_v1,label_v2,probability_v1,historical_reconstructible_v1,0.2591197122795051,0.4431435061648602,0.003481236255666411,0.019004050403044037,0.011920285763531815,95.23079184549854,0.1869376874375241,-3.628580747434789,0.40302743614001446,-0.09239842735763616,,,,,,,,,False,False,True,False,False,True,True,True,True,True,False,True,False,True,False,5.106382978723437,True,0.02472193774263467,0.9967351642020343,False,True,False,False,True,True,True,True
2026-05-24 15:00:00+00:00,24H,24.0,BACKTEST,ETHUSD,NORMAL_RANGE,e21b5f58-4600-4752-99a2-70c8e35af331,a1a2e59d-eef4-4456-8ead-cb8225f02853,2026-05-24 15:00:00+00:00,probability_v2_features_v1,label_v2,probability_v1,historical_reconstructible_v1,0.2591197122795051,0.4431435061648602,0.003481236255666411,0.019004050403044037,0.011920285763531815,95.23079184549854,0.1869376874375241,-3.628580747434789,0.40302743614001446,-0.09239842735763616,,,,,,,,,False,False,False,True,False,True,True,True,True,True,True,False,False,False,False,5.106382978723437,True,0.03267678090837658,0.9316854542985289,False,False,False,False,True,True,True,True
2026-05-24 15:30:00+00:00,1H,1.0,BACKTEST,ETHUSD,NORMAL_RANGE,1d6d1358-a114-4ec1-83c5-17c8318e8213,205fcaba-e4b9-49fa-adf7-a08623ff5d36,2026-05-24 15:30:00+00:00,probability_v2_features_v1,label_v2,probability_v1,historical_reconstructible_v1,0.2662098930481353,0.44173894577068773,0.0016225631725882341,0.010713437986617277,0.011275126189638999,22.74876659150383,0.17615539182853737,-4.3982209137351385,0.3292336802270514,-0.24128305080726917,,,,,0.0,,,,True,True,False,False,False,True,True,True,True,True,False,True,True,False,False,3.353876739562693,True,0.007206089384141788,1.9712793733681717,True,False,False,False,True,True,False,True
2026-05-24 15:30:00+00:00,2H,2.0,BACKTEST,ETHUSD,NORMAL_RANGE,c257513a-f04c-44d7-bcbd-5793f35742af,205fcaba-e4b9-49fa-adf7-a08623ff5d36,2026-05-24 15:30:00+00:00,probability_v2_features_v1,label_v2,probability_v1,historical_reconstructible_v1,0.2662098930481353,0.44173894577068773,0.0016225631725882341,0.010713437986617277,0.011275126189638999,22.74876659150383,0.17615539182853737,-4.3982209137351385,0.3292336802270514,-0.24128305080726917,,,,,0.0,,,,True,True,False,False,False,True,True,True,True,True,False,True,True,False,False,3.353876739562693,True,0.007206089384141788,1.3942751615881235,True,False,False,False,True,True,False,True
2026-05-24 15:30:00+00:00,4H,4.0,BACKTEST,ETHUSD,NORMAL_RANGE,6e9f86af-7d5f-4fec-a2ee-308b8b392aaf,205fcaba-e4b9-49fa-adf7-a08623ff5d36,2026-05-24 15:30:00+00:00,probability_v2_features_v1,label_v2,probability_v1,historical_reconstructible_v1,0.2662098930481353,0.44173894577068773,0.0016225631725882341,0.010713437986617277,0.011275126189638999,22.74876659150383,0.17615539182853737,-4.3982209137351385,0.3292336802270514,-0.24128305080726917,,,,,0.0,,,,True,True,False,False,False,True,True,True,True,True,False,True,True,False,False,3.353876739562693,True,0.007206089384141788,0.9856396866840567,False,True,False,False,True,True,False,True
2026-05-24 15:30:00+00:00,8H,8.0,BACKTEST,ETHUSD,NORMAL_RANGE,39d2245c-617f-4028-b0b6-6d0cb5d61269,205fcaba-e4b9-49fa-adf7-a08623ff5d36,2026-05-24 15:30:00+00:00,probability_v2_features_v1,label_v2,probability_v1,historical_reconstructible_v1,0.2662098930481353,0.44173894577068773,0.0016225631725882341,0.010713437986617277,0.011275126189638999,22.74876659150383,0.17615539182853737,-4.3982209137351385,0.3292336802270514,-0.24128305080726917,,,,,0.0,,,,True,True,True,False,True,True,True,True,True,True,False,True,False,False,True,9.741550695825103,True,0.022453410961845992,2.17120443008768,True,True,False,False,True,True,True,True
2026-05-24 15:30:00+00:00,12H,12.0,BACKTEST,ETHUSD,NORMAL_RANGE,6835bc6c-9d5f-486b-b5d1-32bd156f09af,205fcaba-e4b9-49fa-adf7-a08623ff5d36,2026-05-24 15:30:00+00:00,probability_v2_features_v1,label_v2,probability_v1,historical_reconstructible_v1,0.2662098930481353,0.44173894577068773,0.0016225631725882341,0.010713437986617277,0.011275126189638999,22.74876659150383,0.17615539182853737,-4.3982209137351385,0.3292336802270514,-0.24128305080726917,,,,,0.0,,,,True,True,True,False,False,True,True,True,True,True,False,True,False,False,True,9.741550695825103,True,0.024767949605096803,1.955538809344392,True,True,False,False,True,True,True,True
2026-05-24 15:30:00+00:00,24H,24.0,BACKTEST,ETHUSD,NORMAL_RANGE,69ce9756-5fc9-42b9-a528-f8ebeabf242b,205fcaba-e4b9-49fa-adf7-a08623ff5d36,2026-05-24 15:30:00+00:00,probability_v2_features_v1,label_v2,probability_v1,historical_reconstructible_v1,0.2662098930481353,0.44173894577068773,0.0016225631725882341,0.010713437986617277,0.011275126189638999,22.74876659150383,0.17615539182853737,-4.3982209137351385,0.3292336802270514,-0.24128305080726917,,,,,0.0,,,,True,True,True,False,False,True,True,True,True,True,False,True,False,False,True,11.550695825049765,True,0.03650767138323511,2.038369304556344,True,False,False,False,True,True,True,True
2026-05-24 16:00:00+00:00,1H,1.0,BACKTEST,ETHUSD,NORMAL_RANGE,e8a83f4d-6a15-43ed-88d6-0171c967a154,63a4d471-28c2-4ef2-93ee-8a74f0975cc1,2026-05-24 16:00:00+00:00,probability_v2_features_v1,label_v2,probability_v1,historical_reconstructible_v1,0.23440052270500245,0.3784101660586535,0.0014713591307662873,0.002783139817697415,0.006468863822306538,22.770199480512265,0.14295103516267046,-3.052714376663771,0.3850520340586555,0.08428638018012966,,,,,,,,,True,True,True,False,False,True,True,True,True,True,False,True,False,False,True,4.246828143021953,True,0.0067432329393824295,2.143939393939437,True,True,False,False,True,True,False,True
2026-05-24 16:00:00+00:00,2H,2.0,BACKTEST,ETHUSD,NORMAL_RANGE,3879d108-aec0-4ac0-ba12-9b97a66cb44a,63a4d471-28c2-4ef2-93ee-8a74f0975cc1,2026-05-24 16:00:00+00:00,probability_v2_features_v1,label_v2,probability_v1,historical_reconstructible_v1,0.23440052270500245,0.3784101660586535,0.0014713591307662873,0.002783139817697415,0.006468863822306538,22.770199480512265,0.14295103516267046,-3.052714376663771,0.3850520340586555,0.08428638018012966,,,,,,,,,True,True,False,False,False,True,True,True,True,True,False,True,True,False,False,4.246828143021953,True,0.0067432329393824295,1.5149892933618705,True,True,False,False,True,True,False,True
2026-05-24 16:00:00+00:00,4H,4.0,BACKTEST,ETHUSD,NORMAL_RANGE,d1067d24-24fe-45c7-9966-18d93fd731b1,63a4d471-28c2-4ef2-93ee-8a74f0975cc1,2026-05-24 16:00:00+00:00,probability_v2_features_v1,label_v2,probability_v1,historical_reconstructible_v1,0.23440052270500245,0.3784101660586535,0.0014713591307662873,0.002783139817697415,0.006468863822306538,22.770199480512265,0.14295103516267046,-3.052714376663771,0.3850520340586555,0.08428638018012966,,,,,,,,,True,True,False,False,False,True,True,True,True,True,False,True,True,False,False,4.246828143021953,True,0.0067432329393824295,1.0719696969697186,True,True,False,False,True,True,False,True
2026-05-24 16:00:00+00:00,8H,8.0,BACKTEST,ETHUSD,NORMAL_RANGE,6b7ec99e-2658-49b9-8061-b0a0144d1c32,63a4d471-28c2-4ef2-93ee-8a74f0975cc1,2026-05-24 16:00:00+00:00,probability_v2_features_v1,label_v2,probability_v1,historical_reconstructible_v1,0.23440052270500245,0.3784101660586535,0.0014713591307662873,0.002783139817697415,0.006468863822306538,22.770199480512265,0.14295103516267046,-3.052714376663771,0.3850520340586555,0.08428638018012966,,,,,,,,,True,True,True,False,False,True,True,True,True,True,False,True,False,False,True,10.948096885813202,True,0.022421845215402296,2.5200856989823244,True,True,False,False,True,True,True,True
2026-05-24 16:00:00+00:00,12H,12.0,BACKTEST,ETHUSD,NORMAL_RANGE,bd996878-1ceb-4273-9317-33386232c6d8,63a4d471-28c2-4ef2-93ee-8a74f0975cc1,2026-05-24 16:00:00+00:00,probability_v2_features_v1,label_v2,probability_v1,historical_reconstructible_v1,0.23440052270500245,0.3784101660586535,0.0014713591307662873,0.002783139817697415,0.006468863822306538,22.770199480512265,0.14295103516267046,-3.052714376663771,0.3850520340586555,0.08428638018012966,,,,,,,,,True,True,True,False,True,True,True,True,True,True,False,True,False,False,True,10.948096885813202,True,0.02473313000381247,2.269348491473561,True,True,False,False,True,True,True,True
2026-05-24 16:00:00+00:00,24H,24.0,BACKTEST,ETHUSD,NORMAL_RANGE,3cc46476-a5a6-40a7-9699-15691797f1d5,63a4d471-28c2-4ef2-93ee-8a74f0975cc1,2026-05-24 16:00:00+00:00,probability_v2_features_v1,label_v2,probability_v1,historical_reconstructible_v1,0.23440052270500245,0.3784101660586535,0.0014713591307662873,0.002783139817697415,0.006468863822306538,22.770199480512265,0.14295103516267046,-3.052714376663771,0.3850520340586555,0.08428638018012966,,,,,,,,,True,True,True,False,False,True,True,True,True,True,False,True,False,False,True,13.757785467128027,True,0.036456347693480745,2.3654916512059594,True,False,False,False,True,True,True,True
2026-05-24 16:30:00+00:00,1H,1.0,BACKTEST,ETHUSD,NORMAL_RANGE,f8f5fbcd-8890-4fb3-b35b-646dcca8d0bf,428f1858-c477-411f-89a5-2d976f340371,2026-05-24 16:30:00+00:00,probability_v2_features_v1,label_v2,probability_v1,historical_reconstructible_v1,0.08036138849263393,0.0057461691656279165,0.0015538304003047982,0.00514282861307337,0.006195904983414038,27.274705566226302,0.13263023330137672,-2.2621155149233796,0.4087038789025534,0.0534413537207337,,,,,,,,,True,True,True,False,False,True,True,True,True,True,False,True,False,False,True,2.070534698521055,True,0.005215154906770089,1.6367713004485012,True,True,False,False,True,True,True,True
2026-05-24 16:30:00+00:00,2H,2.0,BACKTEST,ETHUSD,NORMAL_RANGE,1fe8aca9-9486-4486-a1b3-18d8dcdb68bd,428f1858-c477-411f-89a5-2d976f340371,2026-05-24 16:30:00+00:00,probability_v2_features_v1,label_v2,probability_v1,historical_reconstructible_v1,0.08036138849263393,0.0057461691656279165,0.0015538304003047982,0.00514282861307337,0.006195904983414038,27.274705566226302,0.13263023330137672,-2.2621155149233796,0.4087038789025534,0.0534413537207337,,,,,,,,,True,True,True,False,False,True,True,True,True,True,False,True,False,False,True,2.070534698521055,True,0.005429476341295021,1.2038014783527278,True,True,False,False,True,True,True,True
2026-05-24 16:30:00+00:00,4H,4.0,BACKTEST,ETHUSD,NORMAL_RANGE,7e1a8e70-05f6-4a0e-a77a-e960a4cd51ba,428f1858-c477-411f-89a5-2d976f340371,2026-05-24 16:30:00+00:00,probability_v2_features_v1,label_v2,probability_v1,historical_reconstructible_v1,0.08036138849263393,0.0057461691656279165,0.0015538304003047982,0.00514282861307337,0.006195904983414038,27.274705566226302,0.13263023330137672,-2.2621155149233796,0.4087038789025534,0.0534413537207337,,,,,,,,,True,False,True,False,True,True,True,True,True,True,False,True,False,True,False,3.2172923777019182,True,0.007144047817493391,1.1210762331838473,True,False,False,False,True,True,True,True
2026-05-24 16:30:00+00:00,8H,8.0,BACKTEST,ETHUSD,NORMAL_RANGE,d381cc96-f6e8-47cb-a3db-634264d74828,428f1858-c477-411f-89a5-2d976f340371,2026-05-24 16:30:00+00:00,probability_v2_features_v1,label_v2,probability_v1,historical_reconstructible_v1,0.08036138849263393,0.0057461691656279165,0.0015538304003047982,0.00514282861307337,0.006195904983414038,27.274705566226302,0.13263023330137672,-2.2621155149233796,0.4087038789025534,0.0534413537207337,,,,,,,,,True,False,True,False,False,True,True,True,True,True,False,True,False,True,False,12.678043230944365,True,0.02181315933607991,2.419440042260992,True,True,False,False,True,True,True,True
2026-05-24 16:30:00+00:00,12H,12.0,BACKTEST,ETHUSD,NORMAL_RANGE,ef610956-1150-4552-8816-63c06316ecb9,428f1858-c477-411f-89a5-2d976f340371,2026-05-24 16:30:00+00:00,probability_v2_features_v1,label_v2,probability_v1,historical_reconstructible_v1,0.08036138849263393,0.0057461691656279165,0.0015538304003047982,0.00514282861307337,0.006195904983414038,27.274705566226302,0.13263023330137672,-2.2621155149233796,0.4087038789025534,0.0534413537207337,,,,,,,,,True,True,True,False,False,True,True,True,True,True,False,True,False,False,True,12.678043230944365,True,0.024718405448527176,2.2389991371872062,True,True,False,False,True,True,True,True
2026-05-24 16:30:00+00:00,24H,24.0,BACKTEST,ETHUSD,NORMAL_RANGE,7afb3cfb-7439-424d-8a79-cbd0e3345639,428f1858-c477-411f-89a5-2d976f340371,2026-05-24 16:30:00+00:00,probability_v2_features_v1,label_v2,probability_v1,historical_reconstructible_v1,0.08036138849263393,0.0057461691656279165,0.0015538304003047982,0.00514282861307337,0.006195904983414038,27.274705566226302,0.13263023330137672,-2.2621155149233796,0.4087038789025534,0.0534413537207337,,,,,,,,,True,True,True,False,False,True,True,True,True,True,False,True,False,False,True,12.678043230944365,True,0.0364346438692163,2.333740085417956,True,False,False,False,True,True,True,True
2026-05-24 17:00:00+00:00,1H,1.0,BACKTEST,ETHUSD,NORMAL_RANGE,397ebe52-7ed1-42c2-ad64-64b6e7f3183b,f9841cc5-6680-4a6d-b89b-0fc3cec4dcf0,2026-05-24 17:00:00+00:00,probability_v2_features_v1,label_v2,probability_v1,historical_reconstructible_v1,0.11382607375929535,0.02973135408934138,0.0017295485343413305,0.005820594737876507,0.0062840195809858975,29.006532760763115,0.09611829944547257,-0.9287826384956819,0.4749290444654674,0.21862973868681493,,,,,,,,,False,False,False,True,False,True,True,True,True,True,True,False,False,False,False,0.8227228207639613,False,0.0025438033426050965,0.6885456885456784,False,True,False,False,False,False,False,True
2026-05-24 17:00:00+00:00,2H,2.0,BACKTEST,ETHUSD,NORMAL_RANGE,f59c0992-9056-4007-a801-6426a8a1d88f,f9841cc5-6680-4a6d-b89b-0fc3cec4dcf0,2026-05-24 17:00:00+00:00,probability_v2_features_v1,label_v2,probability_v1,historical_reconstructible_v1,0.11382607375929535,0.02973135408934138,0.0017295485343413305,0.005820594737876507,0.0062840195809858975,29.006532760763115,0.09611829944547257,-0.9287826384956819,0.4749290444654674,0.21862973868681493,,,,,,,,,False,False,True,False,True,True,True,True,True,True,False,True,False,True,False,1.7140058765915862,True,0.004398164657775242,0.8416742493175433,False,False,False,False,True,False,True,True
2026-05-24 17:00:00+00:00,4H,4.0,BACKTEST,ETHUSD,NORMAL_RANGE,622c8c40-d2ae-4657-8d9e-cbedcca958eb,f9841cc5-6680-4a6d-b89b-0fc3cec4dcf0,2026-05-24 17:00:00+00:00,probability_v2_features_v1,label_v2,probability_v1,historical_reconstructible_v1,0.11382607375929535,0.02973135408934138,0.0017295485343413305,0.005820594737876507,0.0062840195809858975,29.006532760763115,0.09611829944547257,-0.9287826384956819,0.4749290444654674,0.21862973868681493,,,,,,,,,False,False,True,False,True,True,True,True,True,True,False,True,False,True,False,3.4005876591577318,True,0.0073223498086204455,0.9903536977492193,False,False,True,True,True,False,True,True
2026-05-24 17:00:00+00:00,8H,8.0,BACKTEST,ETHUSD,NORMAL_RANGE,f0e911db-8cd2-4869-a4d1-2b0207083ef8,f9841cc5-6680-4a6d-b89b-0fc3cec4dcf0,2026-05-24 17:00:00+00:00,probability_v2_features_v1,label_v2,probability_v1,historical_reconstructible_v1,0.11382607375929535,0.02973135408934138,0.0017295485343413305,0.005820594737876507,0.0062840195809858975,29.006532760763115,0.09611829944547257,-0.9287826384956819,0.4749290444654674,0.21862973868681493,,,,,,,,,False,False,True,False,False,True,True,True,True,True,False,True,False,True,False,11.435847208619137,True,0.02256139600123637,2.1577989995452818,True,True,False,False,True,True,True,True
2026-05-24 17:00:00+00:00,12H,12.0,BACKTEST,ETHUSD,NORMAL_RANGE,9a4b02f5-67f4-4b8b-859b-0dc0b61fa7b2,f9841cc5-6680-4a6d-b89b-0fc3cec4dcf0,2026-05-24 17:00:00+00:00,probability_v2_features_v1,label_v2,probability_v1,historical_reconstructible_v1,0.11382607375929535,0.02973135408934138,0.0017295485343413305,0.005820594737876507,0.0062840195809858975,29.006532760763115,0.09611829944547257,-0.9287826384956819,0.4749290444654674,0.21862973868681493,,,,,,,,,False,False,True,False,False,True,True,True,True,True,False,True,False,True,False,11.435847208619137,True,0.024677269809571398,1.9272187151875384,True,True,False,False,True,True,True,True
2026-05-24 17:00:00+00:00,24H,24.0,BACKTEST,ETHUSD,NORMAL_RANGE,e6ea0c16-c59e-4003-8030-352d91c38a1a,f9841cc5-6680-4a6d-b89b-0fc3cec4dcf0,2026-05-24 17:00:00+00:00,probability_v2_features_v1,label_v2,probability_v1,historical_reconstructible_v1,0.11382607375929535,0.02973135408934138,0.0017295485343413305,0.005820594737876507,0.0062840195809858975,29.006532760763115,0.09611829944547257,-0.9287826384956819,0.4749290444654674,0.21862973868681493,,,,,,,,,False,True,True,False,False,True,True,True,True,True,False,True,False,False,True,11.435847208619137,True,0.03818082400209218,2.1081648726699886,True,False,False,False,True,True,True,True
2026-05-24 17:30:00+00:00,1H,1.0,BACKTEST,ETHUSD,NORMAL_RANGE,01273433-74c4-499e-ab88-493f7f43a791,e49b141d-8366-4e98-bb4d-bacc238315b3,2026-05-24 17:30:00+00:00,probability_v2_features_v1,label_v2,probability_v1,historical_reconstructible_v1,0.09661835748792165,0.029168328061657117,0.0014845558621127183,0.0045936675041603646,0.00633042435261896,26.914408742029362,0.10708806382326196,-1.0664963572635615,0.45695364238409986,-0.3049700794180867,,,,,,,,,True,True,False,False,True,True,True,True,True,True,False,True,True,False,False,1.4710743801653825,False,0.0030206450385310197,0.9844961240310214,False,False,False,False,True,True,False,True
2026-05-24 17:30:00+00:00,2H,2.0,BACKTEST,ETHUSD,NORMAL_RANGE,f04859d8-172a-4c0c-b06f-f6da4b8c1767,e49b141d-8366-4e98-bb4d-bacc238315b3,2026-05-24 17:30:00+00:00,probability_v2_features_v1,label_v2,probability_v1,historical_reconstructible_v1,0.09661835748792165,0.029168328061657117,0.0014845558621127183,0.0045936675041603646,0.00633042435261896,26.914408742029362,0.10708806382326196,-1.0664963572635615,0.45695364238409986,-0.3049700794180867,,,,,,,,,True,False,True,False,True,True,True,True,True,True,False,True,False,True,False,2.0495867768594485,True,0.00506612120635529,1.1677631578947025,True,False,False,False,True,True,True,True
2026-05-24 17:30:00+00:00,4H,4.0,BACKTEST,ETHUSD,NORMAL_RANGE,40228229-4aac-4c24-ba07-1a65ec4b6ad6,e49b141d-8366-4e98-bb4d-bacc238315b3,2026-05-24 17:30:00+00:00,probability_v2_features_v1,label_v2,probability_v1,historical_reconstructible_v1,0.09661835748792165,0.029168328061657117,0.0014845558621127183,0.0045936675041603646,0.00633042435261896,26.914408742029362,0.10708806382326196,-1.0664963572635615,0.45695364238409986,-0.3049700794180867,,,,,,,,,True,False,True,False,True,True,True,True,True,True,False,True,False,True,False,5.338842975206503,True,0.009799257920273956,1.5968992248061833,True,False,True,True,True,True,True,True
2026-05-24 17:30:00+00:00,8H,8.0,BACKTEST,ETHUSD,NORMAL_RANGE,6555f22b-cf85-490d-9729-ec5874a8e1b6,e49b141d-8366-4e98-bb4d-bacc238315b3,2026-05-24 17:30:00+00:00,probability_v2_features_v1,label_v2,probability_v1,historical_reconstructible_v1,0.09661835748792165,0.029168328061657117,0.0014845558621127183,0.0045936675041603646,0.00633042435261896,26.914408742029362,0.10708806382326196,-1.0664963572635615,0.45695364238409986,-0.3049700794180867,,,,,,,,,True,False,True,False,False,True,True,True,True,True,False,True,False,True,False,13.30578512396697,True,0.02257159166587398,2.601425438596537,True,True,False,False,True,True,True,True
2026-05-24 17:30:00+00:00,12H,12.0,BACKTEST,ETHUSD,NORMAL_RANGE,2327be82-ac0a-4e17-b805-caeb771ad3f2,e49b141d-8366-4e98-bb4d-bacc238315b3,2026-05-24 17:30:00+00:00,probability_v2_features_v1,label_v2,probability_v1,historical_reconstructible_v1,0.09661835748792165,0.029168328061657117,0.0014845558621127183,0.0045936675041603646,0.00633042435261896,26.914408742029362,0.10708806382326196,-1.0664963572635615,0.45695364238409986,-0.3049700794180867,,,,,,,,,True,False,True,False,False,True,True,True,True,True,False,True,False,True,False,13.30578512396697,True,0.024688421653505897,2.323187108325862,True,True,False,False,True,True,True,True
2026-05-24 17:30:00+00:00,24H,24.0,BACKTEST,ETHUSD,NORMAL_RANGE,bcdc2ffa-cb51-4437-8912-ff0d72e96f85,e49b141d-8366-4e98-bb4d-bacc238315b3,2026-05-24 17:30:00+00:00,probability_v2_features_v1,label_v2,probability_v1,historical_reconstructible_v1,0.09661835748792165,0.029168328061657117,0.0014845558621127183,0.0045936675041603646,0.00633042435261896,26.914408742029362,0.10708806382326196,-1.0664963572635615,0.45695364238409986,-0.3049700794180867,,,,,,,,,True,True,True,False,False,True,True,True,True,True,False,True,False,False,True,13.30578512396697,True,0.0381980782037866,2.541943653054758,True,False,False,False,True,True,True,True
2026-05-24 18:00:00+00:00,1H,1.0,BACKTEST,ETHUSD,NORMAL_RANGE,32f6afb5-6cbe-46df-ab32-8f7400643e0e,041bb686-2564-41d0-99bd-7f9582958152,2026-05-24 18:00:00+00:00,probability_v2_features_v1,label_v2,probability_v1,historical_reconstructible_v1,0.0712985436893245,0.02069844843075426,0.0011144425407704041,0.004122622915788266,0.005233466112712251,23.964310481693968,0.11494607087827514,-1.2491465765251812,0.4380321665089816,-0.56652063000963,,,,,,,,,False,True,True,False,False,True,True,True,True,True,False,True,False,False,True,2.0275862068965007,True,0.003593184846754106,1.3677536231882481,True,True,False,False,True,False,True,True
2026-05-24 18:00:00+00:00,2H,2.0,BACKTEST,ETHUSD,NORMAL_RANGE,40097024-4374-4cb3-9b57-4a8fc1a89324,041bb686-2564-41d0-99bd-7f9582958152,2026-05-24 18:00:00+00:00,probability_v2_features_v1,label_v2,probability_v1,historical_reconstructible_v1,0.0712985436893245,0.02069844843075426,0.0011144425407704041,0.004122622915788266,0.005233466112712251,23.964310481693968,0.11494607087827514,-1.2491465765251812,0.4380321665089816,-0.56652063000963,,,,,,,,,False,False,True,False,False,True,True,True,True,True,False,True,False,True,False,2.568275862068936,True,0.004259470778602617,1.1459667093469756,True,True,False,False,True,False,True,True
2026-05-24 18:00:00+00:00,4H,4.0,BACKTEST,ETHUSD,NORMAL_RANGE,552de8f0-40f2-4a05-9767-c4065770f27c,041bb686-2564-41d0-99bd-7f9582958152,2026-05-24 18:00:00+00:00,probability_v2_features_v1,label_v2,probability_v1,historical_reconstructible_v1,0.0712985436893245,0.02069844843075426,0.0011144425407704041,0.004122622915788266,0.005233466112712251,23.964310481693968,0.11494607087827514,-1.2491465765251812,0.4380321665089816,-0.56652063000963,,,,,,,,,False,False,True,False,True,True,True,True,True,True,False,True,False,True,False,15.718620689654884,True,0.020464496478202934,3.8949275362318967,True,False,True,True,True,False,True,True
2026-05-24 18:00:00+00:00,8H,8.0,BACKTEST,ETHUSD,NORMAL_RANGE,1a7a6fef-08e2-4dc4-b248-14abb062c00e,041bb686-2564-41d0-99bd-7f9582958152,2026-05-24 18:00:00+00:00,probability_v2_features_v1,label_v2,probability_v1,historical_reconstructible_v1,0.0712985436893245,0.02069844843075426,0.0011144425407704041,0.004122622915788266,0.005233466112712251,23.964310481693968,0.11494607087827514,-1.2491465765251812,0.4380321665089816,-0.56652063000963,,,,,,,,,True,True,True,False,True,True,True,True,True,True,False,True,False,False,True,15.718620689654884,True,0.022582333904435693,3.0377720870679004,True,True,False,False,True,True,True,True
2026-05-24 18:00:00+00:00,12H,12.0,BACKTEST,ETHUSD,NORMAL_RANGE,ff369bae-1a59-4602-bc5c-d81de9f792a6,041bb686-2564-41d0-99bd-7f9582958152,2026-05-24 18:00:00+00:00,probability_v2_features_v1,label_v2,probability_v1,historical_reconstructible_v1,0.0712985436893245,0.02069844843075426,0.0011144425407704041,0.004122622915788266,0.005233466112712251,23.964310481693968,0.11494607087827514,-1.2491465765251812,0.4380321665089816,-0.56652063000963,,,,,,,,,True,True,True,False,False,True,True,True,True,True,False,True,False,False,True,15.718620689654884,True,0.024700171330668236,2.714435146443535,True,True,False,False,True,True,True,True
2026-05-24 18:00:00+00:00,24H,24.0,BACKTEST,ETHUSD,NORMAL_RANGE,d30ac750-c535-48e2-982c-3c64c81d0376,041bb686-2564-41d0-99bd-7f9582958152,2026-05-24 18:00:00+00:00,probability_v2_features_v1,label_v2,probability_v1,historical_reconstructible_v1,0.0712985436893245,0.02069844843075426,0.0011144425407704041,0.004122622915788266,0.005233466112712251,23.964310481693968,0.11494607087827514,-1.2491465765251812,0.4380321665089816,-0.56652063000963,,,,,,,,,True,True,True,False,False,True,True,True,True,True,False,True,False,False,True,15.718620689654884,True,0.038216257376737194,2.9696745562130284,True,True,False,False,True,True,True,True
2026-05-24 18:30:00+00:00,1H,1.0,BACKTEST,ETHUSD,NORMAL_RANGE,8e804615-daa8-42e9-a64b-e039604092a2,620fce71-f9ba-4bb7-b45f-b0ff164e9375,2026-05-24 18:30:00+00:00,probability_v2_features_v1,label_v2,probability_v1,historical_reconstructible_v1,0.012521521364848746,0.0024658899003462825,0.0010545255230923287,0.0031698132382835427,0.004770704166399169,21.13721891846903,0.1525108493490396,-1.9090517502931668,0.4121274409044168,0.22476852173744952,,,,,,,,,False,True,True,False,False,True,True,True,True,True,False,True,False,False,True,1.9250000000000127,True,0.003241027596396827,1.39630390143731,True,True,False,False,True,True,True,True
2026-05-24 18:30:00+00:00,2H,2.0,BACKTEST,ETHUSD,NORMAL_RANGE,ecb56e37-1dc1-4e39-aaf6-2746f25912c8,620fce71-f9ba-4bb7-b45f-b0ff164e9375,2026-05-24 18:30:00+00:00,probability_v2_features_v1,label_v2,probability_v1,historical_reconstructible_v1,0.012521521364848746,0.0024658899003462825,0.0010545255230923287,0.0031698132382835427,0.004770704166399169,21.13721891846903,0.1525108493490396,-1.9090517502931668,0.4121274409044168,0.22476852173744952,,,,,,,,,False,True,True,False,True,True,True,True,True,True,False,True,False,False,True,3.828124999999946,True,0.005314332014679992,1.6182873730043972,True,False,False,False,True,True,True,True
2026-05-24 18:30:00+00:00,4H,4.0,BACKTEST,ETHUSD,NORMAL_RANGE,f86781df-19c3-419a-9aa0-712ec07f8f74,620fce71-f9ba-4bb7-b45f-b0ff164e9375,2026-05-24 18:30:00+00:00,probability_v2_features_v1,label_v2,probability_v1,historical_reconstructible_v1,0.012521521364848746,0.0024658899003462825,0.0010545255230923287,0.0031698132382835427,0.004770704166399169,21.13721891846903,0.1525108493490396,-1.9090517502931668,0.4121274409044168,0.22476852173744952,,,,,,,,,False,False,True,False,True,True,True,True,True,True,False,True,False,True,False,16.82187499999988,True,0.019469996663648237,4.189743589743627,True,True,False,False,True,True,True,True
2026-05-24 18:30:00+00:00,8H,8.0,BACKTEST,ETHUSD,NORMAL_RANGE,b67a50d7-4e8c-455b-b24f-66b390d4ffe4,620fce71-f9ba-4bb7-b45f-b0ff164e9375,2026-05-24 18:30:00+00:00,probability_v2_features_v1,label_v2,probability_v1,historical_reconstructible_v1,0.012521521364848746,0.0024658899003462825,0.0010545255230923287,0.0031698132382835427,0.004770704166399169,21.13721891846903,0.1525108493490396,-1.9090517502931668,0.4121274409044168,0.22476852173744952,,,,,,,,,True,True,True,False,False,True,True,True,True,True,False,True,False,False,True,16.82187499999988,True,0.02473666650779281,3.763596809282105,True,True,False,False,True,True,True,True
2026-05-24 18:30:00+00:00,12H,12.0,BACKTEST,ETHUSD,NORMAL_RANGE,1fd526dc-31af-4822-87e8-233f76b3fc1b,620fce71-f9ba-4bb7-b45f-b0ff164e9375,2026-05-24 18:30:00+00:00,probability_v2_features_v1,label_v2,probability_v1,historical_reconstructible_v1,0.012521521364848746,0.0024658899003462825,0.0010545255230923287,0.0031698132382835427,0.004770704166399169,21.13721891846903,0.1525108493490396,-1.9090517502931668,0.4121274409044168,0.22476852173744952,,,,,,,,,True,True,True,False,False,True,True,True,True,True,False,True,False,False,True,16.82187499999988,True,0.02473666650779281,3.074644549763019,True,True,False,False,True,True,True,True
2026-05-24 18:30:00+00:00,24H,24.0,BACKTEST,ETHUSD,NORMAL_RANGE,dd4dc92a-9e78-4f93-8dd8-6b34b56bef55,620fce71-f9ba-4bb7-b45f-b0ff164e9375,2026-05-24 18:30:00+00:00,probability_v2_features_v1,label_v2,probability_v1,historical_reconstructible_v1,0.012521521364848746,0.0024658899003462825,0.0010545255230923287,0.0031698132382835427,0.004770704166399169,21.13721891846903,0.1525108493490396,-1.9090517502931668,0.4121274409044168,0.22476852173744952,,,,,,,,,True,True,True,False,False,True,True,True,True,True,False,True,False,False,True,18.3093749999997,True,0.038272722939802765,3.3640552995391935,True,False,False,False,True,True,True,True
2026-05-24 19:00:00+00:00,1H,1.0,BACKTEST,ETHUSD,NORMAL_RANGE,16360b02-924e-46b1-b5e4-d99ea9384a89,6aeffa3c-65cf-419b-a054-5651428daa46,2026-05-24 19:00:00+00:00,probability_v2_features_v1,label_v2,probability_v1,historical_reconstructible_v1,-0.017920593233424778,-0.00595809337384133,0.001200854293699169,0.00415998947701205,0.00460187477618212,23.53216775550845,0.1459227467811175,-1.2818110640807467,0.4347379239465528,-0.20932870859979053,,,,,,,,,False,True,True,False,False,True,True,True,True,True,False,True,False,False,True,1.6766467065868444,True,0.00323932926829277,1.3359528487229837,True,True,False,False,True,True,True,True
2026-05-24 19:00:00+00:00,2H,2.0,BACKTEST,ETHUSD,NORMAL_RANGE,28141dd2-d19b-49be-9d46-113df264dc0c,6aeffa3c-65cf-419b-a054-5651428daa46,2026-05-24 19:00:00+00:00,probability_v2_features_v1,label_v2,probability_v1,historical_reconstructible_v1,-0.017920593233424778,-0.00595809337384133,0.001200854293699169,0.00415998947701205,0.00460187477618212,23.53216775550845,0.1459227467811175,-1.2818110640807467,0.4347379239465528,-0.20932870859979053,,,,,,,,,False,False,True,False,True,True,True,True,True,True,False,True,False,True,False,3.667664670658722,True,0.005502096036585453,1.6063977746870786,True,False,False,False,True,True,True,True
2026-05-24 19:00:00+00:00,4H,4.0,BACKTEST,ETHUSD,NORMAL_RANGE,74c9eb12-6fde-465b-b09d-bbc370bdde7b,6aeffa3c-65cf-419b-a054-5651428daa46,2026-05-24 19:00:00+00:00,probability_v2_features_v1,label_v2,probability_v1,historical_reconstructible_v1,-0.017920593233424778,-0.00595809337384133,0.001200854293699169,0.00415998947701205,0.00460187477618212,23.53216775550845,0.1459227467811175,-1.2818110640807467,0.4347379239465528,-0.20932870859979053,,,,,,,,,False,False,True,False,True,True,True,True,True,True,False,True,False,True,False,15.949101796407435,True,0.01945979420731725,4.01671583087513,True,True,False,False,True,True,True,True
2026-05-24 19:00:00+00:00,8H,8.0,BACKTEST,ETHUSD,NORMAL_RANGE,46765f3f-6018-49ed-8c61-c055d8b81a74,6aeffa3c-65cf-419b-a054-5651428daa46,2026-05-24 19:00:00+00:00,probability_v2_features_v1,label_v2,probability_v1,historical_reconstructible_v1,-0.017920593233424778,-0.00595809337384133,0.001200854293699169,0.00415998947701205,0.00460187477618212,23.53216775550845,0.1459227467811175,-1.2818110640807467,0.4347379239465528,-0.20932870859979053,,,,,,,,,True,True,True,False,False,True,True,True,True,True,False,True,False,False,True,15.949101796407435,True,0.024723704268292727,3.6066712995135894,True,True,False,False,True,True,True,True
2026-05-24 19:00:00+00:00,12H,12.0,BACKTEST,ETHUSD,NORMAL_RANGE,82c7177c-e246-4f95-b611-80b7403e5bef,6aeffa3c-65cf-419b-a054-5651428daa46,2026-05-24 19:00:00+00:00,probability_v2_features_v1,label_v2,probability_v1,historical_reconstructible_v1,-0.017920593233424778,-0.00595809337384133,0.001200854293699169,0.00415998947701205,0.00460187477618212,23.53216775550845,0.1459227467811175,-1.2818110640807467,0.4347379239465528,-0.20932870859979053,,,,,,,,,True,True,True,False,False,True,True,True,True,True,False,True,False,False,True,15.949101796407435,True,0.024723704268292727,2.9455164585698306,True,True,False,False,True,True,True,True
2026-05-24 19:00:00+00:00,24H,24.0,BACKTEST,ETHUSD,NORMAL_RANGE,042148af-2e6d-48a5-b85a-22b150347f10,6aeffa3c-65cf-419b-a054-5651428daa46,2026-05-24 19:00:00+00:00,probability_v2_features_v1,label_v2,probability_v1,historical_reconstructible_v1,-0.017920593233424778,-0.00595809337384133,0.001200854293699169,0.00415998947701205,0.00460187477618212,23.53216775550845,0.1459227467811175,-1.2818110640807467,0.4347379239465528,-0.20932870859979053,,,,,,,,,True,True,True,False,False,True,True,True,True,True,False,True,False,False,True,17.709580838323546,True,0.03825266768292692,3.222311396468698,True,True,False,False,True,True,True,True
2026-05-24 19:30:00+00:00,1H,1.0,BACKTEST,ETHUSD,NORMAL_RANGE,774c6add-2179-4ae8-a76f-f337446c35a5,b6b57c45-948e-45b5-bd8a-f3c4bf6e7549,2026-05-24 19:30:00+00:00,probability_v2_features_v1,label_v2,probability_v1,historical_reconstructible_v1,-0.022853613341564924,-0.007689439823561496,0.0011907601781170592,0.0038715932620388693,0.004477075231533851,21.99927229981563,0.18507094386181328,-1.9838192300869422,0.37202072538859726,-0.42815282305530933,,,,,,,,,False,True,True,False,False,True,True,True,True,True,False,True,False,False,True,2.1813031161472978,True,0.00491412213740445,1.9180633147113475,True,True,False,False,True,True,True,True
2026-05-24 19:30:00+00:00,2H,2.0,BACKTEST,ETHUSD,NORMAL_RANGE,0fd13196-9ab2-4b55-a054-66b74f9d962f,b6b57c45-948e-45b5-bd8a-f3c4bf6e7549,2026-05-24 19:30:00+00:00,probability_v2_features_v1,label_v2,probability_v1,historical_reconstructible_v1,-0.022853613341564924,-0.007689439823561496,0.0011907601781170592,0.0038715932620388693,0.004477075231533851,21.99927229981563,0.18507094386181328,-1.9838192300869422,0.37202072538859726,-0.42815282305530933,,,,,,,,,False,True,True,False,False,True,True,True,True,True,False,True,False,False,True,4.4022662889517825,True,0.0075858778625952465,2.092105263157872,True,False,False,False,True,True,True,True
2026-05-24 19:30:00+00:00,4H,4.0,BACKTEST,ETHUSD,NORMAL_RANGE,a0f623bb-b894-4f2f-94ea-bff5baf06212,b6b57c45-948e-45b5-bd8a-f3c4bf6e7549,2026-05-24 19:30:00+00:00,probability_v2_features_v1,label_v2,probability_v1,historical_reconstructible_v1,-0.022853613341564924,-0.007689439823561496,0.0011907601781170592,0.0038715932620388693,0.004477075231533851,21.99927229981563,0.18507094386181328,-1.9838192300869422,0.37202072538859726,-0.42815282305530933,,,,,,,,,False,True,True,False,False,True,True,True,True,True,False,True,False,False,True,13.960339943342813,True,0.019083969465648856,3.7209302325581395,True,True,False,False,True,True,True,True
2026-05-24 19:30:00+00:00,8H,8.0,BACKTEST,ETHUSD,NORMAL_RANGE,7181b642-aa20-4afa-9fa3-1741dcce1830,b6b57c45-948e-45b5-bd8a-f3c4bf6e7549,2026-05-24 19:30:00+00:00,probability_v2_features_v1,label_v2,probability_v1,historical_reconstructible_v1,-0.022853613341564924,-0.007689439823561496,0.0011907601781170592,0.0038715932620388693,0.004477075231533851,21.99927229981563,0.18507094386181328,-1.9838192300869422,0.37202072538859726,-0.42815282305530933,,,,,,,,,True,True,True,False,False,True,True,True,True,True,False,True,False,False,True,13.960339943342813,True,0.024761450381679432,3.4122287968441793,True,True,False,False,True,True,True,True
2026-05-24 19:30:00+00:00,12H,12.0,BACKTEST,ETHUSD,NORMAL_RANGE,073cf1d6-080e-4645-bb3e-af1baf07cf63,b6b57c45-948e-45b5-bd8a-f3c4bf6e7549,2026-05-24 19:30:00+00:00,probability_v2_features_v1,label_v2,probability_v1,historical_reconstructible_v1,-0.022853613341564924,-0.007689439823561496,0.0011907601781170592,0.0038715932620388693,0.004477075231533851,21.99927229981563,0.18507094386181328,-1.9838192300869422,0.37202072538859726,-0.42815282305530933,,,,,,,,,True,True,True,False,False,True,True,True,True,True,False,True,False,False,True,13.960339943342813,True,0.026669847328244317,3.00214822771216,True,True,False,False,True,True,True,True
2026-05-24 19:30:00+00:00,24H,24.0,BACKTEST,ETHUSD,NORMAL_RANGE,fa72927d-2a4d-4a03-b39f-b94164499da3,b6b57c45-948e-45b5-bd8a-f3c4bf6e7549,2026-05-24 19:30:00+00:00,probability_v2_features_v1,label_v2,probability_v1,historical_reconstructible_v1,-0.022853613341564924,-0.007689439823561496,0.0011907601781170592,0.0038715932620388693,0.004477075231533851,21.99927229981563,0.18507094386181328,-1.9838192300869422,0.37202072538859726,-0.42815282305530933,,,,,,,,,True,True,True,False,False,True,True,True,True,True,False,True,False,False,True,17.886685552407805,True,0.03831106870229016,3.049753133308029,True,False,False,False,True,True,True,True
2026-05-24 20:00:00+00:00,1H,1.0,BACKTEST,ETHUSD,NORMAL_RANGE,543987e6-c440-4b47-98ca-eb5983cf8c92,2df82269-3fd4-4dc0-a95b-29f2881d2b65,2026-05-24 20:00:00+00:00,probability_v2_features_v1,label_v2,probability_v1,historical_reconstructible_v1,-0.009031073013927318,0.006432092832386059,0.0012526544343967338,0.0028546308541514093,0.005070535968518903,26.302425682947938,0.1649954421148563,-1.8951596911536757,0.3858875413450945,-0.06664593560591296,,,,,,,,,False,True,True,False,True,True,True,True,True,True,False,True,False,False,True,3.6396148555706875,True,0.0051060580754455,1.931407942238247,True,True,False,False,True,False,True,True
2026-05-24 20:00:00+00:00,2H,2.0,BACKTEST,ETHUSD,NORMAL_RANGE,ec5649b4-5bea-41b8-aa64-3794abc0fbb9,2df82269-3fd4-4dc0-a95b-29f2881d2b65,2026-05-24 20:00:00+00:00,probability_v2_features_v1,label_v2,probability_v1,historical_reconstructible_v1,-0.009031073013927318,0.006432092832386059,0.0012526544343967338,0.0028546308541514093,0.005070535968518903,26.302425682947938,0.1649954421148563,-1.8951596911536757,0.3858875413450945,-0.06664593560591296,,,,,,,,,False,True,True,False,True,True,True,True,True,True,False,True,False,False,True,14.92434662998591,True,0.019088067571759203,5.108556832694811,True,False,True,True,True,False,True,True
2026-05-24 20:00:00+00:00,4H,4.0,BACKTEST,ETHUSD,NORMAL_RANGE,2abb11e5-d3f2-40b6-9642-855ff5bf9572,2df82269-3fd4-4dc0-a95b-29f2881d2b65,2026-05-24 20:00:00+00:00,probability_v2_features_v1,label_v2,probability_v1,historical_reconstructible_v1,-0.009031073013927318,0.006432092832386059,0.0012526544343967338,0.0028546308541514093,0.005070535968518903,26.302425682947938,0.1649954421148563,-1.8951596911536757,0.3858875413450945,-0.06664593560591296,,,,,,,,,True,True,True,False,False,True,True,True,True,True,False,True,False,False,True,14.92434662998591,True,0.021378635680370392,4.046973803071487,True,True,False,False,True,True,True,True
2026-05-24 20:00:00+00:00,8H,8.0,BACKTEST,ETHUSD,NORMAL_RANGE,5c82719c-4153-4935-84c0-3b28873fad05,2df82269-3fd4-4dc0-a95b-29f2881d2b65,2026-05-24 20:00:00+00:00,probability_v2_features_v1,label_v2,probability_v1,historical_reconstructible_v1,-0.009031073013927318,0.006432092832386059,0.0012526544343967338,0.0028546308541514093,0.005070535968518903,26.302425682947938,0.1649954421148563,-1.8951596911536757,0.3858875413450945,-0.06664593560591296,,,,,,,,,True,True,True,False,False,True,True,True,True,True,False,True,False,False,True,14.92434662998591,True,0.02476676767435761,3.3141762452107644,True,True,False,False,True,True,True,True
2026-05-24 20:00:00+00:00,12H,12.0,BACKTEST,ETHUSD,NORMAL_RANGE,850027e0-1544-4b64-8489-1032b98d3106,2df82269-3fd4-4dc0-a95b-29f2881d2b65,2026-05-24 20:00:00+00:00,probability_v2_features_v1,label_v2,probability_v1,historical_reconstructible_v1,-0.009031073013927318,0.006432092832386059,0.0012526544343967338,0.0028546308541514093,0.005070535968518903,26.302425682947938,0.1649954421148563,-1.8951596911536757,0.3858875413450945,-0.06664593560591296,,,,,,,,,True,True,True,False,False,True,True,True,True,True,False,True,False,False,True,14.92434662998591,True,0.026675574431533528,2.914494264859258,True,False,False,False,True,True,True,True
2026-05-24 20:00:00+00:00,24H,24.0,BACKTEST,ETHUSD,NORMAL_RANGE,f9aed928-45e1-484c-936d-1af8672175db,2df82269-3fd4-4dc0-a95b-29f2881d2b65,2026-05-24 20:00:00+00:00,probability_v2_features_v1,label_v2,probability_v1,historical_reconstructible_v1,-0.009031073013927318,0.006432092832386059,0.0012526544343967338,0.0028546308541514093,0.005070535968518903,26.302425682947938,0.1649954421148563,-1.8951596911536757,0.3858875413450945,-0.06664593560591296,,,,,,,,,True,True,True,False,False,True,True,True,True,True,False,True,False,False,True,16.002751031636574,True,0.03831929565030669,2.960914454277305,True,True,False,False,True,True,True,True
2026-05-24 20:30:00+00:00,1H,1.0,BACKTEST,ETHUSD,NORMAL_RANGE,e13aa901-a7be-4d3f-ba24-5904b10e28b7,ec702fa5-7ed0-4724-8ee6-364acc1d5660,2026-05-24 20:30:00+00:00,probability_v2_features_v1,label_v2,probability_v1,historical_reconstructible_v1,0.0354770531401007,0.007999250901823135,0.0014845771144279042,0.004048262746303872,0.0053169992572892465,24.351001487138323,0.14552238805970147,-1.9935811617856833,0.3681125439624842,-0.6233964092281231,,,,,,,,,False,True,True,False,True,True,True,True,True,True,False,True,False,False,True,3.036948748510015,True,0.0060417910447759455,1.9796557120500609,True,False,False,False,True,True,True,True
2026-05-24 20:30:00+00:00,2H,2.0,BACKTEST,ETHUSD,NORMAL_RANGE,6a819678-5d2e-4298-93fb-0d22ceea3f69,ec702fa5-7ed0-4724-8ee6-364acc1d5660,2026-05-24 20:30:00+00:00,probability_v2_features_v1,label_v2,probability_v1,historical_reconstructible_v1,0.0354770531401007,0.007999250901823135,0.0014845771144279042,0.004048262746303872,0.0053169992572892465,24.351001487138323,0.14552238805970147,-1.9935811617856833,0.3681125439624842,-0.6233964092281231,,,,,,,,,False,True,True,False,False,True,True,True,True,True,False,True,False,False,True,11.07985697258619,True,0.01786268656716422,4.137168141592947,True,True,False,False,True,True,True,True
2026-05-24 20:30:00+00:00,4H,4.0,BACKTEST,ETHUSD,NORMAL_RANGE,7bbc7842-524b-4968-b426-b72414dc9bac,ec702fa5-7ed0-4724-8ee6-364acc1d5660,2026-05-24 20:30:00+00:00,probability_v2_features_v1,label_v2,probability_v1,historical_reconstructible_v1,0.0354770531401007,0.007999250901823135,0.0014845771144279042,0.004048262746303872,0.0053169992572892465,24.351001487138323,0.14552238805970147,-1.9935811617856833,0.3681125439624842,-0.6233964092281231,,,,,,,,,True,True,True,False,False,True,True,True,True,True,False,True,False,False,True,11.07985697258619,True,0.02187462686567173,3.5837245696400206,True,True,False,False,True,True,True,True
2026-05-24 20:30:00+00:00,8H,8.0,BACKTEST,ETHUSD,NORMAL_RANGE,e31f5fa5-ccf2-4372-82c4-bc7b9d985664,ec702fa5-7ed0-4724-8ee6-364acc1d5660,2026-05-24 20:30:00+00:00,probability_v2_features_v1,label_v2,probability_v1,historical_reconstructible_v1,0.0354770531401007,0.007999250901823135,0.0014845771144279042,0.004048262746303872,0.0053169992572892465,24.351001487138323,0.14552238805970147,-1.9935811617856833,0.3681125439624842,-0.6233964092281231,,,,,,,,,True,True,True,False,False,True,True,True,True,True,False,True,False,False,True,11.07985697258619,True,0.02478805970149258,2.8721638074156575,True,True,False,False,True,True,True,True
2026-05-24 20:30:00+00:00,12H,12.0,BACKTEST,ETHUSD,NORMAL_RANGE,9bd7c3a0-2b15-491f-b425-2c3b203af6a6,ec702fa5-7ed0-4724-8ee6-364acc1d5660,2026-05-24 20:30:00+00:00,probability_v2_features_v1,label_v2,probability_v1,historical_reconstructible_v1,0.0354770531401007,0.007999250901823135,0.0014845771144279042,0.004048262746303872,0.0053169992572892465,24.351001487138323,0.14552238805970147,-1.9935811617856833,0.3681125439624842,-0.6233964092281231,,,,,,,,,True,True,True,False,False,True,True,True,True,True,False,True,False,False,True,11.07985697258619,True,0.02669850746268661,2.52598282873926,True,True,False,False,True,True,True,True
2026-05-24 20:30:00+00:00,24H,24.0,BACKTEST,ETHUSD,NORMAL_RANGE,951c3acf-3b18-4e08-81d0-06993ace2766,ec702fa5-7ed0-4724-8ee6-364acc1d5660,2026-05-24 20:30:00+00:00,probability_v2_features_v1,label_v2,probability_v1,historical_reconstructible_v1,0.0354770531401007,0.007999250901823135,0.0014845771144279042,0.004048262746303872,0.0053169992572892465,24.351001487138323,0.14552238805970147,-1.9935811617856833,0.3681125439624842,-0.6233964092281231,,,,,,,,,True,True,True,False,False,True,True,True,True,True,False,True,False,False,True,15.718712753277238,True,0.03835223880597024,2.566315116650696,True,True,False,False,True,True,True,True
2026-05-24 21:00:00+00:00,1H,1.0,BACKTEST,ETHUSD,LOW_VOL_RANGE,72a1c83b-f891-44ed-9dd5-955c9c95ba4e,720aac4c-88cf-47f4-93a1-594235ecb717,2026-05-24 21:00:00+00:00,probability_v2_features_v1,label_v2,probability_v1,historical_reconstructible_v1,0.0445756457564612,0.008956138985231149,0.0014478918058870543,0.004724297751686649,0.005626771788826747,20.020095048930088,0.14154972544234132,-1.402451697766057,0.40405244338497953,-0.3623134194422546,,,,,,,,,False,False,True,False,True,True,True,True,True,True,False,True,False,True,False,9.394335511982515,True,0.017541766109785202,5.257510729613898,True,False,True,True,True,True,True,True
2026-05-24 21:00:00+00:00,2H,2.0,BACKTEST,ETHUSD,LOW_VOL_RANGE,32a67a84-0134-4c2c-b8d7-f989035676e6,720aac4c-88cf-47f4-93a1-594235ecb717,2026-05-24 21:00:00+00:00,probability_v2_features_v1,label_v2,probability_v1,historical_reconstructible_v1,0.0445756457564612,0.008956138985231149,0.0014478918058870543,0.004724297751686649,0.005626771788826747,20.020095048930088,0.14154972544234132,-1.402451697766057,0.40405244338497953,-0.3623134194422546,,,,,,,,,False,False,True,False,True,True,True,True,True,True,False,True,False,True,False,9.394335511982515,True,0.01785202863961818,3.785425101214542,True,True,False,False,True,True,True,True
2026-05-24 21:00:00+00:00,4H,4.0,BACKTEST,ETHUSD,LOW_VOL_RANGE,a7c97a1f-e40d-4d99-9aa9-8bb0141da4a8,720aac4c-88cf-47f4-93a1-594235ecb717,2026-05-24 21:00:00+00:00,probability_v2_features_v1,label_v2,probability_v1,historical_reconstructible_v1,0.0445756457564612,0.008956138985231149,0.0014478918058870543,0.004724297751686649,0.005626771788826747,20.020095048930088,0.14154972544234132,-1.402451697766057,0.40405244338497953,-0.3623134194422546,,,,,,,,,True,True,True,False,False,True,True,True,True,True,False,True,False,False,True,9.394335511982515,True,0.022649164677804427,3.39413447782548,True,True,False,False,True,True,True,True
2026-05-24 21:00:00+00:00,8H,8.0,BACKTEST,ETHUSD,LOW_VOL_RANGE,a2623f1e-fdc9-4bcf-8a2d-a13bb8da357e,720aac4c-88cf-47f4-93a1-594235ecb717,2026-05-24 21:00:00+00:00,probability_v2_features_v1,label_v2,probability_v1,historical_reconstructible_v1,0.0445756457564612,0.008956138985231149,0.0014478918058870543,0.004724297751686649,0.005626771788826747,20.020095048930088,0.14154972544234132,-1.402451697766057,0.40405244338497953,-0.3623134194422546,,,,,,,,,True,True,True,False,False,True,True,True,True,True,False,True,False,False,True,9.394335511982515,True,0.024773269689737514,2.6251896813353635,True,True,False,False,True,True,True,True
2026-05-24 21:00:00+00:00,12H,12.0,BACKTEST,ETHUSD,LOW_VOL_RANGE,3072913f-d8fa-4db3-af55-d3cab92b54fe,720aac4c-88cf-47f4-93a1-594235ecb717,2026-05-24 21:00:00+00:00,probability_v2_features_v1,label_v2,probability_v1,historical_reconstructible_v1,0.0445756457564612,0.008956138985231149,0.0014478918058870543,0.004724297751686649,0.005626771788826747,20.020095048930088,0.14154972544234132,-1.402451697766057,0.40405244338497953,-0.3623134194422546,,,,,,,,,True,True,True,False,False,True,True,True,True,True,False,True,False,False,True,9.394335511982515,True,0.02673031026252983,2.313093762907929,True,False,False,False,True,True,True,True
2026-05-24 21:00:00+00:00,24H,24.0,BACKTEST,ETHUSD,LOW_VOL_RANGE,d3ce9e18-094b-4554-93e1-18c2b389524b,720aac4c-88cf-47f4-93a1-594235ecb717,2026-05-24 21:00:00+00:00,probability_v2_features_v1,label_v2,probability_v1,historical_reconstructible_v1,0.0445756457564612,0.008956138985231149,0.0014478918058870543,0.004724297751686649,0.005626771788826747,20.020095048930088,0.14154972544234132,-1.402451697766057,0.40405244338497953,-0.3623134194422546,,,,,,,,,True,True,True,False,False,True,True,True,True,True,False,True,False,False,True,15.098039215686095,True,0.03832935560859197,2.345210280373852,True,True,False,False,True,True,True,True
2026-05-24 21:30:00+00:00,1H,1.0,BACKTEST,ETHUSD,LOW_VOL_RANGE,7706f19a-e59d-4349-b8b3-6322078184c7,911123ec-865b-442c-bbf4-7cc58dafb168,2026-05-24 21:30:00+00:00,probability_v2_features_v1,label_v2,probability_v1,historical_reconstructible_v1,0.08955433712920215,0.07700943079534518,0.0019049905951094533,0.006917875092460326,0.007307244559863928,50.74461332438761,0.2003367003366985,-4.4819735341372064,0.10243902439023947,0.5249103245973503,,,,,0.0,,,,True,True,True,False,False,True,True,True,True,True,False,True,False,False,True,6.87108655616943,True,0.01796133989674635,4.522370012091919,True,True,False,False,True,True,True,True
2026-05-24 21:30:00+00:00,2H,2.0,BACKTEST,ETHUSD,LOW_VOL_RANGE,43ca906f-e641-4913-968e-3d37aae410df,911123ec-865b-442c-bbf4-7cc58dafb168,2026-05-24 21:30:00+00:00,probability_v2_features_v1,label_v2,probability_v1,historical_reconstructible_v1,0.08955433712920215,0.07700943079534518,0.0019049905951094533,0.006917875092460326,0.007307244559863928,50.74461332438761,0.2003367003366985,-4.4819735341372064,0.10243902439023947,0.5249103245973503,,,,,0.0,,,,True,True,True,False,False,True,True,True,True,True,False,True,False,False,True,6.87108655616943,True,0.01796133989674635,3.1993156544054675,True,True,False,False,True,True,True,True
2026-05-24 21:30:00+00:00,4H,4.0,BACKTEST,ETHUSD,LOW_VOL_RANGE,96e940d9-ea3e-4438-a1dc-6e5a8d61d8e2,911123ec-865b-442c-bbf4-7cc58dafb168,2026-05-24 21:30:00+00:00,probability_v2_features_v1,label_v2,probability_v1,historical_reconstructible_v1,0.08955433712920215,0.07700943079534518,0.0019049905951094533,0.006917875092460326,0.007307244559863928,50.74461332438761,0.2003367003366985,-4.4819735341372064,0.10243902439023947,0.5249103245973503,,,,,0.0,,,,True,True,True,False,False,True,True,True,True,True,False,True,False,False,True,6.87108655616943,True,0.022787849681834685,2.8705384150030855,True,False,False,False,True,True,True,True
2026-05-24 21:30:00+00:00,8H,8.0,BACKTEST,ETHUSD,LOW_VOL_RANGE,43f3920b-feba-4362-b9bd-ae639a901534,911123ec-865b-442c-bbf4-7cc58dafb168,2026-05-24 21:30:00+00:00,probability_v2_features_v1,label_v2,probability_v1,historical_reconstructible_v1,0.08955433712920215,0.07700943079534518,0.0019049905951094533,0.006917875092460326,0.007307244559863928,50.74461332438761,0.2003367003366985,-4.4819735341372064,0.10243902439023947,0.5249103245973503,,,,,0.0,,,,True,True,True,False,False,True,True,True,True,True,False,True,False,False,True,6.87108655616943,True,0.024924960979709494,2.2188969645147227,True,False,False,False,True,True,True,True
2026-05-24 21:30:00+00:00,12H,12.0,BACKTEST,ETHUSD,LOW_VOL_RANGE,d97a88ce-5435-4c1c-b3b8-6c743e1aeec1,911123ec-865b-442c-bbf4-7cc58dafb168,2026-05-24 21:30:00+00:00,probability_v2_features_v1,label_v2,probability_v1,historical_reconstructible_v1,0.08955433712920215,0.07700943079534518,0.0019049905951094533,0.006917875092460326,0.007307244559863928,50.74461332438761,0.2003367003366985,-4.4819735341372064,0.10243902439023947,0.5249103245973503,,,,,0.0,,,,True,True,True,False,False,True,True,True,True,True,False,True,False,False,True,8.546961325966846,True,0.0287189338455998,2.087988826815658,True,False,False,False,True,True,True,True
2026-05-24 21:30:00+00:00,24H,24.0,BACKTEST,ETHUSD,LOW_VOL_RANGE,29020090-5336-41a9-adba-fb7cf727bbaf,911123ec-865b-442c-bbf4-7cc58dafb168,2026-05-24 21:30:00+00:00,probability_v2_features_v1,label_v2,probability_v1,historical_reconstructible_v1,0.08955433712920215,0.07700943079534518,0.0019049905951094533,0.006917875092460326,0.007307244559863928,50.74461332438761,0.2003367003366985,-4.4819735341372064,0.10243902439023947,0.5249103245973503,,,,,0.0,,,,True,True,False,False,False,True,True,True,True,True,False,True,True,False,False,13.832412523020235,True,0.0385640533077201,1.98222661071342,True,False,False,False,True,True,True,True
2026-05-24 22:00:00+00:00,1H,1.0,BACKTEST,ETHUSD,NORMAL_RANGE,a6c109ae-b970-486f-8849-1778c14a39af,23ad3912-798e-4663-9b2a-6f44bd6b284e,2026-05-24 22:00:00+00:00,probability_v2_features_v1,label_v2,probability_v1,historical_reconstructible_v1,0.16999110659382824,0.21811991058156202,0.003950753399485524,0.020563738778088838,0.011750794029235734,106.50985824911507,0.11398176291793281,-1.9519417611618206,0.49015748031496065,0.8238361122648458,,,,,,,,,True,True,True,False,False,True,True,True,True,True,False,True,False,False,True,3.713740458015192,True,0.014021379607880736,1.832706766917289,True,True,False,False,True,True,False,True
2026-05-24 22:00:00+00:00,2H,2.0,BACKTEST,ETHUSD,NORMAL_RANGE,c1103303-8214-4d25-a977-2f5f5bf167f8,23ad3912-798e-4663-9b2a-6f44bd6b284e,2026-05-24 22:00:00+00:00,probability_v2_features_v1,label_v2,probability_v1,historical_reconstructible_v1,0.16999110659382824,0.21811991058156202,0.003950753399485524,0.020563738778088838,0.011750794029235734,106.50985824911507,0.11398176291793281,-1.9519417611618206,0.49015748031496065,0.8238361122648458,,,,,,,,,True,True,True,False,False,True,True,True,True,True,False,True,False,False,True,4.702290076335805,True,0.017568668807823255,1.6238369517057964,True,True,False,False,True,True,False,True
2026-05-24 22:00:00+00:00,4H,4.0,BACKTEST,ETHUSD,NORMAL_RANGE,85728df2-8650-4a57-b3aa-c25411518b57,23ad3912-798e-4663-9b2a-6f44bd6b284e,2026-05-24 22:00:00+00:00,probability_v2_features_v1,label_v2,probability_v1,historical_reconstructible_v1,0.16999110659382824,0.21811991058156202,0.003950753399485524,0.020563738778088838,0.011750794029235734,106.50985824911507,0.11398176291793281,-1.9519417611618206,0.49015748031496065,0.8238361122648458,,,,,,,,,True,True,False,False,False,True,True,True,True,True,False,True,True,False,False,5.056297709923599,True,0.018838981832127025,1.2312030075187999,True,True,False,False,True,True,False,True
2026-05-24 22:00:00+00:00,8H,8.0,BACKTEST,ETHUSD,NORMAL_RANGE,81871b5f-5108-42f5-9d85-61359e52c915,23ad3912-798e-4663-9b2a-6f44bd6b284e,2026-05-24 22:00:00+00:00,probability_v2_features_v1,label_v2,probability_v1,historical_reconstructible_v1,0.16999110659382824,0.21811991058156202,0.003950753399485524,0.020563738778088838,0.011750794029235734,106.50985824911507,0.11398176291793281,-1.9519417611618206,0.49015748031496065,0.8238361122648458,,,,,,,,,True,True,False,False,False,True,True,True,True,True,False,True,True,False,False,5.650763358778531,True,0.0209721489861464,0.9692069118298654,False,False,False,False,True,True,False,True
2026-05-24 22:00:00+00:00,12H,12.0,BACKTEST,ETHUSD,NORMAL_RANGE,45e61450-889c-42bc-ac33-66d7bf760519,23ad3912-798e-4663-9b2a-6f44bd6b284e,2026-05-24 22:00:00+00:00,probability_v2_features_v1,label_v2,probability_v1,historical_reconstructible_v1,0.16999110659382824,0.21811991058156202,0.003950753399485524,0.020563738778088838,0.011750794029235734,106.50985824911507,0.11398176291793281,-1.9519417611618206,0.49015748031496065,0.8238361122648458,,,,,,,,,True,True,False,False,False,True,True,True,True,True,False,True,True,False,False,7.07347328244265,True,0.026077369253631223,0.983903056610601,False,False,False,False,True,True,False,True
2026-05-24 22:00:00+00:00,24H,24.0,BACKTEST,ETHUSD,NORMAL_RANGE,232a575d-7cec-4598-b209-efb12fc797ea,23ad3912-798e-4663-9b2a-6f44bd6b284e,2026-05-24 22:00:00+00:00,probability_v2_features_v1,label_v2,probability_v1,historical_reconstructible_v1,0.16999110659382824,0.21811991058156202,0.003950753399485524,0.020563738778088838,0.011750794029235734,106.50985824911507,0.11398176291793281,-1.9519417611618206,0.49015748031496065,0.8238361122648458,,,,,,,,,True,True,False,False,False,True,True,True,True,True,False,True,True,False,False,9.444656488549496,True,0.03458606969943919,0.9228702993092893,False,True,False,False,True,True,False,True
2026-05-24 22:30:00+00:00,1H,1.0,BACKTEST,ETHUSD,NORMAL_RANGE,bafc36a1-b759-4e44-b151-b744038db804,b589e71e-d5df-49d9-8b39-2339ccf5d494,2026-05-24 22:30:00+00:00,probability_v2_features_v1,label_v2,probability_v1,historical_reconstructible_v1,0.08760330578512995,0.09209123080694125,0.004148155225401744,0.021299512449474745,0.013481886410076598,105.21574271174978,0.011063829787232953,-0.277575260121445,0.6822529224229594,-0.3454418051417813,,,,,0.0,,,,False,False,False,True,False,True,True,True,True,True,True,False,False,False,False,1.064554455445523,False,0.006043089858118803,0.6578263130525263,False,True,False,False,True,False,True,True
2026-05-24 22:30:00+00:00,2H,2.0,BACKTEST,ETHUSD,NORMAL_RANGE,ec4991b9-2c5d-4972-b881-fd79a66f57ce,b589e71e-d5df-49d9-8b39-2339ccf5d494,2026-05-24 22:30:00+00:00,probability_v2_features_v1,label_v2,probability_v1,historical_reconstructible_v1,0.08760330578512995,0.09209123080694125,0.004148155225401744,0.021299512449474745,0.013481886410076598,105.21574271174978,0.011063829787232953,-0.277575260121445,0.6822529224229594,-0.3454418051417813,,,,,0.0,,,,True,False,False,True,True,True,True,True,True,True,True,False,False,False,False,1.2752475247524615,False,0.01007977834041939,0.7760205958072772,False,False,False,False,True,True,True,True
2026-05-24 22:30:00+00:00,4H,4.0,BACKTEST,ETHUSD,NORMAL_RANGE,8622f29d-ba86-46d9-839c-d07c74395f9a,b589e71e-d5df-49d9-8b39-2339ccf5d494,2026-05-24 22:30:00+00:00,probability_v2_features_v1,label_v2,probability_v1,historical_reconstructible_v1,0.08760330578512995,0.09209123080694125,0.004148155225401744,0.021299512449474745,0.013481886410076598,105.21574271174978,0.011063829787232953,-0.277575260121445,0.6822529224229594,-0.3454418051417813,,,,,0.0,,,,True,False,False,True,True,True,True,True,True,True,True,False,False,False,False,1.9516831683168006,True,0.01299383748148847,0.7074122236670988,False,True,False,False,True,True,True,True
2026-05-24 22:30:00+00:00,8H,8.0,BACKTEST,ETHUSD,NORMAL_RANGE,0c6fdd55-28da-40d2-915b-58425157976f,b589e71e-d5df-49d9-8b39-2339ccf5d494,2026-05-24 22:30:00+00:00,probability_v2_features_v1,label_v2,probability_v1,historical_reconstructible_v1,0.08760330578512995,0.09209123080694125,0.004148155225401744,0.021299512449474745,0.013481886410076598,105.21574271174978,0.011063829787232953,-0.277575260121445,0.6822529224229594,-0.3454418051417813,,,,,0.0,,,,True,False,False,True,True,True,True,True,True,True,True,False,False,False,False,1.9516831683168006,True,0.01299383748148847,0.5001838911364429,False,True,False,False,True,True,True,True
2026-05-24 22:30:00+00:00,12H,12.0,BACKTEST,ETHUSD,NORMAL_RANGE,c16bd9f2-2364-4e22-8862-2debabcc82a6,b589e71e-d5df-49d9-8b39-2339ccf5d494,2026-05-24 22:30:00+00:00,probability_v2_features_v1,label_v2,probability_v1,historical_reconstructible_v1,0.08760330578512995,0.09209123080694125,0.004148155225401744,0.021299512449474745,0.013481886410076598,105.21574271174978,0.011063829787232953,-0.277575260121445,0.6822529224229594,-0.3454418051417813,,,,,0.0,,,,True,False,False,True,True,True,True,True,True,True,True,False,False,False,False,3.132673267326699,True,0.01808149811302723,0.5683183183183177,False,False,False,False,True,True,True,True
2026-05-24 22:30:00+00:00,24H,24.0,BACKTEST,ETHUSD,NORMAL_RANGE,6129d235-e9f2-4297-8d74-2419bdc0fe26,b589e71e-d5df-49d9-8b39-2339ccf5d494,2026-05-24 22:30:00+00:00,probability_v2_features_v1,label_v2,probability_v1,historical_reconstructible_v1,0.08760330578512995,0.09209123080694125,0.004148155225401744,0.021299512449474745,0.013481886410076598,105.21574271174978,0.011063829787232953,-0.277575260121445,0.6822529224229594,-0.3454418051417813,,,,,0.0,,,,True,False,False,True,True,True,True,True,True,True,True,False,False,False,False,5.100990099009846,True,0.026560932498925098,0.5902962097887237,False,True,False,False,True,True,True,True
2026-05-24 23:00:00+00:00,1H,1.0,BACKTEST,ETHUSD,NORMAL_RANGE,d49e42be-e7c2-4dc8-b833-b0176f047858,1514a466-ce0a-435d-88ba-3aa0957ed245,2026-05-24 23:00:00+00:00,probability_v2_features_v1,label_v2,probability_v1,historical_reconstructible_v1,0.09243134628265764,0.09066911171016018,0.002682715194357563,0.01981348365481586,0.01512424169065546,51.43055940563188,0.031790295593975205,-0.11488998217181544,0.689691817215731,-0.4953188094305455,,,,,0.0,,,,True,True,False,False,True,True,True,True,True,True,False,True,True,False,False,2.187737384698851,True,0.007427220404556722,1.1083392729864907,True,True,False,False,True,True,False,True
2026-05-24 23:00:00+00:00,2H,2.0,BACKTEST,ETHUSD,NORMAL_RANGE,9d46bf1f-f6d1-4773-97d4-037f6cc183a5,1514a466-ce0a-435d-88ba-3aa0957ed245,2026-05-24 23:00:00+00:00,probability_v2_features_v1,label_v2,probability_v1,historical_reconstructible_v1,0.09243134628265764,0.09066911171016018,0.002682715194357563,0.01981348365481586,0.01512424169065546,51.43055940563188,0.031790295593975205,-0.11488998217181544,0.689691817215731,-0.4953188094305455,,,,,0.0,,,,True,True,False,False,True,True,True,True,True,True,False,True,True,False,False,2.5903418339663586,True,0.008692952499223973,0.9168765743073017,False,False,False,False,True,True,False,True
2026-05-24 23:00:00+00:00,4H,4.0,BACKTEST,ETHUSD,NORMAL_RANGE,1bb8c56c-b425-46c7-8370-2acb77761ff7,1514a466-ce0a-435d-88ba-3aa0957ed245,2026-05-24 23:00:00+00:00,probability_v2_features_v1,label_v2,probability_v1,historical_reconstructible_v1,0.09243134628265764,0.09066911171016018,0.002682715194357563,0.01981348365481586,0.01512424169065546,51.43055940563188,0.031790295593975205,-0.11488998217181544,0.689691817215731,-0.4953188094305455,,,,,0.0,,,,True,True,False,False,True,True,True,True,True,True,False,True,True,False,False,3.26641345632118,True,0.010818427148759387,0.806911293195581,False,True,False,False,True,True,False,True
2026-05-24 23:00:00+00:00,8H,8.0,BACKTEST,ETHUSD,NORMAL_RANGE,43af3af8-875b-4988-89dd-a72ff6c3938c,1514a466-ce0a-435d-88ba-3aa0957ed245,2026-05-24 23:00:00+00:00,probability_v2_features_v1,label_v2,probability_v1,historical_reconstructible_v1,0.09243134628265764,0.09066911171016018,0.002682715194357563,0.01981348365481586,0.01512424169065546,51.43055940563188,0.031790295593975205,-0.11488998217181544,0.689691817215731,-0.4953188094305455,,,,,0.0,,,,True,False,False,True,True,True,True,True,True,True,True,False,False,False,False,3.26641345632118,True,0.010818427148759387,0.5706727135298645,False,False,False,False,True,True,False,True
2026-05-24 23:00:00+00:00,12H,12.0,BACKTEST,ETHUSD,NORMAL_RANGE,5435acaf-ad0c-4533-8b72-20757956fcf8,1514a466-ce0a-435d-88ba-3aa0957ed245,2026-05-24 23:00:00+00:00,probability_v2_features_v1,label_v2,probability_v1,historical_reconstructible_v1,0.09243134628265764,0.09066911171016018,0.002682715194357563,0.01981348365481586,0.01512424169065546,51.43055940563188,0.031790295593975205,-0.11488998217181544,0.689691817215731,-0.4953188094305455,,,,,0.0,,,,True,True,False,False,True,True,True,True,True,True,False,True,True,False,False,4.884427563754708,True,0.01590523726506349,0.6850442295823924,False,False,True,True,True,True,False,True
2026-05-24 23:00:00+00:00,24H,24.0,BACKTEST,ETHUSD,NORMAL_RANGE,e807ee61-f5f4-4152-83bd-23685e9be4ed,1514a466-ce0a-435d-88ba-3aa0957ed245,2026-05-24 23:00:00+00:00,probability_v2_features_v1,label_v2,probability_v1,historical_reconstructible_v1,0.09243134628265764,0.09066911171016018,0.002682715194357563,0.01981348365481586,0.01512424169065546,51.43055940563188,0.031790295593975205,-0.11488998217181544,0.689691817215731,-0.4953188094305455,,,,,0.0,,,,True,True,False,False,True,True,True,True,True,True,False,True,True,False,False,7.581117742810567,True,0.024383254125570263,0.7425454545454572,False,True,False,False,True,True,False,True
2026-05-24 23:30:00+00:00,1H,1.0,BACKTEST,ETHUSD,NORMAL_RANGE,b516d99a-6962-42cb-a4b4-8f2335a1f555,73b9ae45-fb7a-4802-97c0-c4cb12638951,2026-05-24 23:30:00+00:00,probability_v2_features_v1,label_v2,probability_v1,historical_reconstructible_v1,0.041762090798874135,0.035272102838915464,0.0019453783850378853,0.010920687674690358,0.010478462266541224,31.928204647705492,0.007782101167315559,0.7522561792957693,0.7577045696068003,-0.27938255180396016,,,,,0.0,,,,True,True,True,False,True,True,True,True,True,True,False,True,False,False,True,3.5724137931034643,True,0.007105896940649113,1.6874292185730706,True,False,False,False,True,True,False,True
2026-05-24 23:30:00+00:00,2H,2.0,BACKTEST,ETHUSD,NORMAL_RANGE,eac36d26-bee6-444d-813f-dda377b01948,73b9ae45-fb7a-4802-97c0-c4cb12638951,2026-05-24 23:30:00+00:00,probability_v2_features_v1,label_v2,probability_v1,historical_reconstructible_v1,0.041762090798874135,0.035272102838915464,0.0019453783850378853,0.010920687674690358,0.010478462266541224,31.928204647705492,0.007782101167315559,0.7522561792957693,0.7577045696068003,-0.27938255180396016,,,,,0.0,,,,True,True,False,False,True,True,True,True,True,True,False,True,True,False,False,3.9706896551724484,True,0.007892791568304925,1.3250600480384203,True,False,False,False,True,True,False,True
2026-05-24 23:30:00+00:00,4H,4.0,BACKTEST,ETHUSD,NORMAL_RANGE,1f30b3ae-dea8-4832-bf83-b109818d5992,73b9ae45-fb7a-4802-97c0-c4cb12638951,2026-05-24 23:30:00+00:00,probability_v2_features_v1,label_v2,probability_v1,historical_reconstructible_v1,0.041762090798874135,0.035272102838915464,0.0019453783850378853,0.010920687674690358,0.010478462266541224,31.928204647705492,0.007782101167315559,0.7522561792957693,0.7577045696068003,-0.27938255180396016,,,,,0.0,,,,True,True,False,False,False,True,True,True,True,True,False,True,True,False,False,5.044827586206879,True,0.010015022533800702,1.1884550084889594,True,True,False,False,True,True,False,True
2026-05-24 23:30:00+00:00,8H,8.0,BACKTEST,ETHUSD,NORMAL_RANGE,b4fbb5ec-2d9c-492f-850e-9238721fb966,73b9ae45-fb7a-4802-97c0-c4cb12638951,2026-05-24 23:30:00+00:00,probability_v2_features_v1,label_v2,probability_v1,historical_reconstructible_v1,0.041762090798874135,0.035272102838915464,0.0019453783850378853,0.010920687674690358,0.010478462266541224,31.928204647705492,0.007782101167315559,0.7522561792957693,0.7577045696068003,-0.27938255180396016,,,,,0.0,,,,True,True,False,False,True,True,True,True,True,True,False,True,True,False,False,6.010344827586182,True,0.012423397000262168,1.0424169667866938,True,False,False,False,True,True,False,True
2026-05-24 23:30:00+00:00,12H,12.0,BACKTEST,ETHUSD,NORMAL_RANGE,6059d98e-d29b-424d-ad78-41731dc60ac0,73b9ae45-fb7a-4802-97c0-c4cb12638951,2026-05-24 23:30:00+00:00,probability_v2_features_v1,label_v2,probability_v1,historical_reconstructible_v1,0.041762090798874135,0.035272102838915464,0.0019453783850378853,0.010920687674690358,0.010478462266541224,31.928204647705492,0.007782101167315559,0.7522561792957693,0.7577045696068003,-0.27938255180396016,,,,,0.0,,,,True,True,False,False,True,True,True,True,True,True,False,True,True,False,False,7.615517241379295,True,0.015594820802632433,1.0686274509803895,True,False,False,False,True,True,False,True
2026-05-24 23:30:00+00:00,24H,24.0,BACKTEST,ETHUSD,NORMAL_RANGE,91f959fd-6c9e-4915-a8b7-edb68482fa15,73b9ae45-fb7a-4802-97c0-c4cb12638951,2026-05-24 23:30:00+00:00,probability_v2_features_v1,label_v2,probability_v1,historical_reconstructible_v1,0.041762090798874135,0.035272102838915464,0.0019453783850378853,0.010920687674690358,0.010478462266541224,31.928204647705492,0.007782101167315559,0.7522561792957693,0.7577045696068003,-0.27938255180396016,,,,,0.0,,,,True,True,False,False,True,True,True,True,True,True,False,True,True,False,False,11.89999999999995,True,0.024059899372868742,1.1659348278252795,True,True,False,False,True,True,False,True
2026-05-25 00:00:00+00:00,1H,1.0,BACKTEST,ETHUSD,NORMAL_RANGE,6369459b-18e8-4e3f-a7d4-4becf6addbb2,e0b914b3-8be4-4022-98cf-7ea219e7d9fc,2026-05-25 00:00:00+00:00,probability_v2_features_v1,label_v2,probability_v1,historical_reconstructible_v1,-0.02647365675534088,-0.12801515235357963,0.0018718571043322674,0.008666951001084637,0.008374809717642541,40.003845877741774,0.015239096163951863,1.77790319650285,0.852284803400642,-0.4019619694492994,,,,,0.0,,,,True,True,False,False,True,True,True,True,True,True,False,True,True,False,False,2.4811753902662894,True,0.004639984771332032,1.1761158021712959,True,True,False,False,True,True,False,True
2026-05-25 00:00:00+00:00,2H,2.0,BACKTEST,ETHUSD,NORMAL_RANGE,9e43bbe1-d04d-4222-842b-27b146da1d09,e0b914b3-8be4-4022-98cf-7ea219e7d9fc,2026-05-25 00:00:00+00:00,probability_v2_features_v1,label_v2,probability_v1,historical_reconstructible_v1,-0.02647365675534088,-0.12801515235357963,0.0018718571043322674,0.008666951001084637,0.008374809717642541,40.003845877741774,0.015239096163951863,1.77790319650285,0.852284803400642,-0.4019619694492994,,,,,0.0,,,,True,True,True,False,False,True,True,True,True,True,False,True,False,False,True,2.4811753902662894,True,0.007709513158521045,1.3822525597269557,True,False,False,False,True,True,True,True
2026-05-25 00:00:00+00:00,4H,4.0,BACKTEST,ETHUSD,NORMAL_RANGE,0a37e91b-162d-4ee6-8cf7-2ba88deb7b31,e0b914b3-8be4-4022-98cf-7ea219e7d9fc,2026-05-25 00:00:00+00:00,probability_v2_features_v1,label_v2,probability_v1,historical_reconstructible_v1,-0.02647365675534088,-0.12801515235357963,0.0018718571043322674,0.008666951001084637,0.008374809717642541,40.003845877741774,0.015239096163951863,1.77790319650285,0.852284803400642,-0.4019619694492994,,,,,0.0,,,,True,True,True,False,False,True,True,True,True,True,False,True,False,False,True,3.625344352617008,True,0.010303145671727068,1.3050030138638031,True,True,False,False,True,True,True,True
2026-05-25 00:00:00+00:00,8H,8.0,BACKTEST,ETHUSD,NORMAL_RANGE,173c5202-111e-49af-8d0c-e228ee1e05d2,e0b914b3-8be4-4022-98cf-7ea219e7d9fc,2026-05-25 00:00:00+00:00,probability_v2_features_v1,label_v2,probability_v1,historical_reconstructible_v1,-0.02647365675534088,-0.12801515235357963,0.0018718571043322674,0.008666951001084637,0.008374809717642541,40.003845877741774,0.015239096163951863,1.77790319650285,0.852284803400642,-0.4019619694492994,,,,,0.0,,,,True,True,False,False,True,True,True,True,True,True,False,True,True,False,False,4.653810835628932,True,0.012397087517251094,1.1108742004264147,True,False,False,False,True,True,True,True
2026-05-25 00:00:00+00:00,12H,12.0,BACKTEST,ETHUSD,NORMAL_RANGE,f9f2faf8-d713-4221-969b-7713cfce7793,e0b914b3-8be4-4022-98cf-7ea219e7d9fc,2026-05-25 00:00:00+00:00,probability_v2_features_v1,label_v2,probability_v1,historical_reconstructible_v1,-0.02647365675534088,-0.12801515235357963,0.0018718571043322674,0.008666951001084637,0.008374809717642541,40.003845877741774,0.015239096163951863,1.77790319650285,0.852284803400642,-0.4019619694492994,,,,,0.0,,,,True,True,False,False,True,True,True,True,True,True,False,True,True,False,False,6.363636363636279,True,0.015561795079236575,1.138579387186613,True,False,False,False,True,True,True,True
2026-05-25 00:00:00+00:00,24H,24.0,BACKTEST,ETHUSD,NORMAL_RANGE,7b136c92-4d2f-4fea-bf83-657133f1d33c,e0b914b3-8be4-4022-98cf-7ea219e7d9fc,2026-05-25 00:00:00+00:00,probability_v2_features_v1,label_v2,probability_v1,historical_reconstructible_v1,-0.02647365675534088,-0.12801515235357963,0.0018718571043322674,0.008666951001084637,0.008374809717642541,40.003845877741774,0.015239096163951863,1.77790319650285,0.852284803400642,-0.4019619694492994,,,,,0.0,,,,True,True,False,False,True,True,True,True,True,True,False,True,True,False,False,10.92745638200169,True,0.024008946842430788,1.241999015263416,True,True,False,False,True,True,True,True
2026-05-25 00:30:00+00:00,1H,1.0,BACKTEST,ETHUSD,NORMAL_RANGE,6a97215a-0bc9-4deb-9736-5e16892ca2de,b2b61257-5b4d-47ad-9428-8845975203e8,2026-05-25 00:30:00+00:00,probability_v2_features_v1,label_v2,probability_v1,historical_reconstructible_v1,0.05689789555728962,0.033029310723445955,0.002095265255036184,0.009707996993873572,0.007392676391783346,37.38047403121377,0.02308105206655732,2.7004307742936775,0.9223300970873713,-0.25238897636406565,,,,,0.0,,,,False,False,False,True,False,True,True,True,True,True,True,False,False,False,False,1.0148270181219199,False,0.0035171938496637713,0.8008658008658296,False,True,False,False,True,False,True,True
2026-05-25 00:30:00+00:00,2H,2.0,BACKTEST,ETHUSD,NORMAL_RANGE,f8697f96-ff26-4d47-9706-5a34aa3d3074,b2b61257-5b4d-47ad-9428-8845975203e8,2026-05-25 00:30:00+00:00,probability_v2_features_v1,label_v2,probability_v1,historical_reconstructible_v1,0.05689789555728962,0.033029310723445955,0.002095265255036184,0.009707996993873572,0.007392676391783346,37.38047403121377,0.02308105206655732,2.7004307742936775,0.9223300970873713,-0.25238897636406565,,,,,0.0,,,,False,True,True,False,False,True,True,True,True,True,False,True,False,False,True,3.0444810543657597,True,0.009814872026426528,1.5799540933435219,True,True,False,False,True,True,True,True
2026-05-25 00:30:00+00:00,4H,4.0,BACKTEST,ETHUSD,NORMAL_RANGE,d10a6936-bf32-4236-a4e7-8b2e1b1fba8b,b2b61257-5b4d-47ad-9428-8845975203e8,2026-05-25 00:30:00+00:00,probability_v2_features_v1,label_v2,probability_v1,historical_reconstructible_v1,0.05689789555728962,0.033029310723445955,0.002095265255036184,0.009707996993873572,0.007392676391783346,37.38047403121377,0.02308105206655732,2.7004307742936775,0.9223300970873713,-0.25238897636406565,,,,,0.0,,,,False,False,True,False,False,True,True,True,True,True,False,True,False,True,False,3.367380560131734,True,0.010480287079065438,1.1925365062195774,True,True,False,False,True,True,True,True
2026-05-25 00:30:00+00:00,8H,8.0,BACKTEST,ETHUSD,NORMAL_RANGE,48e62943-cc73-4132-9ac5-ec988efca52a,b2b61257-5b4d-47ad-9428-8845975203e8,2026-05-25 00:30:00+00:00,probability_v2_features_v1,label_v2,probability_v1,historical_reconstructible_v1,0.05689789555728962,0.033029310723445955,0.002095265255036184,0.009707996993873572,0.007392676391783346,37.38047403121377,0.02308105206655732,2.7004307742936775,0.9223300970873713,-0.25238897636406565,,,,,0.0,,,,False,False,True,False,True,True,True,True,True,True,False,True,False,True,False,3.367380560131734,True,0.012381472943748535,0.9961759082217835,False,True,False,False,True,True,True,True
2026-05-25 00:30:00+00:00,12H,12.0,BACKTEST,ETHUSD,NORMAL_RANGE,229ae7cb-3632-4171-b36e-fd32ca613e5e,b2b61257-5b4d-47ad-9428-8845975203e8,2026-05-25 00:30:00+00:00,probability_v2_features_v1,label_v2,probability_v1,historical_reconstructible_v1,0.05689789555728962,0.033029310723445955,0.002095265255036184,0.009707996993873572,0.007392676391783346,37.38047403121377,0.02308105206655732,2.7004307742936775,0.9223300970873713,-0.25238897636406565,,,,,0.0,,,,False,True,False,False,True,True,True,True,True,True,False,True,True,False,False,4.174629324546881,True,0.015542194443784225,1.0212367270455913,True,False,False,False,True,True,True,True
2026-05-25 00:30:00+00:00,24H,24.0,BACKTEST,ETHUSD,NORMAL_RANGE,ddc0cc04-7fcf-4f6b-97ce-b0c87078e005,b2b61257-5b4d-47ad-9428-8845975203e8,2026-05-25 00:30:00+00:00,probability_v2_features_v1,label_v2,probability_v1,historical_reconstructible_v1,0.05689789555728962,0.033029310723445955,0.002095265255036184,0.009707996993873572,0.007392676391783346,37.38047403121377,0.02308105206655732,2.7004307742936775,0.9223300970873713,-0.25238897636406565,,,,,0.0,,,,False,True,False,False,False,True,True,True,True,True,False,True,True,False,False,8.268533772652269,True,0.023978706718315465,1.1139324354162035,True,True,False,False,True,True,True,True
2026-05-25 01:00:00+00:00,1H,1.0,BACKTEST,ETHUSD,NORMAL_RANGE,6f5bd842-e37e-4358-ac43-be5d9f425593,1f6f77d3-856d-4acd-82a2-6b1d39068fa5,2026-05-25 01:00:00+00:00,probability_v2_features_v1,label_v2,probability_v1,historical_reconstructible_v1,0.03739522888459363,0.030828236405187903,0.0019012310471029992,0.006616433003960978,0.008136489492349215,28.94971966456214,0.003979835500132569,2.7274572261852232,0.8998946259220237,-0.30149262741981847,,,,,0.0,,,,False,False,True,False,False,True,True,True,True,True,False,True,False,True,False,3.0625,True,0.007177147202813995,1.7702227432590867,True,False,True,True,True,False,True,True
2026-05-25 01:00:00+00:00,2H,2.0,BACKTEST,ETHUSD,NORMAL_RANGE,ec653c78-4b3f-40d3-86fc-8d497f4db8ae,1f6f77d3-856d-4acd-82a2-6b1d39068fa5,2026-05-25 01:00:00+00:00,probability_v2_features_v1,label_v2,probability_v1,historical_reconstructible_v1,0.03739522888459363,0.030828236405187903,0.0019012310471029992,0.006616433003960978,0.008136489492349215,28.94971966456214,0.003979835500132569,2.7274572261852232,0.8998946259220237,-0.30149262741981847,,,,,0.0,,,,False,True,True,False,False,True,True,True,True,True,False,True,False,False,True,3.0625,True,0.009815105280669275,1.7122719734660186,True,True,False,False,True,True,True,True
2026-05-25 01:00:00+00:00,4H,4.0,BACKTEST,ETHUSD,NORMAL_RANGE,49c4c507-ed81-41c5-bccf-b6d2f612b5e9,1f6f77d3-856d-4acd-82a2-6b1d39068fa5,2026-05-25 01:00:00+00:00,probability_v2_features_v1,label_v2,probability_v1,historical_reconstructible_v1,0.03739522888459363,0.030828236405187903,0.0019012310471029992,0.006616433003960978,0.008136489492349215,28.94971966456214,0.003979835500132569,2.7274572261852232,0.8998946259220237,-0.30149262741981847,,,,,0.0,,,,False,True,True,False,False,True,True,True,True,True,False,True,False,False,True,3.412499999999909,True,0.010480536147155153,1.2932551319647796,True,True,False,False,True,True,True,True
2026-05-25 01:00:00+00:00,8H,8.0,BACKTEST,ETHUSD,NORMAL_RANGE,ec17e9ed-cc8b-4df0-aec6-cae68d0191ee,1f6f77d3-856d-4acd-82a2-6b1d39068fa5,2026-05-25 01:00:00+00:00,probability_v2_features_v1,label_v2,probability_v1,historical_reconstructible_v1,0.03739522888459363,0.030828236405187903,0.0019012310471029992,0.006616433003960978,0.008136489492349215,28.94971966456214,0.003979835500132569,2.7274572261852232,0.8998946259220237,-0.30149262741981847,,,,,0.0,,,,False,True,True,False,True,True,True,True,True,True,False,True,False,False,True,3.412499999999909,True,0.012429297970435684,1.0841625207296544,True,False,False,False,True,True,True,True
2026-05-25 01:00:00+00:00,12H,12.0,BACKTEST,ETHUSD,NORMAL_RANGE,21c0e3e5-aa5a-44bd-b927-7bac243b15d7,1f6f77d3-856d-4acd-82a2-6b1d39068fa5,2026-05-25 01:00:00+00:00,probability_v2_features_v1,label_v2,probability_v1,historical_reconstructible_v1,0.03739522888459363,0.030828236405187903,0.0019012310471029992,0.006616433003960978,0.008136489492349215,28.94971966456214,0.003979835500132569,2.7274572261852232,0.8998946259220237,-0.30149262741981847,,,,,0.0,,,,False,True,False,False,True,True,True,True,True,True,False,True,True,False,False,4.7625000000000455,True,0.01554256381006693,1.106973595125249,True,False,False,False,True,True,True,True
2026-05-25 01:00:00+00:00,24H,24.0,BACKTEST,ETHUSD,NORMAL_RANGE,1c980ffa-12b0-4265-af18-f3775998b2fe,1f6f77d3-856d-4acd-82a2-6b1d39068fa5,2026-05-25 01:00:00+00:00,probability_v2_features_v1,label_v2,probability_v1,historical_reconstructible_v1,0.03739522888459363,0.030828236405187903,0.0019012310471029992,0.006616433003960978,0.008136489492349215,28.94971966456214,0.003979835500132569,2.7274572261852232,0.8998946259220237,-0.30149262741981847,,,,,0.0,,,,False,True,True,False,False,True,True,True,True,True,False,True,False,False,True,9.200000000000045,True,0.027591615571082362,1.3894207754906631,True,True,False,False,True,True,True,True
2026-05-25 01:30:00+00:00,1H,1.0,BACKTEST,ETHUSD,NORMAL_RANGE,827826ca-564c-4fd6-b5fd-16a1d9bd326a,41282ef2-72c4-45da-a335-e352dbaa156e,2026-05-25 01:30:00+00:00,probability_v2_features_v1,label_v2,probability_v1,historical_reconstructible_v1,0.04318123227636285,0.01724074594974177,0.0016010797887920745,0.003364173551979956,0.006804733376338186,25.878987503041877,0.017105620418137537,3.1440273415830937,0.9304531085352968,-0.5696837086445208,,,,,0.0,,,,False,True,True,False,False,True,True,True,True,True,False,True,False,False,True,3.6446280991735835,True,0.009808345405752057,2.80189959294425,True,True,False,False,True,True,True,True
2026-05-25 01:30:00+00:00,2H,2.0,BACKTEST,ETHUSD,NORMAL_RANGE,1e6f4edf-331c-4c99-988d-bc174ac537f4,41282ef2-72c4-45da-a335-e352dbaa156e,2026-05-25 01:30:00+00:00,probability_v2_features_v1,label_v2,probability_v1,historical_reconstructible_v1,0.04318123227636285,0.01724074594974177,0.0016010797887920745,0.003364173551979956,0.006804733376338186,25.878987503041877,0.017105620418137537,3.1440273415830937,0.9304531085352968,-0.5696837086445208,,,,,0.0,,,,False,True,True,False,False,True,True,True,True,True,False,True,False,False,True,3.6446280991735835,True,0.009808345405752057,1.9817658349328164,True,False,False,False,True,True,True,True
2026-05-25 01:30:00+00:00,4H,4.0,BACKTEST,ETHUSD,NORMAL_RANGE,d55cf1ce-7ed4-4cf2-92b3-fbadb54f68cc,41282ef2-72c4-45da-a335-e352dbaa156e,2026-05-25 01:30:00+00:00,probability_v2_features_v1,label_v2,probability_v1,historical_reconstructible_v1,0.04318123227636285,0.01724074594974177,0.0016010797887920745,0.003364173551979956,0.006804733376338186,25.878987503041877,0.017105620418137537,3.1440273415830937,0.9304531085352968,-0.5696837086445208,,,,,0.0,,,,False,False,True,False,True,True,True,True,True,True,False,True,False,True,False,4.04958677685942,True,0.010473317975633376,1.4959294436905952,True,True,False,False,True,True,True,True
2026-05-25 01:30:00+00:00,8H,8.0,BACKTEST,ETHUSD,NORMAL_RANGE,af758495-48cf-47c8-8fff-29558264224e,41282ef2-72c4-45da-a335-e352dbaa156e,2026-05-25 01:30:00+00:00,probability_v2_features_v1,label_v2,probability_v1,historical_reconstructible_v1,0.04318123227636285,0.01724074594974177,0.0016010797887920745,0.003364173551979956,0.006804733376338186,25.878987503041877,0.017105620418137537,3.1440273415830937,0.9304531085352968,-0.5696837086445208,,,,,0.0,,,,False,True,True,False,True,True,True,True,True,True,False,True,False,False,True,4.613636363636215,True,0.014225663191393269,1.4364508393285347,True,False,False,False,True,True,True,True
2026-05-25 01:30:00+00:00,12H,12.0,BACKTEST,ETHUSD,NORMAL_RANGE,6ea01122-a0ac-4f3f-bab7-c9a8199a16a1,41282ef2-72c4-45da-a335-e352dbaa156e,2026-05-25 01:30:00+00:00,probability_v2_features_v1,label_v2,probability_v1,historical_reconstructible_v1,0.04318123227636285,0.01724074594974177,0.0016010797887920745,0.003364173551979956,0.006804733376338186,25.878987503041877,0.017105620418137537,3.1440273415830937,0.9304531085352968,-0.5696837086445208,,,,,0.0,,,,False,True,True,False,True,True,True,True,True,True,False,True,False,False,True,5.409090909090744,True,0.015531859310803343,1.2808460634547418,True,True,False,False,True,True,True,True
2026-05-25 01:30:00+00:00,24H,24.0,BACKTEST,ETHUSD,NORMAL_RANGE,b5c1abf7-dc23-418b-a226-eb052ef8ac24,41282ef2-72c4-45da-a335-e352dbaa156e,2026-05-25 01:30:00+00:00,probability_v2_features_v1,label_v2,probability_v1,historical_reconstructible_v1,0.04318123227636285,0.01724074594974177,0.0016010797887920745,0.003364173551979956,0.006804733376338186,25.878987503041877,0.017105620418137537,3.1440273415830937,0.9304531085352968,-0.5696837086445208,,,,,0.0,,,,False,True,True,False,False,True,True,True,True,True,False,True,False,False,True,10.543388429751795,True,0.027572612629729112,1.6075879257823311,True,True,False,False,True,True,True,True
2026-05-25 02:00:00+00:00,1H,1.0,BACKTEST,ETHUSD,NORMAL_RANGE,bdfe7217-926d-47bf-8c17-1cd24c18e047,034f587e-5099-4ee5-b0d0-b544772fe2b7,2026-05-25 02:00:00+00:00,probability_v2_features_v1,label_v2,probability_v1,historical_reconstructible_v1,0.038856856354975815,0.02411766841199599,0.0015587272842801224,0.006086049430037087,0.006851008396170004,38.89718198736846,0.014410705095212068,1.4215659877195705,0.7839831401475249,0.19613983694076578,,,,,0.0,,,,True,True,True,False,False,True,True,True,True,True,False,True,False,False,True,6.061538461538285,True,0.009388105223026981,2.842712842712697,True,True,False,False,True,True,False,True
2026-05-25 02:00:00+00:00,2H,2.0,BACKTEST,ETHUSD,NORMAL_RANGE,f71d8b22-e6fd-4ab1-b9be-e66c0985f552,034f587e-5099-4ee5-b0d0-b544772fe2b7,2026-05-25 02:00:00+00:00,probability_v2_features_v1,label_v2,probability_v1,historical_reconstructible_v1,0.038856856354975815,0.02411766841199599,0.0015587272842801224,0.006086049430037087,0.006851008396170004,38.89718198736846,0.014410705095212068,1.4215659877195705,0.7839831401475249,0.19613983694076578,,,,,0.0,,,,True,True,True,False,False,True,True,True,True,True,False,True,False,False,True,6.061538461538285,True,0.010317384674037405,2.209183673469356,True,True,False,False,True,True,False,True
2026-05-25 02:00:00+00:00,4H,4.0,BACKTEST,ETHUSD,NORMAL_RANGE,e0c20ece-0d9d-466d-a58b-15e13bb79a95,034f587e-5099-4ee5-b0d0-b544772fe2b7,2026-05-25 02:00:00+00:00,probability_v2_features_v1,label_v2,probability_v1,historical_reconstructible_v1,0.038856856354975815,0.02411766841199599,0.0015587272842801224,0.006086049430037087,0.006851008396170004,38.89718198736846,0.014410705095212068,1.4215659877195705,0.7839831401475249,0.19613983694076578,,,,,0.0,,,,True,True,False,False,True,True,True,True,True,True,False,True,True,False,False,6.061538461538285,True,0.010508006099885496,1.5909090909090566,True,False,False,False,True,True,False,True
2026-05-25 02:00:00+00:00,8H,8.0,BACKTEST,ETHUSD,NORMAL_RANGE,a61e9ec9-55b5-4757-a27c-1d093e118555,034f587e-5099-4ee5-b0d0-b544772fe2b7,2026-05-25 02:00:00+00:00,probability_v2_features_v1,label_v2,probability_v1,historical_reconstructible_v1,0.038856856354975815,0.02411766841199599,0.0015587272842801224,0.006086049430037087,0.006851008396170004,38.89718198736846,0.014410705095212068,1.4215659877195705,0.7839831401475249,0.19613983694076578,,,,,0.0,,,,True,True,False,False,True,True,True,True,True,True,False,True,True,False,False,9.338461538461324,True,0.015583301563095604,1.6683673469387739,True,False,False,False,True,True,False,True
2026-05-25 02:00:00+00:00,12H,12.0,BACKTEST,ETHUSD,NORMAL_RANGE,4dcc1d25-cc1c-4756-9d2f-1cc9367fb876,034f587e-5099-4ee5-b0d0-b544772fe2b7,2026-05-25 02:00:00+00:00,probability_v2_features_v1,label_v2,probability_v1,historical_reconstructible_v1,0.038856856354975815,0.02411766841199599,0.0015587272842801224,0.006086049430037087,0.006851008396170004,38.89718198736846,0.014410705095212068,1.4215659877195705,0.7839831401475249,0.19613983694076578,,,,,0.0,,,,True,True,False,False,True,True,True,True,True,True,False,True,True,False,False,9.338461538461324,True,0.015583301563095604,1.3624999999999925,True,False,False,False,True,True,False,True
2026-05-25 02:00:00+00:00,24H,24.0,BACKTEST,ETHUSD,NORMAL_RANGE,83f25704-2001-46cf-9bfe-ed07f7ade4e7,034f587e-5099-4ee5-b0d0-b544772fe2b7,2026-05-25 02:00:00+00:00,probability_v2_features_v1,label_v2,probability_v1,historical_reconstructible_v1,0.038856856354975815,0.02411766841199599,0.0015587272842801224,0.006086049430037087,0.006851008396170004,38.89718198736846,0.014410705095212068,1.4215659877195705,0.7839831401475249,0.19613983694076578,,,,,0.0,,,,True,True,False,False,False,True,True,True,True,True,False,True,True,False,False,14.799999999999677,True,0.027663934426229594,1.7103712433706566,True,True,False,False,True,True,True,True
2026-05-25 02:30:00+00:00,1H,1.0,BACKTEST,ETHUSD,NORMAL_RANGE,1fb16481-f65a-4d19-b341-e9d52706df7a,6fc81503-c9c0-4479-afa3-749694f4dcf0,2026-05-25 02:30:00+00:00,probability_v2_features_v1,label_v2,probability_v1,historical_reconstructible_v1,0.08672440384387187,0.08378251393478006,0.00238850339000564,0.007005882841109003,0.0077945732839693575,63.45646482734338,0.00595379852345792,0.7457490761857413,0.6868978805394996,0.19357658078727177,,,,,0.0,,,,True,False,False,True,False,True,True,True,True,True,True,False,False,False,False,1.2891933028919664,False,0.003696020220807402,0.7742257742257925,False,True,False,False,True,False,True,True
2026-05-25 02:30:00+00:00,2H,2.0,BACKTEST,ETHUSD,NORMAL_RANGE,c1b614f3-4a95-44c2-9ae9-aeb8d54de6e6,6fc81503-c9c0-4479-afa3-749694f4dcf0,2026-05-25 02:30:00+00:00,probability_v2_features_v1,label_v2,probability_v1,historical_reconstructible_v1,0.08672440384387187,0.08378251393478006,0.00238850339000564,0.007005882841109003,0.0077945732839693575,63.45646482734338,0.00595379852345792,0.7457490761857413,0.6868978805394996,0.19357658078727177,,,,,0.0,,,,True,False,False,True,False,True,True,True,True,True,True,False,False,False,False,1.8112633181126256,True,0.004864439516417397,0.7208480565371082,False,True,False,False,True,False,True,True
2026-05-25 02:30:00+00:00,4H,4.0,BACKTEST,ETHUSD,NORMAL_RANGE,020e8385-eda4-4cb9-81fb-8dda2e126e37,6fc81503-c9c0-4479-afa3-749694f4dcf0,2026-05-25 02:30:00+00:00,probability_v2_features_v1,label_v2,probability_v1,historical_reconstructible_v1,0.08672440384387187,0.08378251393478006,0.00238850339000564,0.007005882841109003,0.0077945732839693575,63.45646482734338,0.00595379852345792,0.7457490761857413,0.6868978805394996,0.19357658078727177,,,,,0.0,,,,True,True,False,False,False,True,True,True,True,True,False,True,True,False,False,2.4079147640790795,True,0.009442735531869103,0.9895052473763098,False,True,False,False,True,True,True,True
2026-05-25 02:30:00+00:00,8H,8.0,BACKTEST,ETHUSD,NORMAL_RANGE,c9ac8488-7ad7-4bf7-9a70-46a7c99b9cb7,6fc81503-c9c0-4479-afa3-749694f4dcf0,2026-05-25 02:30:00+00:00,probability_v2_features_v1,label_v2,probability_v1,historical_reconstructible_v1,0.08672440384387187,0.08378251393478006,0.00238850339000564,0.007005882841109003,0.0077945732839693575,63.45646482734338,0.00595379852345792,0.7457490761857413,0.6868978805394996,0.19357658078727177,,,,,0.0,,,,True,True,False,False,False,True,True,True,True,True,False,True,True,False,False,5.156773211567672,True,0.015594820802632433,1.1558854718981924,True,False,False,False,True,True,True,True
2026-05-25 02:30:00+00:00,12H,12.0,BACKTEST,ETHUSD,NORMAL_RANGE,e2335c3d-554e-438f-9fca-ac5fc8efea33,6fc81503-c9c0-4479-afa3-749694f4dcf0,2026-05-25 02:30:00+00:00,probability_v2_features_v1,label_v2,probability_v1,historical_reconstructible_v1,0.08672440384387187,0.08378251393478006,0.00238850339000564,0.007005882841109003,0.0077945732839693575,63.45646482734338,0.00595379852345792,0.7457490761857413,0.6868978805394996,0.19357658078727177,,,,,0.0,,,,True,True,False,False,False,True,True,True,True,True,False,True,True,False,False,5.8493150684930875,True,0.017144764766196828,1.0372186959030574,True,False,True,True,True,True,True,True
2026-05-25 02:30:00+00:00,24H,24.0,BACKTEST,ETHUSD,NORMAL_RANGE,88e68f50-34be-4c8a-8440-cc716f8521b4,6fc81503-c9c0-4479-afa3-749694f4dcf0,2026-05-25 02:30:00+00:00,probability_v2_features_v1,label_v2,probability_v1,historical_reconstructible_v1,0.08672440384387187,0.08378251393478006,0.00238850339000564,0.007005882841109003,0.0077945732839693575,63.45646482734338,0.00595379852345792,0.7457490761857413,0.6868978805394996,0.19357658078727177,,,,,0.0,,,,True,True,False,False,True,True,True,True,True,True,False,True,True,False,False,8.939117199391095,True,0.027684383718434884,1.1844521526219234,True,True,False,False,True,True,True,True
2026-05-25 03:00:00+00:00,1H,1.0,BACKTEST,ETHUSD,NORMAL_RANGE,89452667-7474-4413-9f03-bafda4520e58,38ae7715-d9a9-493c-ac99-011d0544d7a5,2026-05-25 03:00:00+00:00,probability_v2_features_v1,label_v2,probability_v1,historical_reconstructible_v1,0.08028937381403976,0.07522326097188112,0.002104999522946259,0.007441523794919726,0.0078262608182346,52.83673378391186,0.014570179698882786,0.6212334460716035,0.6743737957610778,-0.22651896136530406,,,,,0.0,,,,False,False,False,True,False,True,True,True,True,True,True,False,False,False,False,1.242792109256542,False,0.003721018986737994,0.7776669990030289,False,True,False,False,True,False,True,True
2026-05-25 03:00:00+00:00,2H,2.0,BACKTEST,ETHUSD,NORMAL_RANGE,0beddf10-91c9-4097-836f-c53eecd9c5a3,38ae7715-d9a9-493c-ac99-011d0544d7a5,2026-05-25 03:00:00+00:00,probability_v2_features_v1,label_v2,probability_v1,historical_reconstructible_v1,0.08028937381403976,0.07522326097188112,0.002104999522946259,0.007441523794919726,0.0078262608182346,52.83673378391186,0.014570179698882786,0.6212334460716035,0.6743737957610778,-0.22651896136530406,,,,,0.0,,,,True,True,False,False,False,True,True,True,True,True,False,True,True,False,False,2.1350531107738684,True,0.0077759755748495986,1.1478873239436207,True,False,False,False,True,True,True,True
2026-05-25 03:00:00+00:00,4H,4.0,BACKTEST,ETHUSD,NORMAL_RANGE,ab9330a6-f698-43a2-a6c3-fdce3502c908,38ae7715-d9a9-493c-ac99-011d0544d7a5,2026-05-25 03:00:00+00:00,probability_v2_features_v1,label_v2,probability_v1,historical_reconstructible_v1,0.08028937381403976,0.07522326097188112,0.002104999522946259,0.007441523794919726,0.0078262608182346,52.83673378391186,0.014570179698882786,0.6212334460716035,0.6743737957610778,-0.22651896136530406,,,,,0.0,,,,True,True,False,False,False,True,True,True,True,True,False,True,True,False,False,2.8786039453717533,True,0.009445663581719173,0.986547085201772,False,False,False,False,True,True,True,True
2026-05-25 03:00:00+00:00,8H,8.0,BACKTEST,ETHUSD,NORMAL_RANGE,399ddad3-296a-4fd3-bad8-6faa082eff42,38ae7715-d9a9-493c-ac99-011d0544d7a5,2026-05-25 03:00:00+00:00,probability_v2_features_v1,label_v2,probability_v1,historical_reconstructible_v1,0.08028937381403976,0.07522326097188112,0.002104999522946259,0.007441523794919726,0.0078262608182346,52.83673378391186,0.014570179698882786,0.6212334460716035,0.6743737957610778,-0.22651896136530406,,,,,0.0,,,,True,True,False,False,False,True,True,True,True,True,False,True,True,False,False,5.619119878603977,True,0.015599656521324216,1.1522198731500948,True,False,False,False,True,True,True,True
2026-05-25 03:00:00+00:00,12H,12.0,BACKTEST,ETHUSD,NORMAL_RANGE,c0b7c40e-2297-474c-baca-8c2ccfecf760,38ae7715-d9a9-493c-ac99-011d0544d7a5,2026-05-25 03:00:00+00:00,probability_v2_features_v1,label_v2,probability_v1,historical_reconstructible_v1,0.08028937381403976,0.07522326097188112,0.002104999522946259,0.007441523794919726,0.0078262608182346,52.83673378391186,0.014570179698882786,0.6212334460716035,0.6743737957610778,-0.22651896136530406,,,,,0.0,,,,True,True,False,False,False,True,True,True,True,True,False,True,True,False,False,6.904400606980359,True,0.018485831504627424,1.1147871116225623,True,False,True,True,True,True,True,True
2026-05-25 03:00:00+00:00,24H,24.0,BACKTEST,ETHUSD,NORMAL_RANGE,21143daf-55c5-43c6-9e28-23df989c5864,38ae7715-d9a9-493c-ac99-011d0544d7a5,2026-05-25 03:00:00+00:00,probability_v2_features_v1,label_v2,probability_v1,historical_reconstructible_v1,0.08028937381403976,0.07522326097188112,0.002104999522946259,0.007441523794919726,0.0078262608182346,52.83673378391186,0.014570179698882786,0.6212334460716035,0.6743737957610778,-0.22651896136530406,,,,,0.0,,,,True,True,False,False,False,True,True,True,True,True,False,True,True,False,False,9.389984825493249,True,0.02769296822822259,1.180838079739633,True,True,False,False,True,True,True,True
2026-05-25 03:30:00+00:00,1H,1.0,BACKTEST,ETHUSD,NORMAL_RANGE,bc855c75-9932-4cfc-a484-6b0fd368f7a5,11223881-150e-480b-89bf-50249739fc1c,2026-05-25 03:30:00+00:00,probability_v2_features_v1,label_v2,probability_v1,historical_reconstructible_v1,0.09018412102732269,0.07734006943762341,0.0013863694226974694,0.007823158883302225,0.008029946697356747,10.007222299930488,0.005937654626421626,0.31731149611652437,0.6473988439306417,0.3409312372941313,,,,,,,,,False,False,False,True,False,True,True,True,True,True,True,False,False,False,False,1.1541755888650738,False,0.00317452740118371,0.933988764044907,False,False,False,False,True,False,True,True
2026-05-25 03:30:00+00:00,2H,2.0,BACKTEST,ETHUSD,NORMAL_RANGE,a2208861-f38b-4688-a2cb-34644ac49b71,11223881-150e-480b-89bf-50249739fc1c,2026-05-25 03:30:00+00:00,probability_v2_features_v1,label_v2,probability_v1,historical_reconstructible_v1,0.09018412102732269,0.07734006943762341,0.0013863694226974694,0.007823158883302225,0.008029946697356747,10.007222299930488,0.005937654626421626,0.31731149611652437,0.6473988439306417,0.3409312372941313,,,,,,,,,True,True,False,False,False,True,True,True,True,True,False,True,True,False,False,4.781584582441078,True,0.009451976322321809,1.968190854870759,True,False,True,True,True,True,True,True
2026-05-25 03:30:00+00:00,4H,4.0,BACKTEST,ETHUSD,NORMAL_RANGE,774d6e99-bd4e-4654-b4f5-09ca615afd17,11223881-150e-480b-89bf-50249739fc1c,2026-05-25 03:30:00+00:00,probability_v2_features_v1,label_v2,probability_v1,historical_reconstructible_v1,0.09018412102732269,0.07734006943762341,0.0013863694226974694,0.007823158883302225,0.008029946697356747,10.007222299930488,0.005937654626421626,0.31731149611652437,0.6473988439306417,0.3409312372941313,,,,,,,,,True,True,False,False,False,True,True,True,True,True,False,True,True,False,False,6.655246252676632,True,0.012435554706893129,1.8319268635724397,True,False,False,False,True,True,True,True
2026-05-25 03:30:00+00:00,8H,8.0,BACKTEST,ETHUSD,NORMAL_RANGE,99b8829e-e67f-4f73-886b-528e374d3387,11223881-150e-480b-89bf-50249739fc1c,2026-05-25 03:30:00+00:00,probability_v2_features_v1,label_v2,probability_v1,historical_reconstructible_v1,0.09018412102732269,0.07734006943762341,0.0013863694226974694,0.007823158883302225,0.008029946697356747,10.007222299930488,0.005937654626421626,0.31731149611652437,0.6473988439306417,0.3409312372941313,,,,,,,,,True,True,False,False,False,True,True,True,True,True,False,True,True,False,False,8.648822269807287,True,0.015610082108077055,1.626056688214836,True,False,False,False,True,True,True,True
2026-05-25 03:30:00+00:00,12H,12.0,BACKTEST,ETHUSD,NORMAL_RANGE,7796efa7-c853-4b46-8111-d8f7405dded1,11223881-150e-480b-89bf-50249739fc1c,2026-05-25 03:30:00+00:00,probability_v2_features_v1,label_v2,probability_v1,historical_reconstructible_v1,0.09018412102732269,0.07734006943762341,0.0013863694226974694,0.007823158883302225,0.008029946697356747,10.007222299930488,0.005937654626421626,0.31731149611652437,0.6473988439306417,0.3409312372941313,,,,,,,,,True,True,False,False,False,True,True,True,True,True,False,True,True,False,False,12.830835117772988,True,0.022269429062440154,1.893262987012982,True,False,False,False,True,True,True,True
2026-05-25 03:30:00+00:00,24H,24.0,BACKTEST,ETHUSD,NORMAL_RANGE,cb2efa38-6993-478c-baac-074f848e3abb,11223881-150e-480b-89bf-50249739fc1c,2026-05-25 03:30:00+00:00,probability_v2_features_v1,label_v2,probability_v1,historical_reconstructible_v1,0.09018412102732269,0.07734006943762341,0.0013863694226974694,0.007823158883302225,0.008029946697356747,10.007222299930488,0.005937654626421626,0.31731149611652437,0.6473988439306417,0.3409312372941313,,,,,,,,,True,True,False,False,True,True,True,True,True,True,False,True,True,False,False,13.970021413276259,True,0.02773534466297494,1.667623421354777,True,True,False,False,True,True,True,True
