target,horizon,feature,model_family,feature_set,permutation_brier_increase,test_brier_skill
range_continuation,1H,atr_slope_96b,logistic,step11_individuals,-0.00011068190809210982,-0.00012069118430813042
range_continuation,1H,rv_slope_96b,logistic,step11_individuals,-1.7287185436809516e-05,-0.00012069118430813042
range_continuation,1H,atr_pct_12b,logistic,step11_individuals,3.2577343787171253e-07,-0.00012069118430813042
range_continuation,1H,bollinger_bandwidth_20b,logistic,step11_individuals,0.00011268324034582194,-0.00012069118430813042
range_continuation,1H,keltner_width_20b,logistic,step11_individuals,5.921492289413105e-05,-0.00012069118430813042
range_continuation,1H,rv_12b,logistic,step11_individuals,2.0289980703525057e-05,-0.00012069118430813042
range_continuation,1H,price_efficiency_96b,logistic,step11_individuals,-5.9313335647702414e-05,-0.00012069118430813042
range_continuation,1H,rolling_vwap_z_96b,logistic,step11_individuals,2.3835699987720393e-06,-0.00012069118430813042
range_continuation,1H,donchian_pos_96b,logistic,step11_individuals,3.2233320780741814e-05,-0.00012069118430813042
range_continuation,1H,volume_z_96b,logistic,step11_individuals,6.659601986580554e-05,-0.00012069118430813042
range_continuation,2H,atr_slope_96b,tree_depth2,compact_deredundant,-0.00015946065333392184,0.010502672763707088
range_continuation,2H,atr_pct_12b,tree_depth2,compact_deredundant,5.164273371764672e-06,0.010502672763707088
range_continuation,2H,bollinger_bandwidth_20b,tree_depth2,compact_deredundant,-0.000739676539431175,0.010502672763707088
range_continuation,2H,price_efficiency_96b,tree_depth2,compact_deredundant,0.0,0.010502672763707088
range_continuation,2H,rolling_vwap_z_96b,tree_depth2,compact_deredundant,0.0,0.010502672763707088
range_continuation,2H,volume_z_96b,tree_depth2,compact_deredundant,0.0,0.010502672763707088
range_continuation,2H,high_atr_pct_and_rising_atr_slope,tree_depth2,compact_deredundant,0.0,0.010502672763707088
range_continuation,2H,ema_spread_high_and_rising_atr,tree_depth2,compact_deredundant,0.0,0.010502672763707088
range_continuation,2H,low_vwap_displacement_and_low_atr,tree_depth2,compact_deredundant,0.0,0.010502672763707088
range_continuation,2H,rising_atr_and_high_volume,tree_depth2,compact_deredundant,0.0,0.010502672763707088
range_continuation,2H,low_atr_pct_and_falling_atr_slope,tree_depth2,compact_deredundant,0.0,0.010502672763707088
range_continuation,4H,atr_slope_96b,tree_depth2,step11_individuals,-0.0003940872859236888,0.04283684958460943
range_continuation,4H,rv_slope_96b,tree_depth2,step11_individuals,0.0,0.04283684958460943
range_continuation,4H,atr_pct_12b,tree_depth2,step11_individuals,3.2294829036966233e-06,0.04283684958460943
range_continuation,4H,bollinger_bandwidth_20b,tree_depth2,step11_individuals,0.00035339048440107684,0.04283684958460943
range_continuation,4H,keltner_width_20b,tree_depth2,step11_individuals,0.0,0.04283684958460943
range_continuation,4H,rv_12b,tree_depth2,step11_individuals,0.0,0.04283684958460943
range_continuation,4H,price_efficiency_96b,tree_depth2,step11_individuals,0.0,0.04283684958460943
range_continuation,4H,rolling_vwap_z_96b,tree_depth2,step11_individuals,0.0,0.04283684958460943
range_continuation,4H,donchian_pos_96b,tree_depth2,step11_individuals,0.0,0.04283684958460943
range_continuation,4H,volume_z_96b,tree_depth2,step11_individuals,0.0,0.04283684958460943
range_continuation,8H,high_atr_pct_and_rising_atr_slope,tree_depth2,step12_interactions,0.000678290424996425,0.05157445097980351
range_continuation,8H,ema_spread_high_and_rising_atr,tree_depth2,step12_interactions,0.0,0.05157445097980351
range_continuation,8H,low_vwap_displacement_and_low_atr,tree_depth2,step12_interactions,0.0,0.05157445097980351
range_continuation,8H,high_vwap_displacement_and_rising_atr,tree_depth2,step12_interactions,0.0,0.05157445097980351
range_continuation,8H,low_atr_and_mid_donchian,tree_depth2,step12_interactions,0.0,0.05157445097980351
range_continuation,8H,rising_atr_and_high_volume,tree_depth2,step12_interactions,0.0,0.05157445097980351
range_continuation,8H,low_atr_pct_and_falling_atr_slope,tree_depth2,step12_interactions,0.0,0.05157445097980351
range_continuation,8H,low_adx_and_falling_atr,tree_depth2,step12_interactions,0.0,0.05157445097980351
range_continuation,12H,atr_slope_96b,logistic,all_step13,0.00015123919335291447,0.03413222917360503
range_continuation,12H,rv_slope_96b,logistic,all_step13,-1.9679501202379823e-06,0.03413222917360503
range_continuation,12H,atr_pct_12b,logistic,all_step13,0.00015006479950384344,0.03413222917360503
range_continuation,12H,bollinger_bandwidth_20b,logistic,all_step13,0.00040258944505910943,0.03413222917360503
range_continuation,12H,keltner_width_20b,logistic,all_step13,7.524129556699122e-05,0.03413222917360503
range_continuation,12H,rv_12b,logistic,all_step13,0.00011105449925974398,0.03413222917360503
range_continuation,12H,price_efficiency_96b,logistic,all_step13,1.732825229221191e-05,0.03413222917360503
range_continuation,12H,rolling_vwap_z_96b,logistic,all_step13,6.17202609198425e-05,0.03413222917360503
range_continuation,12H,donchian_pos_96b,logistic,all_step13,9.058408819816177e-05,0.03413222917360503
range_continuation,12H,volume_z_96b,logistic,all_step13,9.459605164108265e-05,0.03413222917360503
range_continuation,12H,high_atr_pct_and_rising_atr_slope,logistic,all_step13,8.167126596983487e-05,0.03413222917360503
range_continuation,12H,ema_spread_high_and_rising_atr,logistic,all_step13,-3.3513046723554485e-06,0.03413222917360503
range_continuation,12H,low_vwap_displacement_and_low_atr,logistic,all_step13,2.2958188758415154e-07,0.03413222917360503
range_continuation,12H,high_vwap_displacement_and_rising_atr,logistic,all_step13,7.699088340293314e-06,0.03413222917360503
range_continuation,12H,low_atr_and_mid_donchian,logistic,all_step13,4.4156420273000485e-07,0.03413222917360503
range_continuation,12H,rising_atr_and_high_volume,logistic,all_step13,-3.624414912084539e-07,0.03413222917360503
range_continuation,12H,low_atr_pct_and_falling_atr_slope,logistic,all_step13,-1.121581193211374e-05,0.03413222917360503
range_continuation,12H,low_adx_and_falling_atr,logistic,all_step13,-1.7247040074996889e-06,0.03413222917360503
range_continuation,24H,atr_slope_96b,logistic,step11_individuals,0.00016841339767989516,0.022545576484792162
range_continuation,24H,rv_slope_96b,logistic,step11_individuals,-1.5648065256904098e-05,0.022545576484792162
range_continuation,24H,atr_pct_12b,logistic,step11_individuals,0.0001852998631121372,0.022545576484792162
range_continuation,24H,bollinger_bandwidth_20b,logistic,step11_individuals,0.00018499473330255145,0.022545576484792162
range_continuation,24H,keltner_width_20b,logistic,step11_individuals,-1.7756435154447914e-06,0.022545576484792162
range_continuation,24H,rv_12b,logistic,step11_individuals,0.00027728585745384615,0.022545576484792162
range_continuation,24H,price_efficiency_96b,logistic,step11_individuals,0.00014739227514348752,0.022545576484792162
range_continuation,24H,rolling_vwap_z_96b,logistic,step11_individuals,5.263679354444717e-05,0.022545576484792162
range_continuation,24H,donchian_pos_96b,logistic,step11_individuals,-2.412876537857822e-05,0.022545576484792162
range_continuation,24H,volume_z_96b,logistic,step11_individuals,-0.0001404320796495745,0.022545576484792162
path_inside_70,1H,atr_slope_96b,logistic,step11_individuals,-0.00011068190809210982,-0.00012069118430813042
path_inside_70,1H,rv_slope_96b,logistic,step11_individuals,-1.7287185436809516e-05,-0.00012069118430813042
path_inside_70,1H,atr_pct_12b,logistic,step11_individuals,3.2577343787171253e-07,-0.00012069118430813042
path_inside_70,1H,bollinger_bandwidth_20b,logistic,step11_individuals,0.00011268324034582194,-0.00012069118430813042
path_inside_70,1H,keltner_width_20b,logistic,step11_individuals,5.921492289413105e-05,-0.00012069118430813042
path_inside_70,1H,rv_12b,logistic,step11_individuals,2.0289980703525057e-05,-0.00012069118430813042
path_inside_70,1H,price_efficiency_96b,logistic,step11_individuals,-5.9313335647702414e-05,-0.00012069118430813042
path_inside_70,1H,rolling_vwap_z_96b,logistic,step11_individuals,2.3835699987720393e-06,-0.00012069118430813042
path_inside_70,1H,donchian_pos_96b,logistic,step11_individuals,3.2233320780741814e-05,-0.00012069118430813042
path_inside_70,1H,volume_z_96b,logistic,step11_individuals,6.659601986580554e-05,-0.00012069118430813042
path_inside_70,2H,atr_slope_96b,tree_depth2,compact_deredundant,-0.00015946065333392184,0.010502672763707088
path_inside_70,2H,atr_pct_12b,tree_depth2,compact_deredundant,5.164273371764672e-06,0.010502672763707088
path_inside_70,2H,bollinger_bandwidth_20b,tree_depth2,compact_deredundant,-0.000739676539431175,0.010502672763707088
path_inside_70,2H,price_efficiency_96b,tree_depth2,compact_deredundant,0.0,0.010502672763707088
path_inside_70,2H,rolling_vwap_z_96b,tree_depth2,compact_deredundant,0.0,0.010502672763707088
path_inside_70,2H,volume_z_96b,tree_depth2,compact_deredundant,0.0,0.010502672763707088
path_inside_70,2H,high_atr_pct_and_rising_atr_slope,tree_depth2,compact_deredundant,0.0,0.010502672763707088
path_inside_70,2H,ema_spread_high_and_rising_atr,tree_depth2,compact_deredundant,0.0,0.010502672763707088
path_inside_70,2H,low_vwap_displacement_and_low_atr,tree_depth2,compact_deredundant,0.0,0.010502672763707088
path_inside_70,2H,rising_atr_and_high_volume,tree_depth2,compact_deredundant,0.0,0.010502672763707088
path_inside_70,2H,low_atr_pct_and_falling_atr_slope,tree_depth2,compact_deredundant,0.0,0.010502672763707088
path_inside_70,4H,atr_slope_96b,tree_depth2,step11_individuals,-0.0003940872859236888,0.04283684958460943
path_inside_70,4H,rv_slope_96b,tree_depth2,step11_individuals,0.0,0.04283684958460943
path_inside_70,4H,atr_pct_12b,tree_depth2,step11_individuals,3.2294829036966233e-06,0.04283684958460943
path_inside_70,4H,bollinger_bandwidth_20b,tree_depth2,step11_individuals,0.00035339048440107684,0.04283684958460943
path_inside_70,4H,keltner_width_20b,tree_depth2,step11_individuals,0.0,0.04283684958460943
path_inside_70,4H,rv_12b,tree_depth2,step11_individuals,0.0,0.04283684958460943
path_inside_70,4H,price_efficiency_96b,tree_depth2,step11_individuals,0.0,0.04283684958460943
path_inside_70,4H,rolling_vwap_z_96b,tree_depth2,step11_individuals,0.0,0.04283684958460943
path_inside_70,4H,donchian_pos_96b,tree_depth2,step11_individuals,0.0,0.04283684958460943
path_inside_70,4H,volume_z_96b,tree_depth2,step11_individuals,0.0,0.04283684958460943
path_inside_70,8H,high_atr_pct_and_rising_atr_slope,tree_depth2,step12_interactions,0.000678290424996425,0.05157445097980351
path_inside_70,8H,ema_spread_high_and_rising_atr,tree_depth2,step12_interactions,0.0,0.05157445097980351
path_inside_70,8H,low_vwap_displacement_and_low_atr,tree_depth2,step12_interactions,0.0,0.05157445097980351
path_inside_70,8H,high_vwap_displacement_and_rising_atr,tree_depth2,step12_interactions,0.0,0.05157445097980351
path_inside_70,8H,low_atr_and_mid_donchian,tree_depth2,step12_interactions,0.0,0.05157445097980351
path_inside_70,8H,rising_atr_and_high_volume,tree_depth2,step12_interactions,0.0,0.05157445097980351
path_inside_70,8H,low_atr_pct_and_falling_atr_slope,tree_depth2,step12_interactions,0.0,0.05157445097980351
path_inside_70,8H,low_adx_and_falling_atr,tree_depth2,step12_interactions,0.0,0.05157445097980351
path_inside_70,12H,atr_slope_96b,logistic,all_step13,0.00015123919335291447,0.03413222917360503
path_inside_70,12H,rv_slope_96b,logistic,all_step13,-1.9679501202379823e-06,0.03413222917360503
path_inside_70,12H,atr_pct_12b,logistic,all_step13,0.00015006479950384344,0.03413222917360503
path_inside_70,12H,bollinger_bandwidth_20b,logistic,all_step13,0.00040258944505910943,0.03413222917360503
path_inside_70,12H,keltner_width_20b,logistic,all_step13,7.524129556699122e-05,0.03413222917360503
path_inside_70,12H,rv_12b,logistic,all_step13,0.00011105449925974398,0.03413222917360503
path_inside_70,12H,price_efficiency_96b,logistic,all_step13,1.732825229221191e-05,0.03413222917360503
path_inside_70,12H,rolling_vwap_z_96b,logistic,all_step13,6.17202609198425e-05,0.03413222917360503
path_inside_70,12H,donchian_pos_96b,logistic,all_step13,9.058408819816177e-05,0.03413222917360503
path_inside_70,12H,volume_z_96b,logistic,all_step13,9.459605164108265e-05,0.03413222917360503
path_inside_70,12H,high_atr_pct_and_rising_atr_slope,logistic,all_step13,8.167126596983487e-05,0.03413222917360503
path_inside_70,12H,ema_spread_high_and_rising_atr,logistic,all_step13,-3.3513046723554485e-06,0.03413222917360503
path_inside_70,12H,low_vwap_displacement_and_low_atr,logistic,all_step13,2.2958188758415154e-07,0.03413222917360503
path_inside_70,12H,high_vwap_displacement_and_rising_atr,logistic,all_step13,7.699088340293314e-06,0.03413222917360503
path_inside_70,12H,low_atr_and_mid_donchian,logistic,all_step13,4.4156420273000485e-07,0.03413222917360503
path_inside_70,12H,rising_atr_and_high_volume,logistic,all_step13,-3.624414912084539e-07,0.03413222917360503
path_inside_70,12H,low_atr_pct_and_falling_atr_slope,logistic,all_step13,-1.121581193211374e-05,0.03413222917360503
path_inside_70,12H,low_adx_and_falling_atr,logistic,all_step13,-1.7247040074996889e-06,0.03413222917360503
path_inside_70,24H,atr_slope_96b,logistic,step11_individuals,0.00016841339767989516,0.022545576484792162
path_inside_70,24H,rv_slope_96b,logistic,step11_individuals,-1.5648065256904098e-05,0.022545576484792162
path_inside_70,24H,atr_pct_12b,logistic,step11_individuals,0.0001852998631121372,0.022545576484792162
path_inside_70,24H,bollinger_bandwidth_20b,logistic,step11_individuals,0.00018499473330255145,0.022545576484792162
path_inside_70,24H,keltner_width_20b,logistic,step11_individuals,-1.7756435154447914e-06,0.022545576484792162
path_inside_70,24H,rv_12b,logistic,step11_individuals,0.00027728585745384615,0.022545576484792162
path_inside_70,24H,price_efficiency_96b,logistic,step11_individuals,0.00014739227514348752,0.022545576484792162
path_inside_70,24H,rolling_vwap_z_96b,logistic,step11_individuals,5.263679354444717e-05,0.022545576484792162
path_inside_70,24H,donchian_pos_96b,logistic,step11_individuals,-2.412876537857822e-05,0.022545576484792162
path_inside_70,24H,volume_z_96b,logistic,step11_individuals,-0.0001404320796495745,0.022545576484792162
range_breached,1H,atr_slope_96b,logistic,step11_individuals,-0.00011068190809211675,-0.00012069118430813042
range_breached,1H,rv_slope_96b,logistic,step11_individuals,-1.7287185436816455e-05,-0.00012069118430813042
range_breached,1H,atr_pct_12b,logistic,step11_individuals,3.2577343786477364e-07,-0.00012069118430813042
range_breached,1H,bollinger_bandwidth_20b,logistic,step11_individuals,0.000112683240345815,-0.00012069118430813042
range_breached,1H,keltner_width_20b,logistic,step11_individuals,5.921492289412411e-05,-0.00012069118430813042
range_breached,1H,rv_12b,logistic,step11_individuals,2.0289980703518118e-05,-0.00012069118430813042
range_breached,1H,price_efficiency_96b,logistic,step11_individuals,-5.931333564770935e-05,-0.00012069118430813042
range_breached,1H,rolling_vwap_z_96b,logistic,step11_individuals,2.3835699987651005e-06,-0.00012069118430813042
range_breached,1H,donchian_pos_96b,logistic,step11_individuals,3.2233320780727936e-05,-0.00012069118430813042
range_breached,1H,volume_z_96b,logistic,step11_individuals,6.65960198657986e-05,-0.00012069118430813042
range_breached,2H,atr_slope_96b,tree_depth2,compact_deredundant,-0.00015946065333390796,0.010502672763706644
range_breached,2H,atr_pct_12b,tree_depth2,compact_deredundant,5.164273371764672e-06,0.010502672763706644
range_breached,2H,bollinger_bandwidth_20b,tree_depth2,compact_deredundant,-0.000739676539431175,0.010502672763706644
range_breached,2H,price_efficiency_96b,tree_depth2,compact_deredundant,0.0,0.010502672763706644
range_breached,2H,rolling_vwap_z_96b,tree_depth2,compact_deredundant,0.0,0.010502672763706644
range_breached,2H,volume_z_96b,tree_depth2,compact_deredundant,0.0,0.010502672763706644
range_breached,2H,high_atr_pct_and_rising_atr_slope,tree_depth2,compact_deredundant,0.0,0.010502672763706644
range_breached,2H,ema_spread_high_and_rising_atr,tree_depth2,compact_deredundant,0.0,0.010502672763706644
range_breached,2H,low_vwap_displacement_and_low_atr,tree_depth2,compact_deredundant,0.0,0.010502672763706644
range_breached,2H,rising_atr_and_high_volume,tree_depth2,compact_deredundant,0.0,0.010502672763706644
range_breached,2H,low_atr_pct_and_falling_atr_slope,tree_depth2,compact_deredundant,0.0,0.010502672763706644
range_breached,4H,atr_slope_96b,tree_depth2,step11_individuals,-0.0003940872859236888,0.04283684958460943
range_breached,4H,rv_slope_96b,tree_depth2,step11_individuals,0.0,0.04283684958460943
range_breached,4H,atr_pct_12b,tree_depth2,step11_individuals,3.2294829036966233e-06,0.04283684958460943
range_breached,4H,bollinger_bandwidth_20b,tree_depth2,step11_individuals,0.00035339048440107684,0.04283684958460943
range_breached,4H,keltner_width_20b,tree_depth2,step11_individuals,0.0,0.04283684958460943
range_breached,4H,rv_12b,tree_depth2,step11_individuals,0.0,0.04283684958460943
range_breached,4H,price_efficiency_96b,tree_depth2,step11_individuals,0.0,0.04283684958460943
range_breached,4H,rolling_vwap_z_96b,tree_depth2,step11_individuals,0.0,0.04283684958460943
range_breached,4H,donchian_pos_96b,tree_depth2,step11_individuals,0.0,0.04283684958460943
range_breached,4H,volume_z_96b,tree_depth2,step11_individuals,0.0,0.04283684958460943
range_breached,8H,high_atr_pct_and_rising_atr_slope,tree_depth2,step12_interactions,0.000678290424996425,0.05157445097980351
range_breached,8H,ema_spread_high_and_rising_atr,tree_depth2,step12_interactions,0.0,0.05157445097980351
range_breached,8H,low_vwap_displacement_and_low_atr,tree_depth2,step12_interactions,0.0,0.05157445097980351
range_breached,8H,high_vwap_displacement_and_rising_atr,tree_depth2,step12_interactions,0.0,0.05157445097980351
range_breached,8H,low_atr_and_mid_donchian,tree_depth2,step12_interactions,0.0,0.05157445097980351
range_breached,8H,rising_atr_and_high_volume,tree_depth2,step12_interactions,0.0,0.05157445097980351
range_breached,8H,low_atr_pct_and_falling_atr_slope,tree_depth2,step12_interactions,0.0,0.05157445097980351
range_breached,8H,low_adx_and_falling_atr,tree_depth2,step12_interactions,0.0,0.05157445097980351
range_breached,12H,atr_slope_96b,logistic,all_step13,0.00015123919335292835,0.03413222917360503
range_breached,12H,rv_slope_96b,logistic,all_step13,-1.9679501202241045e-06,0.03413222917360503
range_breached,12H,atr_pct_12b,logistic,all_step13,0.00015006479950384344,0.03413222917360503
range_breached,12H,bollinger_bandwidth_20b,logistic,all_step13,0.00040258944505910943,0.03413222917360503
range_breached,12H,keltner_width_20b,logistic,all_step13,7.52412955670051e-05,0.03413222917360503
range_breached,12H,rv_12b,logistic,all_step13,0.00011105449925974398,0.03413222917360503
range_breached,12H,price_efficiency_96b,logistic,all_step13,1.732825229221191e-05,0.03413222917360503
range_breached,12H,rolling_vwap_z_96b,logistic,all_step13,6.17202609198425e-05,0.03413222917360503
range_breached,12H,donchian_pos_96b,logistic,all_step13,9.05840881981479e-05,0.03413222917360503
range_breached,12H,volume_z_96b,logistic,all_step13,9.459605164108265e-05,0.03413222917360503
range_breached,12H,high_atr_pct_and_rising_atr_slope,logistic,all_step13,8.1671265969821e-05,0.03413222917360503
range_breached,12H,ema_spread_high_and_rising_atr,logistic,all_step13,-3.3513046723554485e-06,0.03413222917360503
range_breached,12H,low_vwap_displacement_and_low_atr,logistic,all_step13,2.2958188758415154e-07,0.03413222917360503
range_breached,12H,high_vwap_displacement_and_rising_atr,logistic,all_step13,7.699088340293314e-06,0.03413222917360503
range_breached,12H,low_atr_and_mid_donchian,logistic,all_step13,4.4156420273000485e-07,0.03413222917360503
range_breached,12H,rising_atr_and_high_volume,logistic,all_step13,-3.624414912084539e-07,0.03413222917360503
range_breached,12H,low_atr_pct_and_falling_atr_slope,logistic,all_step13,-1.121581193211374e-05,0.03413222917360503
range_breached,12H,low_adx_and_falling_atr,logistic,all_step13,-1.724704007485811e-06,0.03413222917360503
range_breached,24H,atr_slope_96b,logistic,step11_individuals,0.00016841339767988128,0.022545576484792162
range_breached,24H,rv_slope_96b,logistic,step11_individuals,-1.5648065256904098e-05,0.022545576484792162
range_breached,24H,atr_pct_12b,logistic,step11_individuals,0.0001852998631121372,0.022545576484792162
range_breached,24H,bollinger_bandwidth_20b,logistic,step11_individuals,0.00018499473330255145,0.022545576484792162
range_breached,24H,keltner_width_20b,logistic,step11_individuals,-1.7756435154309136e-06,0.022545576484792162
range_breached,24H,rv_12b,logistic,step11_individuals,0.00027728585745384615,0.022545576484792162
range_breached,24H,price_efficiency_96b,logistic,step11_individuals,0.00014739227514347364,0.022545576484792162
range_breached,24H,rolling_vwap_z_96b,logistic,step11_individuals,5.263679354446105e-05,0.022545576484792162
range_breached,24H,donchian_pos_96b,logistic,step11_individuals,-2.412876537857822e-05,0.022545576484792162
range_breached,24H,volume_z_96b,logistic,step11_individuals,-0.0001404320796495745,0.022545576484792162
realized_over_range_width_ge_1,1H,atr_slope_96b,logistic,all_step13,4.616715893430989e-05,0.05612987663645852
realized_over_range_width_ge_1,1H,rv_slope_96b,logistic,all_step13,0.00022388513460530612,0.05612987663645852
realized_over_range_width_ge_1,1H,atr_pct_12b,logistic,all_step13,-3.50856270335681e-05,0.05612987663645852
realized_over_range_width_ge_1,1H,bollinger_bandwidth_20b,logistic,all_step13,0.0005332523274778206,0.05612987663645852
realized_over_range_width_ge_1,1H,keltner_width_20b,logistic,all_step13,-9.927766533725235e-05,0.05612987663645852
realized_over_range_width_ge_1,1H,rv_12b,logistic,all_step13,-5.8268966448768444e-05,0.05612987663645852
realized_over_range_width_ge_1,1H,price_efficiency_96b,logistic,all_step13,4.591242535172124e-05,0.05612987663645852
realized_over_range_width_ge_1,1H,rolling_vwap_z_96b,logistic,all_step13,0.00014721659799361853,0.05612987663645852
realized_over_range_width_ge_1,1H,donchian_pos_96b,logistic,all_step13,0.00015751916364703522,0.05612987663645852
realized_over_range_width_ge_1,1H,volume_z_96b,logistic,all_step13,0.002745877315050674,0.05612987663645852
realized_over_range_width_ge_1,1H,high_atr_pct_and_rising_atr_slope,logistic,all_step13,2.4321099660606915e-07,0.05612987663645852
realized_over_range_width_ge_1,1H,ema_spread_high_and_rising_atr,logistic,all_step13,0.0006311310607220455,0.05612987663645852
realized_over_range_width_ge_1,1H,low_vwap_displacement_and_low_atr,logistic,all_step13,-1.302428039490211e-05,0.05612987663645852
realized_over_range_width_ge_1,1H,high_vwap_displacement_and_rising_atr,logistic,all_step13,0.00023163572199082216,0.05612987663645852
realized_over_range_width_ge_1,1H,low_atr_and_mid_donchian,logistic,all_step13,-5.395013318712505e-06,0.05612987663645852
realized_over_range_width_ge_1,1H,rising_atr_and_high_volume,logistic,all_step13,0.00021946347398098254,0.05612987663645852
realized_over_range_width_ge_1,1H,low_atr_pct_and_falling_atr_slope,logistic,all_step13,4.4528411672128954e-05,0.05612987663645852
realized_over_range_width_ge_1,1H,low_adx_and_falling_atr,logistic,all_step13,2.360366766336608e-05,0.05612987663645852
realized_over_range_width_ge_1,2H,atr_slope_96b,logistic,step11_individuals,0.0003585962869228493,0.10705801265885251
realized_over_range_width_ge_1,2H,rv_slope_96b,logistic,step11_individuals,0.00013526655392703812,0.10705801265885251
realized_over_range_width_ge_1,2H,atr_pct_12b,logistic,step11_individuals,5.9663189927935956e-05,0.10705801265885251
realized_over_range_width_ge_1,2H,bollinger_bandwidth_20b,logistic,step11_individuals,8.386141912308798e-05,0.10705801265885251
realized_over_range_width_ge_1,2H,keltner_width_20b,logistic,step11_individuals,-2.48216730419637e-05,0.10705801265885251
realized_over_range_width_ge_1,2H,rv_12b,logistic,step11_individuals,0.00018927354358766468,0.10705801265885251
realized_over_range_width_ge_1,2H,price_efficiency_96b,logistic,step11_individuals,-1.097828689372582e-06,0.10705801265885251
realized_over_range_width_ge_1,2H,rolling_vwap_z_96b,logistic,step11_individuals,9.091644308052704e-05,0.10705801265885251
realized_over_range_width_ge_1,2H,donchian_pos_96b,logistic,step11_individuals,0.00019959837659376534,0.10705801265885251
realized_over_range_width_ge_1,2H,volume_z_96b,logistic,step11_individuals,0.004456302922577551,0.10705801265885251
realized_over_range_width_ge_1,4H,atr_slope_96b,logistic,compact_deredundant,0.000596498971916784,0.12337575938449596
realized_over_range_width_ge_1,4H,atr_pct_12b,logistic,compact_deredundant,0.00016219237977933842,0.12337575938449596
realized_over_range_width_ge_1,4H,bollinger_bandwidth_20b,logistic,compact_deredundant,0.0006063918919118338,0.12337575938449596
realized_over_range_width_ge_1,4H,price_efficiency_96b,logistic,compact_deredundant,2.5393217688754466e-05,0.12337575938449596
realized_over_range_width_ge_1,4H,rolling_vwap_z_96b,logistic,compact_deredundant,6.514253692492533e-05,0.12337575938449596
realized_over_range_width_ge_1,4H,volume_z_96b,logistic,compact_deredundant,0.001914961997694864,0.12337575938449596
realized_over_range_width_ge_1,4H,high_atr_pct_and_rising_atr_slope,logistic,compact_deredundant,-5.9251893977804726e-05,0.12337575938449596
realized_over_range_width_ge_1,4H,ema_spread_high_and_rising_atr,logistic,compact_deredundant,-1.3920251406757123e-05,0.12337575938449596
realized_over_range_width_ge_1,4H,low_vwap_displacement_and_low_atr,logistic,compact_deredundant,-0.0001318628011104106,0.12337575938449596
realized_over_range_width_ge_1,4H,rising_atr_and_high_volume,logistic,compact_deredundant,8.9838113138202e-05,0.12337575938449596
realized_over_range_width_ge_1,4H,low_atr_pct_and_falling_atr_slope,logistic,compact_deredundant,0.0002973634062686664,0.12337575938449596
realized_over_range_width_ge_1,8H,atr_slope_96b,tree_depth2,compact_deredundant,0.0,0.07341706185577179
realized_over_range_width_ge_1,8H,atr_pct_12b,tree_depth2,compact_deredundant,3.074604381808621e-05,0.07341706185577179
realized_over_range_width_ge_1,8H,bollinger_bandwidth_20b,tree_depth2,compact_deredundant,0.0,0.07341706185577179
realized_over_range_width_ge_1,8H,price_efficiency_96b,tree_depth2,compact_deredundant,0.0,0.07341706185577179
realized_over_range_width_ge_1,8H,rolling_vwap_z_96b,tree_depth2,compact_deredundant,0.0,0.07341706185577179
realized_over_range_width_ge_1,8H,volume_z_96b,tree_depth2,compact_deredundant,0.0,0.07341706185577179
realized_over_range_width_ge_1,8H,high_atr_pct_and_rising_atr_slope,tree_depth2,compact_deredundant,0.0,0.07341706185577179
realized_over_range_width_ge_1,8H,ema_spread_high_and_rising_atr,tree_depth2,compact_deredundant,0.0,0.07341706185577179
realized_over_range_width_ge_1,8H,low_vwap_displacement_and_low_atr,tree_depth2,compact_deredundant,0.0,0.07341706185577179
realized_over_range_width_ge_1,8H,rising_atr_and_high_volume,tree_depth2,compact_deredundant,0.0,0.07341706185577179
realized_over_range_width_ge_1,8H,low_atr_pct_and_falling_atr_slope,tree_depth2,compact_deredundant,0.0,0.07341706185577179
realized_over_range_width_ge_1,12H,atr_slope_96b,logistic,step11_individuals,0.0005704079244625015,0.14374035137109864
realized_over_range_width_ge_1,12H,rv_slope_96b,logistic,step11_individuals,-4.1270491832653966e-05,0.14374035137109864
realized_over_range_width_ge_1,12H,atr_pct_12b,logistic,step11_individuals,2.7220692710994143e-07,0.14374035137109864
realized_over_range_width_ge_1,12H,bollinger_bandwidth_20b,logistic,step11_individuals,0.0002878367998244147,0.14374035137109864
realized_over_range_width_ge_1,12H,keltner_width_20b,logistic,step11_individuals,0.00012965297238963502,0.14374035137109864
realized_over_range_width_ge_1,12H,rv_12b,logistic,step11_individuals,-0.00024667868729258413,0.14374035137109864
realized_over_range_width_ge_1,12H,price_efficiency_96b,logistic,step11_individuals,0.00019653871051439342,0.14374035137109864
realized_over_range_width_ge_1,12H,rolling_vwap_z_96b,logistic,step11_individuals,4.878977023087261e-07,0.14374035137109864
realized_over_range_width_ge_1,12H,donchian_pos_96b,logistic,step11_individuals,6.61840242043299e-05,0.14374035137109864
realized_over_range_width_ge_1,12H,volume_z_96b,logistic,step11_individuals,0.0007395552678702288,0.14374035137109864
realized_over_range_width_ge_1,24H,atr_slope_96b,logistic,compact_deredundant,0.0017131571833621795,0.07410587538128077
realized_over_range_width_ge_1,24H,atr_pct_12b,logistic,compact_deredundant,0.0008808459797128299,0.07410587538128077
realized_over_range_width_ge_1,24H,bollinger_bandwidth_20b,logistic,compact_deredundant,0.0008765462795415624,0.07410587538128077
realized_over_range_width_ge_1,24H,price_efficiency_96b,logistic,compact_deredundant,0.00013130766811361716,0.07410587538128077
realized_over_range_width_ge_1,24H,rolling_vwap_z_96b,logistic,compact_deredundant,-2.2420899760317026e-05,0.07410587538128077
realized_over_range_width_ge_1,24H,volume_z_96b,logistic,compact_deredundant,-0.00021360114291607557,0.07410587538128077
realized_over_range_width_ge_1,24H,high_atr_pct_and_rising_atr_slope,logistic,compact_deredundant,0.00022112811690952472,0.07410587538128077
realized_over_range_width_ge_1,24H,ema_spread_high_and_rising_atr,logistic,compact_deredundant,-4.06769555149622e-05,0.07410587538128077
realized_over_range_width_ge_1,24H,low_vwap_displacement_and_low_atr,logistic,compact_deredundant,-4.8415024777814786e-05,0.07410587538128077
realized_over_range_width_ge_1,24H,rising_atr_and_high_volume,logistic,compact_deredundant,-2.5871408804195584e-05,0.07410587538128077
realized_over_range_width_ge_1,24H,low_atr_pct_and_falling_atr_slope,logistic,compact_deredundant,6.831180866392894e-05,0.07410587538128077
oscillatory_path,1H,atr_slope_96b,tree_depth2,compact_deredundant,0.0002647034296444084,0.005378433254874415
oscillatory_path,1H,atr_pct_12b,tree_depth2,compact_deredundant,0.0,0.005378433254874415
oscillatory_path,1H,bollinger_bandwidth_20b,tree_depth2,compact_deredundant,0.0,0.005378433254874415
oscillatory_path,1H,price_efficiency_96b,tree_depth2,compact_deredundant,0.0,0.005378433254874415
oscillatory_path,1H,rolling_vwap_z_96b,tree_depth2,compact_deredundant,0.0,0.005378433254874415
oscillatory_path,1H,volume_z_96b,tree_depth2,compact_deredundant,0.0006713230971414352,0.005378433254874415
oscillatory_path,1H,high_atr_pct_and_rising_atr_slope,tree_depth2,compact_deredundant,0.0,0.005378433254874415
oscillatory_path,1H,ema_spread_high_and_rising_atr,tree_depth2,compact_deredundant,0.0,0.005378433254874415
oscillatory_path,1H,low_vwap_displacement_and_low_atr,tree_depth2,compact_deredundant,0.0,0.005378433254874415
oscillatory_path,1H,rising_atr_and_high_volume,tree_depth2,compact_deredundant,0.0,0.005378433254874415
oscillatory_path,1H,low_atr_pct_and_falling_atr_slope,tree_depth2,compact_deredundant,0.0,0.005378433254874415
oscillatory_path,2H,high_atr_pct_and_rising_atr_slope,logistic,step12_interactions,-1.8639941551767958e-05,-0.02032242944868967
oscillatory_path,2H,ema_spread_high_and_rising_atr,logistic,step12_interactions,0.0008283850753137978,-0.02032242944868967
oscillatory_path,2H,low_vwap_displacement_and_low_atr,logistic,step12_interactions,-0.00031041467703088466,-0.02032242944868967
oscillatory_path,2H,high_vwap_displacement_and_rising_atr,logistic,step12_interactions,0.0002024481269279621,-0.02032242944868967
oscillatory_path,2H,low_atr_and_mid_donchian,logistic,step12_interactions,-2.1596132390833134e-05,-0.02032242944868967
oscillatory_path,2H,rising_atr_and_high_volume,logistic,step12_interactions,-2.674180196116094e-06,-0.02032242944868967
oscillatory_path,2H,low_atr_pct_and_falling_atr_slope,logistic,step12_interactions,-5.004968140639998e-05,-0.02032242944868967
oscillatory_path,2H,low_adx_and_falling_atr,logistic,step12_interactions,6.208734021823092e-06,-0.02032242944868967
oscillatory_path,4H,atr_slope_96b,logistic,step11_individuals,0.00015969919524982945,-0.006443714733064043
oscillatory_path,4H,rv_slope_96b,logistic,step11_individuals,0.0002878768312478408,-0.006443714733064043
oscillatory_path,4H,atr_pct_12b,logistic,step11_individuals,-0.00011839540234281909,-0.006443714733064043
oscillatory_path,4H,bollinger_bandwidth_20b,logistic,step11_individuals,2.207697277537002e-05,-0.006443714733064043
oscillatory_path,4H,keltner_width_20b,logistic,step11_individuals,9.510966546918964e-05,-0.006443714733064043
oscillatory_path,4H,rv_12b,logistic,step11_individuals,0.0001089325064799751,-0.006443714733064043
oscillatory_path,4H,price_efficiency_96b,logistic,step11_individuals,-0.00015411060137138222,-0.006443714733064043
oscillatory_path,4H,rolling_vwap_z_96b,logistic,step11_individuals,1.7492305645711026e-05,-0.006443714733064043
oscillatory_path,4H,donchian_pos_96b,logistic,step11_individuals,-7.44828326577629e-05,-0.006443714733064043
oscillatory_path,4H,volume_z_96b,logistic,step11_individuals,0.0001822139098958675,-0.006443714733064043
oscillatory_path,8H,atr_slope_96b,logistic,step11_individuals,7.897351255559126e-06,-0.0033751245571462807
oscillatory_path,8H,rv_slope_96b,logistic,step11_individuals,1.7804544929334032e-05,-0.0033751245571462807
oscillatory_path,8H,atr_pct_12b,logistic,step11_individuals,0.00010841861180055368,-0.0033751245571462807
oscillatory_path,8H,bollinger_bandwidth_20b,logistic,step11_individuals,4.151398185742172e-05,-0.0033751245571462807
oscillatory_path,8H,keltner_width_20b,logistic,step11_individuals,0.00017335096135634442,-0.0033751245571462807
oscillatory_path,8H,rv_12b,logistic,step11_individuals,6.168381135701617e-05,-0.0033751245571462807
oscillatory_path,8H,price_efficiency_96b,logistic,step11_individuals,3.277254575911881e-05,-0.0033751245571462807
oscillatory_path,8H,rolling_vwap_z_96b,logistic,step11_individuals,-4.0735625400245556e-05,-0.0033751245571462807
oscillatory_path,8H,donchian_pos_96b,logistic,step11_individuals,0.0002846118138357112,-0.0033751245571462807
oscillatory_path,8H,volume_z_96b,logistic,step11_individuals,-5.1946425678184305e-06,-0.0033751245571462807
oscillatory_path,12H,atr_slope_96b,tree_depth2,step11_individuals,-0.00017418443229888503,-0.020437957448887323
oscillatory_path,12H,rv_slope_96b,tree_depth2,step11_individuals,0.0006385054051669115,-0.020437957448887323
oscillatory_path,12H,atr_pct_12b,tree_depth2,step11_individuals,0.0,-0.020437957448887323
oscillatory_path,12H,bollinger_bandwidth_20b,tree_depth2,step11_individuals,0.0,-0.020437957448887323
oscillatory_path,12H,keltner_width_20b,tree_depth2,step11_individuals,0.0,-0.020437957448887323
oscillatory_path,12H,rv_12b,tree_depth2,step11_individuals,0.0,-0.020437957448887323
oscillatory_path,12H,price_efficiency_96b,tree_depth2,step11_individuals,0.0,-0.020437957448887323
oscillatory_path,12H,rolling_vwap_z_96b,tree_depth2,step11_individuals,-0.00019329080438051927,-0.020437957448887323
oscillatory_path,12H,donchian_pos_96b,tree_depth2,step11_individuals,0.0,-0.020437957448887323
oscillatory_path,12H,volume_z_96b,tree_depth2,step11_individuals,0.0,-0.020437957448887323
oscillatory_path,24H,high_atr_pct_and_rising_atr_slope,tree_depth2,step12_interactions,-0.0006548906537289789,-0.15760654107257355
oscillatory_path,24H,ema_spread_high_and_rising_atr,tree_depth2,step12_interactions,0.0,-0.15760654107257355
oscillatory_path,24H,low_vwap_displacement_and_low_atr,tree_depth2,step12_interactions,0.0,-0.15760654107257355
oscillatory_path,24H,high_vwap_displacement_and_rising_atr,tree_depth2,step12_interactions,0.0,-0.15760654107257355
oscillatory_path,24H,low_atr_and_mid_donchian,tree_depth2,step12_interactions,0.0,-0.15760654107257355
oscillatory_path,24H,rising_atr_and_high_volume,tree_depth2,step12_interactions,0.0,-0.15760654107257355
oscillatory_path,24H,low_atr_pct_and_falling_atr_slope,tree_depth2,step12_interactions,0.0,-0.15760654107257355
oscillatory_path,24H,low_adx_and_falling_atr,tree_depth2,step12_interactions,0.0,-0.15760654107257355
trend_efficiency_high,1H,high_atr_pct_and_rising_atr_slope,tree_depth2,step12_interactions,-0.00027659624182729825,-0.000770013301788941
trend_efficiency_high,1H,ema_spread_high_and_rising_atr,tree_depth2,step12_interactions,0.0,-0.000770013301788941
trend_efficiency_high,1H,low_vwap_displacement_and_low_atr,tree_depth2,step12_interactions,0.0,-0.000770013301788941
trend_efficiency_high,1H,high_vwap_displacement_and_rising_atr,tree_depth2,step12_interactions,0.0,-0.000770013301788941
trend_efficiency_high,1H,low_atr_and_mid_donchian,tree_depth2,step12_interactions,0.0,-0.000770013301788941
trend_efficiency_high,1H,rising_atr_and_high_volume,tree_depth2,step12_interactions,0.0,-0.000770013301788941
trend_efficiency_high,1H,low_atr_pct_and_falling_atr_slope,tree_depth2,step12_interactions,0.0,-0.000770013301788941
trend_efficiency_high,1H,low_adx_and_falling_atr,tree_depth2,step12_interactions,0.0,-0.000770013301788941
trend_efficiency_high,2H,high_atr_pct_and_rising_atr_slope,tree_depth2,step12_interactions,0.00025621534611261487,-0.0005501969513879157
trend_efficiency_high,2H,ema_spread_high_and_rising_atr,tree_depth2,step12_interactions,0.0,-0.0005501969513879157
trend_efficiency_high,2H,low_vwap_displacement_and_low_atr,tree_depth2,step12_interactions,0.0,-0.0005501969513879157
trend_efficiency_high,2H,high_vwap_displacement_and_rising_atr,tree_depth2,step12_interactions,0.0,-0.0005501969513879157
trend_efficiency_high,2H,low_atr_and_mid_donchian,tree_depth2,step12_interactions,0.0,-0.0005501969513879157
trend_efficiency_high,2H,rising_atr_and_high_volume,tree_depth2,step12_interactions,0.0,-0.0005501969513879157
trend_efficiency_high,2H,low_atr_pct_and_falling_atr_slope,tree_depth2,step12_interactions,0.0,-0.0005501969513879157
trend_efficiency_high,2H,low_adx_and_falling_atr,tree_depth2,step12_interactions,0.0,-0.0005501969513879157
trend_efficiency_high,4H,atr_slope_96b,logistic,all_step13,-0.00020865868770930662,-0.022101663828780094
trend_efficiency_high,4H,rv_slope_96b,logistic,all_step13,-6.261888879374733e-05,-0.022101663828780094
trend_efficiency_high,4H,atr_pct_12b,logistic,all_step13,1.4392680883767994e-06,-0.022101663828780094
trend_efficiency_high,4H,bollinger_bandwidth_20b,logistic,all_step13,-3.0112627594974795e-05,-0.022101663828780094
trend_efficiency_high,4H,keltner_width_20b,logistic,all_step13,-2.1460106212345398e-06,-0.022101663828780094
trend_efficiency_high,4H,rv_12b,logistic,all_step13,1.877452225187981e-05,-0.022101663828780094
trend_efficiency_high,4H,price_efficiency_96b,logistic,all_step13,0.00026847528914530905,-0.022101663828780094
trend_efficiency_high,4H,rolling_vwap_z_96b,logistic,all_step13,4.3932102215038515e-05,-0.022101663828780094
trend_efficiency_high,4H,donchian_pos_96b,logistic,all_step13,-8.743198557648046e-06,-0.022101663828780094
trend_efficiency_high,4H,volume_z_96b,logistic,all_step13,6.606906321018902e-05,-0.022101663828780094
trend_efficiency_high,4H,high_atr_pct_and_rising_atr_slope,logistic,all_step13,-1.122927553803832e-06,-0.022101663828780094
trend_efficiency_high,4H,ema_spread_high_and_rising_atr,logistic,all_step13,4.085436419346e-05,-0.022101663828780094
trend_efficiency_high,4H,low_vwap_displacement_and_low_atr,logistic,all_step13,-0.000696362757730079,-0.022101663828780094
trend_efficiency_high,4H,high_vwap_displacement_and_rising_atr,logistic,all_step13,-4.3400061573495297e-05,-0.022101663828780094
trend_efficiency_high,4H,low_atr_and_mid_donchian,logistic,all_step13,-0.00011164719777487231,-0.022101663828780094
trend_efficiency_high,4H,rising_atr_and_high_volume,logistic,all_step13,-0.0005817520036973667,-0.022101663828780094
trend_efficiency_high,4H,low_atr_pct_and_falling_atr_slope,logistic,all_step13,0.00014507466808880154,-0.022101663828780094
trend_efficiency_high,4H,low_adx_and_falling_atr,logistic,all_step13,9.207236897956772e-06,-0.022101663828780094
trend_efficiency_high,8H,atr_slope_96b,logistic,step11_individuals,7.821434950333606e-05,-0.01698772848387442
trend_efficiency_high,8H,rv_slope_96b,logistic,step11_individuals,3.8860774937143905e-06,-0.01698772848387442
trend_efficiency_high,8H,atr_pct_12b,logistic,step11_individuals,0.00013356783238493986,-0.01698772848387442
trend_efficiency_high,8H,bollinger_bandwidth_20b,logistic,step11_individuals,-0.0002961489405051698,-0.01698772848387442
trend_efficiency_high,8H,keltner_width_20b,logistic,step11_individuals,9.734146788695219e-05,-0.01698772848387442
trend_efficiency_high,8H,rv_12b,logistic,step11_individuals,5.87649940395063e-06,-0.01698772848387442
trend_efficiency_high,8H,price_efficiency_96b,logistic,step11_individuals,-7.520004078867548e-05,-0.01698772848387442
trend_efficiency_high,8H,rolling_vwap_z_96b,logistic,step11_individuals,-0.0002958378303299647,-0.01698772848387442
trend_efficiency_high,8H,donchian_pos_96b,logistic,step11_individuals,0.0004311949971244067,-0.01698772848387442
trend_efficiency_high,8H,volume_z_96b,logistic,step11_individuals,7.346528443530342e-06,-0.01698772848387442
trend_efficiency_high,12H,atr_slope_96b,tree_depth2,compact_deredundant,0.0,-0.02463749329458298
trend_efficiency_high,12H,atr_pct_12b,tree_depth2,compact_deredundant,0.00017288438568022202,-0.02463749329458298
trend_efficiency_high,12H,bollinger_bandwidth_20b,tree_depth2,compact_deredundant,0.0,-0.02463749329458298
trend_efficiency_high,12H,price_efficiency_96b,tree_depth2,compact_deredundant,-0.0002950115700096345,-0.02463749329458298
trend_efficiency_high,12H,rolling_vwap_z_96b,tree_depth2,compact_deredundant,0.0,-0.02463749329458298
trend_efficiency_high,12H,volume_z_96b,tree_depth2,compact_deredundant,0.0,-0.02463749329458298
trend_efficiency_high,12H,high_atr_pct_and_rising_atr_slope,tree_depth2,compact_deredundant,0.0,-0.02463749329458298
trend_efficiency_high,12H,ema_spread_high_and_rising_atr,tree_depth2,compact_deredundant,0.0,-0.02463749329458298
trend_efficiency_high,12H,low_vwap_displacement_and_low_atr,tree_depth2,compact_deredundant,0.0,-0.02463749329458298
trend_efficiency_high,12H,rising_atr_and_high_volume,tree_depth2,compact_deredundant,0.0,-0.02463749329458298
trend_efficiency_high,12H,low_atr_pct_and_falling_atr_slope,tree_depth2,compact_deredundant,0.0,-0.02463749329458298
trend_efficiency_high,24H,atr_slope_96b,logistic,all_step13,0.0002922070091303658,-0.055205134134568734
trend_efficiency_high,24H,rv_slope_96b,logistic,all_step13,-9.610800197942804e-05,-0.055205134134568734
trend_efficiency_high,24H,atr_pct_12b,logistic,all_step13,-3.245671124679772e-05,-0.055205134134568734
trend_efficiency_high,24H,bollinger_bandwidth_20b,logistic,all_step13,-2.093965860465452e-05,-0.055205134134568734
trend_efficiency_high,24H,keltner_width_20b,logistic,all_step13,-1.0615427609050876e-05,-0.055205134134568734
trend_efficiency_high,24H,rv_12b,logistic,all_step13,-1.2869869477349916e-06,-0.055205134134568734
trend_efficiency_high,24H,price_efficiency_96b,logistic,all_step13,-0.0007298601750256595,-0.055205134134568734
trend_efficiency_high,24H,rolling_vwap_z_96b,logistic,all_step13,-2.9601127961492724e-05,-0.055205134134568734
trend_efficiency_high,24H,donchian_pos_96b,logistic,all_step13,-1.132762477998317e-05,-0.055205134134568734
trend_efficiency_high,24H,volume_z_96b,logistic,all_step13,-1.5804093371346584e-05,-0.055205134134568734
trend_efficiency_high,24H,high_atr_pct_and_rising_atr_slope,logistic,all_step13,-4.741114012522807e-05,-0.055205134134568734
trend_efficiency_high,24H,ema_spread_high_and_rising_atr,logistic,all_step13,-5.000811037735031e-05,-0.055205134134568734
trend_efficiency_high,24H,low_vwap_displacement_and_low_atr,logistic,all_step13,-5.759908656112478e-05,-0.055205134134568734
trend_efficiency_high,24H,high_vwap_displacement_and_rising_atr,logistic,all_step13,-0.00011746446436999847,-0.055205134134568734
trend_efficiency_high,24H,low_atr_and_mid_donchian,logistic,all_step13,-0.00014778275277665953,-0.055205134134568734
trend_efficiency_high,24H,rising_atr_and_high_volume,logistic,all_step13,1.2807535889600152e-05,-0.055205134134568734
trend_efficiency_high,24H,low_atr_pct_and_falling_atr_slope,logistic,all_step13,0.0006392007407172995,-0.055205134134568734
trend_efficiency_high,24H,low_adx_and_falling_atr,logistic,all_step13,-2.9559173095189406e-06,-0.055205134134568734
one_sided_runaway,1H,high_atr_pct_and_rising_atr_slope,tree_depth2,step12_interactions,-0.00010346946904785104,-0.00029604102960889556
one_sided_runaway,1H,ema_spread_high_and_rising_atr,tree_depth2,step12_interactions,0.0,-0.00029604102960889556
one_sided_runaway,1H,low_vwap_displacement_and_low_atr,tree_depth2,step12_interactions,0.0,-0.00029604102960889556
one_sided_runaway,1H,high_vwap_displacement_and_rising_atr,tree_depth2,step12_interactions,0.0,-0.00029604102960889556
one_sided_runaway,1H,low_atr_and_mid_donchian,tree_depth2,step12_interactions,0.0,-0.00029604102960889556
one_sided_runaway,1H,rising_atr_and_high_volume,tree_depth2,step12_interactions,0.0,-0.00029604102960889556
one_sided_runaway,1H,low_atr_pct_and_falling_atr_slope,tree_depth2,step12_interactions,0.0,-0.00029604102960889556
one_sided_runaway,1H,low_adx_and_falling_atr,tree_depth2,step12_interactions,0.0,-0.00029604102960889556
one_sided_runaway,2H,high_atr_pct_and_rising_atr_slope,tree_depth2,step12_interactions,0.00019113135136938908,-0.0011436787143515037
one_sided_runaway,2H,ema_spread_high_and_rising_atr,tree_depth2,step12_interactions,0.0,-0.0011436787143515037
one_sided_runaway,2H,low_vwap_displacement_and_low_atr,tree_depth2,step12_interactions,0.0,-0.0011436787143515037
one_sided_runaway,2H,high_vwap_displacement_and_rising_atr,tree_depth2,step12_interactions,0.0,-0.0011436787143515037
one_sided_runaway,2H,low_atr_and_mid_donchian,tree_depth2,step12_interactions,0.0,-0.0011436787143515037
one_sided_runaway,2H,rising_atr_and_high_volume,tree_depth2,step12_interactions,0.0,-0.0011436787143515037
one_sided_runaway,2H,low_atr_pct_and_falling_atr_slope,tree_depth2,step12_interactions,0.0,-0.0011436787143515037
one_sided_runaway,2H,low_adx_and_falling_atr,tree_depth2,step12_interactions,0.0,-0.0011436787143515037
one_sided_runaway,4H,atr_slope_96b,logistic,all_step13,-0.00020865868770930662,-0.022101663828780094
one_sided_runaway,4H,rv_slope_96b,logistic,all_step13,-6.261888879374733e-05,-0.022101663828780094
one_sided_runaway,4H,atr_pct_12b,logistic,all_step13,1.4392680883767994e-06,-0.022101663828780094
one_sided_runaway,4H,bollinger_bandwidth_20b,logistic,all_step13,-3.0112627594974795e-05,-0.022101663828780094
one_sided_runaway,4H,keltner_width_20b,logistic,all_step13,-2.1460106212345398e-06,-0.022101663828780094
one_sided_runaway,4H,rv_12b,logistic,all_step13,1.877452225187981e-05,-0.022101663828780094
one_sided_runaway,4H,price_efficiency_96b,logistic,all_step13,0.00026847528914530905,-0.022101663828780094
one_sided_runaway,4H,rolling_vwap_z_96b,logistic,all_step13,4.3932102215038515e-05,-0.022101663828780094
one_sided_runaway,4H,donchian_pos_96b,logistic,all_step13,-8.743198557648046e-06,-0.022101663828780094
one_sided_runaway,4H,volume_z_96b,logistic,all_step13,6.606906321018902e-05,-0.022101663828780094
one_sided_runaway,4H,high_atr_pct_and_rising_atr_slope,logistic,all_step13,-1.122927553803832e-06,-0.022101663828780094
one_sided_runaway,4H,ema_spread_high_and_rising_atr,logistic,all_step13,4.085436419346e-05,-0.022101663828780094
one_sided_runaway,4H,low_vwap_displacement_and_low_atr,logistic,all_step13,-0.000696362757730079,-0.022101663828780094
one_sided_runaway,4H,high_vwap_displacement_and_rising_atr,logistic,all_step13,-4.3400061573495297e-05,-0.022101663828780094
one_sided_runaway,4H,low_atr_and_mid_donchian,logistic,all_step13,-0.00011164719777487231,-0.022101663828780094
one_sided_runaway,4H,rising_atr_and_high_volume,logistic,all_step13,-0.0005817520036973667,-0.022101663828780094
one_sided_runaway,4H,low_atr_pct_and_falling_atr_slope,logistic,all_step13,0.00014507466808880154,-0.022101663828780094
one_sided_runaway,4H,low_adx_and_falling_atr,logistic,all_step13,9.207236897956772e-06,-0.022101663828780094
one_sided_runaway,8H,atr_slope_96b,logistic,step11_individuals,7.821434950333606e-05,-0.01698772848387442
one_sided_runaway,8H,rv_slope_96b,logistic,step11_individuals,3.8860774937143905e-06,-0.01698772848387442
one_sided_runaway,8H,atr_pct_12b,logistic,step11_individuals,0.00013356783238493986,-0.01698772848387442
one_sided_runaway,8H,bollinger_bandwidth_20b,logistic,step11_individuals,-0.0002961489405051698,-0.01698772848387442
one_sided_runaway,8H,keltner_width_20b,logistic,step11_individuals,9.734146788695219e-05,-0.01698772848387442
one_sided_runaway,8H,rv_12b,logistic,step11_individuals,5.87649940395063e-06,-0.01698772848387442
one_sided_runaway,8H,price_efficiency_96b,logistic,step11_individuals,-7.520004078867548e-05,-0.01698772848387442
one_sided_runaway,8H,rolling_vwap_z_96b,logistic,step11_individuals,-0.0002958378303299647,-0.01698772848387442
one_sided_runaway,8H,donchian_pos_96b,logistic,step11_individuals,0.0004311949971244067,-0.01698772848387442
one_sided_runaway,8H,volume_z_96b,logistic,step11_individuals,7.346528443530342e-06,-0.01698772848387442
one_sided_runaway,12H,atr_slope_96b,tree_depth2,compact_deredundant,0.0,-0.02463749329458298
one_sided_runaway,12H,atr_pct_12b,tree_depth2,compact_deredundant,0.00017288438568022202,-0.02463749329458298
one_sided_runaway,12H,bollinger_bandwidth_20b,tree_depth2,compact_deredundant,0.0,-0.02463749329458298
one_sided_runaway,12H,price_efficiency_96b,tree_depth2,compact_deredundant,-0.0002950115700096345,-0.02463749329458298
one_sided_runaway,12H,rolling_vwap_z_96b,tree_depth2,compact_deredundant,0.0,-0.02463749329458298
one_sided_runaway,12H,volume_z_96b,tree_depth2,compact_deredundant,0.0,-0.02463749329458298
one_sided_runaway,12H,high_atr_pct_and_rising_atr_slope,tree_depth2,compact_deredundant,0.0,-0.02463749329458298
one_sided_runaway,12H,ema_spread_high_and_rising_atr,tree_depth2,compact_deredundant,0.0,-0.02463749329458298
one_sided_runaway,12H,low_vwap_displacement_and_low_atr,tree_depth2,compact_deredundant,0.0,-0.02463749329458298
one_sided_runaway,12H,rising_atr_and_high_volume,tree_depth2,compact_deredundant,0.0,-0.02463749329458298
one_sided_runaway,12H,low_atr_pct_and_falling_atr_slope,tree_depth2,compact_deredundant,0.0,-0.02463749329458298
one_sided_runaway,24H,atr_slope_96b,logistic,all_step13,0.0002922070091303658,-0.055205134134568734
one_sided_runaway,24H,rv_slope_96b,logistic,all_step13,-9.610800197942804e-05,-0.055205134134568734
one_sided_runaway,24H,atr_pct_12b,logistic,all_step13,-3.245671124679772e-05,-0.055205134134568734
one_sided_runaway,24H,bollinger_bandwidth_20b,logistic,all_step13,-2.093965860465452e-05,-0.055205134134568734
one_sided_runaway,24H,keltner_width_20b,logistic,all_step13,-1.0615427609050876e-05,-0.055205134134568734
one_sided_runaway,24H,rv_12b,logistic,all_step13,-1.2869869477349916e-06,-0.055205134134568734
one_sided_runaway,24H,price_efficiency_96b,logistic,all_step13,-0.0007298601750256595,-0.055205134134568734
one_sided_runaway,24H,rolling_vwap_z_96b,logistic,all_step13,-2.9601127961492724e-05,-0.055205134134568734
one_sided_runaway,24H,donchian_pos_96b,logistic,all_step13,-1.132762477998317e-05,-0.055205134134568734
one_sided_runaway,24H,volume_z_96b,logistic,all_step13,-1.5804093371346584e-05,-0.055205134134568734
one_sided_runaway,24H,high_atr_pct_and_rising_atr_slope,logistic,all_step13,-4.741114012522807e-05,-0.055205134134568734
one_sided_runaway,24H,ema_spread_high_and_rising_atr,logistic,all_step13,-5.000811037735031e-05,-0.055205134134568734
one_sided_runaway,24H,low_vwap_displacement_and_low_atr,logistic,all_step13,-5.759908656112478e-05,-0.055205134134568734
one_sided_runaway,24H,high_vwap_displacement_and_rising_atr,logistic,all_step13,-0.00011746446436999847,-0.055205134134568734
one_sided_runaway,24H,low_atr_and_mid_donchian,logistic,all_step13,-0.00014778275277665953,-0.055205134134568734
one_sided_runaway,24H,rising_atr_and_high_volume,logistic,all_step13,1.2807535889600152e-05,-0.055205134134568734
one_sided_runaway,24H,low_atr_pct_and_falling_atr_slope,logistic,all_step13,0.0006392007407172995,-0.055205134134568734
one_sided_runaway,24H,low_adx_and_falling_atr,logistic,all_step13,-2.9559173095189406e-06,-0.055205134134568734
upper_breach_only,1H,atr_slope_96b,logistic,step11_individuals,-3.503990599010298e-05,0.011759351461713474
upper_breach_only,1H,rv_slope_96b,logistic,step11_individuals,2.485933227949766e-05,0.011759351461713474
upper_breach_only,1H,atr_pct_12b,logistic,step11_individuals,4.4600254642451764e-05,0.011759351461713474
upper_breach_only,1H,bollinger_bandwidth_20b,logistic,step11_individuals,-0.0003194128959945475,0.011759351461713474
upper_breach_only,1H,keltner_width_20b,logistic,step11_individuals,-3.964593371913461e-05,0.011759351461713474
upper_breach_only,1H,rv_12b,logistic,step11_individuals,-0.00019733916511474603,0.011759351461713474
upper_breach_only,1H,price_efficiency_96b,logistic,step11_individuals,-8.974407256370776e-05,0.011759351461713474
upper_breach_only,1H,rolling_vwap_z_96b,logistic,step11_individuals,-7.97271022384416e-05,0.011759351461713474
upper_breach_only,1H,donchian_pos_96b,logistic,step11_individuals,0.0015720682093016414,0.011759351461713474
upper_breach_only,1H,volume_z_96b,logistic,step11_individuals,0.0008871249021070171,0.011759351461713474
upper_breach_only,2H,atr_slope_96b,logistic,step11_individuals,-4.7327426801635486e-05,0.006570246711190775
upper_breach_only,2H,rv_slope_96b,logistic,step11_individuals,-1.377219189607759e-06,0.006570246711190775
upper_breach_only,2H,atr_pct_12b,logistic,step11_individuals,-3.2155889323953746e-05,0.006570246711190775
upper_breach_only,2H,bollinger_bandwidth_20b,logistic,step11_individuals,0.00031144617826889265,0.006570246711190775
upper_breach_only,2H,keltner_width_20b,logistic,step11_individuals,6.5443016178945435e-06,0.006570246711190775
upper_breach_only,2H,rv_12b,logistic,step11_individuals,-0.00029059809157727656,0.006570246711190775
upper_breach_only,2H,price_efficiency_96b,logistic,step11_individuals,-5.8402934462103984e-05,0.006570246711190775
upper_breach_only,2H,rolling_vwap_z_96b,logistic,step11_individuals,0.000634037748312194,0.006570246711190775
upper_breach_only,2H,donchian_pos_96b,logistic,step11_individuals,0.0005701326261780826,0.006570246711190775
upper_breach_only,2H,volume_z_96b,logistic,step11_individuals,0.00010190004266971697,0.006570246711190775
upper_breach_only,4H,atr_slope_96b,logistic,step11_individuals,-0.00028762526697781454,0.0179424340098715
upper_breach_only,4H,rv_slope_96b,logistic,step11_individuals,0.0003305483633701811,0.0179424340098715
upper_breach_only,4H,atr_pct_12b,logistic,step11_individuals,-1.1975778407558035e-06,0.0179424340098715
upper_breach_only,4H,bollinger_bandwidth_20b,logistic,step11_individuals,-0.0002300845073225921,0.0179424340098715
upper_breach_only,4H,keltner_width_20b,logistic,step11_individuals,0.00011971256420367782,0.0179424340098715
upper_breach_only,4H,rv_12b,logistic,step11_individuals,1.7308114109687578e-05,0.0179424340098715
upper_breach_only,4H,price_efficiency_96b,logistic,step11_individuals,-1.8664068893003982e-05,0.0179424340098715
upper_breach_only,4H,rolling_vwap_z_96b,logistic,step11_individuals,0.0005846957503096717,0.0179424340098715
upper_breach_only,4H,donchian_pos_96b,logistic,step11_individuals,0.0001602687746470599,0.0179424340098715
upper_breach_only,4H,volume_z_96b,logistic,step11_individuals,-6.532249738955276e-06,0.0179424340098715
upper_breach_only,8H,high_atr_pct_and_rising_atr_slope,tree_depth2,step12_interactions,0.0,0.004919324126053337
upper_breach_only,8H,ema_spread_high_and_rising_atr,tree_depth2,step12_interactions,0.0,0.004919324126053337
upper_breach_only,8H,low_vwap_displacement_and_low_atr,tree_depth2,step12_interactions,0.0,0.004919324126053337
upper_breach_only,8H,high_vwap_displacement_and_rising_atr,tree_depth2,step12_interactions,0.0,0.004919324126053337
upper_breach_only,8H,low_atr_and_mid_donchian,tree_depth2,step12_interactions,0.0,0.004919324126053337
upper_breach_only,8H,rising_atr_and_high_volume,tree_depth2,step12_interactions,0.0,0.004919324126053337
upper_breach_only,8H,low_atr_pct_and_falling_atr_slope,tree_depth2,step12_interactions,0.0,0.004919324126053337
upper_breach_only,8H,low_adx_and_falling_atr,tree_depth2,step12_interactions,0.0,0.004919324126053337
upper_breach_only,12H,high_atr_pct_and_rising_atr_slope,tree_depth2,step12_interactions,-1.5204551185976634e-05,0.0006961136160059667
upper_breach_only,12H,ema_spread_high_and_rising_atr,tree_depth2,step12_interactions,0.0,0.0006961136160059667
upper_breach_only,12H,low_vwap_displacement_and_low_atr,tree_depth2,step12_interactions,0.0,0.0006961136160059667
upper_breach_only,12H,high_vwap_displacement_and_rising_atr,tree_depth2,step12_interactions,0.0,0.0006961136160059667
upper_breach_only,12H,low_atr_and_mid_donchian,tree_depth2,step12_interactions,0.0,0.0006961136160059667
upper_breach_only,12H,rising_atr_and_high_volume,tree_depth2,step12_interactions,0.0,0.0006961136160059667
upper_breach_only,12H,low_atr_pct_and_falling_atr_slope,tree_depth2,step12_interactions,0.0,0.0006961136160059667
upper_breach_only,12H,low_adx_and_falling_atr,tree_depth2,step12_interactions,0.0,0.0006961136160059667
upper_breach_only,24H,high_atr_pct_and_rising_atr_slope,tree_depth2,step12_interactions,-0.00012909866445925955,-0.0032711769708015925
upper_breach_only,24H,ema_spread_high_and_rising_atr,tree_depth2,step12_interactions,0.0,-0.0032711769708015925
upper_breach_only,24H,low_vwap_displacement_and_low_atr,tree_depth2,step12_interactions,0.0,-0.0032711769708015925
upper_breach_only,24H,high_vwap_displacement_and_rising_atr,tree_depth2,step12_interactions,0.0,-0.0032711769708015925
upper_breach_only,24H,low_atr_and_mid_donchian,tree_depth2,step12_interactions,0.0,-0.0032711769708015925
upper_breach_only,24H,rising_atr_and_high_volume,tree_depth2,step12_interactions,0.0,-0.0032711769708015925
upper_breach_only,24H,low_atr_pct_and_falling_atr_slope,tree_depth2,step12_interactions,0.0,-0.0032711769708015925
upper_breach_only,24H,low_adx_and_falling_atr,tree_depth2,step12_interactions,0.0,-0.0032711769708015925
lower_breach_only,1H,atr_slope_96b,logistic,compact_deredundant,9.988182659603773e-05,-0.0053862666783712765
lower_breach_only,1H,atr_pct_12b,logistic,compact_deredundant,-1.3676661410000346e-05,-0.0053862666783712765
lower_breach_only,1H,bollinger_bandwidth_20b,logistic,compact_deredundant,2.1063764941431362e-06,-0.0053862666783712765
lower_breach_only,1H,price_efficiency_96b,logistic,compact_deredundant,7.283781532646527e-05,-0.0053862666783712765
lower_breach_only,1H,rolling_vwap_z_96b,logistic,compact_deredundant,0.0007872647561959767,-0.0053862666783712765
lower_breach_only,1H,volume_z_96b,logistic,compact_deredundant,0.004817493900660913,-0.0053862666783712765
lower_breach_only,1H,high_atr_pct_and_rising_atr_slope,logistic,compact_deredundant,-0.00032059295530034726,-0.0053862666783712765
lower_breach_only,1H,ema_spread_high_and_rising_atr,logistic,compact_deredundant,8.106043861894063e-06,-0.0053862666783712765
lower_breach_only,1H,low_vwap_displacement_and_low_atr,logistic,compact_deredundant,-1.2974037519375425e-05,-0.0053862666783712765
lower_breach_only,1H,rising_atr_and_high_volume,logistic,compact_deredundant,6.46553573097064e-06,-0.0053862666783712765
lower_breach_only,1H,low_atr_pct_and_falling_atr_slope,logistic,compact_deredundant,8.766517550520825e-05,-0.0053862666783712765
lower_breach_only,2H,atr_slope_96b,logistic,compact_deredundant,4.347486392958233e-05,-0.003373860086858249
lower_breach_only,2H,atr_pct_12b,logistic,compact_deredundant,-0.0002589733004462469,-0.003373860086858249
lower_breach_only,2H,bollinger_bandwidth_20b,logistic,compact_deredundant,3.389640316384113e-05,-0.003373860086858249
lower_breach_only,2H,price_efficiency_96b,logistic,compact_deredundant,-1.9508586455219135e-05,-0.003373860086858249
lower_breach_only,2H,rolling_vwap_z_96b,logistic,compact_deredundant,0.0004305349204637432,-0.003373860086858249
lower_breach_only,2H,volume_z_96b,logistic,compact_deredundant,0.0015004669031517537,-0.003373860086858249
lower_breach_only,2H,high_atr_pct_and_rising_atr_slope,logistic,compact_deredundant,-2.890950672243542e-05,-0.003373860086858249
lower_breach_only,2H,ema_spread_high_and_rising_atr,logistic,compact_deredundant,-0.00045080939061417635,-0.003373860086858249
lower_breach_only,2H,low_vwap_displacement_and_low_atr,logistic,compact_deredundant,-0.0001494572322143506,-0.003373860086858249
lower_breach_only,2H,rising_atr_and_high_volume,logistic,compact_deredundant,5.544421870617988e-05,-0.003373860086858249
lower_breach_only,2H,low_atr_pct_and_falling_atr_slope,logistic,compact_deredundant,-0.00016923839485144532,-0.003373860086858249
lower_breach_only,4H,atr_slope_96b,tree_depth2,step11_individuals,-0.00125959423391786,-0.006896900645680049
lower_breach_only,4H,rv_slope_96b,tree_depth2,step11_individuals,0.0,-0.006896900645680049
lower_breach_only,4H,atr_pct_12b,tree_depth2,step11_individuals,0.0,-0.006896900645680049
lower_breach_only,4H,bollinger_bandwidth_20b,tree_depth2,step11_individuals,0.0,-0.006896900645680049
lower_breach_only,4H,keltner_width_20b,tree_depth2,step11_individuals,-0.00010055106703019123,-0.006896900645680049
lower_breach_only,4H,rv_12b,tree_depth2,step11_individuals,0.0,-0.006896900645680049
lower_breach_only,4H,price_efficiency_96b,tree_depth2,step11_individuals,0.0,-0.006896900645680049
lower_breach_only,4H,rolling_vwap_z_96b,tree_depth2,step11_individuals,0.0003321239509342655,-0.006896900645680049
lower_breach_only,4H,donchian_pos_96b,tree_depth2,step11_individuals,0.0,-0.006896900645680049
lower_breach_only,4H,volume_z_96b,tree_depth2,step11_individuals,0.0,-0.006896900645680049
lower_breach_only,8H,atr_slope_96b,logistic,compact_deredundant,-3.960383893056307e-05,0.002081361635526413
lower_breach_only,8H,atr_pct_12b,logistic,compact_deredundant,-0.0001121305842582132,0.002081361635526413
lower_breach_only,8H,bollinger_bandwidth_20b,logistic,compact_deredundant,-8.101955383554849e-05,0.002081361635526413
lower_breach_only,8H,price_efficiency_96b,logistic,compact_deredundant,-3.3960951474898415e-05,0.002081361635526413
lower_breach_only,8H,rolling_vwap_z_96b,logistic,compact_deredundant,-0.00014800605311346415,0.002081361635526413
lower_breach_only,8H,volume_z_96b,logistic,compact_deredundant,0.00036080867238455494,0.002081361635526413
lower_breach_only,8H,high_atr_pct_and_rising_atr_slope,logistic,compact_deredundant,0.00010591787338479208,0.002081361635526413
lower_breach_only,8H,ema_spread_high_and_rising_atr,logistic,compact_deredundant,7.249976979206707e-06,0.002081361635526413
lower_breach_only,8H,low_vwap_displacement_and_low_atr,logistic,compact_deredundant,0.000986369360542777,0.002081361635526413
lower_breach_only,8H,rising_atr_and_high_volume,logistic,compact_deredundant,0.00014344607872204818,0.002081361635526413
lower_breach_only,8H,low_atr_pct_and_falling_atr_slope,logistic,compact_deredundant,-0.0005947757682305543,0.002081361635526413
lower_breach_only,12H,atr_slope_96b,tree_depth2,step11_individuals,0.0,0.03430588507119692
lower_breach_only,12H,rv_slope_96b,tree_depth2,step11_individuals,0.0,0.03430588507119692
lower_breach_only,12H,atr_pct_12b,tree_depth2,step11_individuals,0.0,0.03430588507119692
lower_breach_only,12H,bollinger_bandwidth_20b,tree_depth2,step11_individuals,0.0,0.03430588507119692
lower_breach_only,12H,keltner_width_20b,tree_depth2,step11_individuals,-0.002015134130656515,0.03430588507119692
lower_breach_only,12H,rv_12b,tree_depth2,step11_individuals,0.0,0.03430588507119692
lower_breach_only,12H,price_efficiency_96b,tree_depth2,step11_individuals,0.0,0.03430588507119692
lower_breach_only,12H,rolling_vwap_z_96b,tree_depth2,step11_individuals,0.0,0.03430588507119692
lower_breach_only,12H,donchian_pos_96b,tree_depth2,step11_individuals,-0.0002538061257229829,0.03430588507119692
lower_breach_only,12H,volume_z_96b,tree_depth2,step11_individuals,0.0,0.03430588507119692
lower_breach_only,24H,atr_slope_96b,tree_depth2,step11_individuals,0.0,0.02531836640493723
lower_breach_only,24H,rv_slope_96b,tree_depth2,step11_individuals,0.0,0.02531836640493723
lower_breach_only,24H,atr_pct_12b,tree_depth2,step11_individuals,0.00010085311418861487,0.02531836640493723
lower_breach_only,24H,bollinger_bandwidth_20b,tree_depth2,step11_individuals,0.0,0.02531836640493723
lower_breach_only,24H,keltner_width_20b,tree_depth2,step11_individuals,6.900059966269412e-05,0.02531836640493723
lower_breach_only,24H,rv_12b,tree_depth2,step11_individuals,0.0,0.02531836640493723
lower_breach_only,24H,price_efficiency_96b,tree_depth2,step11_individuals,0.0,0.02531836640493723
lower_breach_only,24H,rolling_vwap_z_96b,tree_depth2,step11_individuals,0.0,0.02531836640493723
lower_breach_only,24H,donchian_pos_96b,tree_depth2,step11_individuals,0.0,0.02531836640493723
lower_breach_only,24H,volume_z_96b,tree_depth2,step11_individuals,0.0,0.02531836640493723
both_side_breach,1H,atr_slope_96b,logistic,step11_individuals,0.0009684088493495391,0.0440401505973923
both_side_breach,1H,rv_slope_96b,logistic,step11_individuals,1.0574098587706748e-05,0.0440401505973923
both_side_breach,1H,atr_pct_12b,logistic,step11_individuals,0.00011555006667471335,0.0440401505973923
both_side_breach,1H,bollinger_bandwidth_20b,logistic,step11_individuals,0.0006324429250458008,0.0440401505973923
both_side_breach,1H,keltner_width_20b,logistic,step11_individuals,-5.344647819707782e-05,0.0440401505973923
both_side_breach,1H,rv_12b,logistic,step11_individuals,0.00018995453327938505,0.0440401505973923
both_side_breach,1H,price_efficiency_96b,logistic,step11_individuals,-6.214043586494356e-05,0.0440401505973923
both_side_breach,1H,rolling_vwap_z_96b,logistic,step11_individuals,-0.0005751099205781041,0.0440401505973923
both_side_breach,1H,donchian_pos_96b,logistic,step11_individuals,0.0005485693404505276,0.0440401505973923
both_side_breach,1H,volume_z_96b,logistic,step11_individuals,0.015012602008398074,0.0440401505973923
both_side_breach,2H,atr_slope_96b,logistic,step11_individuals,0.0013426301131152507,0.04446632045486554
both_side_breach,2H,rv_slope_96b,logistic,step11_individuals,-9.220320487185463e-05,0.04446632045486554
both_side_breach,2H,atr_pct_12b,logistic,step11_individuals,0.00018248301936996114,0.04446632045486554
both_side_breach,2H,bollinger_bandwidth_20b,logistic,step11_individuals,0.0017438808527006633,0.04446632045486554
both_side_breach,2H,keltner_width_20b,logistic,step11_individuals,4.665575992626736e-05,0.04446632045486554
both_side_breach,2H,rv_12b,logistic,step11_individuals,4.543784727736866e-05,0.04446632045486554
both_side_breach,2H,price_efficiency_96b,logistic,step11_individuals,8.053687338402393e-05,0.04446632045486554
both_side_breach,2H,rolling_vwap_z_96b,logistic,step11_individuals,-0.000256721435507673,0.04446632045486554
both_side_breach,2H,donchian_pos_96b,logistic,step11_individuals,5.224581309054566e-06,0.04446632045486554
both_side_breach,2H,volume_z_96b,logistic,step11_individuals,0.006660123979381843,0.04446632045486554
both_side_breach,4H,atr_slope_96b,logistic,step11_individuals,0.0006745106966340453,0.0380628844268559
both_side_breach,4H,rv_slope_96b,logistic,step11_individuals,7.932420496409298e-05,0.0380628844268559
both_side_breach,4H,atr_pct_12b,logistic,step11_individuals,0.00032181299094094507,0.0380628844268559
both_side_breach,4H,bollinger_bandwidth_20b,logistic,step11_individuals,0.0005645909009815986,0.0380628844268559
both_side_breach,4H,keltner_width_20b,logistic,step11_individuals,0.000133224409174848,0.0380628844268559
both_side_breach,4H,rv_12b,logistic,step11_individuals,1.4657736181394876e-05,0.0380628844268559
both_side_breach,4H,price_efficiency_96b,logistic,step11_individuals,-0.0002126967717174244,0.0380628844268559
both_side_breach,4H,rolling_vwap_z_96b,logistic,step11_individuals,8.780801824675999e-06,0.0380628844268559
both_side_breach,4H,donchian_pos_96b,logistic,step11_individuals,3.791857421139855e-05,0.0380628844268559
both_side_breach,4H,volume_z_96b,logistic,step11_individuals,0.0012569244218402775,0.0380628844268559
both_side_breach,8H,atr_slope_96b,logistic,step11_individuals,-0.0005241503681768789,0.04764509089801938
both_side_breach,8H,rv_slope_96b,logistic,step11_individuals,-0.0002282475112341531,0.04764509089801938
both_side_breach,8H,atr_pct_12b,logistic,step11_individuals,5.268529670920952e-05,0.04764509089801938
both_side_breach,8H,bollinger_bandwidth_20b,logistic,step11_individuals,-0.00015272987216854994,0.04764509089801938
both_side_breach,8H,keltner_width_20b,logistic,step11_individuals,-0.00020701674948650495,0.04764509089801938
both_side_breach,8H,rv_12b,logistic,step11_individuals,0.0001381461642900872,0.04764509089801938
both_side_breach,8H,price_efficiency_96b,logistic,step11_individuals,-0.0007418578384939256,0.04764509089801938
both_side_breach,8H,rolling_vwap_z_96b,logistic,step11_individuals,-8.263722253162853e-05,0.04764509089801938
both_side_breach,8H,donchian_pos_96b,logistic,step11_individuals,0.00015499264372892396,0.04764509089801938
both_side_breach,8H,volume_z_96b,logistic,step11_individuals,0.0002843011670754514,0.04764509089801938
both_side_breach,12H,atr_slope_96b,tree_depth2,step11_individuals,1.6103937372308197e-05,0.06283320865001574
both_side_breach,12H,rv_slope_96b,tree_depth2,step11_individuals,0.0,0.06283320865001574
both_side_breach,12H,atr_pct_12b,tree_depth2,step11_individuals,0.0,0.06283320865001574
both_side_breach,12H,bollinger_bandwidth_20b,tree_depth2,step11_individuals,0.0,0.06283320865001574
both_side_breach,12H,keltner_width_20b,tree_depth2,step11_individuals,-0.00033946333762022163,0.06283320865001574
both_side_breach,12H,rv_12b,tree_depth2,step11_individuals,0.0,0.06283320865001574
both_side_breach,12H,price_efficiency_96b,tree_depth2,step11_individuals,0.0,0.06283320865001574
both_side_breach,12H,rolling_vwap_z_96b,tree_depth2,step11_individuals,0.0,0.06283320865001574
both_side_breach,12H,donchian_pos_96b,tree_depth2,step11_individuals,0.0,0.06283320865001574
both_side_breach,12H,volume_z_96b,tree_depth2,step11_individuals,0.0,0.06283320865001574
both_side_breach,24H,atr_slope_96b,logistic,compact_deredundant,0.00021051996299331632,0.15747174596349445
both_side_breach,24H,atr_pct_12b,logistic,compact_deredundant,0.001779582081134462,0.15747174596349445
both_side_breach,24H,bollinger_bandwidth_20b,logistic,compact_deredundant,0.0003961902220375735,0.15747174596349445
both_side_breach,24H,price_efficiency_96b,logistic,compact_deredundant,-6.845284505918592e-05,0.15747174596349445
both_side_breach,24H,rolling_vwap_z_96b,logistic,compact_deredundant,-3.037525821258935e-06,0.15747174596349445
both_side_breach,24H,volume_z_96b,logistic,compact_deredundant,-0.0001230059125297278,0.15747174596349445
both_side_breach,24H,high_atr_pct_and_rising_atr_slope,logistic,compact_deredundant,-9.239892318491094e-07,0.15747174596349445
both_side_breach,24H,ema_spread_high_and_rising_atr,logistic,compact_deredundant,-4.742761336606893e-06,0.15747174596349445
both_side_breach,24H,low_vwap_displacement_and_low_atr,logistic,compact_deredundant,-3.8242914051134225e-05,0.15747174596349445
both_side_breach,24H,rising_atr_and_high_volume,logistic,compact_deredundant,9.022323489812911e-05,0.15747174596349445
both_side_breach,24H,low_atr_pct_and_falling_atr_slope,logistic,compact_deredundant,0.0003170729672901107,0.15747174596349445
fast_1atr_touch,1H,atr_slope_96b,logistic,all_step13,-2.73905218355526e-05,0.03137094115669492
fast_1atr_touch,1H,rv_slope_96b,logistic,all_step13,-2.2253576914262746e-05,0.03137094115669492
fast_1atr_touch,1H,atr_pct_12b,logistic,all_step13,-1.4464497409202859e-06,0.03137094115669492
fast_1atr_touch,1H,bollinger_bandwidth_20b,logistic,all_step13,8.477810513222647e-05,0.03137094115669492
fast_1atr_touch,1H,keltner_width_20b,logistic,all_step13,1.0592769707325894e-05,0.03137094115669492
fast_1atr_touch,1H,rv_12b,logistic,all_step13,7.421453339501866e-06,0.03137094115669492
fast_1atr_touch,1H,price_efficiency_96b,logistic,all_step13,-8.161017006534654e-06,0.03137094115669492
fast_1atr_touch,1H,rolling_vwap_z_96b,logistic,all_step13,-5.096919900832164e-06,0.03137094115669492
fast_1atr_touch,1H,donchian_pos_96b,logistic,all_step13,1.7553056372538595e-05,0.03137094115669492
fast_1atr_touch,1H,volume_z_96b,logistic,all_step13,1.1743052556179717e-05,0.03137094115669492
fast_1atr_touch,1H,high_atr_pct_and_rising_atr_slope,logistic,all_step13,-4.323569177951819e-06,0.03137094115669492
fast_1atr_touch,1H,ema_spread_high_and_rising_atr,logistic,all_step13,7.363735971516183e-06,0.03137094115669492
fast_1atr_touch,1H,low_vwap_displacement_and_low_atr,logistic,all_step13,1.1625588734489462e-05,0.03137094115669492
fast_1atr_touch,1H,high_vwap_displacement_and_rising_atr,logistic,all_step13,2.5672016075797832e-06,0.03137094115669492
fast_1atr_touch,1H,low_atr_and_mid_donchian,logistic,all_step13,-1.810579848474103e-05,0.03137094115669492
fast_1atr_touch,1H,rising_atr_and_high_volume,logistic,all_step13,2.9069893517065515e-05,0.03137094115669492
fast_1atr_touch,1H,low_atr_pct_and_falling_atr_slope,logistic,all_step13,-7.587173354584031e-07,0.03137094115669492
fast_1atr_touch,1H,low_adx_and_falling_atr,logistic,all_step13,-6.277407904747151e-06,0.03137094115669492
up_excursion_ge_1_0_atr,1H,atr_slope_96b,logistic,all_step13,-7.656149372092802e-06,0.015004868339630217
up_excursion_ge_1_0_atr,1H,rv_slope_96b,logistic,all_step13,0.00014532309839387914,0.015004868339630217
up_excursion_ge_1_0_atr,1H,atr_pct_12b,logistic,all_step13,7.894043469469647e-05,0.015004868339630217
up_excursion_ge_1_0_atr,1H,bollinger_bandwidth_20b,logistic,all_step13,-0.00026823606649395426,0.015004868339630217
up_excursion_ge_1_0_atr,1H,keltner_width_20b,logistic,all_step13,5.724947045593343e-07,0.015004868339630217
up_excursion_ge_1_0_atr,1H,rv_12b,logistic,all_step13,-0.00044547525173777025,0.015004868339630217
up_excursion_ge_1_0_atr,1H,price_efficiency_96b,logistic,all_step13,-4.320630314225138e-05,0.015004868339630217
up_excursion_ge_1_0_atr,1H,rolling_vwap_z_96b,logistic,all_step13,-0.0007421001202948807,0.015004868339630217
up_excursion_ge_1_0_atr,1H,donchian_pos_96b,logistic,all_step13,0.002918269722363559,0.015004868339630217
up_excursion_ge_1_0_atr,1H,volume_z_96b,logistic,all_step13,0.004065913300600854,0.015004868339630217
up_excursion_ge_1_0_atr,1H,high_atr_pct_and_rising_atr_slope,logistic,all_step13,-4.58224917617156e-05,0.015004868339630217
up_excursion_ge_1_0_atr,1H,ema_spread_high_and_rising_atr,logistic,all_step13,0.00017554927511934104,0.015004868339630217
up_excursion_ge_1_0_atr,1H,low_vwap_displacement_and_low_atr,logistic,all_step13,-7.125768189450432e-05,0.015004868339630217
up_excursion_ge_1_0_atr,1H,high_vwap_displacement_and_rising_atr,logistic,all_step13,-0.00043840849064089027,0.015004868339630217
up_excursion_ge_1_0_atr,1H,low_atr_and_mid_donchian,logistic,all_step13,-9.805450189975806e-05,0.015004868339630217
up_excursion_ge_1_0_atr,1H,rising_atr_and_high_volume,logistic,all_step13,9.56055704805503e-05,0.015004868339630217
up_excursion_ge_1_0_atr,1H,low_atr_pct_and_falling_atr_slope,logistic,all_step13,-0.0003491400610641515,0.015004868339630217
up_excursion_ge_1_0_atr,1H,low_adx_and_falling_atr,logistic,all_step13,-0.0001219615529347573,0.015004868339630217
up_excursion_ge_1_0_atr,2H,atr_slope_96b,logistic,compact_deredundant,0.00011390558992099842,0.012093657605265373
up_excursion_ge_1_0_atr,2H,atr_pct_12b,logistic,compact_deredundant,-3.6947847836171777e-05,0.012093657605265373
up_excursion_ge_1_0_atr,2H,bollinger_bandwidth_20b,logistic,compact_deredundant,-3.1608665564952787e-06,0.012093657605265373
up_excursion_ge_1_0_atr,2H,price_efficiency_96b,logistic,compact_deredundant,0.00019096350301539555,0.012093657605265373
up_excursion_ge_1_0_atr,2H,rolling_vwap_z_96b,logistic,compact_deredundant,0.00038881656084416294,0.012093657605265373
up_excursion_ge_1_0_atr,2H,volume_z_96b,logistic,compact_deredundant,0.0009187756960346016,0.012093657605265373
up_excursion_ge_1_0_atr,2H,high_atr_pct_and_rising_atr_slope,logistic,compact_deredundant,-3.134802587667629e-05,0.012093657605265373
up_excursion_ge_1_0_atr,2H,ema_spread_high_and_rising_atr,logistic,compact_deredundant,2.815548777346244e-05,0.012093657605265373
up_excursion_ge_1_0_atr,2H,low_vwap_displacement_and_low_atr,logistic,compact_deredundant,-1.1781397865617826e-06,0.012093657605265373
up_excursion_ge_1_0_atr,2H,rising_atr_and_high_volume,logistic,compact_deredundant,2.2690371451805635e-05,0.012093657605265373
up_excursion_ge_1_0_atr,2H,low_atr_pct_and_falling_atr_slope,logistic,compact_deredundant,-5.4034167764616114e-06,0.012093657605265373
up_excursion_ge_1_0_atr,4H,atr_slope_96b,tree_depth2,compact_deredundant,-0.00022367320213517727,0.007032336978193721
up_excursion_ge_1_0_atr,4H,atr_pct_12b,tree_depth2,compact_deredundant,-0.00025830102171187086,0.007032336978193721
up_excursion_ge_1_0_atr,4H,bollinger_bandwidth_20b,tree_depth2,compact_deredundant,0.0,0.007032336978193721
up_excursion_ge_1_0_atr,4H,price_efficiency_96b,tree_depth2,compact_deredundant,0.0,0.007032336978193721
up_excursion_ge_1_0_atr,4H,rolling_vwap_z_96b,tree_depth2,compact_deredundant,0.0,0.007032336978193721
up_excursion_ge_1_0_atr,4H,volume_z_96b,tree_depth2,compact_deredundant,0.0,0.007032336978193721
up_excursion_ge_1_0_atr,4H,high_atr_pct_and_rising_atr_slope,tree_depth2,compact_deredundant,0.0,0.007032336978193721
up_excursion_ge_1_0_atr,4H,ema_spread_high_and_rising_atr,tree_depth2,compact_deredundant,0.0,0.007032336978193721
up_excursion_ge_1_0_atr,4H,low_vwap_displacement_and_low_atr,tree_depth2,compact_deredundant,0.0,0.007032336978193721
up_excursion_ge_1_0_atr,4H,rising_atr_and_high_volume,tree_depth2,compact_deredundant,0.0,0.007032336978193721
up_excursion_ge_1_0_atr,4H,low_atr_pct_and_falling_atr_slope,tree_depth2,compact_deredundant,0.0,0.007032336978193721
up_excursion_ge_1_0_atr,8H,atr_slope_96b,logistic,step11_individuals,-3.5147851868616575e-05,0.019821665768098184
up_excursion_ge_1_0_atr,8H,rv_slope_96b,logistic,step11_individuals,-2.8838016492699348e-05,0.019821665768098184
up_excursion_ge_1_0_atr,8H,atr_pct_12b,logistic,step11_individuals,3.7425545289515583e-06,0.019821665768098184
up_excursion_ge_1_0_atr,8H,bollinger_bandwidth_20b,logistic,step11_individuals,8.706629827393009e-05,0.019821665768098184
up_excursion_ge_1_0_atr,8H,keltner_width_20b,logistic,step11_individuals,-4.8261073417640854e-05,0.019821665768098184
up_excursion_ge_1_0_atr,8H,rv_12b,logistic,step11_individuals,0.00018184047659143554,0.019821665768098184
up_excursion_ge_1_0_atr,8H,price_efficiency_96b,logistic,step11_individuals,3.994606810697743e-05,0.019821665768098184
up_excursion_ge_1_0_atr,8H,rolling_vwap_z_96b,logistic,step11_individuals,-0.00030554767850893283,0.019821665768098184
up_excursion_ge_1_0_atr,8H,donchian_pos_96b,logistic,step11_individuals,0.0004225786312013202,0.019821665768098184
up_excursion_ge_1_0_atr,8H,volume_z_96b,logistic,step11_individuals,0.0003266918225296178,0.019821665768098184
up_excursion_ge_1_0_atr,12H,atr_slope_96b,logistic,step11_individuals,1.4719390222753259e-05,0.02872921306059817
up_excursion_ge_1_0_atr,12H,rv_slope_96b,logistic,step11_individuals,4.5699130969689694e-07,0.02872921306059817
up_excursion_ge_1_0_atr,12H,atr_pct_12b,logistic,step11_individuals,1.1957745163521105e-05,0.02872921306059817
up_excursion_ge_1_0_atr,12H,bollinger_bandwidth_20b,logistic,step11_individuals,7.294859196686765e-05,0.02872921306059817
up_excursion_ge_1_0_atr,12H,keltner_width_20b,logistic,step11_individuals,-1.8819944862774607e-05,0.02872921306059817
up_excursion_ge_1_0_atr,12H,rv_12b,logistic,step11_individuals,0.00015526124066669866,0.02872921306059817
up_excursion_ge_1_0_atr,12H,price_efficiency_96b,logistic,step11_individuals,5.0933862244390005e-05,0.02872921306059817
up_excursion_ge_1_0_atr,12H,rolling_vwap_z_96b,logistic,step11_individuals,-0.0001587325317285171,0.02872921306059817
up_excursion_ge_1_0_atr,12H,donchian_pos_96b,logistic,step11_individuals,0.00026575887470355053,0.02872921306059817
up_excursion_ge_1_0_atr,12H,volume_z_96b,logistic,step11_individuals,0.0001398026373167771,0.02872921306059817
up_excursion_ge_1_0_atr,24H,atr_slope_96b,logistic,step11_individuals,-4.680866039503961e-06,0.03986267947504807
up_excursion_ge_1_0_atr,24H,rv_slope_96b,logistic,step11_individuals,5.235799285553677e-06,0.03986267947504807
up_excursion_ge_1_0_atr,24H,atr_pct_12b,logistic,step11_individuals,8.579537300358597e-06,0.03986267947504807
up_excursion_ge_1_0_atr,24H,bollinger_bandwidth_20b,logistic,step11_individuals,3.7424041586117673e-05,0.03986267947504807
up_excursion_ge_1_0_atr,24H,keltner_width_20b,logistic,step11_individuals,-2.7517046420136304e-05,0.03986267947504807
up_excursion_ge_1_0_atr,24H,rv_12b,logistic,step11_individuals,0.00011754855521126789,0.03986267947504807
up_excursion_ge_1_0_atr,24H,price_efficiency_96b,logistic,step11_individuals,2.3322726882026024e-05,0.03986267947504807
up_excursion_ge_1_0_atr,24H,rolling_vwap_z_96b,logistic,step11_individuals,-6.387564401290347e-05,0.03986267947504807
up_excursion_ge_1_0_atr,24H,donchian_pos_96b,logistic,step11_individuals,-1.2734309008492761e-05,0.03986267947504807
up_excursion_ge_1_0_atr,24H,volume_z_96b,logistic,step11_individuals,-3.4783586049594306e-06,0.03986267947504807
down_excursion_ge_1_0_atr,1H,atr_slope_96b,logistic,step11_individuals,-0.00018393405091310377,0.02501239266087707
down_excursion_ge_1_0_atr,1H,rv_slope_96b,logistic,step11_individuals,-0.0001087441259747246,0.02501239266087707
down_excursion_ge_1_0_atr,1H,atr_pct_12b,logistic,step11_individuals,-8.42148527651354e-05,0.02501239266087707
down_excursion_ge_1_0_atr,1H,bollinger_bandwidth_20b,logistic,step11_individuals,0.00033884642118148234,0.02501239266087707
down_excursion_ge_1_0_atr,1H,keltner_width_20b,logistic,step11_individuals,-7.390740531992845e-06,0.02501239266087707
down_excursion_ge_1_0_atr,1H,rv_12b,logistic,step11_individuals,0.00017212233785157682,0.02501239266087707
down_excursion_ge_1_0_atr,1H,price_efficiency_96b,logistic,step11_individuals,-4.74656102367188e-07,0.02501239266087707
down_excursion_ge_1_0_atr,1H,rolling_vwap_z_96b,logistic,step11_individuals,-0.0005267876614393763,0.02501239266087707
down_excursion_ge_1_0_atr,1H,donchian_pos_96b,logistic,step11_individuals,0.004781637899432173,0.02501239266087707
down_excursion_ge_1_0_atr,1H,volume_z_96b,logistic,step11_individuals,-1.3088137479438933e-05,0.02501239266087707
down_excursion_ge_1_0_atr,2H,atr_slope_96b,logistic,step11_individuals,-5.951741146417722e-05,0.025237014956067116
down_excursion_ge_1_0_atr,2H,rv_slope_96b,logistic,step11_individuals,-4.434538739306326e-05,0.025237014956067116
down_excursion_ge_1_0_atr,2H,atr_pct_12b,logistic,step11_individuals,-0.00010879109006042831,0.025237014956067116
down_excursion_ge_1_0_atr,2H,bollinger_bandwidth_20b,logistic,step11_individuals,0.00020368636586773348,0.025237014956067116
down_excursion_ge_1_0_atr,2H,keltner_width_20b,logistic,step11_individuals,-5.1894455819073704e-05,0.025237014956067116
down_excursion_ge_1_0_atr,2H,rv_12b,logistic,step11_individuals,0.0005317997914787154,0.025237014956067116
down_excursion_ge_1_0_atr,2H,price_efficiency_96b,logistic,step11_individuals,-6.0661781793869274e-05,0.025237014956067116
down_excursion_ge_1_0_atr,2H,rolling_vwap_z_96b,logistic,step11_individuals,0.0001840326505994916,0.025237014956067116
down_excursion_ge_1_0_atr,2H,donchian_pos_96b,logistic,step11_individuals,0.001502498889649151,0.025237014956067116
down_excursion_ge_1_0_atr,2H,volume_z_96b,logistic,step11_individuals,-2.0698671736013585e-05,0.025237014956067116
down_excursion_ge_1_0_atr,4H,atr_slope_96b,logistic,step11_individuals,-2.9349561953856407e-05,0.02197764070359276
down_excursion_ge_1_0_atr,4H,rv_slope_96b,logistic,step11_individuals,-4.747472170113509e-05,0.02197764070359276
down_excursion_ge_1_0_atr,4H,atr_pct_12b,logistic,step11_individuals,-0.00010219049523702006,0.02197764070359276
down_excursion_ge_1_0_atr,4H,bollinger_bandwidth_20b,logistic,step11_individuals,0.00018899083926815496,0.02197764070359276
down_excursion_ge_1_0_atr,4H,keltner_width_20b,logistic,step11_individuals,-6.358555538657495e-05,0.02197764070359276
down_excursion_ge_1_0_atr,4H,rv_12b,logistic,step11_individuals,0.0003769437392709407,0.02197764070359276
down_excursion_ge_1_0_atr,4H,price_efficiency_96b,logistic,step11_individuals,-4.471013823753589e-06,0.02197764070359276
down_excursion_ge_1_0_atr,4H,rolling_vwap_z_96b,logistic,step11_individuals,-5.188446749496145e-05,0.02197764070359276
down_excursion_ge_1_0_atr,4H,donchian_pos_96b,logistic,step11_individuals,0.0006887297851080887,0.02197764070359276
down_excursion_ge_1_0_atr,4H,volume_z_96b,logistic,step11_individuals,2.1098931603513726e-05,0.02197764070359276
down_excursion_ge_1_0_atr,8H,atr_slope_96b,tree_depth2,step11_individuals,0.00016156000471671816,0.020561627669240634
down_excursion_ge_1_0_atr,8H,rv_slope_96b,tree_depth2,step11_individuals,0.0,0.020561627669240634
down_excursion_ge_1_0_atr,8H,atr_pct_12b,tree_depth2,step11_individuals,0.0,0.020561627669240634
down_excursion_ge_1_0_atr,8H,bollinger_bandwidth_20b,tree_depth2,step11_individuals,0.0,0.020561627669240634
down_excursion_ge_1_0_atr,8H,keltner_width_20b,tree_depth2,step11_individuals,0.0,0.020561627669240634
down_excursion_ge_1_0_atr,8H,rv_12b,tree_depth2,step11_individuals,0.0,0.020561627669240634
down_excursion_ge_1_0_atr,8H,price_efficiency_96b,tree_depth2,step11_individuals,0.00029390161078990396,0.020561627669240634
down_excursion_ge_1_0_atr,8H,rolling_vwap_z_96b,tree_depth2,step11_individuals,0.0,0.020561627669240634
down_excursion_ge_1_0_atr,8H,donchian_pos_96b,tree_depth2,step11_individuals,0.0,0.020561627669240634
down_excursion_ge_1_0_atr,8H,volume_z_96b,tree_depth2,step11_individuals,0.0,0.020561627669240634
down_excursion_ge_1_0_atr,12H,atr_slope_96b,logistic,step11_individuals,2.779939930637465e-05,0.014084508671893037
down_excursion_ge_1_0_atr,12H,rv_slope_96b,logistic,step11_individuals,7.186182311158529e-07,0.014084508671893037
down_excursion_ge_1_0_atr,12H,atr_pct_12b,logistic,step11_individuals,5.672662052036426e-05,0.014084508671893037
down_excursion_ge_1_0_atr,12H,bollinger_bandwidth_20b,logistic,step11_individuals,0.00011303354365947704,0.014084508671893037
down_excursion_ge_1_0_atr,12H,keltner_width_20b,logistic,step11_individuals,-4.223848049571266e-05,0.014084508671893037
down_excursion_ge_1_0_atr,12H,rv_12b,logistic,step11_individuals,4.3976331828857185e-05,0.014084508671893037
down_excursion_ge_1_0_atr,12H,price_efficiency_96b,logistic,step11_individuals,-2.5689499851780373e-05,0.014084508671893037
down_excursion_ge_1_0_atr,12H,rolling_vwap_z_96b,logistic,step11_individuals,-4.39721385977615e-05,0.014084508671893037
down_excursion_ge_1_0_atr,12H,donchian_pos_96b,logistic,step11_individuals,0.00022522739267588632,0.014084508671893037
down_excursion_ge_1_0_atr,12H,volume_z_96b,logistic,step11_individuals,2.0621778088467102e-05,0.014084508671893037
down_excursion_ge_1_0_atr,24H,atr_slope_96b,logistic,step11_individuals,5.549850360136999e-06,0.018361550941282556
down_excursion_ge_1_0_atr,24H,rv_slope_96b,logistic,step11_individuals,1.2501513865975644e-05,0.018361550941282556
down_excursion_ge_1_0_atr,24H,atr_pct_12b,logistic,step11_individuals,6.245785433804663e-05,0.018361550941282556
down_excursion_ge_1_0_atr,24H,bollinger_bandwidth_20b,logistic,step11_individuals,1.4547642928512683e-05,0.018361550941282556
down_excursion_ge_1_0_atr,24H,keltner_width_20b,logistic,step11_individuals,-6.328649839951184e-05,0.018361550941282556
down_excursion_ge_1_0_atr,24H,rv_12b,logistic,step11_individuals,0.00012089487840270807,0.018361550941282556
down_excursion_ge_1_0_atr,24H,price_efficiency_96b,logistic,step11_individuals,-4.345206112908728e-05,0.018361550941282556
down_excursion_ge_1_0_atr,24H,rolling_vwap_z_96b,logistic,step11_individuals,4.0411555095890006e-05,0.018361550941282556
down_excursion_ge_1_0_atr,24H,donchian_pos_96b,logistic,step11_individuals,8.344890919486508e-05,0.018361550941282556
down_excursion_ge_1_0_atr,24H,volume_z_96b,logistic,step11_individuals,6.076357221914547e-05,0.018361550941282556
mean_reversion,1H,atr_slope_96b,logistic,step11_individuals,0.00027332567136251207,-0.008228977038493568
mean_reversion,1H,rv_slope_96b,logistic,step11_individuals,-0.0002653560260857113,-0.008228977038493568
mean_reversion,1H,atr_pct_12b,logistic,step11_individuals,-1.4671947743960523e-05,-0.008228977038493568
mean_reversion,1H,bollinger_bandwidth_20b,logistic,step11_individuals,0.00032381103886600093,-0.008228977038493568
mean_reversion,1H,keltner_width_20b,logistic,step11_individuals,0.0001095827189388221,-0.008228977038493568
mean_reversion,1H,rv_12b,logistic,step11_individuals,-0.0002658427394073293,-0.008228977038493568
mean_reversion,1H,price_efficiency_96b,logistic,step11_individuals,-0.0017479977622737453,-0.008228977038493568
mean_reversion,1H,rolling_vwap_z_96b,logistic,step11_individuals,-0.0008255738763781606,-0.008228977038493568
mean_reversion,1H,donchian_pos_96b,logistic,step11_individuals,-0.00014737155173427663,-0.008228977038493568
mean_reversion,1H,volume_z_96b,logistic,step11_individuals,0.0017812981142300288,-0.008228977038493568
mean_reversion,2H,atr_slope_96b,logistic,step11_individuals,3.32623665423859e-05,-0.02231975014605747
mean_reversion,2H,rv_slope_96b,logistic,step11_individuals,0.0002573510512196564,-0.02231975014605747
mean_reversion,2H,atr_pct_12b,logistic,step11_individuals,-1.323623406013219e-05,-0.02231975014605747
mean_reversion,2H,bollinger_bandwidth_20b,logistic,step11_individuals,0.00025864383575324723,-0.02231975014605747
mean_reversion,2H,keltner_width_20b,logistic,step11_individuals,7.976009513144255e-05,-0.02231975014605747
mean_reversion,2H,rv_12b,logistic,step11_individuals,-0.00021334575651821286,-0.02231975014605747
mean_reversion,2H,price_efficiency_96b,logistic,step11_individuals,-0.00033663806624828485,-0.02231975014605747
mean_reversion,2H,rolling_vwap_z_96b,logistic,step11_individuals,-0.0016589417972280862,-0.02231975014605747
mean_reversion,2H,donchian_pos_96b,logistic,step11_individuals,0.0009036691006771291,-0.02231975014605747
mean_reversion,2H,volume_z_96b,logistic,step11_individuals,0.0007756250693727873,-0.02231975014605747
mean_reversion,4H,atr_slope_96b,logistic,step11_individuals,-8.954749008294183e-05,-0.06892474046065145
mean_reversion,4H,rv_slope_96b,logistic,step11_individuals,-6.377771750448735e-05,-0.06892474046065145
mean_reversion,4H,atr_pct_12b,logistic,step11_individuals,4.6202875889966855e-05,-0.06892474046065145
mean_reversion,4H,bollinger_bandwidth_20b,logistic,step11_individuals,0.000431243021925265,-0.06892474046065145
mean_reversion,4H,keltner_width_20b,logistic,step11_individuals,0.00012384688176131364,-0.06892474046065145
mean_reversion,4H,rv_12b,logistic,step11_individuals,4.219074849309834e-05,-0.06892474046065145
mean_reversion,4H,price_efficiency_96b,logistic,step11_individuals,-0.00047046173128822977,-0.06892474046065145
mean_reversion,4H,rolling_vwap_z_96b,logistic,step11_individuals,-0.0007601370206154479,-0.06892474046065145
mean_reversion,4H,donchian_pos_96b,logistic,step11_individuals,0.0008846908317214353,-0.06892474046065145
mean_reversion,4H,volume_z_96b,logistic,step11_individuals,0.00020691569811015498,-0.06892474046065145
mean_reversion,8H,atr_slope_96b,logistic,step11_individuals,-0.0002871982200774448,-0.10531608228565292
mean_reversion,8H,rv_slope_96b,logistic,step11_individuals,1.3360659009781228e-05,-0.10531608228565292
mean_reversion,8H,atr_pct_12b,logistic,step11_individuals,0.000314404982247829,-0.10531608228565292
mean_reversion,8H,bollinger_bandwidth_20b,logistic,step11_individuals,-3.379305190087667e-05,-0.10531608228565292
mean_reversion,8H,keltner_width_20b,logistic,step11_individuals,0.0003957912093659477,-0.10531608228565292
mean_reversion,8H,rv_12b,logistic,step11_individuals,-9.238573266406869e-05,-0.10531608228565292
mean_reversion,8H,price_efficiency_96b,logistic,step11_individuals,3.0507438600224646e-05,-0.10531608228565292
mean_reversion,8H,rolling_vwap_z_96b,logistic,step11_individuals,-1.889916132821745e-05,-0.10531608228565292
mean_reversion,8H,donchian_pos_96b,logistic,step11_individuals,0.00019487209595392407,-0.10531608228565292
mean_reversion,8H,volume_z_96b,logistic,step11_individuals,0.00020808699418256582,-0.10531608228565292
mean_reversion,12H,atr_slope_96b,logistic,step11_individuals,-0.00046166097250585625,-0.08771448463636111
mean_reversion,12H,rv_slope_96b,logistic,step11_individuals,0.00030353453144185694,-0.08771448463636111
mean_reversion,12H,atr_pct_12b,logistic,step11_individuals,0.000399641284965363,-0.08771448463636111
mean_reversion,12H,bollinger_bandwidth_20b,logistic,step11_individuals,-4.771843293699396e-06,-0.08771448463636111
mean_reversion,12H,keltner_width_20b,logistic,step11_individuals,0.0003684112203276302,-0.08771448463636111
mean_reversion,12H,rv_12b,logistic,step11_individuals,-2.774369425062595e-05,-0.08771448463636111
mean_reversion,12H,price_efficiency_96b,logistic,step11_individuals,-2.5632121316482293e-05,-0.08771448463636111
mean_reversion,12H,rolling_vwap_z_96b,logistic,step11_individuals,-1.4834538309332901e-05,-0.08771448463636111
mean_reversion,12H,donchian_pos_96b,logistic,step11_individuals,0.0002964910605541826,-0.08771448463636111
mean_reversion,12H,volume_z_96b,logistic,step11_individuals,0.000143731982493428,-0.08771448463636111
mean_reversion,24H,atr_slope_96b,boosted_stumps,step11_individuals,0.0,-0.015372893897527717
mean_reversion,24H,rv_slope_96b,boosted_stumps,step11_individuals,0.0,-0.015372893897527717
mean_reversion,24H,atr_pct_12b,boosted_stumps,step11_individuals,0.00035501912890337217,-0.015372893897527717
mean_reversion,24H,bollinger_bandwidth_20b,boosted_stumps,step11_individuals,0.0,-0.015372893897527717
mean_reversion,24H,keltner_width_20b,boosted_stumps,step11_individuals,0.0,-0.015372893897527717
mean_reversion,24H,rv_12b,boosted_stumps,step11_individuals,0.00015039470599548244,-0.015372893897527717
mean_reversion,24H,price_efficiency_96b,boosted_stumps,step11_individuals,0.0,-0.015372893897527717
mean_reversion,24H,rolling_vwap_z_96b,boosted_stumps,step11_individuals,0.0,-0.015372893897527717
mean_reversion,24H,donchian_pos_96b,boosted_stumps,step11_individuals,0.0,-0.015372893897527717
mean_reversion,24H,volume_z_96b,boosted_stumps,step11_individuals,0.0,-0.015372893897527717
upside_breakout,1H,atr_slope_96b,logistic,compact_deredundant,0.0005392244460092621,0.010720925134612536
upside_breakout,1H,atr_pct_12b,logistic,compact_deredundant,0.0002598375039787604,0.010720925134612536
upside_breakout,1H,bollinger_bandwidth_20b,logistic,compact_deredundant,0.0008550399772023765,0.010720925134612536
upside_breakout,1H,price_efficiency_96b,logistic,compact_deredundant,5.7892342540638575e-05,0.010720925134612536
upside_breakout,1H,rolling_vwap_z_96b,logistic,compact_deredundant,0.0014094474517097055,0.010720925134612536
upside_breakout,1H,volume_z_96b,logistic,compact_deredundant,0.007257514442429697,0.010720925134612536
upside_breakout,1H,high_atr_pct_and_rising_atr_slope,logistic,compact_deredundant,-0.0004813725946198888,0.010720925134612536
upside_breakout,1H,ema_spread_high_and_rising_atr,logistic,compact_deredundant,1.921804862839438e-05,0.010720925134612536
upside_breakout,1H,low_vwap_displacement_and_low_atr,logistic,compact_deredundant,-4.431119298115016e-05,0.010720925134612536
upside_breakout,1H,rising_atr_and_high_volume,logistic,compact_deredundant,-6.264370889741411e-06,0.010720925134612536
upside_breakout,1H,low_atr_pct_and_falling_atr_slope,logistic,compact_deredundant,0.00021348456565201124,0.010720925134612536
upside_breakout,2H,atr_slope_96b,logistic,step11_individuals,0.0010157229089317044,0.018860072065977174
upside_breakout,2H,rv_slope_96b,logistic,step11_individuals,-6.698687290818128e-05,0.018860072065977174
upside_breakout,2H,atr_pct_12b,logistic,step11_individuals,7.097454689547478e-05,0.018860072065977174
upside_breakout,2H,bollinger_bandwidth_20b,logistic,step11_individuals,0.0002430649663464346,0.018860072065977174
upside_breakout,2H,keltner_width_20b,logistic,step11_individuals,7.358857464029311e-05,0.018860072065977174
upside_breakout,2H,rv_12b,logistic,step11_individuals,-5.2652980517542414e-05,0.018860072065977174
upside_breakout,2H,price_efficiency_96b,logistic,step11_individuals,-5.779572565858815e-05,0.018860072065977174
upside_breakout,2H,rolling_vwap_z_96b,logistic,step11_individuals,0.0007249266482586836,0.018860072065977174
upside_breakout,2H,donchian_pos_96b,logistic,step11_individuals,0.00035282663501498557,0.018860072065977174
upside_breakout,2H,volume_z_96b,logistic,step11_individuals,0.0049312578596238665,0.018860072065977174
upside_breakout,4H,atr_slope_96b,tree_depth2,step11_individuals,-0.0010835203396920845,0.02088515820797121
upside_breakout,4H,rv_slope_96b,tree_depth2,step11_individuals,0.0,0.02088515820797121
upside_breakout,4H,atr_pct_12b,tree_depth2,step11_individuals,0.0,0.02088515820797121
upside_breakout,4H,bollinger_bandwidth_20b,tree_depth2,step11_individuals,0.0,0.02088515820797121
upside_breakout,4H,keltner_width_20b,tree_depth2,step11_individuals,0.0003997196699244976,0.02088515820797121
upside_breakout,4H,rv_12b,tree_depth2,step11_individuals,0.0,0.02088515820797121
upside_breakout,4H,price_efficiency_96b,tree_depth2,step11_individuals,0.0,0.02088515820797121
upside_breakout,4H,rolling_vwap_z_96b,tree_depth2,step11_individuals,0.0009617980823472538,0.02088515820797121
upside_breakout,4H,donchian_pos_96b,tree_depth2,step11_individuals,0.0,0.02088515820797121
upside_breakout,4H,volume_z_96b,tree_depth2,step11_individuals,0.0,0.02088515820797121
upside_breakout,8H,atr_slope_96b,logistic,step11_individuals,0.00027034415766183373,0.031106365055389218
upside_breakout,8H,rv_slope_96b,logistic,step11_individuals,3.252191580457864e-05,0.031106365055389218
upside_breakout,8H,atr_pct_12b,logistic,step11_individuals,-4.823835249967434e-06,0.031106365055389218
upside_breakout,8H,bollinger_bandwidth_20b,logistic,step11_individuals,9.375330287095252e-05,0.031106365055389218
upside_breakout,8H,keltner_width_20b,logistic,step11_individuals,-1.4585758402019255e-05,0.031106365055389218
upside_breakout,8H,rv_12b,logistic,step11_individuals,0.0002253497819300898,0.031106365055389218
upside_breakout,8H,price_efficiency_96b,logistic,step11_individuals,-2.5397406369642717e-06,0.031106365055389218
upside_breakout,8H,rolling_vwap_z_96b,logistic,step11_individuals,0.0012462617480044902,0.031106365055389218
upside_breakout,8H,donchian_pos_96b,logistic,step11_individuals,-0.0005933039771753301,0.031106365055389218
upside_breakout,8H,volume_z_96b,logistic,step11_individuals,0.0006876597944684981,0.031106365055389218
upside_breakout,12H,atr_slope_96b,tree_depth2,step11_individuals,0.0,0.07922670965680179
upside_breakout,12H,rv_slope_96b,tree_depth2,step11_individuals,0.0,0.07922670965680179
upside_breakout,12H,atr_pct_12b,tree_depth2,step11_individuals,0.0,0.07922670965680179
upside_breakout,12H,bollinger_bandwidth_20b,tree_depth2,step11_individuals,0.0,0.07922670965680179
upside_breakout,12H,keltner_width_20b,tree_depth2,step11_individuals,-0.0002817392308815114,0.07922670965680179
upside_breakout,12H,rv_12b,tree_depth2,step11_individuals,0.0,0.07922670965680179
upside_breakout,12H,price_efficiency_96b,tree_depth2,step11_individuals,0.0,0.07922670965680179
upside_breakout,12H,rolling_vwap_z_96b,tree_depth2,step11_individuals,0.0,0.07922670965680179
upside_breakout,12H,donchian_pos_96b,tree_depth2,step11_individuals,0.0,0.07922670965680179
upside_breakout,12H,volume_z_96b,tree_depth2,step11_individuals,0.0,0.07922670965680179
upside_breakout,24H,atr_slope_96b,logistic,step11_individuals,6.841395311599219e-05,0.08930350255354924
upside_breakout,24H,rv_slope_96b,logistic,step11_individuals,2.2009412038725973e-06,0.08930350255354924
upside_breakout,24H,atr_pct_12b,logistic,step11_individuals,0.00032944231965686965,0.08930350255354924
upside_breakout,24H,bollinger_bandwidth_20b,logistic,step11_individuals,0.00012889306387228738,0.08930350255354924
upside_breakout,24H,keltner_width_20b,logistic,step11_individuals,0.0006016411881749617,0.08930350255354924
upside_breakout,24H,rv_12b,logistic,step11_individuals,0.0005370688752236452,0.08930350255354924
upside_breakout,24H,price_efficiency_96b,logistic,step11_individuals,3.631401878073648e-05,0.08930350255354924
upside_breakout,24H,rolling_vwap_z_96b,logistic,step11_individuals,0.00017263622147273283,0.08930350255354924
upside_breakout,24H,donchian_pos_96b,logistic,step11_individuals,-4.036839172902318e-05,0.08930350255354924
upside_breakout,24H,volume_z_96b,logistic,step11_individuals,0.000315126830938095,0.08930350255354924
downside_breakdown,1H,atr_slope_96b,logistic,step11_individuals,-0.0002292307044999553,0.020460466502629115
downside_breakdown,1H,rv_slope_96b,logistic,step11_individuals,-3.3022809546590093e-06,0.020460466502629115
downside_breakdown,1H,atr_pct_12b,logistic,step11_individuals,-4.144933334199186e-06,0.020460466502629115
downside_breakdown,1H,bollinger_bandwidth_20b,logistic,step11_individuals,0.0006050433645501119,0.020460466502629115
downside_breakdown,1H,keltner_width_20b,logistic,step11_individuals,6.401758779750466e-05,0.020460466502629115
downside_breakdown,1H,rv_12b,logistic,step11_individuals,4.10410933752714e-05,0.020460466502629115
downside_breakdown,1H,price_efficiency_96b,logistic,step11_individuals,-0.00024121901432169746,0.020460466502629115
downside_breakdown,1H,rolling_vwap_z_96b,logistic,step11_individuals,-0.00048495925073749335,0.020460466502629115
downside_breakdown,1H,donchian_pos_96b,logistic,step11_individuals,0.0013945722675150762,0.020460466502629115
downside_breakdown,1H,volume_z_96b,logistic,step11_individuals,0.001939821547883691,0.020460466502629115
downside_breakdown,2H,atr_slope_96b,logistic,step11_individuals,0.0001574769519328001,0.01629007737582011
downside_breakdown,2H,rv_slope_96b,logistic,step11_individuals,-5.018102117726464e-07,0.01629007737582011
downside_breakdown,2H,atr_pct_12b,logistic,step11_individuals,-3.343450658704894e-05,0.01629007737582011
downside_breakdown,2H,bollinger_bandwidth_20b,logistic,step11_individuals,0.0015076721578369812,0.01629007737582011
downside_breakdown,2H,keltner_width_20b,logistic,step11_individuals,7.186549706467149e-06,0.01629007737582011
downside_breakdown,2H,rv_12b,logistic,step11_individuals,-0.0002462203303122412,0.01629007737582011
downside_breakdown,2H,price_efficiency_96b,logistic,step11_individuals,-0.00014659502342845299,0.01629007737582011
downside_breakdown,2H,rolling_vwap_z_96b,logistic,step11_individuals,0.0004030884111080324,0.01629007737582011
downside_breakdown,2H,donchian_pos_96b,logistic,step11_individuals,0.00019276193400930008,0.01629007737582011
downside_breakdown,2H,volume_z_96b,logistic,step11_individuals,0.00158118291387227,0.01629007737582011
downside_breakdown,4H,atr_slope_96b,tree_depth2,compact_deredundant,7.103152577694893e-05,0.022361613737270303
downside_breakdown,4H,atr_pct_12b,tree_depth2,compact_deredundant,0.0,0.022361613737270303
downside_breakdown,4H,bollinger_bandwidth_20b,tree_depth2,compact_deredundant,-0.0004243812537047531,0.022361613737270303
downside_breakdown,4H,price_efficiency_96b,tree_depth2,compact_deredundant,0.0,0.022361613737270303
downside_breakdown,4H,rolling_vwap_z_96b,tree_depth2,compact_deredundant,0.0,0.022361613737270303
downside_breakdown,4H,volume_z_96b,tree_depth2,compact_deredundant,0.0,0.022361613737270303
downside_breakdown,4H,high_atr_pct_and_rising_atr_slope,tree_depth2,compact_deredundant,0.0,0.022361613737270303
downside_breakdown,4H,ema_spread_high_and_rising_atr,tree_depth2,compact_deredundant,0.0,0.022361613737270303
downside_breakdown,4H,low_vwap_displacement_and_low_atr,tree_depth2,compact_deredundant,0.0,0.022361613737270303
downside_breakdown,4H,rising_atr_and_high_volume,tree_depth2,compact_deredundant,0.0,0.022361613737270303
downside_breakdown,4H,low_atr_pct_and_falling_atr_slope,tree_depth2,compact_deredundant,0.0,0.022361613737270303
downside_breakdown,8H,high_atr_pct_and_rising_atr_slope,tree_depth2,step12_interactions,0.0006572326772183723,0.02589329147342634
downside_breakdown,8H,ema_spread_high_and_rising_atr,tree_depth2,step12_interactions,0.0,0.02589329147342634
downside_breakdown,8H,low_vwap_displacement_and_low_atr,tree_depth2,step12_interactions,0.0,0.02589329147342634
downside_breakdown,8H,high_vwap_displacement_and_rising_atr,tree_depth2,step12_interactions,0.0,0.02589329147342634
downside_breakdown,8H,low_atr_and_mid_donchian,tree_depth2,step12_interactions,0.0,0.02589329147342634
downside_breakdown,8H,rising_atr_and_high_volume,tree_depth2,step12_interactions,0.0,0.02589329147342634
downside_breakdown,8H,low_atr_pct_and_falling_atr_slope,tree_depth2,step12_interactions,0.0,0.02589329147342634
downside_breakdown,8H,low_adx_and_falling_atr,tree_depth2,step12_interactions,0.0,0.02589329147342634
downside_breakdown,12H,high_atr_pct_and_rising_atr_slope,tree_depth2,step12_interactions,0.0009438604381526161,0.024938660197469154
downside_breakdown,12H,ema_spread_high_and_rising_atr,tree_depth2,step12_interactions,0.0,0.024938660197469154
downside_breakdown,12H,low_vwap_displacement_and_low_atr,tree_depth2,step12_interactions,0.0,0.024938660197469154
downside_breakdown,12H,high_vwap_displacement_and_rising_atr,tree_depth2,step12_interactions,0.0,0.024938660197469154
downside_breakdown,12H,low_atr_and_mid_donchian,tree_depth2,step12_interactions,0.0,0.024938660197469154
downside_breakdown,12H,rising_atr_and_high_volume,tree_depth2,step12_interactions,0.0,0.024938660197469154
downside_breakdown,12H,low_atr_pct_and_falling_atr_slope,tree_depth2,step12_interactions,0.0,0.024938660197469154
downside_breakdown,12H,low_adx_and_falling_atr,tree_depth2,step12_interactions,0.0,0.024938660197469154
downside_breakdown,24H,atr_slope_96b,tree_depth2,compact_deredundant,0.00013287767630082437,0.051906860278591704
downside_breakdown,24H,atr_pct_12b,tree_depth2,compact_deredundant,0.00044290916112518786,0.051906860278591704
downside_breakdown,24H,bollinger_bandwidth_20b,tree_depth2,compact_deredundant,0.0,0.051906860278591704
downside_breakdown,24H,price_efficiency_96b,tree_depth2,compact_deredundant,0.0,0.051906860278591704
downside_breakdown,24H,rolling_vwap_z_96b,tree_depth2,compact_deredundant,0.0,0.051906860278591704
downside_breakdown,24H,volume_z_96b,tree_depth2,compact_deredundant,0.0,0.051906860278591704
downside_breakdown,24H,high_atr_pct_and_rising_atr_slope,tree_depth2,compact_deredundant,0.0,0.051906860278591704
downside_breakdown,24H,ema_spread_high_and_rising_atr,tree_depth2,compact_deredundant,0.0,0.051906860278591704
downside_breakdown,24H,low_vwap_displacement_and_low_atr,tree_depth2,compact_deredundant,0.0,0.051906860278591704
downside_breakdown,24H,rising_atr_and_high_volume,tree_depth2,compact_deredundant,0.0,0.051906860278591704
downside_breakdown,24H,low_atr_pct_and_falling_atr_slope,tree_depth2,compact_deredundant,0.0,0.051906860278591704
trend_continuation,1H,atr_slope_96b,tree_depth2,step11_individuals,0.0,0.026013905522903613
trend_continuation,1H,rv_slope_96b,tree_depth2,step11_individuals,0.0,0.026013905522903613
trend_continuation,1H,atr_pct_12b,tree_depth2,step11_individuals,0.0,0.026013905522903613
trend_continuation,1H,bollinger_bandwidth_20b,tree_depth2,step11_individuals,0.0006969304087140193,0.026013905522903613
trend_continuation,1H,keltner_width_20b,tree_depth2,step11_individuals,0.0,0.026013905522903613
trend_continuation,1H,rv_12b,tree_depth2,step11_individuals,0.0,0.026013905522903613
trend_continuation,1H,price_efficiency_96b,tree_depth2,step11_individuals,0.0,0.026013905522903613
trend_continuation,1H,rolling_vwap_z_96b,tree_depth2,step11_individuals,0.0,0.026013905522903613
trend_continuation,1H,donchian_pos_96b,tree_depth2,step11_individuals,0.0,0.026013905522903613
trend_continuation,1H,volume_z_96b,tree_depth2,step11_individuals,0.0,0.026013905522903613
trend_continuation,2H,high_atr_pct_and_rising_atr_slope,logistic,step12_interactions,2.3064735361094657e-05,0.015198918439705666
trend_continuation,2H,ema_spread_high_and_rising_atr,logistic,step12_interactions,0.0001697268928507467,0.015198918439705666
trend_continuation,2H,low_vwap_displacement_and_low_atr,logistic,step12_interactions,0.0003612046420102266,0.015198918439705666
trend_continuation,2H,high_vwap_displacement_and_rising_atr,logistic,step12_interactions,-1.2193355297562825e-05,0.015198918439705666
trend_continuation,2H,low_atr_and_mid_donchian,logistic,step12_interactions,-4.0334377705231184e-05,0.015198918439705666
trend_continuation,2H,rising_atr_and_high_volume,logistic,step12_interactions,4.651120262544328e-06,0.015198918439705666
trend_continuation,2H,low_atr_pct_and_falling_atr_slope,logistic,step12_interactions,-2.5255218827402448e-05,0.015198918439705666
trend_continuation,2H,low_adx_and_falling_atr,logistic,step12_interactions,2.495268498381442e-06,0.015198918439705666
trend_continuation,4H,high_atr_pct_and_rising_atr_slope,tree_depth2,step12_interactions,2.7755575615628914e-17,0.004442226004008898
trend_continuation,4H,ema_spread_high_and_rising_atr,tree_depth2,step12_interactions,0.0,0.004442226004008898
trend_continuation,4H,low_vwap_displacement_and_low_atr,tree_depth2,step12_interactions,0.0,0.004442226004008898
trend_continuation,4H,high_vwap_displacement_and_rising_atr,tree_depth2,step12_interactions,0.0,0.004442226004008898
trend_continuation,4H,low_atr_and_mid_donchian,tree_depth2,step12_interactions,0.0,0.004442226004008898
trend_continuation,4H,rising_atr_and_high_volume,tree_depth2,step12_interactions,0.0,0.004442226004008898
trend_continuation,4H,low_atr_pct_and_falling_atr_slope,tree_depth2,step12_interactions,0.0,0.004442226004008898
trend_continuation,4H,low_adx_and_falling_atr,tree_depth2,step12_interactions,0.0,0.004442226004008898
trend_continuation,8H,high_atr_pct_and_rising_atr_slope,tree_depth2,step12_interactions,2.7755575615628914e-17,-0.01635390668410941
trend_continuation,8H,ema_spread_high_and_rising_atr,tree_depth2,step12_interactions,0.0,-0.01635390668410941
trend_continuation,8H,low_vwap_displacement_and_low_atr,tree_depth2,step12_interactions,0.0,-0.01635390668410941
trend_continuation,8H,high_vwap_displacement_and_rising_atr,tree_depth2,step12_interactions,0.0,-0.01635390668410941
trend_continuation,8H,low_atr_and_mid_donchian,tree_depth2,step12_interactions,0.0,-0.01635390668410941
trend_continuation,8H,rising_atr_and_high_volume,tree_depth2,step12_interactions,0.0,-0.01635390668410941
trend_continuation,8H,low_atr_pct_and_falling_atr_slope,tree_depth2,step12_interactions,0.0,-0.01635390668410941
trend_continuation,8H,low_adx_and_falling_atr,tree_depth2,step12_interactions,0.0,-0.01635390668410941
trend_continuation,12H,high_atr_pct_and_rising_atr_slope,tree_depth2,step12_interactions,-3.190806762976006e-07,-0.06525096417997411
trend_continuation,12H,ema_spread_high_and_rising_atr,tree_depth2,step12_interactions,0.0,-0.06525096417997411
trend_continuation,12H,low_vwap_displacement_and_low_atr,tree_depth2,step12_interactions,0.0,-0.06525096417997411
trend_continuation,12H,high_vwap_displacement_and_rising_atr,tree_depth2,step12_interactions,0.0,-0.06525096417997411
trend_continuation,12H,low_atr_and_mid_donchian,tree_depth2,step12_interactions,0.0,-0.06525096417997411
trend_continuation,12H,rising_atr_and_high_volume,tree_depth2,step12_interactions,0.0,-0.06525096417997411
trend_continuation,12H,low_atr_pct_and_falling_atr_slope,tree_depth2,step12_interactions,0.0,-0.06525096417997411
trend_continuation,12H,low_adx_and_falling_atr,tree_depth2,step12_interactions,0.0,-0.06525096417997411
trend_continuation,24H,high_atr_pct_and_rising_atr_slope,boosted_stumps,step12_interactions,0.0,-0.031344417140884984
trend_continuation,24H,ema_spread_high_and_rising_atr,boosted_stumps,step12_interactions,0.0,-0.031344417140884984
trend_continuation,24H,low_vwap_displacement_and_low_atr,boosted_stumps,step12_interactions,0.0,-0.031344417140884984
trend_continuation,24H,high_vwap_displacement_and_rising_atr,boosted_stumps,step12_interactions,0.0,-0.031344417140884984
trend_continuation,24H,low_atr_and_mid_donchian,boosted_stumps,step12_interactions,0.0,-0.031344417140884984
trend_continuation,24H,rising_atr_and_high_volume,boosted_stumps,step12_interactions,0.0,-0.031344417140884984
trend_continuation,24H,low_atr_pct_and_falling_atr_slope,boosted_stumps,step12_interactions,0.0,-0.031344417140884984
trend_continuation,24H,low_adx_and_falling_atr,boosted_stumps,step12_interactions,0.0,-0.031344417140884984
