target,horizon,strategy_relevance,feature_set,model_family,calibration,split,n,positives,base_rate,brier,brier_skill_vs_train_base,log_loss,auc,pr_auc,ece,calibration_intercept,calibration_slope
range_continuation,1H,BOTH,step11_individuals,logistic,none,validation,840,36,0.04285714285714286,0.03945101821978215,0.03825878689786766,0.164789274412993,0.7268173023770038,0.16889408246688467,0.0089790578815334,0.002761106489196234,1.0889489549063713
range_continuation,1H,BOTH,step11_individuals,tree_depth2,none,validation,840,36,0.04285714285714286,0.03975987827733749,0.030729362821225625,0.1707150057046774,0.6291804864566058,0.11481607662132182,0.004544041334821222,-0.002572193657196743,0.9475974651176906
range_continuation,1H,BOTH,step11_individuals,boosted_stumps,none,validation,840,36,0.04285714285714286,0.04093512323610914,0.0020791133892743563,0.17591323167422301,0.6143587617468215,0.0591243745759117,0.0001470741866813688,0.0024059362312049306,1.0040355974949353
range_continuation,1H,BOTH,step12_interactions,logistic,platt,validation,840,36,0.04285714285714286,0.04014573112873879,0.021323000041987616,0.16797951308420442,0.7163833609729132,0.13176571126530257,0.0010378867604277503,0.014409133357567881,1.005902067651474
range_continuation,1H,BOTH,step12_interactions,tree_depth2,platt,validation,840,36,0.04285714285714286,0.04045957162903521,0.013672162190499382,0.17155100785001268,0.6214414040906578,0.07083970984665568,0.00042356035108136875,0.005146841811446597,1.0015646421072806
range_continuation,1H,BOTH,step12_interactions,boosted_stumps,platt,validation,840,36,0.04285714285714286,0.04102040816328377,2.815848754167405e-08,0.17692035111816892,0.5727611940298507,0.03945853835817518,1.3585759001816244e-07,,
range_continuation,1H,BOTH,all_step13,logistic,none,validation,840,36,0.04285714285714286,0.03948362768529875,0.03746382980069396,0.16506554545252933,0.7200110558319514,0.16457939911442235,0.008945096394090702,-0.0003750017641499285,1.0911364585582422
range_continuation,1H,BOTH,all_step13,tree_depth2,none,validation,840,36,0.04285714285714286,0.03975987827733749,0.030729362821225625,0.1707150057046774,0.6291804864566058,0.11481607662132182,0.004544041334821222,-0.002572193657196743,0.9475974651176906
range_continuation,1H,BOTH,all_step13,boosted_stumps,none,validation,840,36,0.04285714285714286,0.04093512323610914,0.0020791133892743563,0.17591323167422301,0.6143587617468215,0.0591243745759117,0.0001470741866813688,0.0024059362312049306,1.0040355974949353
range_continuation,1H,BOTH,compact_deredundant,logistic,none,validation,840,36,0.04285714285714286,0.039521693880355487,0.036535847957282486,0.16504509163080228,0.7272664455500276,0.15495711031459095,0.008339371731376943,0.00261301606047084,1.0881778771339834
range_continuation,1H,BOTH,compact_deredundant,tree_depth2,none,validation,840,36,0.04285714285714286,0.03975987827733749,0.030729362821225625,0.1707150057046774,0.6291804864566058,0.11481607662132182,0.004544041334821222,-0.002572193657196743,0.9475974651176906
range_continuation,1H,BOTH,compact_deredundant,boosted_stumps,none,validation,840,36,0.04285714285714286,0.04093512323610914,0.0020791133892743563,0.17591323167422301,0.6143587617468215,0.0591243745759117,0.0001470741866813688,0.0024059362312049306,1.0040355974949353
range_continuation,2H,BOTH,step11_individuals,logistic,none,validation,838,37,0.0441527446300716,0.040318585996880804,0.04475631754362164,0.1639201896777653,0.787765293383271,0.16720377225580205,0.006283771023780607,0.023083755470833297,1.0661120205327066
range_continuation,2H,BOTH,step11_individuals,tree_depth2,platt,validation,838,37,0.0441527446300716,0.039978032480059794,0.052824844438556395,0.16314235361995608,0.7485575463103553,0.11572427480322442,0.00234687168014685,0.007566975244457118,1.0021384438061054
range_continuation,2H,BOTH,step11_individuals,boosted_stumps,platt,validation,838,37,0.0441527446300716,0.04199280851483052,0.005089983922164754,0.17847666149118976,0.7117791949252623,0.07074278265938619,0.0006871613893126294,0.008557514114769961,1.0027456438919458
range_continuation,2H,BOTH,step12_interactions,logistic,none,validation,838,37,0.0441527446300716,0.04057589930192755,0.03865995024847657,0.16722095455550853,0.7317204845294732,0.14778741741849238,0.0075279593366026215,-0.0019135800806357824,1.0759154218989806
range_continuation,2H,BOTH,step12_interactions,tree_depth2,platt,validation,838,37,0.0441527446300716,0.04108214778667813,0.026665713475180097,0.1710665652727609,0.6633262475959105,0.07489004095147922,0.0006928033359009725,0.008323706742230257,1.0025123269489742
range_continuation,2H,BOTH,step12_interactions,boosted_stumps,platt,validation,838,37,0.0441527446300716,0.04220327982055005,0.00010341556526649587,0.1809243285434367,0.616290447751122,0.03587276844355527,6.989046688353484e-06,,
range_continuation,2H,BOTH,all_step13,logistic,none,validation,838,37,0.0441527446300716,0.04022931402199677,0.046871384030203744,0.16315630698186503,0.7749434828086513,0.162331740632675,0.004609571937812506,0.021987121475716593,1.05367449161721
range_continuation,2H,BOTH,all_step13,tree_depth2,platt,validation,838,37,0.0441527446300716,0.039978032480059794,0.052824844438556395,0.16314235361995608,0.7485575463103553,0.11572427480322442,0.00234687168014685,0.007566975244457118,1.0021384438061054
range_continuation,2H,BOTH,all_step13,boosted_stumps,platt,validation,838,37,0.0441527446300716,0.04199280851483052,0.005089983922164754,0.17847666149118976,0.7117791949252623,0.07074278265938619,0.0006871613893126294,0.008557514114769961,1.0027456438919458
range_continuation,2H,BOTH,compact_deredundant,logistic,none,validation,838,37,0.0441527446300716,0.04021537707906349,0.047201583524074886,0.16294417376173803,0.7798022741842967,0.16228505376439462,0.0026856941788342757,0.024118765473565416,1.0572012528405883
range_continuation,2H,BOTH,compact_deredundant,tree_depth2,platt,validation,838,37,0.0441527446300716,0.03991199630055464,0.05438939938824461,0.16256900837348476,0.7239261733643756,0.11711350530023527,0.002064042562878085,0.005949885029215846,1.0014940539364188
range_continuation,2H,BOTH,compact_deredundant,boosted_stumps,platt,validation,838,37,0.0441527446300716,0.04199280851483052,0.005089983922164754,0.17847666149118976,0.7117791949252623,0.07074278265938619,0.0006871613893126294,0.008557514114769961,1.0027456438919458
range_continuation,4H,BOTH,step11_individuals,logistic,platt,validation,834,30,0.03597122302158273,0.03301968384683086,0.04928272466375172,0.13889788830314498,0.7661691542288557,0.16119873371433485,0.002129317827187397,0.029674330984465893,1.012303518719074
range_continuation,4H,BOTH,step11_individuals,tree_depth2,none,validation,834,30,0.03597122302158273,0.03259744343849317,0.06144005640604844,0.13997911917370542,0.7112769485903814,0.15497960086661272,0.0031392455496607264,-0.011677474509791022,0.9360228845451688
range_continuation,4H,BOTH,step11_individuals,boosted_stumps,platt,validation,834,30,0.03597122302158273,0.03456686199401952,0.004735690253058644,0.15337162732673537,0.5780265339966832,0.06527753446094428,0.00032723983483978064,0.00481683666391528,1.0020962150136532
range_continuation,4H,BOTH,step12_interactions,logistic,platt,validation,834,30,0.03597122302158273,0.03335049624975163,0.03975782830765129,0.14055989268176416,0.7347014925373134,0.11799268106039094,0.0010133969673415885,0.016849098806577555,1.0095973543015204
range_continuation,4H,BOTH,step12_interactions,tree_depth2,none,validation,834,30,0.03597122302158273,0.033584107590700976,0.03303158772384496,0.14399435983937384,0.5770315091210614,0.0941138943945115,0.0032580755204517364,0.0028750305380128138,1.0424196717264287
range_continuation,4H,BOTH,step12_interactions,boosted_stumps,platt,validation,834,30,0.03597122302158273,0.03467729774761486,0.0015559754125137326,0.1549220228803439,0.46355721393034827,0.05358755939860018,6.00974257441364e-05,,
range_continuation,4H,BOTH,all_step13,logistic,platt,validation,834,30,0.03597122302158273,0.03290214051455602,0.05266708403898568,0.13786078408878932,0.7626865671641792,0.16281228457349656,0.0023724160200346506,0.02666985156111002,1.0115401968377975
range_continuation,4H,BOTH,all_step13,tree_depth2,none,validation,834,30,0.03597122302158273,0.03259744343849317,0.06144005640604844,0.13997911917370542,0.7112769485903814,0.15497960086661272,0.0031392455496607264,-0.011677474509791022,0.9360228845451688
range_continuation,4H,BOTH,all_step13,boosted_stumps,platt,validation,834,30,0.03597122302158273,0.03456686199401952,0.004735690253058644,0.15337162732673537,0.5780265339966832,0.06527753446094428,0.00032723983483978064,0.00481683666391528,1.0020962150136532
range_continuation,4H,BOTH,compact_deredundant,logistic,platt,validation,834,30,0.03597122302158273,0.03315162387423916,0.045483849303609825,0.13925549658041356,0.7571310116086235,0.15354037343548005,0.0029349793099443305,0.02627732134450714,1.0109800334030694
range_continuation,4H,BOTH,compact_deredundant,tree_depth2,none,validation,834,30,0.03597122302158273,0.03259744343849317,0.06144005640604844,0.13997911917370542,0.7112769485903814,0.15497960086661272,0.0031392455496607264,-0.011677474509791022,0.9360228845451688
range_continuation,4H,BOTH,compact_deredundant,boosted_stumps,platt,validation,834,30,0.03597122302158273,0.03456686199401952,0.004735690253058644,0.15337162732673537,0.5780265339966832,0.06527753446094428,0.00032723983483978064,0.00481683666391528,1.0020962150136532
range_continuation,8H,BOTH,step11_individuals,logistic,none,validation,826,38,0.04600484261501211,0.04170445232121659,0.050225857484531344,0.1696431291204733,0.7303633449104996,0.16660761000183422,0.0036810588756858342,0.009361183957432082,1.034895374615946
range_continuation,8H,BOTH,step11_individuals,tree_depth2,none,validation,826,38,0.04600484261501211,0.0427411713245696,0.026615694836785275,0.1813593803689661,0.6406291744589901,0.13171188176163967,0.018367599274089944,-0.026493679915693825,0.8397889783667474
range_continuation,8H,BOTH,step11_individuals,boosted_stumps,none,validation,826,38,0.04600484261501211,0.043617543003328194,0.006657270414692218,0.18391120426520752,0.5620825541009885,0.13592173733502072,0.002814029098769655,0.0018312362597273806,1.0277107615926067
range_continuation,8H,BOTH,step12_interactions,logistic,platt,validation,826,38,0.04600484261501211,0.04102042413321078,0.06580386533644389,0.16627254131331154,0.6862810579748865,0.22272637398888845,0.0013101874677873063,0.018082839649168344,1.0078709741204712
range_continuation,8H,BOTH,step12_interactions,tree_depth2,platt,validation,826,38,0.04600484261501211,0.040935151908341995,0.0677458487398308,0.16366888476316618,0.6550227090569062,0.1671490994283941,0.0009728756267229216,0.011689715242825773,1.0037577214637727
range_continuation,8H,BOTH,step12_interactions,boosted_stumps,platt,validation,826,38,0.04600484261501211,0.043888397500326526,0.000488849938824254,0.1865793197213221,0.4282994923857868,0.07027577410574361,2.072067726639759e-05,,
range_continuation,8H,BOTH,all_step13,logistic,none,validation,826,38,0.04600484261501211,0.041299564571736065,0.059446741435146055,0.16610981530961685,0.7542746460058777,0.17022327742528762,0.0025174274935214455,0.013756113563864284,1.0441288712651897
range_continuation,8H,BOTH,all_step13,tree_depth2,none,validation,826,38,0.04600484261501211,0.0427411713245696,0.026615694836785275,0.1813593803689661,0.6406291744589901,0.13171188176163967,0.018367599274089944,-0.026493679915693825,0.8397889783667474
range_continuation,8H,BOTH,all_step13,boosted_stumps,none,validation,826,38,0.04600484261501211,0.043617543003328194,0.006657270414692218,0.18391120426520752,0.5620825541009885,0.13592173733502072,0.002814029098769655,0.0018312362597273806,1.0277107615926067
range_continuation,8H,BOTH,compact_deredundant,logistic,none,validation,826,38,0.04600484261501211,0.04124794520368164,0.060622317142350335,0.1663443409723195,0.752437884050227,0.17248781874812416,0.0036492908593552123,0.01098977129880425,1.0528475972313471
range_continuation,8H,BOTH,compact_deredundant,tree_depth2,none,validation,826,38,0.04600484261501211,0.041972297539264264,0.044125970107070756,0.17893468282032632,0.6507146673791077,0.14603661731680162,0.013682830107335805,-0.023266137798065998,0.8482695968387212
range_continuation,8H,BOTH,compact_deredundant,boosted_stumps,none,validation,826,38,0.04600484261501211,0.04357937980961419,0.007526396193066942,0.1835322350549549,0.5877972214800962,0.1726868826603952,0.0029699399930638026,0.0026475887791655448,1.0300447740428245
range_continuation,12H,BOTH,step11_individuals,logistic,platt,validation,818,52,0.06356968215158924,0.05597689447490104,0.06367487739619115,0.21482420336406877,0.7493723639284997,0.21185348834736029,0.003397623714337078,0.041530488405505786,1.0150650456632553
range_continuation,12H,BOTH,step11_individuals,tree_depth2,platt,validation,818,52,0.06356968215158924,0.056402787698487826,0.05655096442224383,0.2153812774381154,0.7036804579232777,0.15863235258369088,0.002843939930449812,0.01855491338002951,1.0064897914569157
range_continuation,12H,BOTH,step11_individuals,boosted_stumps,platt,validation,818,52,0.06356968215158924,0.05918090240179465,0.010081459199021148,0.23388609192733642,0.6578881301466157,0.16252527517686483,0.0009040000860997682,0.011098522903384003,1.0039827672023744
range_continuation,12H,BOTH,step12_interactions,logistic,platt,validation,818,52,0.06356968215158924,0.05712472252299453,0.04447516565903642,0.22244843551362026,0.6684324161478209,0.142487191079608,0.0016176665745090855,-0.0030173519226267776,0.998751095355229
range_continuation,12H,BOTH,step12_interactions,tree_depth2,platt,validation,818,52,0.06356968215158924,0.05715030275566979,0.044047285285882976,0.22184165851646928,0.6469170516167905,0.13357945479932207,0.0007577687257976778,-0.009143732331394528,0.996631732394597
range_continuation,12H,BOTH,step12_interactions,boosted_stumps,platt,validation,818,52,0.06356968215158924,0.05952857778816595,0.004265895441435408,0.2366787002633316,0.5373317935328379,0.08461385907892188,1.1199588398388971e-05,,
range_continuation,12H,BOTH,all_step13,logistic,platt,validation,818,52,0.06356968215158924,0.055946202173103,0.0641882673138282,0.2142309694927679,0.7574814219722836,0.21186306441658506,0.0035698440884273323,0.043675843380729495,1.0158528226636163
range_continuation,12H,BOTH,all_step13,tree_depth2,platt,validation,818,52,0.06356968215158924,0.056402787698487826,0.05655096442224383,0.2153812774381154,0.7036804579232777,0.15863235258369088,0.002843939930449812,0.01855491338002951,1.0064897914569157
range_continuation,12H,BOTH,all_step13,boosted_stumps,platt,validation,818,52,0.06356968215158924,0.05918090240179465,0.010081459199021148,0.23388609192733642,0.6578881301466157,0.16252527517686483,0.0009040000860997682,0.011098522903384003,1.0039827672023744
range_continuation,12H,BOTH,compact_deredundant,logistic,platt,validation,818,52,0.06356968215158924,0.056139548138198145,0.0609541707071678,0.21527482222813596,0.7509037959429604,0.21082898273054548,0.0032893300341256546,0.04021381527704639,1.0146049538115125
range_continuation,12H,BOTH,compact_deredundant,tree_depth2,platt,validation,818,52,0.06356968215158924,0.056402787698487826,0.05655096442224383,0.2153812774381154,0.7036804579232777,0.15863235258369088,0.002843939930449812,0.01855491338002951,1.0064897914569157
range_continuation,12H,BOTH,compact_deredundant,boosted_stumps,platt,validation,818,52,0.06356968215158924,0.0592015577364571,0.009735957560502828,0.23408256536923147,0.6146816629845351,0.14551749204216746,0.0008339861863578962,0.010226419783807257,1.0036641035198375
range_continuation,24H,BOTH,step11_individuals,logistic,platt,validation,794,36,0.04534005037783375,0.03786747733434855,0.12612710574284003,0.144155753493753,0.8766124303723248,0.33130255445496914,0.007053758339141868,0.0890166122468322,1.0307821244141986
range_continuation,24H,BOTH,step11_individuals,tree_depth2,platt,validation,794,36,0.04534005037783375,0.041490922350226916,0.042508375209260874,0.16197983774955976,0.796687188507769,0.12865482477381024,0.00777390317113444,-0.08729904627567896,0.9719977565467008
range_continuation,24H,BOTH,step11_individuals,boosted_stumps,platt,validation,794,36,0.04534005037783375,0.042839325766881986,0.011391087254359888,0.17957822374235105,0.8471489299325711,0.20251329673240998,0.001447472201203212,0.017947749217025542,1.0057190493436836
range_continuation,24H,BOTH,step12_interactions,logistic,none,validation,794,36,0.04534005037783375,0.03988275310203647,0.07962031437973227,0.15723855830765485,0.829155672823219,0.15670296810546833,0.006644983242704101,0.0190068581920185,1.1000672398157256
range_continuation,24H,BOTH,step12_interactions,tree_depth2,platt,validation,794,36,0.04534005037783375,0.0388801103167613,0.10275843749625979,0.15051921650967784,0.8173556141893873,0.14772156472218959,0.0031226881070598317,0.0371011050625467,1.0114461440203542
range_continuation,24H,BOTH,step12_interactions,boosted_stumps,platt,validation,794,36,0.04534005037783375,0.0432843304680904,0.0011216535984163167,0.18455866813671895,0.5916153620639109,0.03974118956503733,1.6078592507275113e-05,,
range_continuation,24H,BOTH,all_step13,logistic,none,validation,794,36,0.04534005037783375,0.03794820113476893,0.1242642316864051,0.14657066576607608,0.8583992963940194,0.3181033273683701,0.0028655689925671224,0.07200790357444647,1.0649094971515947
range_continuation,24H,BOTH,all_step13,tree_depth2,platt,validation,794,36,0.04534005037783375,0.041490922350226916,0.042508375209260874,0.16197983774955976,0.796687188507769,0.12865482477381024,0.00777390317113444,-0.08729904627567896,0.9719977565467008
range_continuation,24H,BOTH,all_step13,boosted_stumps,platt,validation,794,36,0.04534005037783375,0.042839325766881986,0.011391087254359888,0.17957822374235105,0.8471489299325711,0.20251329673240998,0.001447472201203212,0.017947749217025542,1.0057190493436836
range_continuation,24H,BOTH,compact_deredundant,logistic,none,validation,794,36,0.04534005037783375,0.03813095070234409,0.12004689520710687,0.14662446717703068,0.8719950161243037,0.3243279463788618,0.003628445828580764,0.07502068334449916,1.0716770957889865
range_continuation,24H,BOTH,compact_deredundant,tree_depth2,platt,validation,794,36,0.04534005037783375,0.041313644311716476,0.046599444472563256,0.160357611006055,0.7980064497214893,0.12897134638519556,0.005500040474150869,-0.06296310522273879,0.9795391897695819
range_continuation,24H,BOTH,compact_deredundant,boosted_stumps,platt,validation,794,36,0.04534005037783375,0.042884312907142404,0.010352912936155145,0.18005188014034337,0.8184183523893287,0.19129899869737663,0.0012886010480185825,0.01596074253585291,1.0050812460289056
path_inside_70,1H,BOTH,step11_individuals,logistic,none,validation,840,36,0.04285714285714286,0.03945101821978215,0.03825878689786766,0.164789274412993,0.7268173023770038,0.16889408246688467,0.0089790578815334,0.002761106489196234,1.0889489549063713
path_inside_70,1H,BOTH,step11_individuals,tree_depth2,none,validation,840,36,0.04285714285714286,0.03975987827733749,0.030729362821225625,0.1707150057046774,0.6291804864566058,0.11481607662132182,0.004544041334821222,-0.002572193657196743,0.9475974651176906
path_inside_70,1H,BOTH,step11_individuals,boosted_stumps,none,validation,840,36,0.04285714285714286,0.04093512323610914,0.0020791133892743563,0.17591323167422301,0.6143587617468215,0.0591243745759117,0.0001470741866813688,0.0024059362312049306,1.0040355974949353
path_inside_70,1H,BOTH,step12_interactions,logistic,platt,validation,840,36,0.04285714285714286,0.04014573112873879,0.021323000041987616,0.16797951308420442,0.7163833609729132,0.13176571126530257,0.0010378867604277503,0.014409133357567881,1.005902067651474
path_inside_70,1H,BOTH,step12_interactions,tree_depth2,platt,validation,840,36,0.04285714285714286,0.04045957162903521,0.013672162190499382,0.17155100785001268,0.6214414040906578,0.07083970984665568,0.00042356035108136875,0.005146841811446597,1.0015646421072806
path_inside_70,1H,BOTH,step12_interactions,boosted_stumps,platt,validation,840,36,0.04285714285714286,0.04102040816328377,2.815848754167405e-08,0.17692035111816892,0.5727611940298507,0.03945853835817518,1.3585759001816244e-07,,
path_inside_70,1H,BOTH,all_step13,logistic,none,validation,840,36,0.04285714285714286,0.03948362768529875,0.03746382980069396,0.16506554545252933,0.7200110558319514,0.16457939911442235,0.008945096394090702,-0.0003750017641499285,1.0911364585582422
path_inside_70,1H,BOTH,all_step13,tree_depth2,none,validation,840,36,0.04285714285714286,0.03975987827733749,0.030729362821225625,0.1707150057046774,0.6291804864566058,0.11481607662132182,0.004544041334821222,-0.002572193657196743,0.9475974651176906
path_inside_70,1H,BOTH,all_step13,boosted_stumps,none,validation,840,36,0.04285714285714286,0.04093512323610914,0.0020791133892743563,0.17591323167422301,0.6143587617468215,0.0591243745759117,0.0001470741866813688,0.0024059362312049306,1.0040355974949353
path_inside_70,1H,BOTH,compact_deredundant,logistic,none,validation,840,36,0.04285714285714286,0.039521693880355487,0.036535847957282486,0.16504509163080228,0.7272664455500276,0.15495711031459095,0.008339371731376943,0.00261301606047084,1.0881778771339834
path_inside_70,1H,BOTH,compact_deredundant,tree_depth2,none,validation,840,36,0.04285714285714286,0.03975987827733749,0.030729362821225625,0.1707150057046774,0.6291804864566058,0.11481607662132182,0.004544041334821222,-0.002572193657196743,0.9475974651176906
path_inside_70,1H,BOTH,compact_deredundant,boosted_stumps,none,validation,840,36,0.04285714285714286,0.04093512323610914,0.0020791133892743563,0.17591323167422301,0.6143587617468215,0.0591243745759117,0.0001470741866813688,0.0024059362312049306,1.0040355974949353
path_inside_70,2H,BOTH,step11_individuals,logistic,none,validation,838,37,0.0441527446300716,0.040318585996880804,0.04475631754362164,0.1639201896777653,0.787765293383271,0.16720377225580205,0.006283771023780607,0.023083755470833297,1.0661120205327066
path_inside_70,2H,BOTH,step11_individuals,tree_depth2,platt,validation,838,37,0.0441527446300716,0.039978032480059794,0.052824844438556395,0.16314235361995608,0.7485575463103553,0.11572427480322442,0.00234687168014685,0.007566975244457118,1.0021384438061054
path_inside_70,2H,BOTH,step11_individuals,boosted_stumps,platt,validation,838,37,0.0441527446300716,0.04199280851483052,0.005089983922164754,0.17847666149118976,0.7117791949252623,0.07074278265938619,0.0006871613893126294,0.008557514114769961,1.0027456438919458
path_inside_70,2H,BOTH,step12_interactions,logistic,none,validation,838,37,0.0441527446300716,0.04057589930192755,0.03865995024847657,0.16722095455550853,0.7317204845294732,0.14778741741849238,0.0075279593366026215,-0.0019135800806357824,1.0759154218989806
path_inside_70,2H,BOTH,step12_interactions,tree_depth2,platt,validation,838,37,0.0441527446300716,0.04108214778667813,0.026665713475180097,0.1710665652727609,0.6633262475959105,0.07489004095147922,0.0006928033359009725,0.008323706742230257,1.0025123269489742
path_inside_70,2H,BOTH,step12_interactions,boosted_stumps,platt,validation,838,37,0.0441527446300716,0.04220327982055005,0.00010341556526649587,0.1809243285434367,0.616290447751122,0.03587276844355527,6.989046688353484e-06,,
path_inside_70,2H,BOTH,all_step13,logistic,none,validation,838,37,0.0441527446300716,0.04022931402199677,0.046871384030203744,0.16315630698186503,0.7749434828086513,0.162331740632675,0.004609571937812506,0.021987121475716593,1.05367449161721
path_inside_70,2H,BOTH,all_step13,tree_depth2,platt,validation,838,37,0.0441527446300716,0.039978032480059794,0.052824844438556395,0.16314235361995608,0.7485575463103553,0.11572427480322442,0.00234687168014685,0.007566975244457118,1.0021384438061054
path_inside_70,2H,BOTH,all_step13,boosted_stumps,platt,validation,838,37,0.0441527446300716,0.04199280851483052,0.005089983922164754,0.17847666149118976,0.7117791949252623,0.07074278265938619,0.0006871613893126294,0.008557514114769961,1.0027456438919458
path_inside_70,2H,BOTH,compact_deredundant,logistic,none,validation,838,37,0.0441527446300716,0.04021537707906349,0.047201583524074886,0.16294417376173803,0.7798022741842967,0.16228505376439462,0.0026856941788342757,0.024118765473565416,1.0572012528405883
path_inside_70,2H,BOTH,compact_deredundant,tree_depth2,platt,validation,838,37,0.0441527446300716,0.03991199630055464,0.05438939938824461,0.16256900837348476,0.7239261733643756,0.11711350530023527,0.002064042562878085,0.005949885029215846,1.0014940539364188
path_inside_70,2H,BOTH,compact_deredundant,boosted_stumps,platt,validation,838,37,0.0441527446300716,0.04199280851483052,0.005089983922164754,0.17847666149118976,0.7117791949252623,0.07074278265938619,0.0006871613893126294,0.008557514114769961,1.0027456438919458
path_inside_70,4H,BOTH,step11_individuals,logistic,platt,validation,834,30,0.03597122302158273,0.03301968384683086,0.04928272466375172,0.13889788830314498,0.7661691542288557,0.16119873371433485,0.002129317827187397,0.029674330984465893,1.012303518719074
path_inside_70,4H,BOTH,step11_individuals,tree_depth2,none,validation,834,30,0.03597122302158273,0.03259744343849317,0.06144005640604844,0.13997911917370542,0.7112769485903814,0.15497960086661272,0.0031392455496607264,-0.011677474509791022,0.9360228845451688
path_inside_70,4H,BOTH,step11_individuals,boosted_stumps,platt,validation,834,30,0.03597122302158273,0.03456686199401952,0.004735690253058644,0.15337162732673537,0.5780265339966832,0.06527753446094428,0.00032723983483978064,0.00481683666391528,1.0020962150136532
path_inside_70,4H,BOTH,step12_interactions,logistic,platt,validation,834,30,0.03597122302158273,0.03335049624975163,0.03975782830765129,0.14055989268176416,0.7347014925373134,0.11799268106039094,0.0010133969673415885,0.016849098806577555,1.0095973543015204
path_inside_70,4H,BOTH,step12_interactions,tree_depth2,none,validation,834,30,0.03597122302158273,0.033584107590700976,0.03303158772384496,0.14399435983937384,0.5770315091210614,0.0941138943945115,0.0032580755204517364,0.0028750305380128138,1.0424196717264287
path_inside_70,4H,BOTH,step12_interactions,boosted_stumps,platt,validation,834,30,0.03597122302158273,0.03467729774761486,0.0015559754125137326,0.1549220228803439,0.46355721393034827,0.05358755939860018,6.00974257441364e-05,,
path_inside_70,4H,BOTH,all_step13,logistic,platt,validation,834,30,0.03597122302158273,0.03290214051455602,0.05266708403898568,0.13786078408878932,0.7626865671641792,0.16281228457349656,0.0023724160200346506,0.02666985156111002,1.0115401968377975
path_inside_70,4H,BOTH,all_step13,tree_depth2,none,validation,834,30,0.03597122302158273,0.03259744343849317,0.06144005640604844,0.13997911917370542,0.7112769485903814,0.15497960086661272,0.0031392455496607264,-0.011677474509791022,0.9360228845451688
path_inside_70,4H,BOTH,all_step13,boosted_stumps,platt,validation,834,30,0.03597122302158273,0.03456686199401952,0.004735690253058644,0.15337162732673537,0.5780265339966832,0.06527753446094428,0.00032723983483978064,0.00481683666391528,1.0020962150136532
path_inside_70,4H,BOTH,compact_deredundant,logistic,platt,validation,834,30,0.03597122302158273,0.03315162387423916,0.045483849303609825,0.13925549658041356,0.7571310116086235,0.15354037343548005,0.0029349793099443305,0.02627732134450714,1.0109800334030694
path_inside_70,4H,BOTH,compact_deredundant,tree_depth2,none,validation,834,30,0.03597122302158273,0.03259744343849317,0.06144005640604844,0.13997911917370542,0.7112769485903814,0.15497960086661272,0.0031392455496607264,-0.011677474509791022,0.9360228845451688
path_inside_70,4H,BOTH,compact_deredundant,boosted_stumps,platt,validation,834,30,0.03597122302158273,0.03456686199401952,0.004735690253058644,0.15337162732673537,0.5780265339966832,0.06527753446094428,0.00032723983483978064,0.00481683666391528,1.0020962150136532
path_inside_70,8H,BOTH,step11_individuals,logistic,none,validation,826,38,0.04600484261501211,0.04170445232121659,0.050225857484531344,0.1696431291204733,0.7303633449104996,0.16660761000183422,0.0036810588756858342,0.009361183957432082,1.034895374615946
path_inside_70,8H,BOTH,step11_individuals,tree_depth2,none,validation,826,38,0.04600484261501211,0.0427411713245696,0.026615694836785275,0.1813593803689661,0.6406291744589901,0.13171188176163967,0.018367599274089944,-0.026493679915693825,0.8397889783667474
path_inside_70,8H,BOTH,step11_individuals,boosted_stumps,none,validation,826,38,0.04600484261501211,0.043617543003328194,0.006657270414692218,0.18391120426520752,0.5620825541009885,0.13592173733502072,0.002814029098769655,0.0018312362597273806,1.0277107615926067
path_inside_70,8H,BOTH,step12_interactions,logistic,platt,validation,826,38,0.04600484261501211,0.04102042413321078,0.06580386533644389,0.16627254131331154,0.6862810579748865,0.22272637398888845,0.0013101874677873063,0.018082839649168344,1.0078709741204712
path_inside_70,8H,BOTH,step12_interactions,tree_depth2,platt,validation,826,38,0.04600484261501211,0.040935151908341995,0.0677458487398308,0.16366888476316618,0.6550227090569062,0.1671490994283941,0.0009728756267229216,0.011689715242825773,1.0037577214637727
path_inside_70,8H,BOTH,step12_interactions,boosted_stumps,platt,validation,826,38,0.04600484261501211,0.043888397500326526,0.000488849938824254,0.1865793197213221,0.4282994923857868,0.07027577410574361,2.072067726639759e-05,,
path_inside_70,8H,BOTH,all_step13,logistic,none,validation,826,38,0.04600484261501211,0.041299564571736065,0.059446741435146055,0.16610981530961685,0.7542746460058777,0.17022327742528762,0.0025174274935214455,0.013756113563864284,1.0441288712651897
path_inside_70,8H,BOTH,all_step13,tree_depth2,none,validation,826,38,0.04600484261501211,0.0427411713245696,0.026615694836785275,0.1813593803689661,0.6406291744589901,0.13171188176163967,0.018367599274089944,-0.026493679915693825,0.8397889783667474
path_inside_70,8H,BOTH,all_step13,boosted_stumps,none,validation,826,38,0.04600484261501211,0.043617543003328194,0.006657270414692218,0.18391120426520752,0.5620825541009885,0.13592173733502072,0.002814029098769655,0.0018312362597273806,1.0277107615926067
path_inside_70,8H,BOTH,compact_deredundant,logistic,none,validation,826,38,0.04600484261501211,0.04124794520368164,0.060622317142350335,0.1663443409723195,0.752437884050227,0.17248781874812416,0.0036492908593552123,0.01098977129880425,1.0528475972313471
path_inside_70,8H,BOTH,compact_deredundant,tree_depth2,none,validation,826,38,0.04600484261501211,0.041972297539264264,0.044125970107070756,0.17893468282032632,0.6507146673791077,0.14603661731680162,0.013682830107335805,-0.023266137798065998,0.8482695968387212
path_inside_70,8H,BOTH,compact_deredundant,boosted_stumps,none,validation,826,38,0.04600484261501211,0.04357937980961419,0.007526396193066942,0.1835322350549549,0.5877972214800962,0.1726868826603952,0.0029699399930638026,0.0026475887791655448,1.0300447740428245
path_inside_70,12H,BOTH,step11_individuals,logistic,platt,validation,818,52,0.06356968215158924,0.05597689447490104,0.06367487739619115,0.21482420336406877,0.7493723639284997,0.21185348834736029,0.003397623714337078,0.041530488405505786,1.0150650456632553
path_inside_70,12H,BOTH,step11_individuals,tree_depth2,platt,validation,818,52,0.06356968215158924,0.056402787698487826,0.05655096442224383,0.2153812774381154,0.7036804579232777,0.15863235258369088,0.002843939930449812,0.01855491338002951,1.0064897914569157
path_inside_70,12H,BOTH,step11_individuals,boosted_stumps,platt,validation,818,52,0.06356968215158924,0.05918090240179465,0.010081459199021148,0.23388609192733642,0.6578881301466157,0.16252527517686483,0.0009040000860997682,0.011098522903384003,1.0039827672023744
path_inside_70,12H,BOTH,step12_interactions,logistic,platt,validation,818,52,0.06356968215158924,0.05712472252299453,0.04447516565903642,0.22244843551362026,0.6684324161478209,0.142487191079608,0.0016176665745090855,-0.0030173519226267776,0.998751095355229
path_inside_70,12H,BOTH,step12_interactions,tree_depth2,platt,validation,818,52,0.06356968215158924,0.05715030275566979,0.044047285285882976,0.22184165851646928,0.6469170516167905,0.13357945479932207,0.0007577687257976778,-0.009143732331394528,0.996631732394597
path_inside_70,12H,BOTH,step12_interactions,boosted_stumps,platt,validation,818,52,0.06356968215158924,0.05952857778816595,0.004265895441435408,0.2366787002633316,0.5373317935328379,0.08461385907892188,1.1199588398388971e-05,,
path_inside_70,12H,BOTH,all_step13,logistic,platt,validation,818,52,0.06356968215158924,0.055946202173103,0.0641882673138282,0.2142309694927679,0.7574814219722836,0.21186306441658506,0.0035698440884273323,0.043675843380729495,1.0158528226636163
path_inside_70,12H,BOTH,all_step13,tree_depth2,platt,validation,818,52,0.06356968215158924,0.056402787698487826,0.05655096442224383,0.2153812774381154,0.7036804579232777,0.15863235258369088,0.002843939930449812,0.01855491338002951,1.0064897914569157
path_inside_70,12H,BOTH,all_step13,boosted_stumps,platt,validation,818,52,0.06356968215158924,0.05918090240179465,0.010081459199021148,0.23388609192733642,0.6578881301466157,0.16252527517686483,0.0009040000860997682,0.011098522903384003,1.0039827672023744
path_inside_70,12H,BOTH,compact_deredundant,logistic,platt,validation,818,52,0.06356968215158924,0.056139548138198145,0.0609541707071678,0.21527482222813596,0.7509037959429604,0.21082898273054548,0.0032893300341256546,0.04021381527704639,1.0146049538115125
path_inside_70,12H,BOTH,compact_deredundant,tree_depth2,platt,validation,818,52,0.06356968215158924,0.056402787698487826,0.05655096442224383,0.2153812774381154,0.7036804579232777,0.15863235258369088,0.002843939930449812,0.01855491338002951,1.0064897914569157
path_inside_70,12H,BOTH,compact_deredundant,boosted_stumps,platt,validation,818,52,0.06356968215158924,0.0592015577364571,0.009735957560502828,0.23408256536923147,0.6146816629845351,0.14551749204216746,0.0008339861863578962,0.010226419783807257,1.0036641035198375
path_inside_70,24H,BOTH,step11_individuals,logistic,platt,validation,794,36,0.04534005037783375,0.03786747733434855,0.12612710574284003,0.144155753493753,0.8766124303723248,0.33130255445496914,0.007053758339141868,0.0890166122468322,1.0307821244141986
path_inside_70,24H,BOTH,step11_individuals,tree_depth2,platt,validation,794,36,0.04534005037783375,0.041490922350226916,0.042508375209260874,0.16197983774955976,0.796687188507769,0.12865482477381024,0.00777390317113444,-0.08729904627567896,0.9719977565467008
path_inside_70,24H,BOTH,step11_individuals,boosted_stumps,platt,validation,794,36,0.04534005037783375,0.042839325766881986,0.011391087254359888,0.17957822374235105,0.8471489299325711,0.20251329673240998,0.001447472201203212,0.017947749217025542,1.0057190493436836
path_inside_70,24H,BOTH,step12_interactions,logistic,none,validation,794,36,0.04534005037783375,0.03988275310203647,0.07962031437973227,0.15723855830765485,0.829155672823219,0.15670296810546833,0.006644983242704101,0.0190068581920185,1.1000672398157256
path_inside_70,24H,BOTH,step12_interactions,tree_depth2,platt,validation,794,36,0.04534005037783375,0.0388801103167613,0.10275843749625979,0.15051921650967784,0.8173556141893873,0.14772156472218959,0.0031226881070598317,0.0371011050625467,1.0114461440203542
path_inside_70,24H,BOTH,step12_interactions,boosted_stumps,platt,validation,794,36,0.04534005037783375,0.0432843304680904,0.0011216535984163167,0.18455866813671895,0.5916153620639109,0.03974118956503733,1.6078592507275113e-05,,
path_inside_70,24H,BOTH,all_step13,logistic,none,validation,794,36,0.04534005037783375,0.03794820113476893,0.1242642316864051,0.14657066576607608,0.8583992963940194,0.3181033273683701,0.0028655689925671224,0.07200790357444647,1.0649094971515947
path_inside_70,24H,BOTH,all_step13,tree_depth2,platt,validation,794,36,0.04534005037783375,0.041490922350226916,0.042508375209260874,0.16197983774955976,0.796687188507769,0.12865482477381024,0.00777390317113444,-0.08729904627567896,0.9719977565467008
path_inside_70,24H,BOTH,all_step13,boosted_stumps,platt,validation,794,36,0.04534005037783375,0.042839325766881986,0.011391087254359888,0.17957822374235105,0.8471489299325711,0.20251329673240998,0.001447472201203212,0.017947749217025542,1.0057190493436836
path_inside_70,24H,BOTH,compact_deredundant,logistic,none,validation,794,36,0.04534005037783375,0.03813095070234409,0.12004689520710687,0.14662446717703068,0.8719950161243037,0.3243279463788618,0.003628445828580764,0.07502068334449916,1.0716770957889865
path_inside_70,24H,BOTH,compact_deredundant,tree_depth2,platt,validation,794,36,0.04534005037783375,0.041313644311716476,0.046599444472563256,0.160357611006055,0.7980064497214893,0.12897134638519556,0.005500040474150869,-0.06296310522273879,0.9795391897695819
path_inside_70,24H,BOTH,compact_deredundant,boosted_stumps,platt,validation,794,36,0.04534005037783375,0.042884312907142404,0.010352912936155145,0.18005188014034337,0.8184183523893287,0.19129899869737663,0.0012886010480185825,0.01596074253585291,1.0050812460289056
range_breached,1H,BOTH,step11_individuals,logistic,none,validation,840,804,0.9571428571428572,0.03945101821978215,0.03825878689786766,0.164789274412993,0.7268173023770038,0.9789755612251964,0.00897905788153324,-0.0027611064891962253,1.0889489549063713
range_breached,1H,BOTH,step11_individuals,tree_depth2,none,validation,840,804,0.9571428571428572,0.03975987827733749,0.030729362821225625,0.1707150057046774,0.61335682697623,0.9691323551273873,0.004544041334821228,0.002572193657196735,0.9475974651176907
range_breached,1H,BOTH,step11_individuals,boosted_stumps,none,validation,840,804,0.9571428571428572,0.04093512323610914,0.0020791133892743563,0.17591323167422301,0.5701354339414041,0.9689660149062892,0.00014707418668125083,-0.002405936231204952,1.004035597494935
range_breached,1H,BOTH,step12_interactions,logistic,platt,validation,840,804,0.9571428571428572,0.04014573112873879,0.021323000041987616,0.16797951308420442,0.7077114427860697,0.9811221720033951,0.0010378867604277087,-0.014409133357567815,1.0059020676514743
range_breached,1H,BOTH,step12_interactions,tree_depth2,platt,validation,840,804,0.9571428571428572,0.04045957162903521,0.013672162190499382,0.17155100785001276,0.5812949143173024,0.970006711199118,0.0004235603510813757,-0.005146841811446683,1.00156464210728
range_breached,1H,BOTH,step12_interactions,boosted_stumps,platt,validation,840,804,0.9571428571428572,0.04102040816328378,2.8158487319629444e-08,0.17692035111816892,0.42723880597014924,0.9644417463723248,1.358575900667347e-07,,
range_breached,1H,BOTH,all_step13,logistic,none,validation,840,804,0.9571428571428572,0.03948362768529875,0.03746382980069396,0.16506554545252933,0.7200110558319514,0.9784408875728894,0.008945096394090737,0.00037500176414990787,1.0911364585582422
range_breached,1H,BOTH,all_step13,tree_depth2,none,validation,840,804,0.9571428571428572,0.03975987827733749,0.030729362821225625,0.1707150057046774,0.61335682697623,0.9691323551273873,0.004544041334821228,0.002572193657196735,0.9475974651176907
range_breached,1H,BOTH,all_step13,boosted_stumps,none,validation,840,804,0.9571428571428572,0.04093512323610914,0.0020791133892743563,0.17591323167422301,0.5701354339414041,0.9689660149062892,0.00014707418668125083,-0.002405936231204952,1.004035597494935
range_breached,1H,BOTH,compact_deredundant,logistic,none,validation,840,804,0.9571428571428572,0.03952169388035547,0.03653584795728282,0.16504509163080228,0.7272664455500276,0.9791732816787072,0.00833937173137693,-0.0026130160604708502,1.0881778771339834
range_breached,1H,BOTH,compact_deredundant,tree_depth2,none,validation,840,804,0.9571428571428572,0.03975987827733749,0.030729362821225625,0.1707150057046774,0.61335682697623,0.9691323551273873,0.004544041334821228,0.002572193657196735,0.9475974651176907
range_breached,1H,BOTH,compact_deredundant,boosted_stumps,none,validation,840,804,0.9571428571428572,0.04093512323610914,0.0020791133892743563,0.17591323167422301,0.5701354339414041,0.9689660149062892,0.00014707418668125083,-0.002405936231204952,1.004035597494935
range_breached,2H,BOTH,step11_individuals,logistic,none,validation,838,801,0.9558472553699284,0.040318585996880804,0.04475631754362164,0.16392018967776534,0.787765293383271,0.9861146093846201,0.006283771023780547,-0.02308375547083325,1.0661120205327064
range_breached,2H,BOTH,step11_individuals,tree_depth2,platt,validation,838,801,0.9558472553699284,0.039978032480059794,0.052824844438556395,0.16314235361995602,0.7043222998279178,0.9794430918160163,0.0023468716801466694,-0.007566975244457446,1.0021384438061047
range_breached,2H,BOTH,step11_individuals,boosted_stumps,platt,validation,838,801,0.9558472553699284,0.04199280851483053,0.0050899839221644205,0.17847666149118976,0.6564092182069711,0.9753669096647961,0.0006871613893123518,-0.008557514114769602,1.002745643891946
range_breached,2H,BOTH,step12_interactions,logistic,none,validation,838,801,0.9558472553699284,0.04057589930192755,0.03865995024847657,0.1672209545555086,0.7298309545500556,0.9793041529864704,0.007527959336602552,0.0019135800806356655,1.0759154218989806
range_breached,2H,BOTH,step12_interactions,tree_depth2,platt,validation,838,801,0.9558472553699284,0.04108214778667813,0.026665713475180097,0.17106656527276087,0.6147383338394574,0.9723191850728781,0.0006928033359009378,-0.008323706742230428,1.0025123269489749
range_breached,2H,BOTH,step12_interactions,boosted_stumps,platt,validation,838,801,0.9558472553699284,0.04220327982055005,0.00010341556526649587,0.18092432854343662,0.3837095522488781,0.9685779146189303,6.989046688499201e-06,,
range_breached,2H,BOTH,all_step13,logistic,none,validation,838,801,0.9558472553699284,0.04022931402199678,0.04687138403020341,0.16315630698186503,0.7749434828086513,0.9839971396600171,0.004609571937812643,-0.02198712147571646,1.05367449161721
range_breached,2H,BOTH,all_step13,tree_depth2,platt,validation,838,801,0.9558472553699284,0.039978032480059794,0.052824844438556395,0.16314235361995602,0.7043222998279178,0.9794430918160163,0.0023468716801466694,-0.007566975244457446,1.0021384438061047
range_breached,2H,BOTH,all_step13,boosted_stumps,platt,validation,838,801,0.9558472553699284,0.04199280851483053,0.0050899839221644205,0.17847666149118976,0.6564092182069711,0.9753669096647961,0.0006871613893123518,-0.008557514114769602,1.002745643891946
range_breached,2H,BOTH,compact_deredundant,logistic,none,validation,838,801,0.9558472553699284,0.040215377079063495,0.047201583524074664,0.16294417376173803,0.7798022741842967,0.9843285889581131,0.0026856941788343655,-0.02411876547356546,1.0572012528405883
range_breached,2H,BOTH,compact_deredundant,tree_depth2,platt,validation,838,801,0.9558472553699284,0.03991199630055464,0.05438939938824461,0.1625690083734847,0.7194385396632588,0.9760966332586397,0.0020640425628779564,-0.005949885029215846,1.0014940539364177
range_breached,2H,BOTH,compact_deredundant,boosted_stumps,platt,validation,838,801,0.9558472553699284,0.04199280851483053,0.0050899839221644205,0.17847666149118976,0.6564092182069711,0.9753669096647961,0.0006871613893123518,-0.008557514114769602,1.002745643891946
range_breached,4H,BOTH,step11_individuals,logistic,platt,validation,834,804,0.9640287769784173,0.03301968384683086,0.04928272466375172,0.13889788830314495,0.7661691542288557,0.9883587278731673,0.0021293178271874383,-0.029674330984465914,1.012303518719074
range_breached,4H,BOTH,step11_individuals,tree_depth2,none,validation,834,804,0.9640287769784173,0.03259744343849317,0.06144005640604844,0.13997911917370545,0.7503316749585406,0.9827475862104765,0.0031392455496608127,0.011677474509791142,0.9360228845451682
range_breached,4H,BOTH,step11_individuals,boosted_stumps,platt,validation,834,804,0.9640287769784173,0.03456686199401952,0.004735690253058644,0.15337162732673534,0.6916252072968491,0.9618470549215199,0.00032723983483973207,-0.004816836663915223,1.0020962150136532
range_breached,4H,BOTH,step12_interactions,logistic,platt,validation,834,804,0.9640287769784173,0.03335049624975163,0.03975782830765129,0.14055989268176414,0.7582089552238805,0.9839534626998502,0.0010133969673414844,-0.01684909880657769,1.0095973543015204
range_breached,4H,BOTH,step12_interactions,tree_depth2,none,validation,834,804,0.9640287769784173,0.033584107590700976,0.03303158772384496,0.14399435983937386,0.7627694859038142,0.9625395901399314,0.003258075520451875,-0.00287503053801281,1.0424196717264282
range_breached,4H,BOTH,step12_interactions,boosted_stumps,platt,validation,834,804,0.9640287769784173,0.03467729774761486,0.0015559754125137326,0.15492202288034396,0.5364427860696518,0.9559008626782105,6.009742574408783e-05,,
range_breached,4H,BOTH,all_step13,logistic,platt,validation,834,804,0.9640287769784173,0.03290214051455602,0.05266708403898568,0.1378607840887893,0.7626865671641792,0.988186907733694,0.002372416020034726,-0.0266698515611101,1.0115401968377977
range_breached,4H,BOTH,all_step13,tree_depth2,none,validation,834,804,0.9640287769784173,0.03259744343849317,0.06144005640604844,0.13997911917370545,0.7503316749585406,0.9827475862104765,0.0031392455496608127,0.011677474509791142,0.9360228845451682
range_breached,4H,BOTH,all_step13,boosted_stumps,platt,validation,834,804,0.9640287769784173,0.03456686199401952,0.004735690253058644,0.15337162732673534,0.6916252072968491,0.9618470549215199,0.00032723983483973207,-0.004816836663915223,1.0020962150136532
range_breached,4H,BOTH,compact_deredundant,logistic,platt,validation,834,804,0.9640287769784173,0.03315162387423916,0.045483849303609825,0.13925549658041356,0.7571310116086235,0.9878357107707803,0.0029349793099443236,-0.026277321344507148,1.0109800334030694
range_breached,4H,BOTH,compact_deredundant,tree_depth2,none,validation,834,804,0.9640287769784173,0.03259744343849317,0.06144005640604844,0.13997911917370545,0.7503316749585406,0.9827475862104765,0.0031392455496608127,0.011677474509791142,0.9360228845451682
range_breached,4H,BOTH,compact_deredundant,boosted_stumps,platt,validation,834,804,0.9640287769784173,0.03456686199401952,0.004735690253058644,0.15337162732673534,0.6916252072968491,0.9618470549215199,0.00032723983483973207,-0.004816836663915223,1.0020962150136532
range_breached,8H,BOTH,step11_individuals,logistic,none,validation,826,788,0.9539951573849879,0.04170445232121659,0.050225857484531344,0.1696431291204733,0.7303633449104996,0.9777447836134886,0.003681058875685911,-0.009361183957432,1.034895374615946
range_breached,8H,BOTH,step11_individuals,tree_depth2,none,validation,826,788,0.9539951573849879,0.042741171324569616,0.026615694836784942,0.1813593803689661,0.7121627037135987,0.9693687329308153,0.01836759927408988,0.026493679915693718,0.8397889783667477
range_breached,8H,BOTH,step11_individuals,boosted_stumps,none,validation,826,788,0.9539951573849879,0.043617543003328214,0.006657270414691774,0.18391120426520752,0.7140328613411702,0.9553684664287438,0.0028140290987698213,-0.0018312362597271937,1.0277107615926067
range_breached,8H,BOTH,step12_interactions,logistic,platt,validation,826,788,0.9539951573849879,0.04102042413321078,0.06580386533644389,0.16627254131331148,0.7011755276516164,0.9704378782232272,0.001310187467787216,-0.018082839649168417,1.0078709741204714
range_breached,8H,BOTH,step12_interactions,tree_depth2,platt,validation,826,788,0.9539951573849879,0.040935151908341995,0.0677458487398308,0.16366888476316624,0.7770504942559444,0.9691187106246034,0.000972875626722769,-0.01168971524282559,1.0037577214637725
range_breached,8H,BOTH,step12_interactions,boosted_stumps,platt,validation,826,788,0.9539951573849879,0.043888397500326526,0.000488849938824254,0.1865793197213221,0.5717005076142132,0.9446158014894319,2.0720677266439225e-05,,
range_breached,8H,BOTH,all_step13,logistic,none,validation,826,788,0.9539951573849879,0.04129956457173607,0.059446741435145944,0.16610981530961685,0.7542746460058777,0.9801235439897747,0.002517427493521419,-0.013756113563864298,1.0441288712651897
range_breached,8H,BOTH,all_step13,tree_depth2,none,validation,826,788,0.9539951573849879,0.042741171324569616,0.026615694836784942,0.1813593803689661,0.7121627037135987,0.9693687329308153,0.01836759927408988,0.026493679915693718,0.8397889783667477
range_breached,8H,BOTH,all_step13,boosted_stumps,none,validation,826,788,0.9539951573849879,0.043617543003328214,0.006657270414691774,0.18391120426520752,0.7140328613411702,0.9553684664287438,0.0028140290987698213,-0.0018312362597271937,1.0277107615926067
range_breached,8H,BOTH,compact_deredundant,logistic,none,validation,826,788,0.9539951573849879,0.04124794520368165,0.060622317142350224,0.16634434097231954,0.752437884050227,0.9789867740762932,0.003649290859355119,-0.01098977129880423,1.0528475972313471
range_breached,8H,BOTH,compact_deredundant,tree_depth2,none,validation,826,788,0.9539951573849879,0.04197229753926426,0.04412597010707087,0.1789346828203264,0.7204782260219076,0.9700907950886569,0.013682830107335748,0.023266137798066078,0.8482695968387207
range_breached,8H,BOTH,compact_deredundant,boosted_stumps,none,validation,826,788,0.9539951573849879,0.04357937980961419,0.007526396193066942,0.1835322350549548,0.7320665241784665,0.9628044094377635,0.0029699399930636083,-0.0026475887791656797,1.0300447740428238
range_breached,12H,BOTH,step11_individuals,logistic,platt,validation,818,766,0.9364303178484108,0.05597689447490104,0.06367487739619115,0.21482420336406877,0.7493723639284997,0.9698854402853166,0.0033976237143371795,-0.04153048840550577,1.0150650456632553
range_breached,12H,BOTH,step11_individuals,tree_depth2,platt,validation,818,766,0.9364303178484108,0.056275990174780126,0.05867190571498926,0.21496099479294603,0.7056637879092187,0.9633311640150546,0.002632067344983939,-0.01620586557570497,1.0056709120476615
range_breached,12H,BOTH,step11_individuals,boosted_stumps,platt,validation,818,766,0.9364303178484108,0.05918089852251898,0.010081524087638072,0.23388606043328944,0.6730518176340631,0.9521042504264802,0.0009040097869458252,-0.011098643742748745,1.0039828113963385
range_breached,12H,BOTH,step12_interactions,logistic,platt,validation,818,766,0.9364303178484108,0.05712472252299454,0.04447516565903631,0.22244843551362017,0.6592187186181965,0.9650349363733304,0.0016176665745090408,0.0030173519226268037,0.9987510953552289
range_breached,12H,BOTH,step12_interactions,tree_depth2,platt,validation,818,766,0.9364303178484108,0.05715030275566979,0.044047285285882976,0.2218416585164693,0.6368246635870657,0.9510920100097442,0.0007577687257979138,0.00914373233139442,0.9966317323945966
range_breached,12H,BOTH,step12_interactions,boosted_stumps,platt,validation,818,766,0.9364303178484108,0.05952857778816595,0.004265895441435408,0.2366787002633316,0.46266820646716206,0.9358061848070096,1.1199588398125293e-05,,
range_breached,12H,BOTH,all_step13,logistic,platt,validation,818,766,0.9364303178484108,0.055946202173103,0.0641882673138282,0.21423096949276785,0.7574814219722836,0.9718692565641529,0.00356984408842742,-0.04367584338072957,1.0158528226636165
range_breached,12H,BOTH,all_step13,tree_depth2,platt,validation,818,766,0.9364303178484108,0.056275990174780126,0.05867190571498926,0.21496099479294603,0.7056637879092187,0.9633311640150546,0.002632067344983939,-0.01620586557570497,1.0056709120476615
range_breached,12H,BOTH,all_step13,boosted_stumps,platt,validation,818,766,0.9364303178484108,0.05918089852251898,0.010081524087638072,0.23388606043328944,0.6730518176340631,0.9521042504264802,0.0009040097869458252,-0.011098643742748745,1.0039828113963385
range_breached,12H,BOTH,compact_deredundant,logistic,platt,validation,818,766,0.9364303178484108,0.056139548138198145,0.0609541707071678,0.21527482222813596,0.7509037959429604,0.9694653504929432,0.0032893300341257036,-0.04021381527704636,1.0146049538115127
range_breached,12H,BOTH,compact_deredundant,tree_depth2,platt,validation,818,766,0.9364303178484108,0.056402787698487826,0.05655096442224383,0.21538127743811547,0.7035800361518377,0.9631048148093097,0.002843939930450116,-0.01855491338002938,1.0064897914569149
range_breached,12H,BOTH,compact_deredundant,boosted_stumps,platt,validation,818,766,0.9364303178484108,0.0592015577364571,0.009735957560502828,0.23408256536923147,0.6199035950994175,0.947232556262651,0.0008339861863577713,-0.010226419783807632,1.0036641035198373
range_breached,24H,BOTH,step11_individuals,logistic,platt,validation,794,758,0.9546599496221663,0.03786747733434855,0.1261271057428397,0.144155753493753,0.8766124303723248,0.9929356256723599,0.0070537583391419145,-0.08901661224683223,1.0307821244141986
range_breached,24H,BOTH,step11_individuals,tree_depth2,platt,validation,794,758,0.9546599496221663,0.0414909223502269,0.042508375209260874,0.16197983774955968,0.7456024626209323,0.9866789933952377,0.007773903171134258,0.08729904627567722,0.9719977565467014
range_breached,24H,BOTH,step11_individuals,boosted_stumps,platt,validation,794,758,0.9546599496221663,0.04283932576688198,0.011391087254359777,0.17957822374235108,0.7972368806801524,0.9894850698108081,0.001447472201203226,-0.017947749217025098,1.0057190493436838
range_breached,24H,BOTH,step12_interactions,logistic,none,validation,794,758,0.9546599496221663,0.03988275310203647,0.07962031437973194,0.15723855830765482,0.7976399882732337,0.9899337048101808,0.006644983242704223,-0.019006858192018482,1.1000672398157252
range_breached,24H,BOTH,step12_interactions,tree_depth2,platt,validation,794,758,0.9546599496221663,0.0388801103167613,0.10275843749625946,0.15051921650967787,0.7318968044561712,0.9853644629559405,0.0031226881070596235,-0.0371011050625469,1.0114461440203535
range_breached,24H,BOTH,step12_interactions,boosted_stumps,platt,validation,794,758,0.9546599496221663,0.0432843304680904,0.0011216535984159837,0.18455866813671906,0.40838463793608915,0.965775180823935,1.6078592507406952e-05,,
range_breached,24H,BOTH,all_step13,logistic,none,validation,794,758,0.9546599496221663,0.03794820113476893,0.12426423168640477,0.14657066576607608,0.8583992963940194,0.991374659510567,0.0028655689925672105,-0.07200790357444639,1.0649094971515947
range_breached,24H,BOTH,all_step13,tree_depth2,platt,validation,794,758,0.9546599496221663,0.0414909223502269,0.042508375209260874,0.16197983774955968,0.7456024626209323,0.9866789933952377,0.007773903171134258,0.08729904627567722,0.9719977565467014
range_breached,24H,BOTH,all_step13,boosted_stumps,platt,validation,794,758,0.9546599496221663,0.04283932576688198,0.011391087254359777,0.17957822374235108,0.7972368806801524,0.9894850698108081,0.001447472201203226,-0.017947749217025098,1.0057190493436838
range_breached,24H,BOTH,compact_deredundant,logistic,none,validation,794,758,0.9546599496221663,0.03813095070234409,0.12004689520710654,0.14662446717703068,0.8719950161243037,0.9927086730058351,0.0036284458285806747,-0.07502068334449913,1.0716770957889865
range_breached,24H,BOTH,compact_deredundant,tree_depth2,platt,validation,794,758,0.9546599496221663,0.04131364431171649,0.04659944447256259,0.160357611006055,0.7468484315450015,0.986807675237203,0.005500040474150756,0.06296310522273958,0.9795391897695819
range_breached,24H,BOTH,compact_deredundant,boosted_stumps,platt,validation,794,758,0.9546599496221663,0.0428843129071424,0.010352912936154923,0.18005188014034346,0.7449061858692465,0.987570643615641,0.001288601048018756,-0.015960742535852605,1.005081246028906
realized_over_range_width_ge_1,1H,BOTH,step11_individuals,logistic,platt,validation,840,731,0.8702380952380953,0.10516531670782031,0.06873422261139639,0.35931639248602143,0.6810326434819715,0.9236063139126014,0.004127384495217282,-0.02749666883301766,1.0140430925754969
realized_over_range_width_ge_1,1H,BOTH,step11_individuals,tree_depth2,platt,validation,840,731,0.8702380952380953,0.10639163650455892,0.05787484715770275,0.3618470618445979,0.6573877684207884,0.9224159076905678,0.012452298666661046,-0.02339708716663199,1.0117755206496988
realized_over_range_width_ge_1,1H,BOTH,step11_individuals,boosted_stumps,platt,validation,840,731,0.8702380952380953,0.11165171106117337,0.011295541599225745,0.38040939056496764,0.6521919200793183,0.9146731289665004,0.0020136333854386956,-0.02555026486393807,1.0134811760859026
realized_over_range_width_ge_1,1H,BOTH,step12_interactions,logistic,platt,validation,840,731,0.8702380952380953,0.10783536368046809,0.045090273755565846,0.36684739717703624,0.660148847249589,0.9254489906715395,0.003689158879861814,-0.016194582113134515,1.0082651557006603
realized_over_range_width_ge_1,1H,BOTH,step12_interactions,tree_depth2,platt,validation,840,731,0.8702380952380953,0.10974463121319918,0.0281832214233646,0.3740830956417384,0.5867794525533704,0.8998266076183227,0.007606390101784513,-0.02039928197584709,1.0105578576917849
realized_over_range_width_ge_1,1H,BOTH,step12_interactions,boosted_stumps,platt,validation,840,731,0.8702380952380953,0.11292375284196032,3.128628255577581e-05,0.38593384634665046,0.4675008471491861,0.8836905783551064,2.737368920646688e-06,,
realized_over_range_width_ge_1,1H,BOTH,all_step13,logistic,platt,validation,840,731,0.8702380952380953,0.10499223717470878,0.07026688614533483,0.3591730698842592,0.6807941866740296,0.9213332700703526,0.008455158648195066,-0.026359176311360685,1.0134001873718268
realized_over_range_width_ge_1,1H,BOTH,all_step13,tree_depth2,platt,validation,840,731,0.8702380952380953,0.10639163650455892,0.05787484715770275,0.3618470618445979,0.6573877684207884,0.9224159076905678,0.012452298666661046,-0.02339708716663199,1.0117755206496988
realized_over_range_width_ge_1,1H,BOTH,all_step13,boosted_stumps,platt,validation,840,731,0.8702380952380953,0.11165171106117337,0.011295541599225745,0.38040939056496764,0.6521919200793183,0.9146731289665004,0.0020136333854386956,-0.02555026486393807,1.0134811760859026
realized_over_range_width_ge_1,1H,BOTH,compact_deredundant,logistic,platt,validation,840,731,0.8702380952380953,0.10508494958199469,0.06944589406593515,0.3578398975864649,0.6906336675912097,0.9254422187348821,0.005098474012154084,-0.03969322913868433,1.0203067448133132
realized_over_range_width_ge_1,1H,BOTH,compact_deredundant,tree_depth2,platt,validation,840,731,0.8702380952380953,0.10639163650455892,0.05787484715770275,0.3618470618445979,0.6573877684207884,0.9224159076905678,0.012452298666661046,-0.02339708716663199,1.0117755206496988
realized_over_range_width_ge_1,1H,BOTH,compact_deredundant,boosted_stumps,platt,validation,840,731,0.8702380952380953,0.11166396291814017,0.011187048272149669,0.38045932858648945,0.6381480691273735,0.915865255224987,0.0019834126253910345,-0.025163901447122737,1.0132785228708863
realized_over_range_width_ge_1,2H,BOTH,step11_individuals,logistic,platt,validation,838,714,0.8520286396181385,0.11595842739978345,0.08079862647542724,0.3833564575438195,0.7211529773199602,0.9250011474918184,0.016096003688853958,-0.05929257207441352,1.032358107421374
realized_over_range_width_ge_1,2H,BOTH,step11_individuals,tree_depth2,platt,validation,838,714,0.8520286396181385,0.11929517983670136,0.054348220999057895,0.39679420784190417,0.6486513960422878,0.8969436877830091,0.010084921555367343,-0.008841867296746417,1.00475927358916
realized_over_range_width_ge_1,2H,BOTH,step11_individuals,boosted_stumps,platt,validation,838,714,0.8520286396181385,0.123948960836272,0.01745774237830444,0.4109989153391484,0.6432637571157496,0.8916323315863971,0.003089011670094899,-0.03897135185404199,1.0221371085069302
realized_over_range_width_ge_1,2H,BOTH,step12_interactions,logistic,platt,validation,838,714,0.8520286396181385,0.11904245430445888,0.05635157393830659,0.39413225293236936,0.6730143670371375,0.9124320974637322,0.008955841442814057,-0.020025996183809503,1.010826552021763
realized_over_range_width_ge_1,2H,BOTH,step12_interactions,tree_depth2,platt,validation,838,714,0.8520286396181385,0.12141193721753347,0.03756870496465192,0.403524039432709,0.6177035330261137,0.8739390259958383,0.011846179208983381,-0.03435441512215454,1.0190729488783323
realized_over_range_width_ge_1,2H,BOTH,step12_interactions,boosted_stumps,platt,validation,838,714,0.8520286396181385,0.12607583697382418,0.0005980150536628592,0.4191740086416847,0.4944994126682931,0.8544729164364703,9.231541153620348e-06,,
realized_over_range_width_ge_1,2H,BOTH,all_step13,logistic,platt,validation,838,714,0.8520286396181385,0.11664859889999885,0.07532764342407638,0.38598616180235135,0.7049561760187946,0.9206500028526018,0.005628181737497397,-0.03832736550041507,1.0206739911782456
realized_over_range_width_ge_1,2H,BOTH,all_step13,tree_depth2,platt,validation,838,714,0.8520286396181385,0.11929517983670136,0.054348220999057895,0.39679420784190417,0.6486513960422878,0.8969436877830091,0.010084921555367343,-0.008841867296746417,1.00475927358916
realized_over_range_width_ge_1,2H,BOTH,all_step13,boosted_stumps,platt,validation,838,714,0.8520286396181385,0.123948960836272,0.01745774237830444,0.4109989153391484,0.6432637571157496,0.8916323315863971,0.003089011670094899,-0.03897135185404199,1.0221371085069302
realized_over_range_width_ge_1,2H,BOTH,compact_deredundant,logistic,platt,validation,838,714,0.8520286396181385,0.11662152881509834,0.07554222773484998,0.3848753720043369,0.7136532032167706,0.9227124003463788,0.014704000124425496,-0.04818514541921813,1.0261193170694458
realized_over_range_width_ge_1,2H,BOTH,compact_deredundant,tree_depth2,platt,validation,838,714,0.8520286396181385,0.11847419435950068,0.06085616522707693,0.39242201917202396,0.6617872955633867,0.9099742821001066,0.008873885969821473,-0.03239165533822206,1.0178888237738317
realized_over_range_width_ge_1,2H,BOTH,compact_deredundant,boosted_stumps,platt,validation,838,714,0.8520286396181385,0.1240369073761591,0.016760590976084733,0.4112992549915407,0.6539938556067588,0.8881674826176,0.0029198469757936163,-0.036791460674448453,1.0208987484602563
realized_over_range_width_ge_1,4H,BOTH,step11_individuals,logistic,platt,validation,834,707,0.8477218225419664,0.12158958687525064,0.058826259804484415,0.400383964060151,0.685317800621457,0.9085871806050019,0.0177790274117225,0.0005231221375644723,0.9996432766196756
realized_over_range_width_ge_1,4H,BOTH,step11_individuals,tree_depth2,platt,validation,834,707,0.8477218225419664,0.12155903315057658,0.05906276330834026,0.3989737592601365,0.693648442459544,0.9075887872007818,0.008320318701355996,0.05044565965524328,0.9737906072319732
realized_over_range_width_ge_1,4H,BOTH,step11_individuals,boosted_stumps,platt,validation,834,707,0.8477218225419664,0.12703514856465647,0.01667446215143442,0.41882191184514034,0.6803060508525544,0.9036678583428179,0.00305857511712182,-0.038328700012445406,1.0220844445663058
realized_over_range_width_ge_1,4H,BOTH,step12_interactions,logistic,platt,validation,834,707,0.8477218225419664,0.12327097930798335,0.045811309714431925,0.4100277710454663,0.644945371927519,0.8948212619155073,0.014389017189458552,0.06788363771016093,0.9635586035293816
realized_over_range_width_ge_1,4H,BOTH,step12_interactions,tree_depth2,platt,validation,834,707,0.8477218225419664,0.12414669863769462,0.03903273551176201,0.41063254292098533,0.6460813685418035,0.8481352912386674,0.0026213184691325827,-0.009622060332634772,1.0052798812026058
realized_over_range_width_ge_1,4H,BOTH,step12_interactions,boosted_stumps,platt,validation,834,707,0.8477218225419664,0.1290895342380455,0.0007723286076185554,0.42664054814540875,0.5381505529630578,0.8272410811728655,1.0485814391558712e-05,,
realized_over_range_width_ge_1,4H,BOTH,all_step13,logistic,platt,validation,834,707,0.8477218225419664,0.12152019094270362,0.05936342446692078,0.4022496031455725,0.6827562396284623,0.9029578381154885,0.008604739145686213,0.03663057117915379,0.9804732311298775
realized_over_range_width_ge_1,4H,BOTH,all_step13,tree_depth2,platt,validation,834,707,0.8477218225419664,0.12155903315057658,0.05906276330834026,0.3989737592601365,0.693648442459544,0.9075887872007818,0.008320318701355996,0.05044565965524328,0.9737906072319732
realized_over_range_width_ge_1,4H,BOTH,all_step13,boosted_stumps,platt,validation,834,707,0.8477218225419664,0.12703514856465647,0.01667446215143442,0.41882191184514034,0.6803060508525544,0.9036678583428179,0.00305857511712182,-0.038328700012445406,1.0220844445663058
realized_over_range_width_ge_1,4H,BOTH,compact_deredundant,logistic,platt,validation,834,707,0.8477218225419664,0.12129559442473416,0.06110193144177456,0.4005729903819403,0.6833242379356046,0.9068052810774988,0.005972017064614645,0.02460583771556286,0.986714485075487
realized_over_range_width_ge_1,4H,BOTH,compact_deredundant,tree_depth2,platt,validation,834,707,0.8477218225419664,0.1217539088446294,0.05755431270365918,0.3994347211798185,0.6920780941986212,0.9075632238201501,0.008706231823291936,0.050555396224567756,0.9736965164259961
realized_over_range_width_ge_1,4H,BOTH,compact_deredundant,boosted_stumps,platt,validation,834,707,0.8477218225419664,0.1269088157715545,0.0176523510516996,0.4183346078727034,0.6916882914388177,0.8949880672919431,0.0032669362051245265,-0.04099669615354644,1.0236237347419066
realized_over_range_width_ge_1,8H,BOTH,step11_individuals,logistic,platt,validation,826,695,0.8414043583535109,0.1214713945136902,0.09383127455803597,0.40213181976899,0.7007633587786259,0.8880485944982681,0.0388358747656834,-0.057125259290522,1.0312913688424263
realized_over_range_width_ge_1,8H,BOTH,step11_individuals,tree_depth2,platt,validation,826,695,0.8414043583535109,0.1197286258595693,0.10683221569621448,0.3921410223303517,0.7008072930968202,0.9082138500243653,0.034305168739547885,-0.04749571102045651,1.0243957496774918
realized_over_range_width_ge_1,8H,BOTH,step11_individuals,boosted_stumps,platt,validation,826,695,0.8414043583535109,0.13058922535845177,0.025812847763225233,0.4275725397178097,0.5944423087484211,0.8687965410016566,0.040580792717668096,-0.04862463752700863,1.0284542964202763
realized_over_range_width_ge_1,8H,BOTH,step12_interactions,logistic,platt,validation,826,695,0.8414043583535109,0.12131145934003075,0.09502438058146268,0.4049697720801104,0.655445109561206,0.8933147231142511,0.017458750093818545,-0.00010884640928914033,0.9999911986116959
realized_over_range_width_ge_1,8H,BOTH,step12_interactions,tree_depth2,platt,validation,826,695,0.8414043583535109,0.12031094185163753,0.10248817615958539,0.39795327389024104,0.6521720028557307,0.8871764698265173,0.012391707227766984,-0.06157690708842052,1.0335995464496357
realized_over_range_width_ge_1,8H,BOTH,step12_interactions,boosted_stumps,platt,validation,826,695,0.8414043583535109,0.13344306430116895,0.004523394326949592,0.43733377911945087,0.49848975781207094,0.8411208231684334,1.428080677212673e-05,,
realized_over_range_width_ge_1,8H,BOTH,all_step13,logistic,platt,validation,826,695,0.8414043583535109,0.12109595736262956,0.09663201135719934,0.4022982277058708,0.6947333736064584,0.885576858466109,0.02602831207703219,-0.04213782706257387,1.0227967197259313
realized_over_range_width_ge_1,8H,BOTH,all_step13,tree_depth2,platt,validation,826,695,0.8414043583535109,0.1197286258595693,0.10683221569621448,0.3921410223303517,0.7008072930968202,0.9082138500243653,0.034305168739547885,-0.04749571102045651,1.0243957496774918
realized_over_range_width_ge_1,8H,BOTH,all_step13,boosted_stumps,platt,validation,826,695,0.8414043583535109,0.13058922535845177,0.025812847763225233,0.4275725397178097,0.5944423087484211,0.8687965410016566,0.040580792717668096,-0.04862463752700863,1.0284542964202763
realized_over_range_width_ge_1,8H,BOTH,compact_deredundant,logistic,platt,validation,826,695,0.8414043583535109,0.121067562313069,0.09684383658545292,0.40222360827447967,0.697764841561865,0.8854454726286513,0.0346274054712416,-0.039277047487964054,1.0212267678155784
realized_over_range_width_ge_1,8H,BOTH,compact_deredundant,tree_depth2,platt,validation,826,695,0.8414043583535109,0.11840052077817993,0.11673979347346608,0.3890967726610676,0.7032456477566039,0.9083018220450998,0.0288900140956748,-0.11606020505449419,1.0630276557657117
realized_over_range_width_ge_1,8H,BOTH,compact_deredundant,boosted_stumps,platt,validation,826,695,0.8414043583535109,0.1304057648097137,0.02718145155907714,0.4268542237501726,0.6061508045472019,0.8784250178117569,0.04607985971002003,-0.0524393932921593,1.0307154486829702
realized_over_range_width_ge_1,12H,BOTH,step11_individuals,logistic,platt,validation,818,684,0.8361858190709046,0.11896613705338897,0.1410461723269164,0.3974777082219951,0.7272300776817666,0.8906343232321865,0.03445305093060139,-0.08813702044903296,1.048430421651655
realized_over_range_width_ge_1,12H,BOTH,step11_individuals,tree_depth2,platt,validation,818,684,0.8361858190709046,0.12597340187321132,0.09045264136436859,0.41194826914769456,0.6722091297896482,0.8996892634016249,0.012610911408709916,0.0025852513049121127,0.9986441191938739
realized_over_range_width_ge_1,12H,BOTH,step11_individuals,boosted_stumps,platt,validation,818,684,0.8361858190709046,0.13341040077665717,0.036756364148537446,0.4339091756423936,0.6169372436065288,0.8559065118789707,0.0530693723374792,-0.0616003225707307,1.0366064908359693
realized_over_range_width_ge_1,12H,BOTH,step12_interactions,logistic,platt,validation,818,684,0.8361858190709046,0.12570913015053137,0.09236072389410421,0.417013059607808,0.6508139128916819,0.8743123598168184,0.022134053916012537,0.015595328897407787,0.9914734650819562
realized_over_range_width_ge_1,12H,BOTH,step12_interactions,tree_depth2,platt,validation,818,684,0.8361858190709046,0.12371178305696592,0.10678187745681766,0.40689504311920405,0.6416928515318147,0.8679951985795262,0.014633961214639914,-0.0711874910164615,1.039529533248016
realized_over_range_width_ge_1,12H,BOTH,step12_interactions,boosted_stumps,platt,validation,818,684,0.8361858190709046,0.1369790951898166,0.01098984098570499,0.44594088373409846,0.490082482325216,0.8202165567273656,1.1584110026108263e-05,,
realized_over_range_width_ge_1,12H,BOTH,all_step13,logistic,platt,validation,818,684,0.8361858190709046,0.11933937302038673,0.1383513511751283,0.40033236504624925,0.7222004015012656,0.8872393963690102,0.043705626346474416,-0.0742001670221875,1.0407336284906845
realized_over_range_width_ge_1,12H,BOTH,all_step13,tree_depth2,platt,validation,818,684,0.8361858190709046,0.12597340187321132,0.09045264136436859,0.41194826914769456,0.6722091297896482,0.8996892634016249,0.012610911408709916,0.0025852513049121127,0.9986441191938739
realized_over_range_width_ge_1,12H,BOTH,all_step13,boosted_stumps,platt,validation,818,684,0.8361858190709046,0.13341040077665717,0.036756364148537446,0.4339091756423936,0.6169372436065288,0.8559065118789707,0.0530693723374792,-0.0616003225707307,1.0366064908359693
realized_over_range_width_ge_1,12H,BOTH,compact_deredundant,logistic,platt,validation,818,684,0.8361858190709046,0.11931457363726719,0.13853040653980664,0.4002222935969179,0.7229313956533124,0.8865546143125722,0.047605629778291775,-0.0736372736325601,1.0405220897137977
realized_over_range_width_ge_1,12H,BOTH,compact_deredundant,tree_depth2,platt,validation,818,684,0.8361858190709046,0.12273478792731357,0.11383593272849757,0.3999002844781189,0.7001832940560356,0.9137896114689094,0.010213014005895691,-0.067932896491863,1.036651075643488
realized_over_range_width_ge_1,12H,BOTH,compact_deredundant,boosted_stumps,platt,validation,818,684,0.8361858190709046,0.13341040077665717,0.036756364148537446,0.4339091756423936,0.6169372436065288,0.8559065118789707,0.0530693723374792,-0.0616003225707307,1.0366064908359693
realized_over_range_width_ge_1,24H,BOTH,step11_individuals,logistic,platt,validation,794,703,0.8853904282115869,0.07682922513715025,0.2444238173586717,0.2591445645809439,0.8737905053694527,0.9811336719341208,0.021117043648876215,-0.19923535940536344,1.0921286618964368
realized_over_range_width_ge_1,24H,BOTH,step11_individuals,tree_depth2,platt,validation,794,703,0.8853904282115869,0.07933053920873533,0.21982467120795213,0.2807952762323051,0.7647601331811859,0.9620553473324327,0.014770280443513188,-0.07008501849378344,1.0289612191619164
realized_over_range_width_ge_1,24H,BOTH,step11_individuals,boosted_stumps,platt,validation,794,703,0.8853904282115869,0.09752784283845292,0.040863485716849834,0.3379753126048777,0.7600081284291811,0.9551845342385612,0.0065449077995684,-0.08333711008944261,1.0402730127933066
realized_over_range_width_ge_1,24H,BOTH,step12_interactions,logistic,platt,validation,794,703,0.8853904282115869,0.08385927181327742,0.17528689944942066,0.28278758856424085,0.803557750926172,0.9695740341259773,0.020495143051781475,-0.09610826059428831,1.0448208069723937
realized_over_range_width_ge_1,24H,BOTH,step12_interactions,tree_depth2,platt,validation,794,703,0.8853904282115869,0.08469888166920618,0.16702976541327452,0.29522972829727545,0.7189595610648242,0.944329464599554,0.016373179946431428,-0.09202824267128641,1.0411757525943548
realized_over_range_width_ge_1,24H,BOTH,step12_interactions,boosted_stumps,platt,validation,794,703,0.8853904282115869,0.10147421792501897,0.002052902662607936,0.35604553969222424,0.4520031888452941,0.9054941404347623,9.062520125335816e-06,,
realized_over_range_width_ge_1,24H,BOTH,all_step13,logistic,platt,validation,794,703,0.8853904282115869,0.07683017521455623,0.24441447383271075,0.2581782681141698,0.8761665077454551,0.9816503046628596,0.02546514303082938,-0.2029182238537382,1.094570818449943
realized_over_range_width_ge_1,24H,BOTH,all_step13,tree_depth2,platt,validation,794,703,0.8853904282115869,0.07933053920873533,0.21982467120795213,0.2807952762323051,0.7647601331811859,0.9620553473324327,0.014770280443513188,-0.07008501849378344,1.0289612191619164
realized_over_range_width_ge_1,24H,BOTH,all_step13,boosted_stumps,platt,validation,794,703,0.8853904282115869,0.09752784283845292,0.040863485716849834,0.3379753126048777,0.7600081284291811,0.9551845342385612,0.0065449077995684,-0.08333711008944261,1.0402730127933066
realized_over_range_width_ge_1,24H,BOTH,compact_deredundant,logistic,platt,validation,794,703,0.8853904282115869,0.07590377517392681,0.25352514500046,0.25541669966332103,0.8814812499023026,0.9823953715144271,0.025786800849961745,-0.22303560316509743,1.105408536425075
realized_over_range_width_ge_1,24H,BOTH,compact_deredundant,tree_depth2,platt,validation,794,703,0.8853904282115869,0.07877872993289457,0.22525143355576382,0.2796288967032902,0.7658074500179763,0.9621131437927183,0.017193668050234142,-0.09770296176781187,1.041704652865258
realized_over_range_width_ge_1,24H,BOTH,compact_deredundant,boosted_stumps,platt,validation,794,703,0.8853904282115869,0.09741670078144152,0.04195651107299092,0.33765174834504524,0.7399684241789505,0.9538322666542712,0.006658304090260692,-0.084841951690757,1.0410063164175443
oscillatory_path,1H,GRID,step11_individuals,logistic,platt,validation,840,383,0.45595238095238094,0.24746229329580077,0.004044932574417293,0.6880759214683257,0.5332998154612612,0.4900760631275519,0.0041117591004875415,0.0002051792593541159,0.98870928410717
oscillatory_path,1H,GRID,step11_individuals,tree_depth2,platt,validation,840,383,0.45595238095238094,0.24884604044044012,-0.0015241986349661119,0.6908286070893662,0.5249127297450166,0.47060678221146324,0.0038848092754126882,-0.011827060307390454,0.9317842545119137
oscillatory_path,1H,GRID,step11_individuals,boosted_stumps,platt,validation,840,383,0.45595238095238094,0.24799420290957372,0.0019041697608426222,0.689129744172845,0.5114636835760522,0.47302861510487626,0.0007345025246674464,0.0028121128771442776,0.9999653166590737
oscillatory_path,1H,GRID,step12_interactions,logistic,platt,validation,840,383,0.45595238095238094,0.24837935787310955,0.0003540465781599611,0.6899153198223771,0.49864881078209006,0.4675819035217541,0.00041826687786339356,-0.0009866724639947789,0.9790237216242903
oscillatory_path,1H,GRID,step12_interactions,tree_depth2,platt,validation,840,383,0.45595238095238094,0.24802806291699284,0.001767894268027148,0.6891978585696392,0.5024824174003463,0.4630853400395214,0.0007573529183637628,0.0028429475643079205,0.9995109137208223
oscillatory_path,1H,GRID,step12_interactions,boosted_stumps,platt,validation,840,383,0.45595238095238094,0.24806033777702774,0.001637998476736624,0.6892628298219593,0.5003056601402037,0.455812925892596,0.0007283685824622799,,
oscillatory_path,1H,GRID,all_step13,logistic,platt,validation,840,383,0.45595238095238094,0.24812494443587113,0.0013779777341518251,0.6894301292766418,0.5230216361673075,0.48495420952053986,0.006389957567956988,-0.0042289313389941114,0.9651569269997886
oscillatory_path,1H,GRID,all_step13,tree_depth2,platt,validation,840,383,0.45595238095238094,0.24884604044044012,-0.0015241986349661119,0.6908286070893662,0.5249127297450166,0.47060678221146324,0.0038848092754126882,-0.011827060307390454,0.9317842545119137
oscillatory_path,1H,GRID,all_step13,boosted_stumps,platt,validation,840,383,0.45595238095238094,0.24799420290957372,0.0019041697608426222,0.689129744172845,0.5114636835760522,0.47302861510487626,0.0007345025246674464,0.0028121128771442776,0.9999653166590737
oscillatory_path,1H,GRID,compact_deredundant,logistic,platt,validation,840,383,0.45595238095238094,0.24759034909579022,0.0035295497206736526,0.6883403047505635,0.5262667755997509,0.49014443825972276,0.0018416714941184124,-0.0006191095447768173,0.982684626758154
oscillatory_path,1H,GRID,compact_deredundant,tree_depth2,platt,validation,840,383,0.45595238095238094,0.2468451549894731,0.006528713094283267,0.6868071756168281,0.5337054578903165,0.47429734651805117,0.001479124207898975,0.0022504655952834346,0.998830066303541
oscillatory_path,1H,GRID,compact_deredundant,boosted_stumps,platt,validation,840,383,0.45595238095238094,0.24801584838893198,0.0018170537620106897,0.689173914806339,0.5102353297415886,0.4894949736595781,0.0007202329296241983,0.0026566591892920907,0.9991551763152022
oscillatory_path,2H,GRID,step11_individuals,logistic,platt,validation,838,393,0.46897374701670647,0.24914841947628075,0.006325655865866198,0.6914591139003959,0.5031592189152871,0.5013809186595058,0.0010058706756165825,0.0022992477058480106,0.982458495655776
oscillatory_path,2H,GRID,step11_individuals,tree_depth2,platt,validation,838,393,0.46897374701670647,0.24962763982143982,0.004414389628766946,0.6924152292916755,0.4987506075420991,0.4992096507178368,0.00024818837478790545,-0.002906059640555089,0.9556586514503854
oscillatory_path,2H,GRID,step11_individuals,boosted_stumps,platt,validation,838,393,0.46897374701670647,0.24904739853500646,0.006728555943561032,0.6912409991729789,0.4806015381536438,0.49086780887215303,0.0013313202056002837,0.004945208083127889,0.9982751719854522
oscillatory_path,2H,GRID,step12_interactions,logistic,platt,validation,838,393,0.46897374701670647,0.247870135190287,0.01142381503609824,0.6888890506776032,0.5363238699716957,0.5139893414755389,0.00148284884466926,0.006428488090756666,1.0081060584109434
oscillatory_path,2H,GRID,step12_interactions,tree_depth2,platt,validation,838,393,0.46897374701670647,0.24902808550141411,0.006805581782330039,0.6912020477582937,0.46862795551362324,0.5015567933524879,0.0014058908022682726,0.0053399473226871975,0.9994962177087607
oscillatory_path,2H,GRID,step12_interactions,boosted_stumps,platt,validation,838,393,0.46897374701670647,0.2490393158029278,0.006760792164500984,0.6912245906706418,0.4544186179489379,0.5129826084316128,0.0013943375169614969,,
oscillatory_path,2H,GRID,all_step13,logistic,platt,validation,838,393,0.46897374701670647,0.24869642063171254,0.00812835506167009,0.6905622670059621,0.5160534065242874,0.5002510847747379,0.0008147260834392841,0.0011097203167555764,0.9771524745752581
oscillatory_path,2H,GRID,all_step13,tree_depth2,platt,validation,838,393,0.46897374701670647,0.24962763982143982,0.004414389628766946,0.6924152292916755,0.4987506075420991,0.4992096507178368,0.00024818837478790545,-0.002906059640555089,0.9556586514503854
oscillatory_path,2H,GRID,all_step13,boosted_stumps,platt,validation,838,393,0.46897374701670647,0.24904739853500646,0.006728555943561032,0.6912409991729789,0.4806015381536438,0.49086780887215303,0.0013313202056002837,0.004945208083127889,0.9982751719854522
oscillatory_path,2H,GRID,compact_deredundant,logistic,platt,validation,838,393,0.46897374701670647,0.24864462561530948,0.008334928232240135,0.6904502515060699,0.5166995454155588,0.5080011913333052,0.001233495893592007,0.004134161534341469,0.9932957168045391
oscillatory_path,2H,GRID,compact_deredundant,tree_depth2,platt,validation,838,393,0.46897374701670647,0.24951074531012282,0.00488059799207885,0.6921793192092311,0.5007919489950539,0.5015646916311022,0.0003206610815696398,-0.0024850093494455903,0.9574073486628142
oscillatory_path,2H,GRID,compact_deredundant,boosted_stumps,platt,validation,838,393,0.46897374701670647,0.24904739853500646,0.006728555943561032,0.6912409991729789,0.4806015381536438,0.49086780887215303,0.0013313202056002837,0.004945208083127889,0.9982751719854522
oscillatory_path,4H,GRID,step11_individuals,logistic,platt,validation,834,360,0.4316546762589928,0.2451032360955524,0.0015360448374994728,0.6833417987395239,0.5134435067979372,0.46046163522523664,0.006809463515320991,-0.0042546205551557085,0.9897850068464449
oscillatory_path,4H,GRID,step11_individuals,tree_depth2,platt,validation,834,360,0.4316546762589928,0.24608260852234234,-0.002453572282237637,0.6853651057570994,0.4856833098921707,0.4580068669796678,0.012388491184571894,-0.012714303287574573,0.959081467292113
oscillatory_path,4H,GRID,step11_individuals,boosted_stumps,platt,validation,834,360,0.4316546762589928,0.24527083029524543,0.0008533253020358567,0.6836574713908681,0.5030239099859353,0.4684064555464787,0.0004788106828647054,-0.001600156798317977,1.0012719444488885
oscillatory_path,4H,GRID,step12_interactions,logistic,platt,validation,834,360,0.4316546762589928,0.2472773500271207,-0.007320526906177127,0.6878709898535498,0.48366736990154713,0.46461997914004066,0.051043967039977725,-0.021447440863405207,0.9244393788434271
oscillatory_path,4H,GRID,step12_interactions,tree_depth2,platt,validation,834,360,0.4316546762589928,0.24535051775413558,0.0005287067590588057,0.683820337425764,0.454676511954993,0.4821925517782172,0.000586268121700928,-0.0026679546515026276,0.9978097289484562
oscillatory_path,4H,GRID,step12_interactions,boosted_stumps,platt,validation,834,360,0.4316546762589928,0.24532914466425199,0.0006157731731917249,0.6837761668330525,0.4514240506329114,0.4717789913803131,0.00047743220987811474,,
oscillatory_path,4H,GRID,all_step13,logistic,platt,validation,834,360,0.4316546762589928,0.24771385717349942,-0.009098702742501352,0.6888136321182309,0.49185419596812,0.45638936910216976,0.05753049607172108,-0.02706672891582446,0.904507529395465
oscillatory_path,4H,GRID,all_step13,tree_depth2,platt,validation,834,360,0.4316546762589928,0.24608260852234234,-0.002453572282237637,0.6853651057570994,0.4856833098921707,0.4580068669796678,0.012388491184571894,-0.012714303287574573,0.959081467292113
oscillatory_path,4H,GRID,all_step13,boosted_stumps,platt,validation,834,360,0.4316546762589928,0.24527083029524543,0.0008533253020358567,0.6836574713908681,0.5030239099859353,0.4684064555464787,0.0004788106828647054,-0.001600156798317977,1.0012719444488885
oscillatory_path,4H,GRID,compact_deredundant,logistic,platt,validation,834,360,0.4316546762589928,0.24672051703805584,-0.0050521861144223745,0.6867481691870112,0.5013595874355368,0.467256781920014,0.05012357554801951,-0.018293206269419354,0.93546630020882
oscillatory_path,4H,GRID,compact_deredundant,tree_depth2,platt,validation,834,360,0.4316546762589928,0.247220945584605,-0.007090755142816985,0.687650220833372,0.46673699015471165,0.45308140620628773,0.03974675601495632,-0.018399378056638868,0.9386098275697718
oscillatory_path,4H,GRID,compact_deredundant,boosted_stumps,platt,validation,834,360,0.4316546762589928,0.24538188828235788,0.000400914314604206,0.6838834567254989,0.48303445850914206,0.4391305290939082,0.0005354237238254789,-0.002277777892368747,0.9988387227463766
oscillatory_path,8H,GRID,step11_individuals,logistic,platt,validation,826,368,0.44552058111380144,0.2446703331178687,0.009642469638924345,0.6824230199397294,0.5662675621796089,0.5087277442248523,0.006280358716682094,0.013147463495783478,1.0387982732572716
oscillatory_path,8H,GRID,step11_individuals,tree_depth2,platt,validation,826,368,0.44552058111380144,0.24736870212960405,-0.0012797784179239269,0.6878763052332119,0.49346164799696224,0.46594255791410755,2.6452681344824036e-06,-0.0041469356266034645,0.9727583925506822
oscillatory_path,8H,GRID,step11_individuals,boosted_stumps,platt,validation,826,368,0.44552058111380144,0.24696119718945156,0.0003696883604816792,0.6870564482097954,0.48314980064552876,0.47333284345210874,0.00029438268946363477,0.0011103829078292682,0.9998715693606685
oscillatory_path,8H,GRID,step12_interactions,logistic,platt,validation,826,368,0.44552058111380144,0.2496001299444605,-0.010311978242639297,0.6925204162131839,0.48949235807860264,0.4346310998986764,0.03288857035933855,-0.026022115640180688,0.8883131476133999
oscillatory_path,8H,GRID,step12_interactions,tree_depth2,platt,validation,826,368,0.44552058111380144,0.24661194615908016,0.001783359497096515,0.6863521825183396,0.4932717865957851,0.48819209449542433,0.0003668516948423517,0.0025265641481062298,1.0073251563545418
oscillatory_path,8H,GRID,step12_interactions,boosted_stumps,platt,validation,826,368,0.44552058111380144,0.2470320219347119,8.300946929507003e-05,0.6871994235740113,0.4704765521169546,0.4840196314894425,0.00017034344619931696,,
oscillatory_path,8H,GRID,all_step13,logistic,platt,validation,826,368,0.44552058111380144,0.24820612222817612,-0.004669422311926574,0.6897155785825007,0.5145243971900513,0.47005335852542784,0.028233190829799436,-0.01790716633965457,0.919424348682646
oscillatory_path,8H,GRID,all_step13,tree_depth2,platt,validation,826,368,0.44552058111380144,0.24736870212960405,-0.0012797784179239269,0.6878763052332119,0.49346164799696224,0.46594255791410755,2.6452681344824036e-06,-0.0041469356266034645,0.9727583925506822
oscillatory_path,8H,GRID,all_step13,boosted_stumps,platt,validation,826,368,0.44552058111380144,0.24696119718945156,0.0003696883604816792,0.6870564482097954,0.48314980064552876,0.47333284345210874,0.00029438268946363477,0.0011103829078292682,0.9998715693606685
oscillatory_path,8H,GRID,compact_deredundant,logistic,platt,validation,826,368,0.44552058111380144,0.2482337270399522,-0.004781158920399875,0.6897935526204577,0.5177757736852098,0.47798176425116184,0.029380369003284616,-0.017591073693328275,0.9202638905453489
oscillatory_path,8H,GRID,compact_deredundant,tree_depth2,platt,validation,826,368,0.44552058111380144,0.24616950221773112,0.003574249645051486,0.6854564880936542,0.5043549458895007,0.4935866842848235,0.006109310748505868,0.0006387196805691724,0.9934492592186221
oscillatory_path,8H,GRID,compact_deredundant,boosted_stumps,platt,validation,826,368,0.44552058111380144,0.246912349567173,0.0005674099638625085,0.6869579253856543,0.47480776533130814,0.47629063495539925,0.00033143231479249025,0.0015370681904540184,1.001737278709912
oscillatory_path,12H,GRID,step11_individuals,logistic,platt,validation,818,343,0.4193154034229829,0.2445225340523323,-0.003696885414575357,0.6822373428827224,0.5023845327604726,0.4241728616165691,0.019716766041812064,-0.013340815811909238,0.9598730890214288
oscillatory_path,12H,GRID,step11_individuals,tree_depth2,platt,validation,818,343,0.4193154034229829,0.24199617607399854,0.006673110316587572,0.6770046515196834,0.5314960871566672,0.4495677859958376,0.009562541374424109,-0.002258904976236419,0.9985470256033103
oscillatory_path,12H,GRID,step11_individuals,boosted_stumps,platt,validation,818,343,0.4193154034229829,0.24379531472884228,-0.0007118526738136843,0.6806957205608045,0.47747736688660425,0.42527730222842836,0.0005842809090194079,-0.004096900605766192,0.9917436986830916
oscillatory_path,12H,GRID,step12_interactions,logistic,platt,validation,818,343,0.4193154034229829,0.24334361092509169,0.0011422656090327443,0.6798161041508962,0.5241736995550099,0.4404288025653162,0.00501417577164963,-0.017902866684088255,0.9485932184039094
oscillatory_path,12H,GRID,step12_interactions,tree_depth2,platt,validation,818,343,0.4193154034229829,0.24363788171771497,-6.563401939674307e-05,0.6803698944739869,0.48988798526929567,0.4206887240236394,0.0005174122555158811,-0.0037558950647914213,0.9921286732640577
oscillatory_path,12H,GRID,step12_interactions,boosted_stumps,platt,validation,818,343,0.4193154034229829,0.24349017223109914,0.0005406722755917359,0.6800704305916434,0.49891054166027315,0.4155853355490732,0.00041994749085932925,,
oscillatory_path,12H,GRID,all_step13,logistic,platt,validation,818,343,0.4193154034229829,0.2441009477051552,-0.001966390901115167,0.6813837109141702,0.5213564523553782,0.44184324223446847,0.013394829941892993,-0.02517909623344476,0.9259704322136233
oscillatory_path,12H,GRID,all_step13,tree_depth2,platt,validation,818,343,0.4193154034229829,0.24199617607399854,0.006673110316587572,0.6770046515196834,0.5314960871566672,0.4495677859958376,0.009562541374424109,-0.002258904976236419,0.9985470256033103
oscillatory_path,12H,GRID,all_step13,boosted_stumps,platt,validation,818,343,0.4193154034229829,0.24379531472884228,-0.0007118526738136843,0.6806957205608045,0.47747736688660425,0.42527730222842836,0.0005842809090194079,-0.004096900605766192,0.9917436986830916
oscillatory_path,12H,GRID,compact_deredundant,logistic,platt,validation,818,343,0.4193154034229829,0.246596812409575,-0.012211220237401177,0.6864846476032317,0.4735000767224183,0.41042126187271594,0.02073898912348184,-0.03764259441312568,0.8879752339298476
oscillatory_path,12H,GRID,compact_deredundant,tree_depth2,platt,validation,818,343,0.4193154034229829,0.24390374447982988,-0.0011569265962410036,0.6808722693799265,0.5193432560994322,0.4284055043529332,0.011146387276649884,-0.01634010421261118,0.9547049514602808
oscillatory_path,12H,GRID,compact_deredundant,boosted_stumps,platt,validation,818,343,0.4193154034229829,0.24387265002407993,-0.0010292925173991385,0.6808523930137448,0.4829891054166027,0.4172762591908066,0.0006593553754141723,-0.0049222933084184005,0.9893366429180586
oscillatory_path,24H,GRID,step11_individuals,logistic,platt,validation,794,255,0.3211586901763224,0.21968461591188754,0.051923148679101416,0.6311759999473802,0.4811961148095602,0.3096019361875241,0.008861690741416413,-0.05759167667110683,0.9542713019419339
oscillatory_path,24H,GRID,step11_individuals,tree_depth2,platt,validation,794,255,0.3211586901763224,0.2237607913177201,0.03433189620039612,0.6408298393496685,0.4463458110516934,0.28751942863167496,0.010268619538136181,-0.1049859332981545,0.8661250992293241
oscillatory_path,24H,GRID,step11_individuals,boosted_stumps,platt,validation,794,255,0.3211586901763224,0.21997290016280113,0.050679021393460255,0.6321606560599792,0.4549019607843137,0.28764020648672867,0.007627951156238322,-0.04922274850964016,0.9615283213093063
oscillatory_path,24H,GRID,step12_interactions,logistic,platt,validation,794,255,0.3211586901763224,0.2230872891377828,0.037238480366347915,0.6388077679879358,0.4906035141329259,0.3122814241913168,0.029589782849195008,-0.1050147141096358,0.8694665413849966
oscillatory_path,24H,GRID,step12_interactions,tree_depth2,platt,validation,794,255,0.3211586901763224,0.217712811999784,0.060432718803752894,0.6270238440264908,0.524471606824548,0.3147464038780713,0.005976737234280438,-0.02029016851445994,1.007554405637598
oscillatory_path,24H,GRID,step12_interactions,boosted_stumps,platt,validation,794,255,0.3211586901763224,0.2180463716541038,0.05899319976650719,0.6278094917300518,0.5239768634726618,0.2997850991910169,0.005530438820960604,,
oscillatory_path,24H,GRID,all_step13,logistic,platt,validation,794,255,0.3211586901763224,0.22289713222569196,0.03805912666296574,0.6383246084188624,0.4744224962712358,0.29765455483547676,0.0328388303514873,-0.09768362605114563,0.8799037788735399
oscillatory_path,24H,GRID,all_step13,tree_depth2,platt,validation,794,255,0.3211586901763224,0.2237607913177201,0.03433189620039612,0.6408298393496685,0.4463458110516934,0.28751942863167496,0.010268619538136181,-0.1049859332981545,0.8661250992293241
oscillatory_path,24H,GRID,all_step13,boosted_stumps,platt,validation,794,255,0.3211586901763224,0.21997290016280113,0.050679021393460255,0.6321606560599792,0.4549019607843137,0.28764020648672867,0.007627951156238322,-0.04922274850964016,0.9615283213093063
oscillatory_path,24H,GRID,compact_deredundant,logistic,platt,validation,794,255,0.3211586901763224,0.22322669031602593,0.03663687688314288,0.6392726801405265,0.46548801338717305,0.3045735500572221,0.02897939553166396,-0.10205780683812338,0.8727250555509913
oscillatory_path,24H,GRID,compact_deredundant,tree_depth2,platt,validation,794,255,0.3211586901763224,0.22118830352196978,0.0454337938882825,0.6356034016495251,0.506311615555313,0.32623646205090007,0.010117204927586498,-0.09381093055603595,0.888460369596447
oscillatory_path,24H,GRID,compact_deredundant,boosted_stumps,platt,validation,794,255,0.3211586901763224,0.21915468863049625,0.05421011714198187,0.6303704614911783,0.5000472916439302,0.3124460039024913,0.00733873366308202,-0.04116236110385722,0.9758490708988805
trend_efficiency_high,1H,GRID,step11_individuals,logistic,platt,validation,840,128,0.1523809523809524,0.12944429716921566,-0.001118804864528311,0.4278883589542135,0.514209533005618,0.15766552187438088,0.008780589282165803,-0.013739338227966979,0.9920038207256823
trend_efficiency_high,1H,GRID,step11_individuals,tree_depth2,platt,validation,840,128,0.1523809523809524,0.12982146845298037,-0.00403583769709992,0.4307343716587702,0.545997191011236,0.15427566409720794,0.004579171678898181,-0.05470454613529403,0.9681352299763292
trend_efficiency_high,1H,GRID,step11_individuals,boosted_stumps,platt,validation,840,128,0.1523809523809524,0.12906952807115743,0.0017796495266894086,0.4264576568166744,0.5306026158707865,0.1487213458808515,0.00010388392381771583,0.001606211388339621,1.0010671753278835
trend_efficiency_high,1H,GRID,step12_interactions,logistic,platt,validation,840,128,0.1523809523809524,0.13012420340663047,-0.0063771819016475995,0.4306077546743599,0.46427317415730335,0.1459857159961428,0.002332430757586448,-0.02862337320768345,0.9833398121231366
trend_efficiency_high,1H,GRID,step12_interactions,tree_depth2,platt,validation,840,128,0.1523809523809524,0.1291410174176198,0.001226752793066721,0.42672979498947344,0.5392161165730337,0.1482312952320151,0.00027117951132260565,-0.0031834893318014087,0.9982294456844042
trend_efficiency_high,1H,GRID,step12_interactions,boosted_stumps,platt,validation,840,128,0.1523809523809524,0.1291609985447983,0.0010722192786652984,0.4268169584258441,0.5413228581460674,0.13594168136089826,2.8502140424546685e-05,,
trend_efficiency_high,1H,GRID,all_step13,logistic,platt,validation,840,128,0.1523809523809524,0.12998702199123421,-0.005316224427008187,0.4299413569063485,0.48644882373595505,0.1505836568590852,0.0038903889697542065,-0.027518522737161502,0.9840127145468004
trend_efficiency_high,1H,GRID,all_step13,tree_depth2,platt,validation,840,128,0.1523809523809524,0.12982146845298037,-0.00403583769709992,0.4307343716587702,0.545997191011236,0.15427566409720794,0.004579171678898181,-0.05470454613529403,0.9681352299763292
trend_efficiency_high,1H,GRID,all_step13,boosted_stumps,platt,validation,840,128,0.1523809523809524,0.12906952807115743,0.0017796495266894086,0.4264576568166744,0.5306026158707865,0.1487213458808515,0.00010388392381771583,0.001606211388339621,1.0010671753278835
trend_efficiency_high,1H,GRID,compact_deredundant,logistic,platt,validation,840,128,0.1523809523809524,0.12958978658565443,-0.002244016201689236,0.42848637081716745,0.49781645014044945,0.15826326905733518,0.0014565103324443518,-0.017947560304399455,0.9895594415992794
trend_efficiency_high,1H,GRID,compact_deredundant,tree_depth2,platt,validation,840,128,0.1523809523809524,0.12955517797999924,-0.0019763541517630046,0.42878204909270407,0.5341467696629213,0.148581016999852,0.002029625317648387,-0.024852034754698504,0.9855383900376732
trend_efficiency_high,1H,GRID,compact_deredundant,boosted_stumps,platt,validation,840,128,0.1523809523809524,0.1290674714647735,0.0017955552666115704,0.42645102988614575,0.5261806530898876,0.1503988737450233,0.0001034093746857534,0.0016138528422730072,1.001077443130174
trend_efficiency_high,2H,GRID,step11_individuals,logistic,platt,validation,838,117,0.13961813842482101,0.12041220200551578,0.012202421862175794,0.40544523731443605,0.5058619912988845,0.1432754439732456,0.0012385845390559189,-0.014153782247280165,0.9927308300191761
trend_efficiency_high,2H,GRID,step11_individuals,tree_depth2,platt,validation,838,117,0.13961813842482101,0.12049862404675933,0.01149346146101804,0.4059805188239983,0.5207866567089868,0.13858339503698963,0.001594423714249785,-0.018900194339350328,0.9899490236628421
trend_efficiency_high,2H,GRID,step11_individuals,boosted_stumps,platt,validation,838,117,0.13961813842482101,0.1200823795885679,0.014908109319512919,0.4040972400531321,0.553279514444563,0.13378211189237782,0.00016197754846569712,0.0002928390280809674,1.0011642493735036
trend_efficiency_high,2H,GRID,step12_interactions,logistic,platt,validation,838,117,0.13961813842482101,0.12047572340961173,0.0116813260921389,0.4055710674007364,0.4943158244129118,0.13941358398679013,0.0016549100796686613,-0.01890138656047905,0.9902690254888099
trend_efficiency_high,2H,GRID,step12_interactions,tree_depth2,platt,validation,838,117,0.13961813842482101,0.12004082326670862,0.01524901525267608,0.4039319594663082,0.5469374207238284,0.13499497772163188,0.00022805614851284517,-0.0004960925665956192,1.0007475799845347
trend_efficiency_high,2H,GRID,step12_interactions,boosted_stumps,platt,validation,838,117,0.13961813842482101,0.12012497120342165,0.014558710393982266,0.40426992806435597,0.5615420178526974,0.12332605397595475,0.0002394907370195376,,
trend_efficiency_high,2H,GRID,all_step13,logistic,platt,validation,838,117,0.13961813842482101,0.12072621318956321,0.009626441339071978,0.4068500787719692,0.4977180316986142,0.1503586991926455,0.00374043432117065,-0.030024308910804286,0.9838109620602565
trend_efficiency_high,2H,GRID,all_step13,tree_depth2,platt,validation,838,117,0.13961813842482101,0.12049862404675933,0.01149346146101804,0.4059805188239983,0.5207866567089868,0.13858339503698963,0.001594423714249785,-0.018900194339350328,0.9899490236628421
trend_efficiency_high,2H,GRID,all_step13,boosted_stumps,platt,validation,838,117,0.13961813842482101,0.1200823795885679,0.014908109319512919,0.4040972400531321,0.553279514444563,0.13378211189237782,0.00016197754846569712,0.0002928390280809674,1.0011642493735036
trend_efficiency_high,2H,GRID,compact_deredundant,logistic,platt,validation,838,117,0.13961813842482101,0.12102075015213296,0.007210216957716176,0.4079461725407499,0.4759533885747478,0.14404628675290626,0.0027652632562782248,-0.03312522994629383,0.9821038093093087
trend_efficiency_high,2H,GRID,compact_deredundant,tree_depth2,platt,validation,838,117,0.13961813842482101,0.12110958328120025,0.006481477276109371,0.40817999412551953,0.493983901750892,0.13013148411793546,0.00394757055205628,-0.03217703259714629,0.9826308264579067
trend_efficiency_high,2H,GRID,compact_deredundant,boosted_stumps,platt,validation,838,117,0.13961813842482101,0.12017404357343463,0.014156146804537362,0.40447009396289735,0.5078179641286438,0.13146665461096724,0.0003188308294613529,-0.0016176070791031065,1.0001336859796692
trend_efficiency_high,4H,GRID,step11_individuals,logistic,platt,validation,834,132,0.15827338129496402,0.1329122148349244,0.006000026729946817,0.4354762123053697,0.5329469912803246,0.1687680332891907,0.00025669926276811374,0.0033397194403785254,1.0025185278270183
trend_efficiency_high,4H,GRID,step11_individuals,tree_depth2,platt,validation,834,132,0.15827338129496402,0.13502141424074984,-0.009773874529734883,0.44351631774399497,0.49726970560303896,0.1425413151762644,0.004805201348841798,-0.057876527788345046,0.9653805872009036
trend_efficiency_high,4H,GRID,step11_individuals,boosted_stumps,platt,validation,834,132,0.15827338129496402,0.1333512149604882,0.0027169115277967393,0.4372767210477679,0.5127341794008461,0.13889436798218185,0.00033089722215365325,-0.003378131917136447,0.9982984381655244
trend_efficiency_high,4H,GRID,step12_interactions,logistic,platt,validation,834,132,0.15827338129496402,0.1329862396102019,0.00544642355104763,0.43611237225569993,0.5359686609686609,0.19491545558409756,0.006204567792951251,-0.017908148504104972,0.9896410761943376
trend_efficiency_high,4H,GRID,step12_interactions,tree_depth2,platt,validation,834,132,0.15827338129496402,0.13300980328045622,0.005270199810949339,0.4359648389861903,0.5907364240697573,0.14503095302384278,0.0001849101966476252,0.0033149069171394454,1.0024107864303629
trend_efficiency_high,4H,GRID,step12_interactions,boosted_stumps,platt,validation,834,132,0.15827338129496402,0.1332229241881485,0.0036763494879183956,0.4367956514506664,0.5626456876456877,0.1407282926608513,7.822867454265747e-05,,
trend_efficiency_high,4H,GRID,all_step13,logistic,platt,validation,834,132,0.15827338129496402,0.13268925846548302,0.007667432735785851,0.4353463105163906,0.5403500820167487,0.22043144651113786,0.0022424207164730764,-0.018823210395024565,0.9890783482831009
trend_efficiency_high,4H,GRID,all_step13,tree_depth2,platt,validation,834,132,0.15827338129496402,0.13502141424074984,-0.009773874529734883,0.44351631774399497,0.49726970560303896,0.1425413151762644,0.004805201348841798,-0.057876527788345046,0.9653805872009036
trend_efficiency_high,4H,GRID,all_step13,boosted_stumps,platt,validation,834,132,0.15827338129496402,0.1333512149604882,0.0027169115277967393,0.4372767210477679,0.5127341794008461,0.13889436798218185,0.00033089722215365325,-0.003378131917136447,0.9982984381655244
trend_efficiency_high,4H,GRID,compact_deredundant,logistic,platt,validation,834,132,0.15827338129496402,0.13377580461206162,-0.00045843321263117076,0.4390112717575154,0.5212272295605629,0.1859099284588364,0.013599950889693565,-0.02936837898182583,0.9826015819890116
trend_efficiency_high,4H,GRID,compact_deredundant,tree_depth2,platt,validation,834,132,0.15827338129496402,0.13460813155607876,-0.006683090300262595,0.4416962145513783,0.4971078304411638,0.1409466108741163,0.03201558883696288,-0.042056846726864626,0.974856451700457
trend_efficiency_high,4H,GRID,compact_deredundant,boosted_stumps,platt,validation,834,132,0.15827338129496402,0.1333512149604882,0.0027169115277967393,0.4372767210477679,0.5127341794008461,0.13889436798218185,0.00033089722215365325,-0.003378131917136447,0.9982984381655244
trend_efficiency_high,8H,GRID,step11_individuals,logistic,platt,validation,826,130,0.15738498789346247,0.13165501304735988,0.01411528854359978,0.43126083557101713,0.5731100795755968,0.17791547739104574,0.005386384820669263,0.004015995721408282,1.0041561116266855
trend_efficiency_high,8H,GRID,step11_individuals,tree_depth2,platt,validation,826,130,0.15738498789346247,0.13449341681802734,-0.007139799414460857,0.44238652532317696,0.5003868258178603,0.18543955991779046,0.02943834561475319,-0.07799775623373804,0.9536556123681907
trend_efficiency_high,8H,GRID,step11_individuals,boosted_stumps,platt,validation,826,130,0.15738498789346247,0.13261051736423485,0.006960095012163547,0.4352902675738414,0.5073717948717948,0.18134258397684586,0.00024055863983754588,-0.001565604105915807,0.999680909437301
trend_efficiency_high,8H,GRID,step12_interactions,logistic,platt,validation,826,130,0.15738498789346247,0.13313423795877283,0.0030382684498577728,0.4367237719966667,0.5521772767462423,0.18380811329944463,0.01593020284741495,-0.07932047765445574,0.9538198453717456
trend_efficiency_high,8H,GRID,step12_interactions,tree_depth2,platt,validation,826,130,0.15738498789346247,0.13191610973425183,0.012160093478402412,0.4324106756805912,0.5283488063660478,0.1781001895386023,0.0005263934307028206,0.008705107079539668,1.0061007132467474
trend_efficiency_high,8H,GRID,step12_interactions,boosted_stumps,platt,validation,826,130,0.15738498789346247,0.1326149719226408,0.006926737520283388,0.43530810918571866,0.49890583554376655,0.1638417266535343,0.0001358064934763037,,
trend_efficiency_high,8H,GRID,all_step13,logistic,platt,validation,826,130,0.15738498789346247,0.13314866607264694,0.0029302250373480776,0.4361961477198655,0.5653183023872679,0.18496044698530165,0.02360979193539652,-0.07959122594296388,0.9539408903804449
trend_efficiency_high,8H,GRID,all_step13,tree_depth2,platt,validation,826,130,0.15738498789346247,0.13449341681802734,-0.007139799414460857,0.44238652532317696,0.5003868258178603,0.18543955991779046,0.02943834561475319,-0.07799775623373804,0.9536556123681907
trend_efficiency_high,8H,GRID,all_step13,boosted_stumps,platt,validation,826,130,0.15738498789346247,0.13261051736423485,0.006960095012163547,0.4352902675738414,0.5073717948717948,0.18134258397684586,0.00024055863983754588,-0.001565604105915807,0.999680909437301
trend_efficiency_high,8H,GRID,compact_deredundant,logistic,platt,validation,826,130,0.15738498789346247,0.13335722327126212,0.0013684664015040093,0.4375779187352475,0.5564655172413793,0.19075573002377408,0.020323859210495596,-0.07874865950796187,0.9540592327037165
trend_efficiency_high,8H,GRID,compact_deredundant,tree_depth2,platt,validation,826,130,0.15738498789346247,0.13462721276991013,-0.00814171632110039,0.44285756562007655,0.4956233421750663,0.1864993307453267,0.030455942223512132,-0.07723738156738277,0.9540603975005562
trend_efficiency_high,8H,GRID,compact_deredundant,boosted_stumps,platt,validation,826,130,0.15738498789346247,0.13261925987487513,0.006894627641187756,0.4353241828148284,0.503580901856764,0.1791181596847768,0.00026045424871104506,-0.00183269805751003,0.9995135498824119
trend_efficiency_high,12H,GRID,step11_individuals,logistic,platt,validation,818,172,0.21026894865525672,0.16607491169882727,0.001399993273195288,0.5137822197445836,0.5300957592339262,0.20981340544806457,0.0034889314455387446,-0.01578969783728683,0.988117408868504
trend_efficiency_high,12H,GRID,step11_individuals,tree_depth2,platt,validation,818,172,0.21026894865525672,0.16462067868750035,0.010144222489026022,0.5098061034710727,0.5474926200590395,0.3066415888580844,0.00844276107667373,0.011011948014237924,1.0082110588164557
trend_efficiency_high,12H,GRID,step11_individuals,boosted_stumps,platt,validation,818,172,0.21026894865525672,0.16595741759037555,0.002106479378110593,0.514009207671418,0.4762131902944776,0.25433112817550074,0.005898282280513602,0.0015832321544741578,1.0010639035602
trend_efficiency_high,12H,GRID,step12_interactions,logistic,platt,validation,818,172,0.21026894865525672,0.16754664633492689,-0.007449472323236117,0.5176435235197652,0.5276927784577723,0.22195475606450873,0.01081282827767614,-0.06630163259907311,0.9513483590497918
trend_efficiency_high,12H,GRID,step12_interactions,tree_depth2,platt,validation,818,172,0.21026894865525672,0.16568637760443775,0.00373622904356008,0.5131476191433447,0.5062279501763985,0.248550245440922,0.0049542655749192374,0.003614453055420686,1.0025772105507662
trend_efficiency_high,12H,GRID,step12_interactions,boosted_stumps,platt,validation,818,172,0.21026894865525672,0.1660559187485687,0.001514196918176669,0.5143127921865485,0.47760817913456693,0.23841475162750858,2.9358116078792573e-05,,
trend_efficiency_high,12H,GRID,all_step13,logistic,platt,validation,818,172,0.21026894865525672,0.16791795152713757,-0.009682111580101571,0.5183934853586349,0.5365217078263373,0.21813729924799732,0.018910202008993293,-0.07563614101927703,0.9444872788733627
trend_efficiency_high,12H,GRID,all_step13,tree_depth2,platt,validation,818,172,0.21026894865525672,0.16462067868750035,0.010144222489026022,0.5098061034710727,0.5474926200590395,0.3066415888580844,0.00844276107667373,0.011011948014237924,1.0082110588164557
trend_efficiency_high,12H,GRID,all_step13,boosted_stumps,platt,validation,818,172,0.21026894865525672,0.16595741759037555,0.002106479378110593,0.514009207671418,0.4762131902944776,0.25433112817550074,0.005898282280513602,0.0015832321544741578,1.0010639035602
trend_efficiency_high,12H,GRID,compact_deredundant,logistic,platt,validation,818,172,0.21026894865525672,0.16799878395204554,-0.010168152844439282,0.5189622109725194,0.5269007847937216,0.22033338470845798,0.018474352107845322,-0.0804028481274795,0.9411864705924528
trend_efficiency_high,12H,GRID,compact_deredundant,tree_depth2,platt,validation,818,172,0.21026894865525672,0.16433670512509813,0.01185174109267495,0.5088131915554185,0.5475646194830441,0.2941597908442684,0.011526457118764802,0.015518622667574963,1.0115689521646314
trend_efficiency_high,12H,GRID,compact_deredundant,boosted_stumps,platt,validation,818,172,0.21026894865525672,0.16593823430239305,0.002221827514156005,0.5139573571389022,0.5164878680970553,0.29138550616293946,0.0001891633298100991,0.0020381709903807914,1.0013954561948697
trend_efficiency_high,24H,GRID,step11_individuals,logistic,platt,validation,794,199,0.2506297229219144,0.18605976041325334,0.019379750999174106,0.5571172577650731,0.5586250580634263,0.260202504160123,0.02492378800853015,0.010940032227839808,1.009179172502304
trend_efficiency_high,24H,GRID,step11_individuals,tree_depth2,platt,validation,794,199,0.2506297229219144,0.19337012833219447,-0.019149239863962775,0.5776365089893319,0.4396604873105021,0.2746997282970849,0.01320413812233101,-0.12611809173490193,0.8967394204099751
trend_efficiency_high,24H,GRID,step11_individuals,boosted_stumps,platt,validation,794,199,0.2506297229219144,0.18824525540152803,0.007861190323658396,0.5641776935369734,0.4552932730881297,0.26582887860280063,0.0006327730544696819,-0.007852031661496195,0.9928360169760824
trend_efficiency_high,24H,GRID,step12_interactions,logistic,platt,validation,794,199,0.2506297229219144,0.18750981635087138,0.011737291332162503,0.5623484574110806,0.5386934673366834,0.29114897906980614,0.016637818910278216,-0.025140549321925765,0.9782627516412027
trend_efficiency_high,24H,GRID,step12_interactions,tree_depth2,platt,validation,794,199,0.2506297229219144,0.18816845928162063,0.008265941087921558,0.5639440998520152,0.4496769562096195,0.26629238137178135,0.0005548465543367409,-0.006969234431465879,0.993603022350571
trend_efficiency_high,24H,GRID,step12_interactions,boosted_stumps,platt,validation,794,199,0.2506297229219144,0.18781446885743894,0.010131632934100243,0.5630259195911621,0.44803006629787595,0.35256493024055546,6.282865708601149e-05,,
trend_efficiency_high,24H,GRID,all_step13,logistic,platt,validation,794,199,0.2506297229219144,0.18580576467559362,0.020718424998086182,0.5568944410081392,0.5705164477851442,0.28233599744506604,0.0034942672605784374,-0.002908668090640438,0.9972694473659924
trend_efficiency_high,24H,GRID,all_step13,tree_depth2,platt,validation,794,199,0.2506297229219144,0.19337012833219447,-0.019149239863962775,0.5776365089893319,0.4396604873105021,0.2746997282970849,0.01320413812233101,-0.12611809173490193,0.8967394204099751
trend_efficiency_high,24H,GRID,all_step13,boosted_stumps,platt,validation,794,199,0.2506297229219144,0.18824525540152803,0.007861190323658396,0.5641776935369734,0.4552932730881297,0.26582887860280063,0.0006327730544696819,-0.007852031661496195,0.9928360169760824
trend_efficiency_high,24H,GRID,compact_deredundant,logistic,platt,validation,794,199,0.2506297229219144,0.18701867809941647,0.01432581511272546,0.5599977885073624,0.5473164140027871,0.26161555163709255,0.01433246486176314,-0.015717756546783142,0.9863173659070784
trend_efficiency_high,24H,GRID,compact_deredundant,tree_depth2,platt,validation,794,199,0.2506297229219144,0.19337012833219447,-0.019149239863962775,0.5776365089893319,0.4396604873105021,0.2746997282970849,0.01320413812233101,-0.12611809173490193,0.8967394204099751
trend_efficiency_high,24H,GRID,compact_deredundant,boosted_stumps,platt,validation,794,199,0.2506297229219144,0.18825719952505152,0.007798239316102129,0.5642097524557883,0.45093534901397747,0.2699742878645344,0.0006511596797773578,-0.00806568339146451,0.9926474395933922
one_sided_runaway,1H,GRID,step11_individuals,logistic,platt,validation,840,118,0.14047619047619048,0.12089796519002166,0.0005650111613568765,0.4064457529615886,0.5137330391098174,0.1450381184752648,0.0007092579508029828,-0.008725212957733054,0.9952198786120754
one_sided_runaway,1H,GRID,step11_individuals,tree_depth2,platt,validation,840,118,0.14047619047619048,0.12110751781340644,-0.0011673109954677408,0.40830743419736454,0.5407648246396545,0.1395055530832673,0.0034273559416384547,-0.04152432523231324,0.9769998853133219
one_sided_runaway,1H,GRID,step11_individuals,boosted_stumps,platt,validation,840,118,0.14047619047619048,0.12069331495833749,0.0022568064012321587,0.40562173967973103,0.5298018686323301,0.14370106352799905,3.811445160067928e-05,0.0008850017071781469,1.0006650955134797
one_sided_runaway,1H,GRID,step12_interactions,logistic,platt,validation,840,118,0.14047619047619048,0.1219122745970284,-0.007820045686186994,0.41065360548535096,0.4263463073383727,0.12379967317271205,0.002604774984786923,-0.032006888992137564,0.982322832409281
one_sided_runaway,1H,GRID,step12_interactions,tree_depth2,platt,validation,840,118,0.14047619047619048,0.12077026883989765,0.001620646796417602,0.40593300326801085,0.5369735668341237,0.13299291973742522,0.00017231695796385282,-0.0018274714965109701,0.9991311602176763
one_sided_runaway,1H,GRID,step12_interactions,boosted_stumps,platt,validation,840,118,0.14047619047619048,0.12074263179404511,0.0018491157418606408,0.40582697389846745,0.5438048734682379,0.1252178582167662,3.7530755045922515e-05,,
one_sided_runaway,1H,GRID,all_step13,logistic,platt,validation,840,118,0.14047619047619048,0.1218347249444516,-0.007178960982770377,0.4101998286111823,0.4537654349969482,0.1303804504869918,0.002625113191876682,-0.032176617163051084,0.9822501655456621
one_sided_runaway,1H,GRID,all_step13,tree_depth2,platt,validation,840,118,0.14047619047619048,0.12110751781340644,-0.0011673109954677408,0.40830743419736454,0.5407648246396545,0.1395055530832673,0.0034273559416384547,-0.04152432523231324,0.9769998853133219
one_sided_runaway,1H,GRID,all_step13,boosted_stumps,platt,validation,840,118,0.14047619047619048,0.12069331495833749,0.0022568064012321587,0.40562173967973103,0.5298018686323301,0.14370106352799905,3.811445160067928e-05,0.0008850017071781469,1.0006650955134797
one_sided_runaway,1H,GRID,compact_deredundant,logistic,platt,validation,840,118,0.14047619047619048,0.1213770241285794,-0.003395256194325791,0.4083564247162608,0.47227569369453964,0.13697451339081265,0.0016552641074256645,-0.020401980809096734,0.9887524473510938
one_sided_runaway,1H,GRID,compact_deredundant,tree_depth2,platt,validation,840,118,0.14047619047619048,0.12109401103372411,-0.0010556536306820519,0.4076243733251679,0.5305648152495422,0.1380731289874613,0.0016798717656042184,-0.02057429422656097,0.988691969702135
one_sided_runaway,1H,GRID,compact_deredundant,boosted_stumps,platt,validation,840,118,0.14047619047619048,0.1206885803871059,0.0022959459859105413,0.40560253881392366,0.5462228273627869,0.14015434679522537,4.420812708968991e-05,0.0009688497049066124,1.0007146905274003
one_sided_runaway,2H,GRID,step11_individuals,logistic,platt,validation,838,115,0.13723150357995226,0.11874333611054727,0.013600411028209747,0.40134581522735485,0.500751698839377,0.13965394003759168,0.0013586828263605867,-0.01548574777402891,0.9921561633432322
one_sided_runaway,2H,GRID,step11_individuals,tree_depth2,platt,validation,838,115,0.13723150357995226,0.1187212348383132,0.01378400605393093,0.4014251284865019,0.5217150760719226,0.13778606304928412,0.001524658202154252,-0.01785926137744233,0.9907127799441187
one_sided_runaway,2H,GRID,step11_individuals,boosted_stumps,platt,validation,838,115,0.13723150357995226,0.11835255539489752,0.016846622141363676,0.3997148653272163,0.5542846833844488,0.1313432551713461,0.00018159277472934443,0.00033450624273301873,1.0013129510903043
one_sided_runaway,2H,GRID,step12_interactions,logistic,platt,validation,838,115,0.13723150357995226,0.11874523465645875,0.013584639828173928,0.4012371760119583,0.4941487762342895,0.13722929831370637,0.0016831718544428169,-0.019017555512914577,0.9904234397802228
one_sided_runaway,2H,GRID,step12_interactions,tree_depth2,platt,validation,838,115,0.13723150357995226,0.11829703633556113,0.017307818357533034,0.39949199630326193,0.5484996091166036,0.13294809165006594,0.0002254292364259891,-0.00015714191408387334,1.00107166703309
one_sided_runaway,2H,GRID,step12_interactions,boosted_stumps,platt,validation,838,115,0.13723150357995226,0.11839908972632447,0.01646006196126315,0.3999061567504516,0.5618016717782188,0.1201913928845319,0.00026780811543414274,,
one_sided_runaway,2H,GRID,all_step13,logistic,platt,validation,838,115,0.13723150357995226,0.1190309329324925,0.011211347386842374,0.40268595825524617,0.4953996031030128,0.1482011472590832,0.004814779558261421,-0.03093450867159876,0.9835535572381199
one_sided_runaway,2H,GRID,all_step13,tree_depth2,platt,validation,838,115,0.13723150357995226,0.1187212348383132,0.01378400605393093,0.4014251284865019,0.5217150760719226,0.13778606304928412,0.001524658202154252,-0.01785926137744233,0.9907127799441187
one_sided_runaway,2H,GRID,all_step13,boosted_stumps,platt,validation,838,115,0.13723150357995226,0.11835255539489752,0.016846622141363676,0.3997148653272163,0.5542846833844488,0.1313432551713461,0.00018159277472934443,0.00033450624273301873,1.0013129510903043
one_sided_runaway,2H,GRID,compact_deredundant,logistic,platt,validation,838,115,0.13723150357995226,0.11932357588388386,0.008780365603585305,0.40377708275814783,0.47318539900174394,0.14159510330724748,0.002848465882496063,-0.033999662849026946,0.981886546416543
one_sided_runaway,2H,GRID,compact_deredundant,tree_depth2,platt,validation,838,115,0.13723150357995226,0.11932540805753168,0.008765145757214654,0.403623439162649,0.4940405316014192,0.12748968605528352,0.0038711041834190397,-0.031072574297624087,0.9835156725988704
one_sided_runaway,2H,GRID,compact_deredundant,boosted_stumps,platt,validation,838,115,0.13723150357995226,0.11846061242230234,0.01594899360144797,0.40016088821416196,0.5054783811413796,0.12735765172355928,0.00036714253063366287,-0.001946157079658906,1.0000868911193699
one_sided_runaway,4H,GRID,step11_individuals,logistic,platt,validation,834,132,0.15827338129496402,0.1329122148349244,0.006000026729946817,0.4354762123053697,0.5329469912803246,0.1687680332891907,0.00025669926276811374,0.0033397194403785254,1.0025185278270183
one_sided_runaway,4H,GRID,step11_individuals,tree_depth2,platt,validation,834,132,0.15827338129496402,0.13502141424074984,-0.009773874529734883,0.44351631774399497,0.49726970560303896,0.1425413151762644,0.004805201348841798,-0.057876527788345046,0.9653805872009036
one_sided_runaway,4H,GRID,step11_individuals,boosted_stumps,platt,validation,834,132,0.15827338129496402,0.1333512149604882,0.0027169115277967393,0.4372767210477679,0.5127341794008461,0.13889436798218185,0.00033089722215365325,-0.003378131917136447,0.9982984381655244
one_sided_runaway,4H,GRID,step12_interactions,logistic,platt,validation,834,132,0.15827338129496402,0.1329862396102019,0.00544642355104763,0.43611237225569993,0.5359686609686609,0.19491545558409756,0.006204567792951251,-0.017908148504104972,0.9896410761943376
one_sided_runaway,4H,GRID,step12_interactions,tree_depth2,platt,validation,834,132,0.15827338129496402,0.13300980328045622,0.005270199810949339,0.4359648389861903,0.5907364240697573,0.14503095302384278,0.0001849101966476252,0.0033149069171394454,1.0024107864303629
one_sided_runaway,4H,GRID,step12_interactions,boosted_stumps,platt,validation,834,132,0.15827338129496402,0.1332229241881485,0.0036763494879183956,0.4367956514506664,0.5626456876456877,0.1407282926608513,7.822867454265747e-05,,
one_sided_runaway,4H,GRID,all_step13,logistic,platt,validation,834,132,0.15827338129496402,0.13268925846548302,0.007667432735785851,0.4353463105163906,0.5403500820167487,0.22043144651113786,0.0022424207164730764,-0.018823210395024565,0.9890783482831009
one_sided_runaway,4H,GRID,all_step13,tree_depth2,platt,validation,834,132,0.15827338129496402,0.13502141424074984,-0.009773874529734883,0.44351631774399497,0.49726970560303896,0.1425413151762644,0.004805201348841798,-0.057876527788345046,0.9653805872009036
one_sided_runaway,4H,GRID,all_step13,boosted_stumps,platt,validation,834,132,0.15827338129496402,0.1333512149604882,0.0027169115277967393,0.4372767210477679,0.5127341794008461,0.13889436798218185,0.00033089722215365325,-0.003378131917136447,0.9982984381655244
one_sided_runaway,4H,GRID,compact_deredundant,logistic,platt,validation,834,132,0.15827338129496402,0.13377580461206162,-0.00045843321263117076,0.4390112717575154,0.5212272295605629,0.1859099284588364,0.013599950889693565,-0.02936837898182583,0.9826015819890116
one_sided_runaway,4H,GRID,compact_deredundant,tree_depth2,platt,validation,834,132,0.15827338129496402,0.13460813155607876,-0.006683090300262595,0.4416962145513783,0.4971078304411638,0.1409466108741163,0.03201558883696288,-0.042056846726864626,0.974856451700457
one_sided_runaway,4H,GRID,compact_deredundant,boosted_stumps,platt,validation,834,132,0.15827338129496402,0.1333512149604882,0.0027169115277967393,0.4372767210477679,0.5127341794008461,0.13889436798218185,0.00033089722215365325,-0.003378131917136447,0.9982984381655244
one_sided_runaway,8H,GRID,step11_individuals,logistic,platt,validation,826,130,0.15738498789346247,0.13165501304735988,0.01411528854359978,0.43126083557101713,0.5731100795755968,0.17791547739104574,0.005386384820669263,0.004015995721408282,1.0041561116266855
one_sided_runaway,8H,GRID,step11_individuals,tree_depth2,platt,validation,826,130,0.15738498789346247,0.13449341681802734,-0.007139799414460857,0.44238652532317696,0.5003868258178603,0.18543955991779046,0.02943834561475319,-0.07799775623373804,0.9536556123681907
one_sided_runaway,8H,GRID,step11_individuals,boosted_stumps,platt,validation,826,130,0.15738498789346247,0.13261051736423485,0.006960095012163547,0.4352902675738414,0.5073717948717948,0.18134258397684586,0.00024055863983754588,-0.001565604105915807,0.999680909437301
one_sided_runaway,8H,GRID,step12_interactions,logistic,platt,validation,826,130,0.15738498789346247,0.13313423795877283,0.0030382684498577728,0.4367237719966667,0.5521772767462423,0.18380811329944463,0.01593020284741495,-0.07932047765445574,0.9538198453717456
one_sided_runaway,8H,GRID,step12_interactions,tree_depth2,platt,validation,826,130,0.15738498789346247,0.13191610973425183,0.012160093478402412,0.4324106756805912,0.5283488063660478,0.1781001895386023,0.0005263934307028206,0.008705107079539668,1.0061007132467474
one_sided_runaway,8H,GRID,step12_interactions,boosted_stumps,platt,validation,826,130,0.15738498789346247,0.1326149719226408,0.006926737520283388,0.43530810918571866,0.49890583554376655,0.1638417266535343,0.0001358064934763037,,
one_sided_runaway,8H,GRID,all_step13,logistic,platt,validation,826,130,0.15738498789346247,0.13314866607264694,0.0029302250373480776,0.4361961477198655,0.5653183023872679,0.18496044698530165,0.02360979193539652,-0.07959122594296388,0.9539408903804449
one_sided_runaway,8H,GRID,all_step13,tree_depth2,platt,validation,826,130,0.15738498789346247,0.13449341681802734,-0.007139799414460857,0.44238652532317696,0.5003868258178603,0.18543955991779046,0.02943834561475319,-0.07799775623373804,0.9536556123681907
one_sided_runaway,8H,GRID,all_step13,boosted_stumps,platt,validation,826,130,0.15738498789346247,0.13261051736423485,0.006960095012163547,0.4352902675738414,0.5073717948717948,0.18134258397684586,0.00024055863983754588,-0.001565604105915807,0.999680909437301
one_sided_runaway,8H,GRID,compact_deredundant,logistic,platt,validation,826,130,0.15738498789346247,0.13335722327126212,0.0013684664015040093,0.4375779187352475,0.5564655172413793,0.19075573002377408,0.020323859210495596,-0.07874865950796187,0.9540592327037165
one_sided_runaway,8H,GRID,compact_deredundant,tree_depth2,platt,validation,826,130,0.15738498789346247,0.13462721276991013,-0.00814171632110039,0.44285756562007655,0.4956233421750663,0.1864993307453267,0.030455942223512132,-0.07723738156738277,0.9540603975005562
one_sided_runaway,8H,GRID,compact_deredundant,boosted_stumps,platt,validation,826,130,0.15738498789346247,0.13261925987487513,0.006894627641187756,0.4353241828148284,0.503580901856764,0.1791181596847768,0.00026045424871104506,-0.00183269805751003,0.9995135498824119
one_sided_runaway,12H,GRID,step11_individuals,logistic,platt,validation,818,172,0.21026894865525672,0.16607491169882727,0.001399993273195288,0.5137822197445836,0.5300957592339262,0.20981340544806457,0.0034889314455387446,-0.01578969783728683,0.988117408868504
one_sided_runaway,12H,GRID,step11_individuals,tree_depth2,platt,validation,818,172,0.21026894865525672,0.16462067868750035,0.010144222489026022,0.5098061034710727,0.5474926200590395,0.3066415888580844,0.00844276107667373,0.011011948014237924,1.0082110588164557
one_sided_runaway,12H,GRID,step11_individuals,boosted_stumps,platt,validation,818,172,0.21026894865525672,0.16595741759037555,0.002106479378110593,0.514009207671418,0.4762131902944776,0.25433112817550074,0.005898282280513602,0.0015832321544741578,1.0010639035602
one_sided_runaway,12H,GRID,step12_interactions,logistic,platt,validation,818,172,0.21026894865525672,0.16754664633492689,-0.007449472323236117,0.5176435235197652,0.5276927784577723,0.22195475606450873,0.01081282827767614,-0.06630163259907311,0.9513483590497918
one_sided_runaway,12H,GRID,step12_interactions,tree_depth2,platt,validation,818,172,0.21026894865525672,0.16568637760443775,0.00373622904356008,0.5131476191433447,0.5062279501763985,0.248550245440922,0.0049542655749192374,0.003614453055420686,1.0025772105507662
one_sided_runaway,12H,GRID,step12_interactions,boosted_stumps,platt,validation,818,172,0.21026894865525672,0.1660559187485687,0.001514196918176669,0.5143127921865485,0.47760817913456693,0.23841475162750858,2.9358116078792573e-05,,
one_sided_runaway,12H,GRID,all_step13,logistic,platt,validation,818,172,0.21026894865525672,0.16791795152713757,-0.009682111580101571,0.5183934853586349,0.5365217078263373,0.21813729924799732,0.018910202008993293,-0.07563614101927703,0.9444872788733627
one_sided_runaway,12H,GRID,all_step13,tree_depth2,platt,validation,818,172,0.21026894865525672,0.16462067868750035,0.010144222489026022,0.5098061034710727,0.5474926200590395,0.3066415888580844,0.00844276107667373,0.011011948014237924,1.0082110588164557
one_sided_runaway,12H,GRID,all_step13,boosted_stumps,platt,validation,818,172,0.21026894865525672,0.16595741759037555,0.002106479378110593,0.514009207671418,0.4762131902944776,0.25433112817550074,0.005898282280513602,0.0015832321544741578,1.0010639035602
one_sided_runaway,12H,GRID,compact_deredundant,logistic,platt,validation,818,172,0.21026894865525672,0.16799878395204554,-0.010168152844439282,0.5189622109725194,0.5269007847937216,0.22033338470845798,0.018474352107845322,-0.0804028481274795,0.9411864705924528
one_sided_runaway,12H,GRID,compact_deredundant,tree_depth2,platt,validation,818,172,0.21026894865525672,0.16433670512509813,0.01185174109267495,0.5088131915554185,0.5475646194830441,0.2941597908442684,0.011526457118764802,0.015518622667574963,1.0115689521646314
one_sided_runaway,12H,GRID,compact_deredundant,boosted_stumps,platt,validation,818,172,0.21026894865525672,0.16593823430239305,0.002221827514156005,0.5139573571389022,0.5164878680970553,0.29138550616293946,0.0001891633298100991,0.0020381709903807914,1.0013954561948697
one_sided_runaway,24H,GRID,step11_individuals,logistic,platt,validation,794,199,0.2506297229219144,0.18605976041325334,0.019379750999174106,0.5571172577650731,0.5586250580634263,0.260202504160123,0.02492378800853015,0.010940032227839808,1.009179172502304
one_sided_runaway,24H,GRID,step11_individuals,tree_depth2,platt,validation,794,199,0.2506297229219144,0.19337012833219447,-0.019149239863962775,0.5776365089893319,0.4396604873105021,0.2746997282970849,0.01320413812233101,-0.12611809173490193,0.8967394204099751
one_sided_runaway,24H,GRID,step11_individuals,boosted_stumps,platt,validation,794,199,0.2506297229219144,0.18824525540152803,0.007861190323658396,0.5641776935369734,0.4552932730881297,0.26582887860280063,0.0006327730544696819,-0.007852031661496195,0.9928360169760824
one_sided_runaway,24H,GRID,step12_interactions,logistic,platt,validation,794,199,0.2506297229219144,0.18750981635087138,0.011737291332162503,0.5623484574110806,0.5386934673366834,0.29114897906980614,0.016637818910278216,-0.025140549321925765,0.9782627516412027
one_sided_runaway,24H,GRID,step12_interactions,tree_depth2,platt,validation,794,199,0.2506297229219144,0.18816845928162063,0.008265941087921558,0.5639440998520152,0.4496769562096195,0.26629238137178135,0.0005548465543367409,-0.006969234431465879,0.993603022350571
one_sided_runaway,24H,GRID,step12_interactions,boosted_stumps,platt,validation,794,199,0.2506297229219144,0.18781446885743894,0.010131632934100243,0.5630259195911621,0.44803006629787595,0.35256493024055546,6.282865708601149e-05,,
one_sided_runaway,24H,GRID,all_step13,logistic,platt,validation,794,199,0.2506297229219144,0.18580576467559362,0.020718424998086182,0.5568944410081392,0.5705164477851442,0.28233599744506604,0.0034942672605784374,-0.002908668090640438,0.9972694473659924
one_sided_runaway,24H,GRID,all_step13,tree_depth2,platt,validation,794,199,0.2506297229219144,0.19337012833219447,-0.019149239863962775,0.5776365089893319,0.4396604873105021,0.2746997282970849,0.01320413812233101,-0.12611809173490193,0.8967394204099751
one_sided_runaway,24H,GRID,all_step13,boosted_stumps,platt,validation,794,199,0.2506297229219144,0.18824525540152803,0.007861190323658396,0.5641776935369734,0.4552932730881297,0.26582887860280063,0.0006327730544696819,-0.007852031661496195,0.9928360169760824
one_sided_runaway,24H,GRID,compact_deredundant,logistic,platt,validation,794,199,0.2506297229219144,0.18701867809941647,0.01432581511272546,0.5599977885073624,0.5473164140027871,0.26161555163709255,0.01433246486176314,-0.015717756546783142,0.9863173659070784
one_sided_runaway,24H,GRID,compact_deredundant,tree_depth2,platt,validation,794,199,0.2506297229219144,0.19337012833219447,-0.019149239863962775,0.5776365089893319,0.4396604873105021,0.2746997282970849,0.01320413812233101,-0.12611809173490193,0.8967394204099751
one_sided_runaway,24H,GRID,compact_deredundant,boosted_stumps,platt,validation,794,199,0.2506297229219144,0.18825719952505152,0.007798239316102129,0.5642097524557883,0.45093534901397747,0.2699742878645344,0.0006511596797773578,-0.00806568339146451,0.9926474395933922
upper_breach_only,1H,IRON_FLY,step11_individuals,logistic,platt,validation,840,231,0.275,0.19646526811676557,0.023484864099490355,0.580505995697526,0.5808187433803197,0.3284172699648699,0.005732903605620966,0.010170514537712718,1.0160836245922802
upper_breach_only,1H,IRON_FLY,step11_individuals,tree_depth2,platt,validation,840,231,0.275,0.1985572307606427,0.013086928601444336,0.5861911096884166,0.5503166783954961,0.2955509514981689,0.0023587696375181877,-0.022657031143986088,0.9799167069107857
upper_breach_only,1H,IRON_FLY,step11_individuals,boosted_stumps,platt,validation,840,231,0.275,0.1990984882435325,0.010396650927798845,0.5874759271279375,0.5414027680037532,0.3060463177285345,0.0005492810383002089,0.0008564722460607459,1.0048931213209702
upper_breach_only,1H,IRON_FLY,step12_interactions,logistic,platt,validation,840,231,0.275,0.1996472332746526,0.007669156985609993,0.5888881381970523,0.527285522359414,0.2996512668703986,0.010002802263257879,-0.032675902072454334,0.9700247849440841
upper_breach_only,1H,IRON_FLY,step12_interactions,tree_depth2,platt,validation,840,231,0.275,0.1994220321110641,0.008788501625884404,0.5882853226348448,0.5077232564917294,0.26801808182274883,0.0007775349248486663,-0.002757702755627509,1.0007557473201818
upper_breach_only,1H,IRON_FLY,step12_interactions,boosted_stumps,platt,validation,840,231,0.275,0.1993755312097126,0.009019630692299163,0.5881701080841325,0.5138222478123956,0.2698994784547076,0.0007288413494190293,,
upper_breach_only,1H,IRON_FLY,all_step13,logistic,platt,validation,840,231,0.275,0.19777775210307844,0.016961265854635088,0.5834131023865152,0.5629269471634004,0.3144285845403892,0.009497873547200815,-0.03104205936351243,0.9737486084814516
upper_breach_only,1H,IRON_FLY,all_step13,tree_depth2,platt,validation,840,231,0.275,0.1985572307606427,0.013086928601444336,0.5861911096884166,0.5503166783954961,0.2955509514981689,0.0023587696375181877,-0.022657031143986088,0.9799167069107857
upper_breach_only,1H,IRON_FLY,all_step13,boosted_stumps,platt,validation,840,231,0.275,0.1990984882435325,0.010396650927798845,0.5874759271279375,0.5414027680037532,0.3060463177285345,0.0005492810383002089,0.0008564722460607459,1.0048931213209702
upper_breach_only,1H,IRON_FLY,compact_deredundant,logistic,platt,validation,840,231,0.275,0.19667443545114846,0.02244521434399538,0.5808049305960228,0.5738240959915837,0.32233332874368564,0.002059482115771687,-0.008609210463288714,0.998283744906655
upper_breach_only,1H,IRON_FLY,compact_deredundant,tree_depth2,platt,validation,840,231,0.275,0.19787759708396988,0.016464994243786113,0.5843434690438571,0.5628132130595185,0.299620780643645,0.0035141452130820656,-0.008289643866281214,0.9955662012077549
upper_breach_only,1H,IRON_FLY,compact_deredundant,boosted_stumps,platt,validation,840,231,0.275,0.19914515402469063,0.010164702339295895,0.5875920016492832,0.5278968431677791,0.27939943417501634,0.000628210079049285,-0.00022249449508111245,1.003730739922215
upper_breach_only,2H,IRON_FLY,step11_individuals,logistic,platt,validation,838,266,0.31742243436754175,0.21455566177241672,0.01083628827429406,0.6199423343747176,0.5616948840633051,0.3656422854883603,0.0010417291743305599,0.016530361864435725,1.024638385437066
upper_breach_only,2H,IRON_FLY,step11_individuals,tree_depth2,platt,validation,838,266,0.31742243436754175,0.21562171180925702,0.005921488997429503,0.6221338408704327,0.5144657973605342,0.3345123166961822,0.0005581893999160314,-0.003284272167383324,0.998002135209798
upper_breach_only,2H,IRON_FLY,step11_individuals,boosted_stumps,platt,validation,838,266,0.31742243436754175,0.21663314656205251,0.0012584819903956879,0.6248364954973229,0.4999342762500657,0.32660444290126733,0.00029337150150715585,-0.0011046319964665475,1.0001413348757717
upper_breach_only,2H,IRON_FLY,step12_interactions,logistic,platt,validation,838,266,0.31742243436754175,0.21790667819868717,-0.004612867524630637,0.6277951347654785,0.49249434775750567,0.3257695812671432,0.003021933859926995,-0.03349164041107411,0.9581677394496649
upper_breach_only,2H,IRON_FLY,step12_interactions,tree_depth2,platt,validation,838,266,0.31742243436754175,0.2167558908351536,0.0006925953585970035,0.6251203774476084,0.46519927440980074,0.31398282592424703,0.00036307464435053616,-0.0020315439330123295,0.9988929112016709
upper_breach_only,2H,IRON_FLY,step12_interactions,boosted_stumps,platt,validation,838,266,0.31742243436754175,0.21666550217622463,0.0011093132425507024,0.624911433948873,0.48797255376202747,0.3260911470349653,0.00026391002112224893,,
upper_breach_only,2H,IRON_FLY,all_step13,logistic,platt,validation,838,266,0.31742243436754175,0.2160226367255861,0.004073109070825365,0.6229713916026334,0.5413205215836795,0.3361736393958195,0.009486379271962511,-0.018326835312687615,0.9793068119743139
upper_breach_only,2H,IRON_FLY,all_step13,tree_depth2,platt,validation,838,266,0.31742243436754175,0.21562171180925702,0.005921488997429503,0.6221338408704327,0.5144657973605342,0.3345123166961822,0.0005581893999160314,-0.003284272167383324,0.998002135209798
upper_breach_only,2H,IRON_FLY,all_step13,boosted_stumps,platt,validation,838,266,0.31742243436754175,0.21663314656205251,0.0012584819903956879,0.6248364954973229,0.4999342762500657,0.32660444290126733,0.00029337150150715585,-0.0011046319964665475,1.0001413348757717
upper_breach_only,2H,IRON_FLY,compact_deredundant,logistic,platt,validation,838,266,0.31742243436754175,0.215174621270959,0.007982705805632095,0.6209829732013568,0.5539131920710868,0.3508472061852673,0.00213453181559257,-0.006755006478923821,0.995204917280418
upper_breach_only,2H,IRON_FLY,compact_deredundant,tree_depth2,platt,validation,838,266,0.31742243436754175,0.2180240073396247,-0.005153788829548089,0.6284149199352911,0.5055930911194069,0.33254362154806455,0.0031472070906536365,-0.03607202981026169,0.9539969678712763
upper_breach_only,2H,IRON_FLY,compact_deredundant,boosted_stumps,platt,validation,838,266,0.31742243436754175,0.21663314656205251,0.0012584819903956879,0.6248364954973229,0.4999342762500657,0.32660444290126733,0.00029337150150715585,-0.0011046319964665475,1.0001413348757717
upper_breach_only,4H,IRON_FLY,step11_individuals,logistic,platt,validation,834,269,0.3225419664268585,0.21766963119576246,0.003952529930510762,0.6266720892386071,0.5503701023127282,0.34965372404960765,0.01023022342674338,-0.00419496405638123,0.9945233258107743
upper_breach_only,4H,IRON_FLY,step11_individuals,tree_depth2,platt,validation,834,269,0.3225419664268585,0.2197012070859535,-0.005343879561996889,0.6318938575846389,0.5319406520380301,0.3240163454323126,0.0032806984544901385,-0.03817142234061645,0.9492807926186962
upper_breach_only,4H,IRON_FLY,step11_individuals,boosted_stumps,platt,validation,834,269,0.3225419664268585,0.2188657771906058,-0.0015209859910829682,0.6295958885772047,0.49700299371648515,0.310582505528663,0.0004384494960763541,-0.005967881237612322,0.9916263814882509
upper_breach_only,4H,IRON_FLY,step12_interactions,logistic,platt,validation,834,269,0.3225419664268585,0.22038951513867866,-0.008493549503454156,0.6328952571703977,0.4984241865973616,0.33596450504754205,0.011064690189868316,-0.052700518572916626,0.9308048574347862
upper_breach_only,4H,IRON_FLY,step12_interactions,tree_depth2,platt,validation,834,269,0.3225419664268585,0.21824664121877987,0.0013121552926985691,0.6281761208857682,0.5256308188308056,0.3439865537624995,0.00032566689472124377,0.003352471774650427,1.0040535953567282
upper_breach_only,4H,IRON_FLY,step12_interactions,boosted_stumps,platt,validation,834,269,0.3225419664268585,0.21850865036489903,0.0001132119872250259,0.628770702728618,0.5060499391387308,0.3179074229302854,6.359673909422936e-05,,
upper_breach_only,4H,IRON_FLY,all_step13,logistic,platt,validation,834,269,0.3225419664268585,0.21957987984129224,-0.004788690974450338,0.630687301660025,0.5343224660328322,0.3429666466219117,0.0204196783460393,-0.058266199938527004,0.924714580065054
upper_breach_only,4H,IRON_FLY,all_step13,tree_depth2,platt,validation,834,269,0.3225419664268585,0.2197012070859535,-0.005343879561996889,0.6318938575846389,0.5319406520380301,0.3240163454323126,0.0032806984544901385,-0.03817142234061645,0.9492807926186962
upper_breach_only,4H,IRON_FLY,all_step13,boosted_stumps,platt,validation,834,269,0.3225419664268585,0.2188657771906058,-0.0015209859910829682,0.6295958885772047,0.49700299371648515,0.310582505528663,0.0004384494960763541,-0.005967881237612322,0.9916263814882509
upper_breach_only,4H,IRON_FLY,compact_deredundant,logistic,platt,validation,834,269,0.3225419664268585,0.2182705918100721,0.0012025583510754112,0.6277062825941871,0.5488962726584861,0.35336496752973434,0.02958218952583971,-0.03391984555307716,0.9561537348470734
upper_breach_only,4H,IRON_FLY,compact_deredundant,tree_depth2,platt,validation,834,269,0.3225419664268585,0.21957217434622942,-0.004753430939227421,0.6317094574390525,0.5243609566733559,0.32165538389766735,0.0031900595979783564,-0.03720235550274906,0.9505147463193053
upper_breach_only,4H,IRON_FLY,compact_deredundant,boosted_stumps,platt,validation,834,269,0.3225419664268585,0.2188657771906058,-0.0015209859910829682,0.6295958885772047,0.49700299371648515,0.310582505528663,0.0004384494960763541,-0.005967881237612322,0.9916263814882509
upper_breach_only,8H,IRON_FLY,step11_individuals,logistic,platt,validation,826,265,0.32082324455205813,0.2215787774575613,-0.012565309263124824,0.6361692225294264,0.4733124810816265,0.3159752491606123,0.010402461104119477,-0.0732710441104323,0.9072155663267334
upper_breach_only,8H,IRON_FLY,step11_individuals,tree_depth2,platt,validation,826,265,0.32082324455205813,0.22380443774426506,-0.022736077521616993,0.6417053288824597,0.45733023912824133,0.2912452041983199,0.013069341775780174,-0.11879826390442358,0.8583798201280716
upper_breach_only,8H,IRON_FLY,step11_individuals,boosted_stumps,platt,validation,826,265,0.32082324455205813,0.2194218636357582,-0.002708696928280352,0.6310237808817426,0.4419668381932533,0.28233696443088985,0.0018738035648854234,-0.022886381797322906,0.9694704608458805
upper_breach_only,8H,IRON_FLY,step12_interactions,logistic,platt,validation,826,265,0.32082324455205813,0.22540204419769425,-0.03003678064471793,0.6438458886618347,0.46057915447482595,0.29475933915611646,0.01773329397167606,-0.14663375679894192,0.8349499990485352
upper_breach_only,8H,IRON_FLY,step12_interactions,tree_depth2,platt,validation,826,265,0.32082324455205813,0.2178904161869039,0.004289674384452269,0.6274763417252359,0.515373490734201,0.31310279981599193,0.00023494429100479053,0.000734410847119138,0.9995955503789856
upper_breach_only,8H,IRON_FLY,step12_interactions,boosted_stumps,platt,validation,826,265,0.32082324455205813,0.21789574252849642,0.004265334198159443,0.6274885593813919,0.5214475498604244,0.295016150233516,0.00022851990724048754,,
upper_breach_only,8H,IRON_FLY,all_step13,logistic,platt,validation,826,265,0.32082324455205813,0.22582924802585203,-0.03198900631064294,0.6448369515282579,0.44635253758450205,0.2896173219409774,0.021413967850991582,-0.16091200578292217,0.8318653550530276
upper_breach_only,8H,IRON_FLY,all_step13,tree_depth2,platt,validation,826,265,0.32082324455205813,0.22380443774426506,-0.022736077521616993,0.6417053288824597,0.45733023912824133,0.2912452041983199,0.013069341775780174,-0.11879826390442358,0.8583798201280716
upper_breach_only,8H,IRON_FLY,all_step13,boosted_stumps,platt,validation,826,265,0.32082324455205813,0.2194218636357582,-0.002708696928280352,0.6310237808817426,0.4419668381932533,0.28233696443088985,0.0018738035648854234,-0.022886381797322906,0.9694704608458805
upper_breach_only,8H,IRON_FLY,compact_deredundant,logistic,platt,validation,826,265,0.32082324455205813,0.22553603983738443,-0.030649110660704082,0.6441675479005357,0.46045135035146134,0.2920399581701179,0.05479461476961731,-0.15090693754995488,0.8315314311818308
upper_breach_only,8H,IRON_FLY,compact_deredundant,tree_depth2,platt,validation,826,265,0.32082324455205813,0.22380443774426506,-0.022736077521616993,0.6417053288824597,0.45733023912824133,0.2912452041983199,0.013069341775780174,-0.11879826390442358,0.8583798201280716
upper_breach_only,8H,IRON_FLY,compact_deredundant,boosted_stumps,platt,validation,826,265,0.32082324455205813,0.2194218636357582,-0.002708696928280352,0.6310237808817426,0.4419668381932533,0.28233696443088985,0.0018738035648854234,-0.022886381797322906,0.9694704608458805
upper_breach_only,12H,IRON_FLY,step11_individuals,logistic,platt,validation,818,240,0.293398533007335,0.21156244476597033,-0.020412756061676696,0.6161369932398093,0.435070645905421,0.2904207531971584,0.014932419516002602,-0.0828248606642363,0.9074420826400271
upper_breach_only,12H,IRON_FLY,step11_individuals,tree_depth2,platt,validation,818,240,0.293398533007335,0.212929487348506,-0.027006306683772907,0.6186404662460329,0.45441897347174165,0.2727863660698,0.012624074087162929,-0.1238123666888748,0.868950670817437
upper_breach_only,12H,IRON_FLY,step11_individuals,boosted_stumps,platt,validation,818,240,0.293398533007335,0.20876896472247522,-0.006939180100029141,0.608694934729894,0.41031574394463666,0.26120173652752776,0.0019036361876423324,-0.023395271193257183,0.9733241469041365
upper_breach_only,12H,IRON_FLY,step12_interactions,logistic,platt,validation,818,240,0.293398533007335,0.2155165686795299,-0.039484375719447184,0.6233121657422263,0.456401384083045,0.26947052950473155,0.024445609134857996,-0.16665765924930384,0.8354080626569308
upper_breach_only,12H,IRON_FLY,step12_interactions,tree_depth2,platt,validation,818,240,0.293398533007335,0.2072806671178149,0.0002392104800730266,0.6050819936442613,0.5126658016147636,0.30981863039655033,7.647899210627696e-05,0.0006116200519432811,1.0005047646068066
upper_breach_only,12H,IRON_FLY,step12_interactions,boosted_stumps,platt,validation,818,240,0.293398533007335,0.20731583499537948,6.958797967970831e-05,0.605166694294326,0.4918901384083045,0.281763652680027,3.404263122375184e-05,,
upper_breach_only,12H,IRON_FLY,all_step13,logistic,platt,validation,818,240,0.293398533007335,0.2164953010672484,-0.04420501985032521,0.6259435035894629,0.42689590542099193,0.2548397483671117,0.024272628732251632,-0.187100337824709,0.8298437627031471
upper_breach_only,12H,IRON_FLY,all_step13,tree_depth2,platt,validation,818,240,0.293398533007335,0.212929487348506,-0.027006306683772907,0.6186404662460329,0.45441897347174165,0.2727863660698,0.012624074087162929,-0.1238123666888748,0.868950670817437
upper_breach_only,12H,IRON_FLY,all_step13,boosted_stumps,platt,validation,818,240,0.293398533007335,0.20876896472247522,-0.006939180100029141,0.608694934729894,0.41031574394463666,0.26120173652752776,0.0019036361876423324,-0.023395271193257183,0.9733241469041365
upper_breach_only,12H,IRON_FLY,compact_deredundant,logistic,platt,validation,818,240,0.293398533007335,0.21637536080314254,-0.04362652126285416,0.6258134748806644,0.41785611303344866,0.25208781386196155,0.053618021341727995,-0.17878658620170346,0.8257803131910921
upper_breach_only,12H,IRON_FLY,compact_deredundant,tree_depth2,platt,validation,818,240,0.293398533007335,0.212929487348506,-0.027006306683772907,0.6186404662460329,0.45441897347174165,0.2727863660698,0.012624074087162929,-0.1238123666888748,0.868950670817437
upper_breach_only,12H,IRON_FLY,compact_deredundant,boosted_stumps,platt,validation,818,240,0.293398533007335,0.20876896472247522,-0.006939180100029141,0.608694934729894,0.41031574394463666,0.26120173652752776,0.0019036361876423324,-0.023395271193257183,0.9733241469041365
upper_breach_only,24H,IRON_FLY,step11_individuals,logistic,platt,validation,794,255,0.3211586901763224,0.21837236897433893,0.0023627044617959836,0.6285072736997811,0.4731274327912983,0.3042666186409701,0.00040294498535436984,-0.006559608788379807,0.9902521820327754
upper_breach_only,24H,IRON_FLY,step11_individuals,tree_depth2,platt,validation,794,255,0.3211586901763224,0.22664990561068357,-0.035453340225486185,0.6471760943000044,0.42722543562879695,0.2942050763722381,0.025815365345919897,-0.17329907030215946,0.8374770299485698
upper_breach_only,24H,IRON_FLY,step11_individuals,boosted_stumps,platt,validation,794,255,0.3211586901763224,0.21959105685886782,-0.003204888594674715,0.6313557820809442,0.4332569391392921,0.2904379025039096,0.002011537029816657,-0.024119564133920763,0.9680249804039186
upper_breach_only,24H,IRON_FLY,step12_interactions,logistic,platt,validation,794,255,0.3211586901763224,0.22193764548027078,-0.01392531232315597,0.6364933494017785,0.4882898613991051,0.3158380713702061,0.024073499475785024,-0.08992264519152497,0.8911023227783287
upper_breach_only,24H,IRON_FLY,step12_interactions,tree_depth2,platt,validation,794,255,0.3211586901763224,0.21812584381733663,0.0034889581726892382,0.6279874244415151,0.47220342682527555,0.31982800032525377,1.087455283566019e-05,-0.0021105662629846717,0.9959361877204883
upper_breach_only,24H,IRON_FLY,step12_interactions,boosted_stumps,platt,validation,794,255,0.3211586901763224,0.21801583750738127,0.003991523575406886,0.6277398809731553,0.4709374658954491,0.31039953647325996,0.0002271713667876818,,
upper_breach_only,24H,IRON_FLY,all_step13,logistic,platt,validation,794,255,0.3211586901763224,0.22258596887056964,-0.016887187018062688,0.6378477509271143,0.4774782640328859,0.3050314093322062,0.02063658526329468,-0.10060802869015047,0.8795971331789173
upper_breach_only,24H,IRON_FLY,all_step13,tree_depth2,platt,validation,794,255,0.3211586901763224,0.22664990561068357,-0.035453340225486185,0.6471760943000044,0.42722543562879695,0.2942050763722381,0.025815365345919897,-0.17329907030215946,0.8374770299485698
upper_breach_only,24H,IRON_FLY,all_step13,boosted_stumps,platt,validation,794,255,0.3211586901763224,0.21959105685886782,-0.003204888594674715,0.6313557820809442,0.4332569391392921,0.2904379025039096,0.002011537029816657,-0.024119564133920763,0.9680249804039186
upper_breach_only,24H,IRON_FLY,compact_deredundant,logistic,platt,validation,794,255,0.3211586901763224,0.21924063971915064,-0.0016040028726411748,0.6304308770878427,0.4909527447342573,0.30543917116207003,0.0023327529384519763,-0.02754065915317672,0.9637146530348217
upper_breach_only,24H,IRON_FLY,compact_deredundant,tree_depth2,platt,validation,794,255,0.3211586901763224,0.22459667249751736,-0.02607311533829204,0.6423641732573708,0.44855760486012586,0.3076918046486091,0.01645296120298445,-0.13505657404125537,0.8495185877126239
upper_breach_only,24H,IRON_FLY,compact_deredundant,boosted_stumps,platt,validation,794,255,0.3211586901763224,0.21942715177071945,-0.0024560858517577167,0.630979746344406,0.4132416603004838,0.28543988854951674,0.0017528943714356648,-0.02136915112745197,0.971484218774423
lower_breach_only,1H,IRON_FLY,step11_individuals,logistic,platt,validation,840,284,0.3380952380952381,0.22126235792575102,0.012485800867722219,0.6337762369280424,0.5678956834532374,0.38679032179602935,0.006317868325557746,0.0014179550031216122,1.000021591150008
lower_breach_only,1H,IRON_FLY,step11_individuals,tree_depth2,platt,validation,840,284,0.3380952380952381,0.223699922624481,0.0016067260270428152,0.6394200672327456,0.531652143074273,0.34721816921406223,0.0026303404539433917,-0.02968576703720596,0.9572435718011268
lower_breach_only,1H,IRON_FLY,step11_individuals,boosted_stumps,platt,validation,840,284,0.3380952380952381,0.223663086853702,0.001771127450860388,0.6394819554951604,0.5127609180261424,0.3433725901027479,0.0002979397566691966,0.0015037406986900387,1.0007030039057478
lower_breach_only,1H,IRON_FLY,step12_interactions,logistic,platt,validation,840,284,0.3380952380952381,0.2238476744265373,0.0009472961816510139,0.6398723544013128,0.5173459823690344,0.35146214709393114,0.0012883197144010095,-0.015980863167090093,0.9757535909943715
lower_breach_only,1H,IRON_FLY,step12_interactions,tree_depth2,platt,validation,840,284,0.3380952380952381,0.22376354536185605,0.0013227719142215877,0.6397121308074304,0.50386943965954,0.34514593145243155,0.0002239192126402556,0.0007614919629660615,0.9997268960198217
lower_breach_only,1H,IRON_FLY,step12_interactions,boosted_stumps,platt,validation,840,284,0.3380952380952381,0.22378689176963465,0.0012185747548121295,0.6397640665819917,0.4972071638463877,0.3405590280733593,0.00020903844691472218,,
lower_breach_only,1H,IRON_FLY,all_step13,logistic,platt,validation,840,284,0.3380952380952381,0.22128741160442872,0.012373984001687433,0.6337283229252507,0.5646468740500558,0.3815599600777337,0.0016198834331745085,-0.00610739002065205,0.9896158283877086
lower_breach_only,1H,IRON_FLY,all_step13,tree_depth2,platt,validation,840,284,0.3380952380952381,0.223699922624481,0.0016067260270428152,0.6394200672327456,0.531652143074273,0.34721816921406223,0.0026303404539433917,-0.02968576703720596,0.9572435718011268
lower_breach_only,1H,IRON_FLY,all_step13,boosted_stumps,platt,validation,840,284,0.3380952380952381,0.223663086853702,0.001771127450860388,0.6394819554951604,0.5127609180261424,0.3433725901027479,0.0002979397566691966,0.0015037406986900387,1.0007030039057478
lower_breach_only,1H,IRON_FLY,compact_deredundant,logistic,platt,validation,840,284,0.3380952380952381,0.22093295020913847,0.013955977722511892,0.6329506089818258,0.5683959874354038,0.38452620393915365,0.008476916411498569,0.0030884794862497613,1.0022026440551617
lower_breach_only,1H,IRON_FLY,compact_deredundant,tree_depth2,platt,validation,840,284,0.3380952380952381,0.22434130425114637,-0.0012558190047116113,0.6409914927078746,0.526547775863816,0.3455245893164163,0.0032965762431950707,-0.036307151773065725,0.9482431739780859
lower_breach_only,1H,IRON_FLY,compact_deredundant,boosted_stumps,platt,validation,840,284,0.3380952380952381,0.22357945048145725,0.0021444042518936612,0.6393004691292625,0.5234509575438241,0.34989582620323734,0.000398982706020512,0.002753818496513745,1.0025495133503861
lower_breach_only,2H,IRON_FLY,step11_individuals,logistic,platt,validation,838,277,0.3305489260143198,0.2186757049543254,0.012202965316987502,0.6284669175970092,0.565564328783696,0.38864411656072645,0.006611340696047211,0.0069939518439581455,1.0092680018216262
lower_breach_only,2H,IRON_FLY,step11_individuals,tree_depth2,platt,validation,838,277,0.3305489260143198,0.219687862134934,0.007630871394404215,0.6309438143547192,0.5409242134661544,0.3769303624430388,0.0012325900944442363,-0.015001231051739417,0.9785692601889612
lower_breach_only,2H,IRON_FLY,step11_individuals,boosted_stumps,platt,validation,838,277,0.3305489260143198,0.22083826262479758,0.0024343078675026497,0.6335577229123408,0.521580210686178,0.3652582487769898,0.00024872945682202774,0.0038038535676891564,1.0058411171214214
lower_breach_only,2H,IRON_FLY,step12_interactions,logistic,platt,validation,838,277,0.3305489260143198,0.22067033975655165,0.0031928453161115256,0.6333017698682093,0.5469281903769057,0.36194531042306566,0.0030425643829199538,-0.027008945772141486,0.9624756922052647
lower_breach_only,2H,IRON_FLY,step12_interactions,tree_depth2,platt,validation,838,277,0.3305489260143198,0.22149632187944351,-0.0005382627732126721,0.6350301736863952,0.4825511432009627,0.3440211748541262,0.0004941673747752562,-0.005059470295358168,0.9935507135015738
lower_breach_only,2H,IRON_FLY,step12_interactions,boosted_stumps,platt,validation,838,277,0.3305489260143198,0.22128636233920407,0.0004101617959237913,0.6345667607889953,0.46955861438766516,0.3495479754521052,0.00016974717831041986,,
lower_breach_only,2H,IRON_FLY,all_step13,logistic,platt,validation,838,277,0.3305489260143198,0.21829749396290152,0.013911411602280488,0.6275091850035045,0.5692773991775903,0.3892154566383178,0.00809436232788712,-0.014739738428471554,0.9791317798809449
lower_breach_only,2H,IRON_FLY,all_step13,tree_depth2,platt,validation,838,277,0.3305489260143198,0.219687862134934,0.007630871394404215,0.6309438143547192,0.5409242134661544,0.3769303624430388,0.0012325900944442363,-0.015001231051739417,0.9785692601889612
lower_breach_only,2H,IRON_FLY,all_step13,boosted_stumps,platt,validation,838,277,0.3305489260143198,0.22083826262479758,0.0024343078675026497,0.6335577229123408,0.521580210686178,0.3652582487769898,0.00024872945682202774,0.0038038535676891564,1.0058411171214214
lower_breach_only,2H,IRON_FLY,compact_deredundant,logistic,platt,validation,838,277,0.3305489260143198,0.2180733454296598,0.01492393037527795,0.6269270458265179,0.5750239708617283,0.3864749561696464,0.0018764900865365709,-0.006882873635169762,0.9895157288373614
lower_breach_only,2H,IRON_FLY,compact_deredundant,tree_depth2,platt,validation,838,277,0.3305489260143198,0.2187267010640335,0.011972606823525522,0.6286381030004073,0.5492062266324318,0.3809615757687455,0.0025974012636841457,-0.0013247278082946492,0.9969596854792634
lower_breach_only,2H,IRON_FLY,compact_deredundant,boosted_stumps,platt,validation,838,277,0.3305489260143198,0.2208071705380864,0.002574756350619767,0.633489871495932,0.519405136521297,0.36389612455503306,0.00027537301549046544,0.0041946543326670215,1.0064311089698672
lower_breach_only,4H,IRON_FLY,step11_individuals,logistic,platt,validation,834,276,0.33093525179856115,0.2200927739642574,0.0074386682278608784,0.6325079051682703,0.5430626980416602,0.4050893719391169,0.017934370310129674,-0.028975529823207065,0.9599949172969895
lower_breach_only,4H,IRON_FLY,step11_individuals,tree_depth2,platt,validation,834,276,0.33093525179856115,0.21706318766788124,0.02110131673234139,0.6254863379534481,0.5681328242688691,0.40063072339761513,0.013417910829998207,0.007111490828582474,1.009685021202627
lower_breach_only,4H,IRON_FLY,step11_individuals,boosted_stumps,platt,validation,834,276,0.33093525179856115,0.2207156567005405,0.004629628625481885,0.6332630518939372,0.5382512596748221,0.38052174706419545,0.00029743183289993036,0.006827911870054412,1.011741911267784
lower_breach_only,4H,IRON_FLY,step12_interactions,logistic,platt,validation,834,276,0.33093525179856115,0.2191839638536589,0.011537166136066146,0.6302182241220818,0.5678860838398005,0.3943226634849809,0.028913425689186777,-0.027160511531628007,0.9625808246503987
lower_breach_only,4H,IRON_FLY,step12_interactions,tree_depth2,platt,validation,834,276,0.33093525179856115,0.2212616171614659,0.0021674885359620477,0.6344921240637017,0.5169796374214326,0.3500434401392415,0.0003404621504796146,-0.0012805181994728532,1.0001565078045844
lower_breach_only,4H,IRON_FLY,step12_interactions,boosted_stumps,platt,validation,834,276,0.33093525179856115,0.2214172441540319,0.001465651159755832,0.6348392907175359,0.4983767077034959,0.3500214211532306,0.00036501842117214744,,
lower_breach_only,4H,IRON_FLY,all_step13,logistic,platt,validation,834,276,0.33093525179856115,0.21895354427186944,0.01257629869297816,0.6296266528858866,0.5704184198223469,0.41612696852758546,0.009441707883694308,-0.04856781580465299,0.9365757481195394
lower_breach_only,4H,IRON_FLY,all_step13,tree_depth2,platt,validation,834,276,0.33093525179856115,0.21706318766788124,0.02110131673234139,0.6254863379534481,0.5681328242688691,0.40063072339761513,0.013417910829998207,0.007111490828582474,1.009685021202627
lower_breach_only,4H,IRON_FLY,all_step13,boosted_stumps,platt,validation,834,276,0.33093525179856115,0.2207156567005405,0.004629628625481885,0.6332630518939372,0.5382512596748221,0.38052174706419545,0.00029743183289993036,0.006827911870054412,1.011741911267784
lower_breach_only,4H,IRON_FLY,compact_deredundant,logistic,platt,validation,834,276,0.33093525179856115,0.21819673929674804,0.0159892928611568,0.6275658609634331,0.5761713677211573,0.41114796239597057,0.012002704318129089,-0.03258857500409225,0.9563389634889611
lower_breach_only,4H,IRON_FLY,compact_deredundant,tree_depth2,platt,validation,834,276,0.33093525179856115,0.22091725911099777,0.0037204540378398265,0.6345190839676051,0.5467248454625734,0.38929165214088485,0.0075582110550935664,-0.06172918356196942,0.9178039819490669
lower_breach_only,4H,IRON_FLY,compact_deredundant,boosted_stumps,platt,validation,834,276,0.33093525179856115,0.22043548306686447,0.005893139053198548,0.6326309476996844,0.5639187574671446,0.3877367357338046,0.0005559410432079415,0.010209208471831353,1.0166088091819268
lower_breach_only,8H,IRON_FLY,step11_individuals,logistic,platt,validation,826,266,0.3220338983050847,0.21764779149587166,0.0031791462030036355,0.6269540903844397,0.5520341031149302,0.36176176330612053,0.010366789125809732,-0.025832760897224073,0.9659731470325862
lower_breach_only,8H,IRON_FLY,step11_individuals,tree_depth2,platt,validation,826,266,0.3220338983050847,0.21766208256715652,0.0031136934925399817,0.6269011266353287,0.5307263694951665,0.36920320480805335,0.005787777786414521,-0.057567518080454745,0.9299188836419753
lower_breach_only,8H,IRON_FLY,step11_individuals,boosted_stumps,platt,validation,826,266,0.3220338983050847,0.21729777684925972,0.004782203585204536,0.6260610808955864,0.537453007518797,0.3880767901136536,0.0008011627370939634,0.009533304881431672,1.0124392864821137
lower_breach_only,8H,IRON_FLY,step12_interactions,logistic,platt,validation,826,266,0.3220338983050847,0.22196585671785124,-0.016597472855437223,0.6374140759484784,0.5057465091299678,0.3370820461521373,0.013502261343487365,-0.11097693849675919,0.8684830855995531
lower_breach_only,8H,IRON_FLY,step12_interactions,tree_depth2,platt,validation,826,266,0.3220338983050847,0.21821480318880296,0.0005822483618813656,0.6281211168795015,0.48272690655209455,0.3763726950943788,0.0007228451745533993,-0.008959407835847102,0.9879697219879179
lower_breach_only,8H,IRON_FLY,step12_interactions,boosted_stumps,platt,validation,826,266,0.3220338983050847,0.2183280696766722,6.349098617630666e-05,0.6283930649319676,0.451765574650913,0.4238779239622356,5.503777903620444e-05,,
lower_breach_only,8H,IRON_FLY,all_step13,logistic,platt,validation,826,266,0.3220338983050847,0.2207876742740187,-0.011201429911385175,0.6349588883044068,0.5345529001074114,0.35725014873719857,0.02621760827491037,-0.10440287543051566,0.8784641617740765
lower_breach_only,8H,IRON_FLY,all_step13,tree_depth2,platt,validation,826,266,0.3220338983050847,0.21766208256715652,0.0031136934925399817,0.6269011266353287,0.5307263694951665,0.36920320480805335,0.005787777786414521,-0.057567518080454745,0.9299188836419753
lower_breach_only,8H,IRON_FLY,all_step13,boosted_stumps,platt,validation,826,266,0.3220338983050847,0.21729777684925972,0.004782203585204536,0.6260610808955864,0.537453007518797,0.3880767901136536,0.0008011627370939634,0.009533304881431672,1.0124392864821137
lower_breach_only,8H,IRON_FLY,compact_deredundant,logistic,platt,validation,826,266,0.3220338983050847,0.21715020072229002,0.005458098157232749,0.6258557781833897,0.5587271750805586,0.3611643358584176,0.015964051521034764,-0.04749167662593347,0.9409005519600337
lower_breach_only,8H,IRON_FLY,compact_deredundant,tree_depth2,platt,validation,826,266,0.3220338983050847,0.21849264236902272,-0.0006902473843029,0.629876370605195,0.5454954350161118,0.3887118079650728,0.008112655974867137,-0.07688986060105224,0.9077678926700888
lower_breach_only,8H,IRON_FLY,compact_deredundant,boosted_stumps,platt,validation,826,266,0.3220338983050847,0.21659308991227103,0.008009650228980703,0.6244632706128647,0.5367481203007519,0.4194998013893736,0.0014392334660771056,0.017484244678854177,1.022960088709357
lower_breach_only,12H,IRON_FLY,step11_individuals,logistic,platt,validation,818,231,0.2823960880195599,0.19886818066023335,0.0228804817956203,0.5856428548505215,0.6057287403113638,0.35119957334249097,0.0060201340344608,0.012987322374611636,1.0136522418740315
lower_breach_only,12H,IRON_FLY,step11_individuals,tree_depth2,platt,validation,818,231,0.2823960880195599,0.19659197271877252,0.03406440875522332,0.5804393623260021,0.5792827274939711,0.37161724654216494,0.007776695907235735,-0.0019329320428185257,0.9976584917777336
lower_breach_only,12H,IRON_FLY,step11_individuals,boosted_stumps,platt,validation,818,231,0.2823960880195599,0.19983987375070109,0.018106162036430118,0.5883830994341193,0.5623944482547549,0.3898470366157988,0.0023012018876566454,0.033797016029638374,1.0384741151947174
lower_breach_only,12H,IRON_FLY,step12_interactions,logistic,platt,validation,818,231,0.2823960880195599,0.20486940077560759,-0.0066059312057205055,0.6022860984786521,0.5334115061542659,0.3379371800817243,0.04007384768689612,-0.12038640034012756,0.8828511804729801
lower_breach_only,12H,IRON_FLY,step12_interactions,tree_depth2,platt,validation,818,231,0.2823960880195599,0.20085434854378587,0.013121638530665947,0.5909923092341824,0.4916922940773026,0.3736931580494018,0.0036487731058335725,-0.009124469994763417,0.9916715211842504
lower_breach_only,12H,IRON_FLY,step12_interactions,boosted_stumps,platt,validation,818,231,0.2823960880195599,0.2026487304150429,0.004305117236528377,0.595202591810049,0.44073983937697736,0.40745576422620455,0.0004392314127357744,,
lower_breach_only,12H,IRON_FLY,all_step13,logistic,platt,validation,818,231,0.2823960880195599,0.20388476431625163,-0.001768015458826211,0.5995619653193099,0.5523499782443564,0.3321965826564473,0.04574470049678193,-0.10969417263605769,0.8941009081539921
lower_breach_only,12H,IRON_FLY,all_step13,tree_depth2,platt,validation,818,231,0.2823960880195599,0.19659197271877252,0.03406440875522332,0.5804393623260021,0.5792827274939711,0.37161724654216494,0.007776695907235735,-0.0019329320428185257,0.9976584917777336
lower_breach_only,12H,IRON_FLY,all_step13,boosted_stumps,platt,validation,818,231,0.2823960880195599,0.19983987375070109,0.018106162036430118,0.5883830994341193,0.5623944482547549,0.3898470366157988,0.0023012018876566454,0.033797016029638374,1.0384741151947174
lower_breach_only,12H,IRON_FLY,compact_deredundant,logistic,platt,validation,818,231,0.2823960880195599,0.1993729863305728,0.020400168093592463,0.5873601393046805,0.5926901037633576,0.3543135760503327,0.02633359263224603,-0.03692251941430985,0.9624716784832933
lower_breach_only,12H,IRON_FLY,compact_deredundant,tree_depth2,platt,validation,818,231,0.2823960880195599,0.1999794215074685,0.017420507667760377,0.5895451265474831,0.564747007677161,0.3515621992056095,0.02983316919840358,-0.04455786019027933,0.9546309530462608
lower_breach_only,12H,IRON_FLY,compact_deredundant,boosted_stumps,platt,validation,818,231,0.2823960880195599,0.20002529486751924,0.017195113362234116,0.5888059411733798,0.5737368820844119,0.3957930736887545,0.0020754794332016324,0.03111280394162124,1.0357446287011527
lower_breach_only,24H,IRON_FLY,step11_individuals,logistic,platt,validation,794,246,0.30982367758186397,0.2090458061874914,0.023708831689956633,0.6068031060648965,0.6401029612485906,0.38204361307670376,0.024803417361280666,0.03947263942324069,1.0439581161196827
lower_breach_only,24H,IRON_FLY,step11_individuals,tree_depth2,platt,validation,794,246,0.30982367758186397,0.20707448938174514,0.03291532677584752,0.6023350221223414,0.5938223250845647,0.41256761615774445,0.017128333002841216,-0.012223183350589617,0.9865206806267943
lower_breach_only,24H,IRON_FLY,step11_individuals,boosted_stumps,platt,validation,794,246,0.30982367758186397,0.21027769945595687,0.017955611664940974,0.6105867714000756,0.6008322948192986,0.44407660099047963,0.003557811385319909,0.041187243177882756,1.048451958252557
lower_breach_only,24H,IRON_FLY,step12_interactions,logistic,platt,validation,794,246,0.30982367758186397,0.2124432210948854,0.007842136109377673,0.6161651432526776,0.5709750163195063,0.38063449750585443,0.03497169531019795,-0.10342390234177083,0.9031518167469752
lower_breach_only,24H,IRON_FLY,step12_interactions,tree_depth2,platt,validation,794,246,0.30982367758186397,0.21282554365326986,0.006056603340250155,0.6166357110362682,0.5058156785947422,0.41446718565839497,0.01038725951587897,-0.023074509521591857,0.9720453622793893
lower_breach_only,24H,IRON_FLY,step12_interactions,boosted_stumps,platt,validation,794,246,0.30982367758186397,0.21383298739880174,0.0013516133226564309,0.6189595619042394,0.4670197614384903,0.5137584652535853,0.0001449389134162149,,
lower_breach_only,24H,IRON_FLY,all_step13,logistic,platt,validation,794,246,0.30982367758186397,0.21113009190334064,0.01397474625801387,0.6127932379445639,0.5894234763515518,0.35752792936906014,0.01620692970913422,-0.07664814423693825,0.9255774982678118
lower_breach_only,24H,IRON_FLY,all_step13,tree_depth2,platt,validation,794,246,0.30982367758186397,0.20707448938174514,0.03291532677584752,0.6023350221223414,0.5938223250845647,0.41256761615774445,0.017128333002841216,-0.012223183350589617,0.9865206806267943
lower_breach_only,24H,IRON_FLY,all_step13,boosted_stumps,platt,validation,794,246,0.30982367758186397,0.21027769945595687,0.017955611664940974,0.6105867714000756,0.6008322948192986,0.44407660099047963,0.003557811385319909,0.041187243177882756,1.048451958252557
lower_breach_only,24H,IRON_FLY,compact_deredundant,logistic,platt,validation,794,246,0.30982367758186397,0.210757108484181,0.015716663135911246,0.6122395948716527,0.6010622514984274,0.37196828333965976,0.027164648686015057,-0.07707442713692893,0.9251165847228495
lower_breach_only,24H,IRON_FLY,compact_deredundant,tree_depth2,platt,validation,794,246,0.30982367758186397,0.20709134957477787,0.03283658586325011,0.6025633065019967,0.5875244792593911,0.39912859925594546,0.01803129893419421,-0.005565370330223308,0.9932031925550209
lower_breach_only,24H,IRON_FLY,compact_deredundant,boosted_stumps,platt,validation,794,246,0.30982367758186397,0.2105775114719931,0.01655542177953906,0.6113109454246514,0.6009213103079936,0.46061555551415573,0.0032128764444988023,0.036890397670289836,1.043285734256779
both_side_breach,1H,IRON_FLY,step11_individuals,logistic,platt,validation,840,289,0.34404761904761905,0.21693601021347647,0.04162111205856733,0.6240278543900036,0.6206331363547875,0.45449132873204257,0.011424054467292504,-0.012040853702725679,0.9828022990077973
both_side_breach,1H,IRON_FLY,step11_individuals,tree_depth2,platt,validation,840,289,0.34404761904761905,0.2225320846025036,0.01689880088249418,0.6370093399945114,0.5564905582175221,0.42467757613522583,0.002054532071217512,-0.023197851253210992,0.9655126862256347
both_side_breach,1H,IRON_FLY,step11_individuals,boosted_stumps,platt,validation,840,289,0.34404761904761905,0.2239763167834903,0.010518478730440095,0.6399225979136789,0.5676750042389114,0.418654526601609,0.0018905651653705058,0.01998399267856059,1.0279857836203297
both_side_breach,1H,IRON_FLY,step12_interactions,logistic,platt,validation,840,289,0.34404761904761905,0.22462148725825504,0.007668247634509018,0.6413793543989944,0.5413435150936643,0.3887244817347735,0.01700922745986169,-0.03447718218554427,0.9487340435728701
both_side_breach,1H,IRON_FLY,step12_interactions,tree_depth2,platt,validation,840,289,0.34404761904761905,0.2250602887355894,0.005729712527032249,0.6422758734770825,0.5055294243244431,0.367560911869871,0.00015922567240678198,-0.00047717599680382555,0.9974873811191197
both_side_breach,1H,IRON_FLY,step12_interactions,boosted_stumps,platt,validation,840,289,0.34404761904761905,0.22567894461263802,0.0029966174964707326,0.6436840041519355,0.477332814197527,0.36634382138343563,0.0002995619377314518,,
both_side_breach,1H,IRON_FLY,all_step13,logistic,platt,validation,840,289,0.34404761904761905,0.21871430277702125,0.03376497951603796,0.6281662500943891,0.6025345549771098,0.44605926168625537,0.011844573872707593,-0.0311452102331697,0.9574638346813209
both_side_breach,1H,IRON_FLY,all_step13,tree_depth2,platt,validation,840,289,0.34404761904761905,0.2225320846025036,0.01689880088249418,0.6370093399945114,0.5564905582175221,0.42467757613522583,0.002054532071217512,-0.023197851253210992,0.9655126862256347
both_side_breach,1H,IRON_FLY,all_step13,boosted_stumps,platt,validation,840,289,0.34404761904761905,0.2239763167834903,0.010518478730440095,0.6399225979136789,0.5676750042389114,0.418654526601609,0.0018905651653705058,0.01998399267856059,1.0279857836203297
both_side_breach,1H,IRON_FLY,compact_deredundant,logistic,platt,validation,840,289,0.34404761904761905,0.2183822484161927,0.035231927713129885,0.6275484863381615,0.6012534617775797,0.44792069031350895,0.015237394768886938,-0.028732503680371137,0.9606451490255531
both_side_breach,1H,IRON_FLY,compact_deredundant,tree_depth2,platt,validation,840,289,0.34404761904761905,0.2199625731625293,0.028250376464492133,0.6308032109685393,0.5755813588379731,0.43238106652653474,0.003915769974710251,0.004410437851105227,1.005238722668524
both_side_breach,1H,IRON_FLY,compact_deredundant,boosted_stumps,platt,validation,840,289,0.34404761904761905,0.2239763167834903,0.010518478730440095,0.6399225979136789,0.5676750042389114,0.418654526601609,0.0018905651653705058,0.01998399267856059,1.0279857836203297
both_side_breach,2H,IRON_FLY,step11_individuals,logistic,platt,validation,838,258,0.30787589498806683,0.19978016666452045,0.06476646275638953,0.5847044687695233,0.6556869820903501,0.44480044654284523,0.023057782715986852,0.06223667600749869,1.07429375555995
both_side_breach,2H,IRON_FLY,step11_individuals,tree_depth2,platt,validation,838,258,0.30787589498806683,0.2058457806605749,0.03637142371024482,0.5989405423926967,0.6189521518310612,0.3834507714835936,0.03275650507838837,0.031018341402736047,1.0373438273731255
both_side_breach,2H,IRON_FLY,step11_individuals,boosted_stumps,platt,validation,838,258,0.30787589498806683,0.21047242928026427,0.014712632317596563,0.6111335185411981,0.6147888265169741,0.3495464204979201,0.002872844715776368,0.03451447588498012,1.0411036891412337
both_side_breach,2H,IRON_FLY,step12_interactions,logistic,platt,validation,838,258,0.30787589498806683,0.20920665502593658,0.020638118080228085,0.6071479053957153,0.5721865811280407,0.3509442137070024,0.018550256503633285,0.007572713188788039,1.0089068857784618
both_side_breach,2H,IRON_FLY,step12_interactions,tree_depth2,platt,validation,838,258,0.30787589498806683,0.20949185163553713,0.01930302341863188,0.6081971722363569,0.5724538893344026,0.3251594174957271,0.002777520002711198,0.032444318747590406,1.0382384086399816
both_side_breach,2H,IRON_FLY,step12_interactions,boosted_stumps,platt,validation,838,258,0.30787589498806683,0.21308835610745566,0.002466659453468689,0.61739063243732,0.5208099438652767,0.3064935166180067,0.00016683552389051837,,
both_side_breach,2H,IRON_FLY,all_step13,logistic,platt,validation,838,258,0.30787589498806683,0.2003042123986017,0.06231324052845322,0.5863498019139445,0.6504210104250201,0.44383837121299596,0.01724524856064308,0.050721835340984,1.0608259146550212
both_side_breach,2H,IRON_FLY,all_step13,tree_depth2,platt,validation,838,258,0.30787589498806683,0.2058457806605749,0.03637142371024482,0.5989405423926967,0.6189521518310612,0.3834507714835936,0.03275650507838837,0.031018341402736047,1.0373438273731255
both_side_breach,2H,IRON_FLY,all_step13,boosted_stumps,platt,validation,838,258,0.30787589498806683,0.21047242928026427,0.014712632317596563,0.6111335185411981,0.6147888265169741,0.3495464204979201,0.002872844715776368,0.03451447588498012,1.0411036891412337
both_side_breach,2H,IRON_FLY,compact_deredundant,logistic,platt,validation,838,258,0.30787589498806683,0.20022706048086425,0.06267441282165631,0.5858491671362557,0.6513565891472868,0.44089897587119253,0.02617221785141396,0.05401817041119376,1.0643382245805375
both_side_breach,2H,IRON_FLY,compact_deredundant,tree_depth2,platt,validation,838,258,0.30787589498806683,0.2058457806605749,0.03637142371024482,0.5989405423926967,0.6189521518310612,0.3834507714835936,0.03275650507838837,0.031018341402736047,1.0373438273731255
both_side_breach,2H,IRON_FLY,compact_deredundant,boosted_stumps,platt,validation,838,258,0.30787589498806683,0.21047242928026427,0.014712632317596563,0.6111335185411981,0.6147888265169741,0.3495464204979201,0.002872844715776368,0.03451447588498012,1.0411036891412337
both_side_breach,4H,IRON_FLY,step11_individuals,logistic,platt,validation,834,259,0.3105515587529976,0.20268776289684917,0.05518232015789326,0.5892809091131086,0.6503072016115494,0.41020217761478295,0.029500849202818914,0.03307813172279034,1.0408904588054138
both_side_breach,4H,IRON_FLY,step11_individuals,tree_depth2,platt,validation,834,259,0.3105515587529976,0.2057406518218217,0.0409514490402515,0.5987239875723801,0.604707067315763,0.3980747131260031,0.015495000862164045,0.0018734571033667156,1.0030572459312557
both_side_breach,4H,IRON_FLY,step11_individuals,boosted_stumps,platt,validation,834,259,0.3105515587529976,0.21035155650751744,0.019457974521371768,0.6105650605494773,0.6158066140674836,0.40271332944649707,0.003811169574571338,0.04777005336635754,1.0586924543838918
both_side_breach,4H,IRON_FLY,step12_interactions,logistic,platt,validation,834,259,0.3105515587529976,0.20572211013497843,0.04103788007729692,0.5985710247655318,0.6211112976330367,0.3937149307775321,0.019933872511818815,0.03836773723722644,1.0472889823566636
both_side_breach,4H,IRON_FLY,step12_interactions,tree_depth2,platt,validation,834,259,0.3105515587529976,0.20945424812768826,0.023640727389212857,0.6074682827540642,0.5615444015444016,0.33635099528045953,0.01984253542102661,0.037940959479809924,1.0457997549935059
both_side_breach,4H,IRON_FLY,step12_interactions,boosted_stumps,platt,validation,834,259,0.3105515587529976,0.21410931478895112,0.0019413942891528535,0.619541328657512,0.5014067483632701,0.3101057619496191,0.0001633397380659818,,
both_side_breach,4H,IRON_FLY,all_step13,logistic,platt,validation,834,259,0.3105515587529976,0.20319284119653339,0.052827925889458394,0.5905132048916094,0.6508443847574282,0.407337480557061,0.03584517096376672,0.026641256868929063,1.033478570647165
both_side_breach,4H,IRON_FLY,all_step13,tree_depth2,platt,validation,834,259,0.3105515587529976,0.2057406518218217,0.0409514490402515,0.5987239875723801,0.604707067315763,0.3980747131260031,0.015495000862164045,0.0018734571033667156,1.0030572459312557
both_side_breach,4H,IRON_FLY,all_step13,boosted_stumps,platt,validation,834,259,0.3105515587529976,0.21035155650751744,0.019457974521371768,0.6105650605494773,0.6158066140674836,0.40271332944649707,0.003811169574571338,0.04777005336635754,1.0586924543838918
both_side_breach,4H,IRON_FLY,compact_deredundant,logistic,none,validation,834,259,0.3105515587529976,0.20358282275092004,0.05101004866721903,0.5918948707629101,0.6437938559677691,0.40592420450806654,0.024122239712904746,-0.005511700163257616,1.0597912956892679
both_side_breach,4H,IRON_FLY,compact_deredundant,tree_depth2,platt,validation,834,259,0.3105515587529976,0.20471640184687936,0.045725933059771906,0.5961807370377935,0.6112405573275138,0.4062517628366678,0.030275006796915076,0.023584906512050925,1.0284216869205742
both_side_breach,4H,IRON_FLY,compact_deredundant,boosted_stumps,platt,validation,834,259,0.3105515587529976,0.21028625655716737,0.019762366590738822,0.6104750080874503,0.6454255497733759,0.41539067859177553,0.004074646069954779,0.050398911902853775,1.0614185230103121
both_side_breach,8H,IRON_FLY,step11_individuals,logistic,platt,validation,826,257,0.31113801452784506,0.20728478268970346,0.03509387945193787,0.5998206082235522,0.6252282316576969,0.3687136938990029,0.042694895350137686,-0.03532368233930199,0.9700851213002042
both_side_breach,8H,IRON_FLY,step11_individuals,tree_depth2,platt,validation,826,257,0.31113801452784506,0.21148858680140178,0.015525263442942694,0.6126095678940695,0.5853329959721814,0.328097608015787,0.01351470511633706,-0.07053586155370486,0.9206611217523286
both_side_breach,8H,IRON_FLY,step11_individuals,boosted_stumps,platt,validation,826,257,0.31113801452784506,0.2105592401964767,0.019851351521222638,0.6108340303496556,0.5944759390835174,0.3499304811637114,0.0018911581086498153,0.03921552491960798,1.0581924004045906
both_side_breach,8H,IRON_FLY,step12_interactions,logistic,platt,validation,826,257,0.31113801452784506,0.20839192833820253,0.029940140722481412,0.6042649035762832,0.5820232095354674,0.3526513762309601,0.016934534314205732,-0.015451834052716943,0.9852784982866124
both_side_breach,8H,IRON_FLY,step12_interactions,tree_depth2,platt,validation,826,257,0.31113801452784506,0.2084069971742172,0.029869995621083056,0.604016342398477,0.5950093344183598,0.3168806523885736,0.0006300919861291873,0.00038860546026945475,1.0058882565524239
both_side_breach,8H,IRON_FLY,step12_interactions,boosted_stumps,platt,validation,826,257,0.31113801452784506,0.21433130452409116,0.0022924747450887573,0.6200085458320848,0.542011721020563,0.28554438090631723,0.0003925309868625382,,
both_side_breach,8H,IRON_FLY,all_step13,logistic,platt,validation,826,257,0.31113801452784506,0.21023192849784084,0.021374980304979085,0.6076002590636083,0.5850047526892015,0.3584724394447615,0.04167166354595253,-0.05829408046303414,0.9356300984682435
both_side_breach,8H,IRON_FLY,all_step13,tree_depth2,platt,validation,826,257,0.31113801452784506,0.21148858680140178,0.015525263442942694,0.6126095678940695,0.5853329959721814,0.328097608015787,0.01351470511633706,-0.07053586155370486,0.9206611217523286
both_side_breach,8H,IRON_FLY,all_step13,boosted_stumps,platt,validation,826,257,0.31113801452784506,0.2105592401964767,0.019851351521222638,0.6108340303496556,0.5944759390835174,0.3499304811637114,0.0018911581086498153,0.03921552491960798,1.0581924004045906
both_side_breach,8H,IRON_FLY,compact_deredundant,logistic,platt,validation,826,257,0.31113801452784506,0.20957007811557635,0.024455879329245978,0.6058966648629042,0.5907900405517222,0.36226949537558534,0.027151817620066007,-0.052597791069118924,0.942310943067079
both_side_breach,8H,IRON_FLY,compact_deredundant,tree_depth2,platt,validation,826,257,0.31113801452784506,0.20831286840152619,0.030308162995024812,0.6053587471250146,0.5994953259524184,0.33448985509861295,0.030304845337681005,-0.03714511548932205,0.9645474059591237
both_side_breach,8H,IRON_FLY,compact_deredundant,boosted_stumps,platt,validation,826,257,0.31113801452784506,0.2099010977554761,0.022914990160169735,0.6092972345321374,0.6421532759363482,0.373748412247713,0.0026909765428619337,0.04992924657774402,1.0716375849463098
both_side_breach,12H,IRON_FLY,step11_individuals,logistic,platt,validation,818,295,0.3606356968215159,0.21658539254852982,0.06107718732742162,0.6171768517827556,0.6367760961856305,0.44710982721445647,0.05691187825983109,-0.005270333691330335,1.015917923430985
both_side_breach,12H,IRON_FLY,step11_individuals,tree_depth2,platt,validation,818,295,0.3606356968215159,0.21525661607515986,0.06683758755159708,0.6149713177903493,0.65446414103769,0.4130817963897852,0.012406736679298883,0.016597236799639523,1.062977088172365
both_side_breach,12H,IRON_FLY,step11_individuals,boosted_stumps,platt,validation,818,295,0.3606356968215159,0.22396723662885074,0.029076036533965843,0.6387769201065991,0.6620086204102796,0.402122867205279,0.004520272060765884,0.06728844772310451,1.1222216752237824
both_side_breach,12H,IRON_FLY,step12_interactions,logistic,platt,validation,818,295,0.3606356968215159,0.21971827995641205,0.047495756824733504,0.6242907078547923,0.5754609975046181,0.40601805083770776,0.04232347696817239,0.008992175933699468,1.018826015642934
both_side_breach,12H,IRON_FLY,step12_interactions,tree_depth2,platt,validation,818,295,0.3606356968215159,0.21742559832965888,0.05743479775553628,0.6192104091309104,0.6316297760637781,0.36404940355246956,0.014422728945893443,0.04244275629126584,1.0791541751717655
both_side_breach,12H,IRON_FLY,step12_interactions,boosted_stumps,platt,validation,818,295,0.3606356968215159,0.23057762383881036,0.0004192408055122554,0.6537831464227408,0.5497358784068445,0.32386434606596265,0.00018121598956710727,,
both_side_breach,12H,IRON_FLY,all_step13,logistic,platt,validation,818,295,0.3606356968215159,0.22311561811362185,0.03276790163268706,0.6318496774531285,0.5856499335645072,0.4211386411974538,0.069536112675106,-0.04097888865354264,0.94121242204594
both_side_breach,12H,IRON_FLY,all_step13,tree_depth2,platt,validation,818,295,0.3606356968215159,0.21525661607515986,0.06683758755159708,0.6149713177903493,0.65446414103769,0.4130817963897852,0.012406736679298883,0.016597236799639523,1.062977088172365
both_side_breach,12H,IRON_FLY,all_step13,boosted_stumps,platt,validation,818,295,0.3606356968215159,0.22396723662885074,0.029076036533965843,0.6387769201065991,0.6620086204102796,0.402122867205279,0.004520272060765884,0.06728844772310451,1.1222216752237824
both_side_breach,12H,IRON_FLY,compact_deredundant,logistic,platt,validation,818,295,0.3606356968215159,0.22110339013593278,0.041491143446545475,0.6266455089910841,0.5991638850179862,0.41880137457422445,0.06031313980916352,-0.02669608550188456,0.9648120149419561
both_side_breach,12H,IRON_FLY,compact_deredundant,tree_depth2,platt,validation,818,295,0.3606356968215159,0.2164278078465678,0.06176033529903391,0.6196010666206198,0.654477104060667,0.40606930673328484,0.019437143550546807,0.02551507192843766,1.0780117505251023
both_side_breach,12H,IRON_FLY,compact_deredundant,boosted_stumps,platt,validation,818,295,0.3606356968215159,0.22347982783017376,0.031189010242811843,0.6376712200047746,0.6607317626470492,0.40172439288924394,0.0047974679557483135,0.0711759537741519,1.128915107783715
both_side_breach,24H,IRON_FLY,step11_individuals,logistic,platt,validation,794,257,0.3236775818639798,0.20498465299456703,0.07571866663295246,0.5920896008687975,0.6449217080045504,0.46065133430628047,0.03567333615145598,-0.045210628891890675,0.9982409359519595
both_side_breach,24H,IRON_FLY,step11_individuals,tree_depth2,platt,validation,794,257,0.3236775818639798,0.20934102535245247,0.05607566608258241,0.6023567610547323,0.6307632110949286,0.3720795415288305,0.04948342318155116,-0.057588198893706956,0.9652422157440407
both_side_breach,24H,IRON_FLY,step11_individuals,boosted_stumps,platt,validation,794,257,0.3236775818639798,0.21081762395743608,0.04941764311586616,0.6101260368870549,0.6308791455629705,0.37264081579220193,0.00011495611074280321,0.05117422055069473,1.1047863555132758
both_side_breach,24H,IRON_FLY,step12_interactions,logistic,platt,validation,794,257,0.3236775818639798,0.20823093367349002,0.06108109942699125,0.5997093051348075,0.6314153424776645,0.40469535113435695,0.031150458550685538,-0.06193602639949272,0.946814891401674
both_side_breach,24H,IRON_FLY,step12_interactions,tree_depth2,platt,validation,794,257,0.3236775818639798,0.20830956014752236,0.06072657053326724,0.5995816873547324,0.6236549790231072,0.32072874102784493,0.0030836431694707825,-0.0065912101130526585,1.014813781707332
both_side_breach,24H,IRON_FLY,step12_interactions,boosted_stumps,platt,validation,794,257,0.3236775818639798,0.21891290322031115,0.012915810409067974,0.6296161975441968,0.5430442942126963,0.28607549574660096,0.0015806193863915907,,
both_side_breach,24H,IRON_FLY,all_step13,logistic,platt,validation,794,257,0.3236775818639798,0.20512061199980341,0.07510562380849051,0.5922511111816148,0.647109971088842,0.43902368500280914,0.044436510984456466,-0.04735209471375373,0.9930588865418488
both_side_breach,24H,IRON_FLY,all_step13,tree_depth2,platt,validation,794,257,0.3236775818639798,0.20934102535245247,0.05607566608258241,0.6023567610547323,0.6307632110949286,0.3720795415288305,0.04948342318155116,-0.057588198893706956,0.9652422157440407
both_side_breach,24H,IRON_FLY,all_step13,boosted_stumps,platt,validation,794,257,0.3236775818639798,0.21081762395743608,0.04941764311586616,0.6101260368870549,0.6308791455629705,0.37264081579220193,0.00011495611074280321,0.05117422055069473,1.1047863555132758
both_side_breach,24H,IRON_FLY,compact_deredundant,logistic,platt,validation,794,257,0.3236775818639798,0.20367059179957592,0.08164380403074822,0.5882724815931961,0.652812497735655,0.45954714272180075,0.046633809054292014,-0.0434190739487653,0.9993809431682881
both_side_breach,24H,IRON_FLY,compact_deredundant,tree_depth2,platt,validation,794,257,0.3236775818639798,0.21065269620533641,0.05016130680186881,0.605199331027414,0.620061010513807,0.3599814908969061,0.05835683933329737,-0.05975384879460422,0.9591420520675253
both_side_breach,24H,IRON_FLY,compact_deredundant,boosted_stumps,platt,validation,794,257,0.3236775818639798,0.21092630115797578,0.04892761468518125,0.6103224902673892,0.620061010513807,0.3599814908969061,4.85572611607088e-05,0.050877962890057755,1.103628004546553
fast_1atr_touch,1H,DEFENSIVE_LONG_OPTION,step11_individuals,logistic,none,validation,840,817,0.9726190476190476,0.025833656468881343,0.03202388465227346,0.11718726851516435,0.8323133414932681,0.9937458550560533,0.01127788131339258,0.008487107593646752,1.1376283528672666
fast_1atr_touch,1H,DEFENSIVE_LONG_OPTION,step11_individuals,tree_depth2,platt,validation,840,817,0.9726190476190476,0.025671328423920857,0.03810624742434632,0.11594524213932754,0.6462136128997924,0.9880522705342463,0.0009408920398871201,-0.010931135861697928,1.0021902653906636
fast_1atr_touch,1H,DEFENSIVE_LONG_OPTION,step11_individuals,boosted_stumps,platt,validation,840,817,0.9726190476190476,0.026607832593907903,0.0030158346690720705,0.12508104547780435,0.5546272151561918,0.9872475285213781,0.00015519612708947417,-0.0015002492038611213,0.9999503822822219
fast_1atr_touch,1H,DEFENSIVE_LONG_OPTION,step12_interactions,logistic,none,validation,840,817,0.9726190476190476,0.02608942553195648,0.022440326691756995,0.11973428552293,0.7989463040817413,0.9927199406783739,0.011632607345908097,0.0143003461572826,1.1315816811446384
fast_1atr_touch,1H,DEFENSIVE_LONG_OPTION,step12_interactions,tree_depth2,platt,validation,840,817,0.9726190476190476,0.026289638965295823,0.014938414537830957,0.12029170435496252,0.5876749507743069,0.9879610581543095,0.0010570373187839266,-0.0126527625398851,1.0029146394541093
fast_1atr_touch,1H,DEFENSIVE_LONG_OPTION,step12_interactions,boosted_stumps,platt,validation,840,817,0.9726190476190476,0.026631237780258894,0.0021388522956975464,0.1255168005986961,0.3436751636421691,0.9837865522880695,4.4188171378967134e-05,,
fast_1atr_touch,1H,DEFENSIVE_LONG_OPTION,all_step13,logistic,none,validation,840,817,0.9726190476190476,0.025731049649320607,0.03586851852073991,0.11623983379051944,0.8245436645202491,0.9931384278404229,0.010916237967782405,0.005914547173613254,1.1375724575877981
fast_1atr_touch,1H,DEFENSIVE_LONG_OPTION,all_step13,tree_depth2,platt,validation,840,817,0.9726190476190476,0.025671328423920857,0.03810624742434632,0.11594524213932754,0.6462136128997924,0.9880522705342463,0.0009408920398871201,-0.010931135861697928,1.0021902653906636
fast_1atr_touch,1H,DEFENSIVE_LONG_OPTION,all_step13,boosted_stumps,platt,validation,840,817,0.9726190476190476,0.026607832593907903,0.0030158346690720705,0.12508104547780435,0.5546272151561918,0.9872475285213781,0.00015519612708947417,-0.0015002492038611213,0.9999503822822219
fast_1atr_touch,1H,DEFENSIVE_LONG_OPTION,compact_deredundant,logistic,none,validation,840,817,0.9726190476190476,0.025770492565632932,0.03439060922996717,0.11664781064772764,0.8192751849289553,0.9925321165619716,0.010740055259023107,0.006098841990764311,1.1345291852272632
fast_1atr_touch,1H,DEFENSIVE_LONG_OPTION,compact_deredundant,tree_depth2,platt,validation,840,817,0.9726190476190476,0.025671328423920857,0.03810624742434632,0.11594524213932754,0.6462136128997924,0.9880522705342463,0.0009408920398871201,-0.010931135861697928,1.0021902653906636
fast_1atr_touch,1H,DEFENSIVE_LONG_OPTION,compact_deredundant,boosted_stumps,platt,validation,840,817,0.9726190476190476,0.026607832593907903,0.0030158346690720705,0.12508104547780435,0.5546272151561918,0.9872475285213781,0.00015519612708947417,-0.0015002492038611213,0.9999503822822219
up_excursion_ge_1_0_atr,1H,DEFENSIVE_LONG_OPTION,step11_individuals,logistic,platt,validation,840,528,0.6285714285714286,0.22770934209295124,0.0258146284987667,0.6472093668606529,0.5928151709401709,0.7058729542306552,0.01861394869019584,-0.03107811589543713,1.052396756333049
up_excursion_ge_1_0_atr,1H,DEFENSIVE_LONG_OPTION,step11_individuals,tree_depth2,platt,validation,840,528,0.6285714285714286,0.23269524190952143,0.004483968015409623,0.65800113524997,0.5367800602175602,0.6469080058357555,0.01639965423484425,0.01901962097371733,0.9637836664086901
up_excursion_ge_1_0_atr,1H,DEFENSIVE_LONG_OPTION,step11_individuals,boosted_stumps,platt,validation,840,528,0.6285714285714286,0.2326664836606882,0.004607001462635818,0.65800331849796,0.5462315462315462,0.6599718381644573,0.0009272743069954625,-0.008210150626979402,1.0125913497211672
up_excursion_ge_1_0_atr,1H,DEFENSIVE_LONG_OPTION,step12_interactions,logistic,platt,validation,840,528,0.6285714285714286,0.2298936787335588,0.016469606541585025,0.6520777798835755,0.5730927059052059,0.6783878526354472,0.011341085333296355,-0.016675925976584308,1.0255698231170582
up_excursion_ge_1_0_atr,1H,DEFENSIVE_LONG_OPTION,step12_interactions,tree_depth2,platt,validation,840,528,0.6285714285714286,0.23195533801222526,0.007649422477828738,0.656520752063815,0.5350318084693084,0.6555712412495368,0.02068141011550048,-0.01407888739852222,1.0230458237922682
up_excursion_ge_1_0_atr,1H,DEFENSIVE_LONG_OPTION,step12_interactions,boosted_stumps,platt,validation,840,528,0.6285714285714286,0.23346948461158318,0.0011716053894077483,0.6597118226545821,0.4891523407148407,0.6389707841287524,0.00031121773914211115,,
up_excursion_ge_1_0_atr,1H,DEFENSIVE_LONG_OPTION,all_step13,logistic,platt,validation,840,528,0.6285714285714286,0.22634570665205872,0.0316485292354165,0.6442683505136293,0.6062791375291375,0.7141102733468903,0.024200978913248142,-0.03403842736591254,1.0555881430284901
up_excursion_ge_1_0_atr,1H,DEFENSIVE_LONG_OPTION,all_step13,tree_depth2,platt,validation,840,528,0.6285714285714286,0.23269524190952143,0.004483968015409623,0.65800113524997,0.5367800602175602,0.6469080058357555,0.01639965423484425,0.01901962097371733,0.9637836664086901
up_excursion_ge_1_0_atr,1H,DEFENSIVE_LONG_OPTION,all_step13,boosted_stumps,platt,validation,840,528,0.6285714285714286,0.2326664836606882,0.004607001462635818,0.65800331849796,0.5462315462315462,0.6599718381644573,0.0009272743069954625,-0.008210150626979402,1.0125913497211672
up_excursion_ge_1_0_atr,1H,DEFENSIVE_LONG_OPTION,compact_deredundant,logistic,platt,validation,840,528,0.6285714285714286,0.2274133184618303,0.027081075840830415,0.6466260749669465,0.5922384906759907,0.7088745773843568,0.009251975941418297,-0.03321381607046558,1.0540572586831898
up_excursion_ge_1_0_atr,1H,DEFENSIVE_LONG_OPTION,compact_deredundant,tree_depth2,platt,validation,840,528,0.6285714285714286,0.23412085004753241,-0.0016150641137882005,0.6609450903030296,0.5131665209790209,0.6551426348481751,0.029809366727695387,0.03215705830391544,0.9405223329666875
up_excursion_ge_1_0_atr,1H,DEFENSIVE_LONG_OPTION,compact_deredundant,boosted_stumps,platt,validation,840,528,0.6285714285714286,0.23279773226872144,0.004045494091876822,0.6582785217840873,0.5462436868686869,0.6702638316189939,0.0008167106084476794,-0.006891166532273526,1.0101669797801651
up_excursion_ge_1_0_atr,2H,DEFENSIVE_LONG_OPTION,step11_individuals,logistic,platt,validation,838,627,0.7482100238663485,0.18527348975996472,0.016576946529158976,0.556083495012315,0.5838454386720787,0.7993510140052275,0.015034043697788407,-0.01713168093123412,1.0153291232520698
up_excursion_ge_1_0_atr,2H,DEFENSIVE_LONG_OPTION,step11_individuals,tree_depth2,platt,validation,838,627,0.7482100238663485,0.18530625948552404,0.016403006352327942,0.5560348053777385,0.5783729033916113,0.8062111724000133,0.001206475447245392,-0.013509216374101322,1.0115981697736776
up_excursion_ge_1_0_atr,2H,DEFENSIVE_LONG_OPTION,step11_individuals,boosted_stumps,platt,validation,838,627,0.7482100238663485,0.18758071798016696,0.004330286608708267,0.5621477572107169,0.5766797433048368,0.8077117112305693,0.0009641675563195617,-0.012144336668403932,1.011144002515467
up_excursion_ge_1_0_atr,2H,DEFENSIVE_LONG_OPTION,step12_interactions,logistic,platt,validation,838,627,0.7482100238663485,0.18639227830699134,0.010638469035532783,0.5591090322275273,0.5632554026168394,0.7918348963014944,0.006608589772838071,0.003290783466557923,0.9967900717178342
up_excursion_ge_1_0_atr,2H,DEFENSIVE_LONG_OPTION,step12_interactions,tree_depth2,platt,validation,838,627,0.7482100238663485,0.18718181184771956,0.006447661778398839,0.5612157252507478,0.5218334504939643,0.7799085963507306,0.0009829872890979585,-0.01232131233609079,1.0112787973503774
up_excursion_ge_1_0_atr,2H,DEFENSIVE_LONG_OPTION,step12_interactions,boosted_stumps,platt,validation,838,627,0.7482100238663485,0.18839178421265282,2.5184826733415377e-05,0.5642931043202855,0.4715299666659108,0.7722397533264042,1.2664362182501776e-05,,
up_excursion_ge_1_0_atr,2H,DEFENSIVE_LONG_OPTION,all_step13,logistic,platt,validation,838,627,0.7482100238663485,0.18536074155739052,0.016113818052675533,0.5561494714550748,0.5836564699123941,0.8017877078607805,0.003310649522005394,-0.001804503154709604,1.0013304682546742
up_excursion_ge_1_0_atr,2H,DEFENSIVE_LONG_OPTION,all_step13,tree_depth2,platt,validation,838,627,0.7482100238663485,0.18530625948552404,0.016403006352327942,0.5560348053777385,0.5783729033916113,0.8062111724000133,0.001206475447245392,-0.013509216374101322,1.0115981697736776
up_excursion_ge_1_0_atr,2H,DEFENSIVE_LONG_OPTION,all_step13,boosted_stumps,platt,validation,838,627,0.7482100238663485,0.18758071798016696,0.004330286608708267,0.5621477572107169,0.5766797433048368,0.8077117112305693,0.0009641675563195617,-0.012144336668403932,1.011144002515467
up_excursion_ge_1_0_atr,2H,DEFENSIVE_LONG_OPTION,compact_deredundant,logistic,platt,validation,838,627,0.7482100238663485,0.18512536675762603,0.017363176525894586,0.5554013823409247,0.5863247087991413,0.8051685909885309,0.005743649845864498,-0.011151856428550775,1.0096964416701566
up_excursion_ge_1_0_atr,2H,DEFENSIVE_LONG_OPTION,compact_deredundant,tree_depth2,platt,validation,838,627,0.7482100238663485,0.1871777335435257,0.006469309227089437,0.5614261454105116,0.5511084907443101,0.7872659389991279,0.026135533950850897,0.021473324949569193,0.9806167577107827
up_excursion_ge_1_0_atr,2H,DEFENSIVE_LONG_OPTION,compact_deredundant,boosted_stumps,platt,validation,838,627,0.7482100238663485,0.18736706816349863,0.005464329883618557,0.5615879760961972,0.5634897238788483,0.7968682342767631,0.0011685495657088874,-0.01483085445296452,1.013650077324508
up_excursion_ge_1_0_atr,4H,DEFENSIVE_LONG_OPTION,step11_individuals,logistic,platt,validation,834,697,0.8357314148681055,0.13574754797943198,0.011945734565723232,0.44189568339539376,0.5734377781734021,0.8586147802172658,0.007700305904590652,0.00021883121707067972,0.9998740313082113
up_excursion_ge_1_0_atr,4H,DEFENSIVE_LONG_OPTION,step11_individuals,tree_depth2,platt,validation,834,697,0.8357314148681055,0.13601811348102508,0.0099763921952154,0.44294233593026777,0.5313282158154342,0.8767799771511643,0.0025422461607251022,0.009663592369325907,0.9940756303344497
up_excursion_ge_1_0_atr,4H,DEFENSIVE_LONG_OPTION,step11_individuals,boosted_stumps,platt,validation,834,697,0.8357314148681055,0.13683620979658123,0.00402178331901093,0.4450657856354457,0.5475290347579302,0.8888362743554004,0.0006385824430061859,-0.008247896048876026,1.0051694428148803
up_excursion_ge_1_0_atr,4H,DEFENSIVE_LONG_OPTION,step12_interactions,logistic,platt,validation,834,697,0.8357314148681055,0.13631475173491864,0.007817276274426077,0.4436755811841199,0.5684529108064803,0.8678305515471634,0.005934511231791775,0.012941728780563613,0.9920748005592519
up_excursion_ge_1_0_atr,4H,DEFENSIVE_LONG_OPTION,step12_interactions,tree_depth2,platt,validation,834,697,0.8357314148681055,0.13648939415695852,0.006546121158987672,0.4439765658373488,0.49884279864696457,0.8699332150073528,0.008411806522152596,-0.008641502546044021,1.0054227318546713
up_excursion_ge_1_0_atr,4H,DEFENSIVE_LONG_OPTION,step12_interactions,boosted_stumps,platt,validation,834,697,0.8357314148681055,0.1372844177381869,0.000759449854452976,0.4466808650552657,0.45676465352030077,0.85736737693156,2.5836541382995293e-05,,
up_excursion_ge_1_0_atr,4H,DEFENSIVE_LONG_OPTION,all_step13,logistic,none,validation,834,697,0.8357314148681055,0.13628352759809725,0.00804454477415284,0.44427546449240535,0.5696362931856025,0.8605671738328129,0.008740519148028527,0.0186720017944739,0.9663229119677906
up_excursion_ge_1_0_atr,4H,DEFENSIVE_LONG_OPTION,all_step13,tree_depth2,platt,validation,834,697,0.8357314148681055,0.13601811348102508,0.0099763921952154,0.44294233593026777,0.5313282158154342,0.8767799771511643,0.0025422461607251022,0.009663592369325907,0.9940756303344497
up_excursion_ge_1_0_atr,4H,DEFENSIVE_LONG_OPTION,all_step13,boosted_stumps,platt,validation,834,697,0.8357314148681055,0.13683620979658123,0.00402178331901093,0.4450657856354457,0.5475290347579302,0.8888362743554004,0.0006385824430061859,-0.008247896048876026,1.0051694428148803
up_excursion_ge_1_0_atr,4H,DEFENSIVE_LONG_OPTION,compact_deredundant,logistic,platt,validation,834,697,0.8357314148681055,0.1357354402803933,0.012033861856844297,0.4407887373400445,0.582894364795945,0.8754619662060172,0.0033936350686969248,0.00036796186562015936,0.9997598992527976
up_excursion_ge_1_0_atr,4H,DEFENSIVE_LONG_OPTION,compact_deredundant,tree_depth2,platt,validation,834,697,0.8357314148681055,0.13557253883228151,0.013219558932394126,0.4404871783240112,0.5669448837038821,0.8889915991887801,0.019942880463420343,-0.001939523740852574,1.0011363436714278
up_excursion_ge_1_0_atr,4H,DEFENSIVE_LONG_OPTION,compact_deredundant,boosted_stumps,platt,validation,834,697,0.8357314148681055,0.1365344456641166,0.006218208541232451,0.4439805236779983,0.5562525526500435,0.8835580092510614,0.001064075047887858,-0.01369819805421374,1.0085521074963035
up_excursion_ge_1_0_atr,8H,DEFENSIVE_LONG_OPTION,step11_individuals,logistic,platt,validation,826,735,0.8898305084745762,0.09610157649010567,0.022192132106285567,0.3373932214990692,0.6386484264035285,0.9274673706128033,0.0018072246980553196,-0.023132944796282796,1.0113487709124178
up_excursion_ge_1_0_atr,8H,DEFENSIVE_LONG_OPTION,step11_individuals,tree_depth2,platt,validation,826,735,0.8898305084745762,0.09675614542677795,0.015532068039356584,0.3410238612576574,0.5725349480451521,0.9185548005989187,0.0028757228880863274,-0.0016918955251947554,1.0008300282462468
up_excursion_ge_1_0_atr,8H,DEFENSIVE_LONG_OPTION,step11_individuals,boosted_stumps,platt,validation,826,735,0.8898305084745762,0.09783942689305261,0.004509968511407059,0.34590313811819684,0.5546684607909098,0.9147691552252192,0.000311510078088828,-0.004294157357708917,1.0022372117262657
up_excursion_ge_1_0_atr,8H,DEFENSIVE_LONG_OPTION,step12_interactions,logistic,platt,validation,826,735,0.8898305084745762,0.0975491596189028,0.0074633604829212885,0.3454307646699519,0.5762577558495926,0.9105269516091131,0.001604493202697066,0.019538158483710023,0.9906927278205536
up_excursion_ge_1_0_atr,8H,DEFENSIVE_LONG_OPTION,step12_interactions,tree_depth2,platt,validation,826,735,0.8898305084745762,0.09742804877345221,0.008695630981429114,0.34409801095928155,0.5186514166106003,0.9074339068932061,0.00033210378689818576,-0.004510127079920656,1.002330080166566
up_excursion_ge_1_0_atr,8H,DEFENSIVE_LONG_OPTION,step12_interactions,boosted_stumps,platt,validation,826,735,0.8898305084745762,0.09803217617208661,0.0025487960889162276,0.3468695608625758,0.4838454062943859,0.8952062124347079,3.885399943670542e-05,,
up_excursion_ge_1_0_atr,8H,DEFENSIVE_LONG_OPTION,all_step13,logistic,platt,validation,826,735,0.8898305084745762,0.09656673858044021,0.017459232102071454,0.3412135394604499,0.6166106002840697,0.9159720390367538,0.0023501085011919283,0.010608935256360488,0.995005127142349
up_excursion_ge_1_0_atr,8H,DEFENSIVE_LONG_OPTION,all_step13,tree_depth2,platt,validation,826,735,0.8898305084745762,0.09675614542677795,0.015532068039356584,0.3410238612576574,0.5725349480451521,0.9185548005989187,0.0028757228880863274,-0.0016918955251947554,1.0008300282462468
up_excursion_ge_1_0_atr,8H,DEFENSIVE_LONG_OPTION,all_step13,boosted_stumps,platt,validation,826,735,0.8898305084745762,0.09783942689305261,0.004509968511407059,0.34590313811819684,0.5546684607909098,0.9147691552252192,0.000311510078088828,-0.004294157357708917,1.0022372117262657
up_excursion_ge_1_0_atr,8H,DEFENSIVE_LONG_OPTION,compact_deredundant,logistic,platt,validation,826,735,0.8898305084745762,0.0963600346523609,0.0195623893507072,0.3381075146557053,0.6371533228676086,0.9290225263956046,0.005931187904187356,-0.01852929017375936,1.0090979322958695
up_excursion_ge_1_0_atr,8H,DEFENSIVE_LONG_OPTION,compact_deredundant,tree_depth2,platt,validation,826,735,0.8898305084745762,0.09759226427295371,0.007024782143073227,0.3443387022458143,0.558899603797563,0.9096072959474382,0.0014878507780762273,0.018113643557399434,0.9913992770403789
up_excursion_ge_1_0_atr,8H,DEFENSIVE_LONG_OPTION,compact_deredundant,boosted_stumps,platt,validation,826,735,0.8898305084745762,0.09779186564713463,0.004993891482953927,0.34566836484023267,0.5404350751289527,0.9064197401271025,0.0003445706804483528,-0.0048272457117113435,1.0025477231728184
up_excursion_ge_1_0_atr,12H,DEFENSIVE_LONG_OPTION,step11_individuals,logistic,platt,validation,818,747,0.91320293398533,0.07782549404527755,0.02410070862890168,0.2862105763026278,0.6577860738729566,0.9470643884351838,0.0028225661618933515,-0.023682719072564473,1.0106513984702032
up_excursion_ge_1_0_atr,12H,DEFENSIVE_LONG_OPTION,step11_individuals,tree_depth2,platt,validation,818,747,0.91320293398533,0.07874093314509167,0.012621483475737216,0.2917906343282728,0.5785583649150593,0.9329345491089568,0.00035588112093787316,0.0041993916643214115,0.9983227057056869
up_excursion_ge_1_0_atr,12H,DEFENSIVE_LONG_OPTION,step11_individuals,boosted_stumps,platt,validation,818,747,0.91320293398533,0.07914176454122311,0.007595224661159361,0.2943321549252214,0.5347021890378415,0.919615819196558,0.00016986439913291296,-0.0028780287428690956,1.0016048262234747
up_excursion_ge_1_0_atr,12H,DEFENSIVE_LONG_OPTION,step12_interactions,logistic,platt,validation,818,747,0.91320293398533,0.07961400812997615,0.0016734866847769592,0.2983195622710204,0.5191093010539812,0.9182300064049225,0.0030932085941214327,0.037593290638846075,0.984071052955537
up_excursion_ge_1_0_atr,12H,DEFENSIVE_LONG_OPTION,step12_interactions,tree_depth2,platt,validation,818,747,0.91320293398533,0.07880194397822177,0.011856433031175007,0.292487692700699,0.5419801270810943,0.9220694904335782,0.00023059458004159872,-0.0036244400133510967,1.0019258595368814
up_excursion_ge_1_0_atr,12H,DEFENSIVE_LONG_OPTION,step12_interactions,boosted_stumps,platt,validation,818,747,0.91320293398533,0.0792633414922919,0.006070700315370159,0.29506413016506794,0.5056281463883704,0.9113959076504962,7.839883248039747e-05,,
up_excursion_ge_1_0_atr,12H,DEFENSIVE_LONG_OPTION,all_step13,logistic,platt,validation,818,747,0.91320293398533,0.07902302741150674,0.009084138829596577,0.29492161020553753,0.5761072458849482,0.9249779137484938,0.002532672722281257,0.03067544282909646,0.9870333800719063
up_excursion_ge_1_0_atr,12H,DEFENSIVE_LONG_OPTION,all_step13,tree_depth2,platt,validation,818,747,0.91320293398533,0.07874093314509167,0.012621483475737216,0.2917906343282728,0.5785583649150593,0.9329345491089568,0.00035588112093787316,0.0041993916643214115,0.9983227057056869
up_excursion_ge_1_0_atr,12H,DEFENSIVE_LONG_OPTION,all_step13,boosted_stumps,platt,validation,818,747,0.91320293398533,0.07914176454122311,0.007595224661159361,0.2943321549252214,0.5347021890378415,0.919615819196558,0.00016986439913291296,-0.0028780287428690956,1.0016048262234747
up_excursion_ge_1_0_atr,12H,DEFENSIVE_LONG_OPTION,compact_deredundant,logistic,platt,validation,818,747,0.91320293398533,0.07832779872256597,0.017802017118726754,0.2886825832149603,0.6411561739917416,0.9448306304694201,0.0009457272895831981,-0.012641383104881884,1.0058229182353489
up_excursion_ge_1_0_atr,12H,DEFENSIVE_LONG_OPTION,compact_deredundant,tree_depth2,platt,validation,818,747,0.91320293398533,0.07832452827997208,0.017843027107150244,0.28908045910899516,0.6094613194562287,0.9411370013526529,0.0006433303788763167,-0.00831556083787244,1.003707489569893
up_excursion_ge_1_0_atr,12H,DEFENSIVE_LONG_OPTION,compact_deredundant,boosted_stumps,platt,validation,818,747,0.91320293398533,0.07902819725292837,0.009019311170720079,0.2936023421255617,0.5998265361917152,0.9404524773354991,0.0004237998912256513,-0.00614907008158118,1.0030398916928405
up_excursion_ge_1_0_atr,24H,DEFENSIVE_LONG_OPTION,step11_individuals,logistic,platt,validation,794,744,0.9370277078085643,0.05856755737114378,0.01008709945131514,0.23112330677420587,0.6001881720430108,0.9599250259458636,0.0004779696091837815,-0.006432964461049069,1.0026766553560427
up_excursion_ge_1_0_atr,24H,DEFENSIVE_LONG_OPTION,step11_individuals,tree_depth2,none,validation,794,744,0.9370277078085643,0.05934808168109976,-0.0031053763543766877,0.2364183646052332,0.5410215053763441,0.9489996028238148,0.0055287436863921124,0.014705630165715473,0.9423033314345278
up_excursion_ge_1_0_atr,24H,DEFENSIVE_LONG_OPTION,step11_individuals,boosted_stumps,platt,validation,794,744,0.9370277078085643,0.0590206659821614,0.002428626407038448,0.2351767576807554,0.5208333333333334,0.9483526353935665,8.547492584698446e-05,0.0006701226443197788,0.9999901362849508
up_excursion_ge_1_0_atr,24H,DEFENSIVE_LONG_OPTION,step12_interactions,logistic,platt,validation,794,744,0.9370277078085643,0.059003434617256864,0.0027198721270019766,0.23433874661418427,0.5624731182795699,0.9504582762290033,0.0017549893713363351,0.0212867625971515,0.992255205434206
up_excursion_ge_1_0_atr,24H,DEFENSIVE_LONG_OPTION,step12_interactions,tree_depth2,platt,validation,794,744,0.9370277078085643,0.059154510966728004,0.0001663692318484289,0.23581869353226625,0.49728494623655917,0.9407285120088789,0.0012601666875085016,0.01539437326451371,0.9944139289137864
up_excursion_ge_1_0_atr,24H,DEFENSIVE_LONG_OPTION,step12_interactions,boosted_stumps,platt,validation,794,744,0.9370277078085643,0.05900678478780315,0.0026632473129980516,0.23506876914960315,0.49473118279569894,0.9324925730724042,4.669272901614008e-05,,
up_excursion_ge_1_0_atr,24H,DEFENSIVE_LONG_OPTION,all_step13,logistic,platt,validation,794,744,0.9370277078085643,0.05870049744698969,0.007840137105833644,0.23241177265776797,0.5869086021505376,0.9535009521903761,0.0010545063956327674,0.012816062985111981,0.9953462639991952
up_excursion_ge_1_0_atr,24H,DEFENSIVE_LONG_OPTION,all_step13,tree_depth2,none,validation,794,744,0.9370277078085643,0.05934808168109976,-0.0031053763543766877,0.2364183646052332,0.5410215053763441,0.9489996028238148,0.0055287436863921124,0.014705630165715473,0.9423033314345278
up_excursion_ge_1_0_atr,24H,DEFENSIVE_LONG_OPTION,all_step13,boosted_stumps,platt,validation,794,744,0.9370277078085643,0.0590206659821614,0.002428626407038448,0.2351767576807554,0.5208333333333334,0.9483526353935665,8.547492584698446e-05,0.0006701226443197788,0.9999901362849508
up_excursion_ge_1_0_atr,24H,DEFENSIVE_LONG_OPTION,compact_deredundant,logistic,platt,validation,794,744,0.9370277078085643,0.058652382717394355,0.008653375589231738,0.23067872246397383,0.6110752688172043,0.9611964058615267,0.00024705492018328723,0.0027248219405468658,0.9991972088484863
up_excursion_ge_1_0_atr,24H,DEFENSIVE_LONG_OPTION,compact_deredundant,tree_depth2,platt,validation,794,744,0.9370277078085643,0.05913035491070426,0.0005746565594682007,0.23486447043642067,0.555725806451613,0.9462266974475364,0.0016717872985281268,0.020505488830073297,0.9924315751830389
up_excursion_ge_1_0_atr,24H,DEFENSIVE_LONG_OPTION,compact_deredundant,boosted_stumps,platt,validation,794,744,0.9370277078085643,0.05894722852587052,0.00366987136634489,0.23457399113459007,0.5388978494623656,0.9480587062541169,0.00010142545643698764,-0.001719930374364823,1.000907941148992
down_excursion_ge_1_0_atr,1H,DEFENSIVE_LONG_OPTION,step11_individuals,logistic,platt,validation,840,551,0.655952380952381,0.21750763514188537,0.03631537030097276,0.6259121111993774,0.6192201659141291,0.7315327974412661,0.03076320922581431,-0.049437627595200685,1.073092617102056
down_excursion_ge_1_0_atr,1H,DEFENSIVE_LONG_OPTION,step11_individuals,tree_depth2,platt,validation,840,551,0.655952380952381,0.2239596282788971,0.007729308882917896,0.6400527717623977,0.5409604431075302,0.7021865481965053,0.00794111478904785,0.014125958730807716,0.9782628445130207
down_excursion_ge_1_0_atr,1H,DEFENSIVE_LONG_OPTION,step11_individuals,boosted_stumps,platt,validation,840,551,0.655952380952381,0.22443249539071128,0.005634234072103839,0.6409257991729906,0.5846432092640622,0.7259259801579075,0.0012003753620319912,-0.014382856584767713,1.0216639133096843
down_excursion_ge_1_0_atr,1H,DEFENSIVE_LONG_OPTION,step12_interactions,logistic,platt,validation,840,551,0.655952380952381,0.22725972682666362,-0.0068920364546842805,0.6472355553345527,0.48283397911315695,0.6444646369522518,0.006447632256198364,0.033693762658514315,0.9483235514672613
down_excursion_ge_1_0_atr,1H,DEFENSIVE_LONG_OPTION,step12_interactions,tree_depth2,platt,validation,840,551,0.655952380952381,0.22585396430708995,-0.0006636954024890063,0.6440541109081128,0.47688694352514144,0.6963166235805496,0.0004785022524836924,0.006943611737831202,0.9885172819607129
down_excursion_ge_1_0_atr,1H,DEFENSIVE_LONG_OPTION,step12_interactions,boosted_stumps,platt,validation,840,551,0.655952380952381,0.22567886175462282,0.0001121101839381966,0.6436838205231159,0.4571555963049253,0.6997640586622562,8.29417829083523e-05,,
down_excursion_ge_1_0_atr,1H,DEFENSIVE_LONG_OPTION,all_step13,logistic,platt,validation,840,551,0.655952380952381,0.22046184051299328,0.023226531799952377,0.6324623195211042,0.587086078159245,0.7116061639811567,0.010519330542441079,-0.010927896990695714,1.0161601524117025
down_excursion_ge_1_0_atr,1H,DEFENSIVE_LONG_OPTION,all_step13,tree_depth2,platt,validation,840,551,0.655952380952381,0.2239596282788971,0.007729308882917896,0.6400527717623977,0.5409604431075302,0.7021865481965053,0.00794111478904785,0.014125958730807716,0.9782628445130207
down_excursion_ge_1_0_atr,1H,DEFENSIVE_LONG_OPTION,all_step13,boosted_stumps,platt,validation,840,551,0.655952380952381,0.22443249539071128,0.005634234072103839,0.6409257991729906,0.5846432092640622,0.7259259801579075,0.0012003753620319912,-0.014382856584767713,1.0216639133096843
down_excursion_ge_1_0_atr,1H,DEFENSIVE_LONG_OPTION,compact_deredundant,logistic,platt,validation,840,551,0.655952380952381,0.22079935319218308,0.021731155414421943,0.6330315717135692,0.5839335841094204,0.713327328395053,0.01631631096653943,-0.018030538667844105,1.0277918815349854
down_excursion_ge_1_0_atr,1H,DEFENSIVE_LONG_OPTION,compact_deredundant,tree_depth2,platt,validation,840,551,0.655952380952381,0.2239596282788971,0.007729308882917896,0.6400527717623977,0.5409604431075302,0.7021865481965053,0.00794111478904785,0.014125958730807716,0.9782628445130207
down_excursion_ge_1_0_atr,1H,DEFENSIVE_LONG_OPTION,compact_deredundant,boosted_stumps,platt,validation,840,551,0.655952380952381,0.22443249539071128,0.005634234072103839,0.6409257991729906,0.5846432092640622,0.7259259801579075,0.0012003753620319912,-0.014382856584767713,1.0216639133096843
down_excursion_ge_1_0_atr,2H,DEFENSIVE_LONG_OPTION,step11_individuals,logistic,platt,validation,838,624,0.7446300715990454,0.18495162213644148,0.0281698267904823,0.555360373654768,0.6170321111909897,0.793787507362889,0.003472791643434999,-0.04175767263176513,1.0376659199542244
down_excursion_ge_1_0_atr,2H,DEFENSIVE_LONG_OPTION,step11_individuals,tree_depth2,platt,validation,838,624,0.7446300715990454,0.18727046864217545,0.015985424321974806,0.560961911175317,0.5705951953031392,0.8032191027076919,0.00981560262558766,-0.004022189096795807,1.0033587843743272
down_excursion_ge_1_0_atr,2H,DEFENSIVE_LONG_OPTION,step11_individuals,boosted_stumps,platt,validation,838,624,0.7446300715990454,0.18927293548380916,0.005463442005347208,0.565835133025962,0.5687005751258087,0.8033596068930592,0.0011407729787863419,-0.013635581020283614,1.0123692850859816
down_excursion_ge_1_0_atr,2H,DEFENSIVE_LONG_OPTION,step12_interactions,logistic,platt,validation,838,624,0.7446300715990454,0.19033261278774113,-0.00010464312918956331,0.5687250954374221,0.51474508746705,0.7493636363809377,0.0015699194467310162,0.01914380369026012,0.9821933307136197
down_excursion_ge_1_0_atr,2H,DEFENSIVE_LONG_OPTION,step12_interactions,tree_depth2,platt,validation,838,624,0.7446300715990454,0.18947260590927506,0.0044142717308514046,0.5664243425380432,0.4975736879942487,0.7823982264110737,0.0005207109171545543,-0.005769739526704566,1.005019328431765
down_excursion_ge_1_0_atr,2H,DEFENSIVE_LONG_OPTION,step12_interactions,boosted_stumps,platt,validation,838,624,0.7446300715990454,0.1901561308068389,0.0008226832283053653,0.5681580873019608,0.4557647375988497,0.7758861028058808,5.232010074840421e-05,,
down_excursion_ge_1_0_atr,2H,DEFENSIVE_LONG_OPTION,all_step13,logistic,platt,validation,838,624,0.7446300715990454,0.18659047432078543,0.019558461376229075,0.559692883207145,0.5810043733525042,0.7809070117301303,0.003060085861393295,-0.013143116712132233,1.0117142654915543
down_excursion_ge_1_0_atr,2H,DEFENSIVE_LONG_OPTION,all_step13,tree_depth2,platt,validation,838,624,0.7446300715990454,0.18727046864217545,0.015985424321974806,0.560961911175317,0.5705951953031392,0.8032191027076919,0.00981560262558766,-0.004022189096795807,1.0033587843743272
down_excursion_ge_1_0_atr,2H,DEFENSIVE_LONG_OPTION,all_step13,boosted_stumps,platt,validation,838,624,0.7446300715990454,0.18927293548380916,0.005463442005347208,0.565835133025962,0.5687005751258087,0.8033596068930592,0.0011407729787863419,-0.013635581020283614,1.0123692850859816
down_excursion_ge_1_0_atr,2H,DEFENSIVE_LONG_OPTION,compact_deredundant,logistic,platt,validation,838,624,0.7446300715990454,0.18675059026844243,0.01871713050630941,0.5597170119107349,0.5854001917086029,0.7859569024139298,0.005437564188391936,-0.01819160451604522,1.0164645175060876
down_excursion_ge_1_0_atr,2H,DEFENSIVE_LONG_OPTION,compact_deredundant,tree_depth2,platt,validation,838,624,0.7446300715990454,0.1886506368862256,0.008733316294049165,0.5642275021226016,0.49588874910136593,0.7752006768959987,0.003771650262553528,0.006460505494668421,0.9937997983573376
down_excursion_ge_1_0_atr,2H,DEFENSIVE_LONG_OPTION,compact_deredundant,boosted_stumps,platt,validation,838,624,0.7446300715990454,0.18927293548380916,0.005463442005347208,0.565835133025962,0.5687005751258087,0.8033596068930592,0.0011407729787863419,-0.013635581020283614,1.0123692850859816
down_excursion_ge_1_0_atr,4H,DEFENSIVE_LONG_OPTION,step11_individuals,logistic,platt,validation,834,693,0.8309352517985612,0.13803368100085878,0.017429952146544636,0.44616394272726584,0.6212479403968766,0.868811837384892,0.020707334696664532,-0.02176718374211455,1.0135973699471947
down_excursion_ge_1_0_atr,4H,DEFENSIVE_LONG_OPTION,step11_individuals,tree_depth2,platt,validation,834,693,0.8309352517985612,0.1381961334154626,0.016273561361094147,0.4465012059670821,0.600319302446962,0.8843324764282954,0.0010337180659697577,-0.012799537107730841,1.0079929071749167
down_excursion_ge_1_0_atr,4H,DEFENSIVE_LONG_OPTION,step11_individuals,boosted_stumps,platt,validation,834,693,0.8309352517985612,0.1398832693694855,0.004263961652822612,0.4522808188194618,0.5966964477602775,0.8823330874400187,0.0009026775732442482,-0.01140792443633751,1.007189488704841
down_excursion_ge_1_0_atr,4H,DEFENSIVE_LONG_OPTION,step12_interactions,logistic,platt,validation,834,693,0.8309352517985612,0.1407466652450897,-0.001881979835208769,0.4552904637830561,0.5141076417672162,0.8295527797767243,0.01214223296449158,0.016642769906600737,0.9895904155087611
down_excursion_ge_1_0_atr,4H,DEFENSIVE_LONG_OPTION,step12_interactions,tree_depth2,platt,validation,834,693,0.8309352517985612,0.1398894869729503,0.0042197026655258485,0.4524195626612748,0.5069949750800815,0.8557473860813173,0.005186118717778293,-0.0051864871320140785,1.003235299971317
down_excursion_ge_1_0_atr,4H,DEFENSIVE_LONG_OPTION,step12_interactions,boosted_stumps,platt,validation,834,693,0.8309352517985612,0.1404818591185522,2.9990086299891416e-06,0.45440014818922003,0.4494488962574069,0.8528818643304971,1.2366413495445983e-06,,
down_excursion_ge_1_0_atr,4H,DEFENSIVE_LONG_OPTION,all_step13,logistic,platt,validation,834,693,0.8309352517985612,0.13904229980386779,0.010250265142962567,0.449190171421004,0.5902694626098881,0.8664551826670183,0.001976580325817562,-0.00048519237157306644,1.0003559579972898
down_excursion_ge_1_0_atr,4H,DEFENSIVE_LONG_OPTION,all_step13,tree_depth2,platt,validation,834,693,0.8309352517985612,0.1381961334154626,0.016273561361094147,0.4465012059670821,0.600319302446962,0.8843324764282954,0.0010337180659697577,-0.012799537107730841,1.0079929071749167
down_excursion_ge_1_0_atr,4H,DEFENSIVE_LONG_OPTION,all_step13,boosted_stumps,platt,validation,834,693,0.8309352517985612,0.1398832693694855,0.004263961652822612,0.4522808188194618,0.5966964477602775,0.8823330874400187,0.0009026775732442482,-0.01140792443633751,1.007189488704841
down_excursion_ge_1_0_atr,4H,DEFENSIVE_LONG_OPTION,compact_deredundant,logistic,platt,validation,834,693,0.8309352517985612,0.13960878290310882,0.006217848403123671,0.45118686388952545,0.5672121416802268,0.8589367823027387,0.004302448137176043,0.00628323699583499,0.9961287029255694
down_excursion_ge_1_0_atr,4H,DEFENSIVE_LONG_OPTION,compact_deredundant,tree_depth2,platt,validation,834,693,0.8309352517985612,0.1381961334154626,0.016273561361094147,0.4465012059670821,0.600319302446962,0.8843324764282954,0.0010337180659697577,-0.012799537107730841,1.0079929071749167
down_excursion_ge_1_0_atr,4H,DEFENSIVE_LONG_OPTION,compact_deredundant,boosted_stumps,platt,validation,834,693,0.8309352517985612,0.1398832693694855,0.004263961652822612,0.4522808188194618,0.5966964477602775,0.8823330874400187,0.0009026775732442482,-0.01140792443633751,1.007189488704841
down_excursion_ge_1_0_atr,8H,DEFENSIVE_LONG_OPTION,step11_individuals,logistic,platt,validation,826,730,0.8837772397094431,0.10161330027632601,0.010928072791491661,0.35439867199848557,0.6066495433789955,0.9058053852494723,0.00039815757459841995,-0.004892000394538333,1.0023860901541242
down_excursion_ge_1_0_atr,8H,DEFENSIVE_LONG_OPTION,step11_individuals,tree_depth2,platt,validation,826,730,0.8837772397094431,0.10139249154361392,0.01307735559417711,0.3546761811930787,0.5815353881278539,0.9058115187421047,0.0058593164526322995,0.00024338123499086163,0.9998595975574653
down_excursion_ge_1_0_atr,8H,DEFENSIVE_LONG_OPTION,step11_individuals,boosted_stumps,platt,validation,826,730,0.8837772397094431,0.10239058306755754,0.003362246406375391,0.3577674608674055,0.5877425799086758,0.9171866819131925,0.00059432216625388,-0.007385156538254034,1.0036106550545856
down_excursion_ge_1_0_atr,8H,DEFENSIVE_LONG_OPTION,step12_interactions,logistic,platt,validation,826,730,0.8837772397094431,0.10371928439764456,-0.009570914721743762,0.36318288181476194,0.514554794520548,0.8874659403118419,0.0034604892654434005,0.0419988414079356,0.979345644092616
down_excursion_ge_1_0_atr,8H,DEFENSIVE_LONG_OPTION,step12_interactions,tree_depth2,platt,validation,826,730,0.8837772397094431,0.10212580698949919,0.005939493529455886,0.3567103162939318,0.5378139269406392,0.9072001290070612,0.0005651898257067467,-0.006960260723926314,1.003381480375512
down_excursion_ge_1_0_atr,8H,DEFENSIVE_LONG_OPTION,step12_interactions,boosted_stumps,platt,validation,826,730,0.8837772397094431,0.10271503030379751,0.0002041789845644848,0.35933092822651497,0.460587899543379,0.9079481260631679,4.774606652491187e-06,,
down_excursion_ge_1_0_atr,8H,DEFENSIVE_LONG_OPTION,all_step13,logistic,platt,validation,826,730,0.8837772397094431,0.10351249598840706,-0.007558101341086809,0.3611166135388019,0.555693493150685,0.9048123542384438,0.009751929577507248,0.04454461020447571,0.978135905635823
down_excursion_ge_1_0_atr,8H,DEFENSIVE_LONG_OPTION,all_step13,tree_depth2,platt,validation,826,730,0.8837772397094431,0.10139249154361392,0.01307735559417711,0.3546761811930787,0.5815353881278539,0.9058115187421047,0.0058593164526322995,0.00024338123499086163,0.9998595975574653
down_excursion_ge_1_0_atr,8H,DEFENSIVE_LONG_OPTION,all_step13,boosted_stumps,platt,validation,826,730,0.8837772397094431,0.10239058306755754,0.003362246406375391,0.3577674608674055,0.5877425799086758,0.9171866819131925,0.00059432216625388,-0.007385156538254034,1.0036106550545856
down_excursion_ge_1_0_atr,8H,DEFENSIVE_LONG_OPTION,compact_deredundant,logistic,platt,validation,826,730,0.8837772397094431,0.10352699515481543,-0.007699231669729301,0.361788368098502,0.5408675799086758,0.9001109685099004,0.0035030400771408317,0.04226937965449661,0.979219260348929
down_excursion_ge_1_0_atr,8H,DEFENSIVE_LONG_OPTION,compact_deredundant,tree_depth2,platt,validation,826,730,0.8837772397094431,0.10139249154361392,0.01307735559417711,0.3546761811930787,0.5815353881278539,0.9058115187421047,0.0058593164526322995,0.00024338123499086163,0.9998595975574653
down_excursion_ge_1_0_atr,8H,DEFENSIVE_LONG_OPTION,compact_deredundant,boosted_stumps,platt,validation,826,730,0.8837772397094431,0.10239058306755754,0.003362246406375391,0.3577674608674055,0.5877425799086758,0.9171866819131925,0.00059432216625388,-0.007385156538254034,1.0036106550545856
down_excursion_ge_1_0_atr,12H,DEFENSIVE_LONG_OPTION,step11_individuals,logistic,platt,validation,818,742,0.9070904645476773,0.08343779494666098,0.010160207737278104,0.3044552361421308,0.6233862959285005,0.9329276365260246,0.0015683079857132065,-0.012806623711412234,1.0056225770938614
down_excursion_ge_1_0_atr,12H,DEFENSIVE_LONG_OPTION,step11_individuals,tree_depth2,none,validation,818,742,0.9070904645476773,0.08594913172682911,-0.019632299104165307,0.322837636014943,0.4598169953184849,0.900635238116428,0.009172375897347873,0.05761593177618082,0.8909711453996619
down_excursion_ge_1_0_atr,12H,DEFENSIVE_LONG_OPTION,step11_individuals,boosted_stumps,platt,validation,818,742,0.9070904645476773,0.08420896241413117,0.0010116888162251536,0.3088120422923992,0.5697262022981984,0.9283258448410069,0.00014738271867265063,-0.0017875141439967163,1.000756986407864
down_excursion_ge_1_0_atr,12H,DEFENSIVE_LONG_OPTION,step12_interactions,logistic,platt,validation,818,742,0.9070904645476773,0.08562821080006436,-0.015825147876299628,0.31592230021005535,0.4748545893034473,0.9045138707520857,0.004017714109856074,0.0489039394133504,0.9785338361554532
down_excursion_ge_1_0_atr,12H,DEFENSIVE_LONG_OPTION,step12_interactions,tree_depth2,platt,validation,818,742,0.9070904645476773,0.08412379034322971,0.0020221026822864197,0.30837218276607314,0.5287097460632714,0.9223379024473687,3.2172276453357185e-05,-0.00033598966109688516,1.0001150229406748
down_excursion_ge_1_0_atr,12H,DEFENSIVE_LONG_OPTION,step12_interactions,boosted_stumps,platt,validation,818,742,0.9070904645476773,0.08427735369461668,0.0002003489322836005,0.3092182385665238,0.4919137466307278,0.9219784236134381,4.501151198654796e-06,,
down_excursion_ge_1_0_atr,12H,DEFENSIVE_LONG_OPTION,all_step13,logistic,platt,validation,818,742,0.9070904645476773,0.08507576239765735,-0.00927133839195271,0.3124825708536892,0.5341005816427862,0.9176323020978848,0.003080872756097049,0.03758830636876743,0.983494737877449
down_excursion_ge_1_0_atr,12H,DEFENSIVE_LONG_OPTION,all_step13,tree_depth2,none,validation,818,742,0.9070904645476773,0.08594913172682911,-0.019632299104165307,0.322837636014943,0.4598169953184849,0.900635238116428,0.009172375897347873,0.05761593177618082,0.8909711453996619
down_excursion_ge_1_0_atr,12H,DEFENSIVE_LONG_OPTION,all_step13,boosted_stumps,platt,validation,818,742,0.9070904645476773,0.08420896241413117,0.0010116888162251536,0.3088120422923992,0.5697262022981984,0.9283258448410069,0.00014738271867265063,-0.0017875141439967163,1.000756986407864
down_excursion_ge_1_0_atr,12H,DEFENSIVE_LONG_OPTION,compact_deredundant,logistic,platt,validation,818,742,0.9070904645476773,0.08498086265451182,-0.008145523141190214,0.31231014101215354,0.5218648035182295,0.9149032153977215,0.0027485455024357287,0.03363190737272561,0.9852331583042202
down_excursion_ge_1_0_atr,12H,DEFENSIVE_LONG_OPTION,compact_deredundant,tree_depth2,none,validation,818,742,0.9070904645476773,0.08594913172682911,-0.019632299104165307,0.322837636014943,0.4598169953184849,0.900635238116428,0.009172375897347873,0.05761593177618082,0.8909711453996619
down_excursion_ge_1_0_atr,12H,DEFENSIVE_LONG_OPTION,compact_deredundant,boosted_stumps,platt,validation,818,742,0.9070904645476773,0.08420896241413117,0.0010116888162251536,0.3088120422923992,0.5697262022981984,0.9283258448410069,0.00014738271867265063,-0.0017875141439967163,1.000756986407864
down_excursion_ge_1_0_atr,24H,DEFENSIVE_LONG_OPTION,step11_individuals,logistic,none,validation,794,742,0.9345088161209067,0.06050114580279894,0.012140158753892627,0.23603492823642092,0.6867613518556914,0.9680199297117624,0.0010227242022097238,-0.013769152703722563,1.0211386203057982
down_excursion_ge_1_0_atr,24H,DEFENSIVE_LONG_OPTION,step11_individuals,tree_depth2,none,validation,794,742,0.9345088161209067,0.06202424696220406,-0.012728964790245323,0.2502217455647954,0.4600611652498445,0.9455384880989763,0.010871301165862879,0.020669787187327666,0.8991510334204809
down_excursion_ge_1_0_atr,24H,DEFENSIVE_LONG_OPTION,step11_individuals,boosted_stumps,platt,validation,794,742,0.9345088161209067,0.06116866163177696,0.001240991934923219,0.24154561489232806,0.5133993365125441,0.95442197554249,9.322697127567281e-05,-0.0010661694399916627,1.0003427813052554
down_excursion_ge_1_0_atr,24H,DEFENSIVE_LONG_OPTION,step12_interactions,logistic,platt,validation,794,742,0.9345088161209067,0.06155258344190365,-0.005027665185040275,0.24399641010711828,0.5068162969106366,0.9428300596142147,0.0016466541348902908,0.02030897738841996,0.9923680188073665
down_excursion_ge_1_0_atr,24H,DEFENSIVE_LONG_OPTION,step12_interactions,tree_depth2,platt,validation,794,742,0.9345088161209067,0.06097009162521686,0.004483233590908853,0.24010939125233013,0.5173647107609372,0.953726668106511,0.0003235400817679368,-0.0039216819569344655,1.0014038519603126
down_excursion_ge_1_0_atr,24H,DEFENSIVE_LONG_OPTION,step12_interactions,boosted_stumps,platt,validation,794,742,0.9345088161209067,0.061202088788027374,0.0006951949119300416,0.241816696371746,0.4480354551109268,0.9510420163881645,8.649818801553799e-06,,
down_excursion_ge_1_0_atr,24H,DEFENSIVE_LONG_OPTION,all_step13,logistic,platt,validation,794,742,0.9345088161209067,0.061078928794380906,0.002706145451082387,0.2396472555846316,0.5804478540327597,0.9560877785352742,0.000332266855586294,0.0040020193924666485,0.9985644632359844
down_excursion_ge_1_0_atr,24H,DEFENSIVE_LONG_OPTION,all_step13,tree_depth2,none,validation,794,742,0.9345088161209067,0.06202424696220406,-0.012728964790245323,0.2502217455647954,0.4600611652498445,0.9455384880989763,0.010871301165862879,0.020669787187327666,0.8991510334204809
down_excursion_ge_1_0_atr,24H,DEFENSIVE_LONG_OPTION,all_step13,boosted_stumps,platt,validation,794,742,0.9345088161209067,0.06116866163177696,0.001240991934923219,0.24154561489232806,0.5133993365125441,0.95442197554249,9.322697127567281e-05,-0.0010661694399916627,1.0003427813052554
down_excursion_ge_1_0_atr,24H,DEFENSIVE_LONG_OPTION,compact_deredundant,logistic,platt,validation,794,742,0.9345088161209067,0.060900881039371,0.005613300756398432,0.23894135004618783,0.6007412398921833,0.9561044911706928,0.00023914657612245094,-0.0031382756403784766,1.0012770851140707
down_excursion_ge_1_0_atr,24H,DEFENSIVE_LONG_OPTION,compact_deredundant,tree_depth2,none,validation,794,742,0.9345088161209067,0.06202424696220406,-0.012728964790245323,0.2502217455647954,0.4600611652498445,0.9455384880989763,0.010871301165862879,0.020669787187327666,0.8991510334204809
down_excursion_ge_1_0_atr,24H,DEFENSIVE_LONG_OPTION,compact_deredundant,boosted_stumps,platt,validation,794,742,0.9345088161209067,0.06116866163177696,0.001240991934923219,0.24154561489232806,0.5133993365125441,0.95442197554249,9.322697127567281e-05,-0.0010661694399916627,1.0003427813052554
mean_reversion,1H,GENERIC_PROBABILITY,step11_individuals,logistic,platt,validation,840,205,0.24404761904761904,0.1753342450570262,0.05871933738146862,0.5281241749434235,0.652659880929518,0.34679140379595236,0.022175701339196496,0.03404613224329188,1.0369299608917666
mean_reversion,1H,GENERIC_PROBABILITY,step11_individuals,tree_depth2,platt,validation,840,205,0.24404761904761904,0.17909034739173194,0.038554728389512016,0.5390686590770777,0.6027501440368734,0.29132041429575345,0.005462846616026735,-0.010556420569022546,0.9941951963237617
mean_reversion,1H,GENERIC_PROBABILITY,step11_individuals,boosted_stumps,platt,validation,840,205,0.24404761904761904,0.18152989794524046,0.02545801838428141,0.5472814956081865,0.6003917802957557,0.28291326536218775,0.0023559257976994152,0.040197968788298316,1.0402807755457295
mean_reversion,1H,GENERIC_PROBABILITY,step12_interactions,logistic,platt,validation,840,205,0.24404761904761904,0.1846258384863578,0.008837483342637342,0.5568732790849655,0.5383675821010179,0.2687618330311095,0.022721797103793667,-0.07121561899976211,0.9383345904654111
mean_reversion,1H,GENERIC_PROBABILITY,step12_interactions,tree_depth2,platt,validation,840,205,0.24404761904761904,0.1865950422258913,-0.0017341730966173863,0.5617609588737309,0.47831764931822546,0.22578221607331259,0.044642835508442544,-0.0456976555276121,0.9606410972363639
mean_reversion,1H,GENERIC_PROBABILITY,step12_interactions,boosted_stumps,platt,validation,840,205,0.24404761904761904,0.1844886625459552,0.009573911414834546,0.5557015651382601,0.5178183214903015,0.24319664656013096,0.000532786212181946,,
mean_reversion,1H,GENERIC_PROBABILITY,all_step13,logistic,platt,validation,840,205,0.24404761904761904,0.17649678258657997,0.052478262822523325,0.5333123310346801,0.6424582293067025,0.3498206348376021,0.008943200179775646,-0.011181813176697013,0.9939846513153023
mean_reversion,1H,GENERIC_PROBABILITY,all_step13,tree_depth2,platt,validation,840,205,0.24404761904761904,0.17909034739173194,0.038554728389512016,0.5390686590770777,0.6027501440368734,0.29132041429575345,0.005462846616026735,-0.010556420569022546,0.9941951963237617
mean_reversion,1H,GENERIC_PROBABILITY,all_step13,boosted_stumps,platt,validation,840,205,0.24404761904761904,0.18152989794524046,0.02545801838428141,0.5472814956081865,0.6003917802957557,0.28291326536218775,0.0023559257976994152,0.040197968788298316,1.0402807755457295
mean_reversion,1H,GENERIC_PROBABILITY,compact_deredundant,logistic,platt,validation,840,205,0.24404761904761904,0.17657749699206807,0.0520449481037929,0.5333074733869114,0.6395774918379105,0.35377717774839207,0.011629908706741687,-0.0032396927830708796,1.0013070967080646
mean_reversion,1H,GENERIC_PROBABILITY,compact_deredundant,tree_depth2,platt,validation,840,205,0.24404761904761904,0.17969856854681282,0.03528949739207088,0.5406061054811954,0.5884924140579989,0.2746134865039985,0.005353271052181467,-0.014977408971391005,0.9900929454356289
mean_reversion,1H,GENERIC_PROBABILITY,compact_deredundant,boosted_stumps,platt,validation,840,205,0.24404761904761904,0.18152989794524046,0.02545801838428141,0.5472814956081865,0.6003917802957557,0.28291326536218775,0.0023559257976994152,0.040197968788298316,1.0402807755457295
mean_reversion,2H,GENERIC_PROBABILITY,step11_individuals,logistic,platt,validation,838,280,0.3341288782816229,0.21066905715004527,0.06976047784875006,0.6091422589225929,0.6440732206861239,0.4612154294387323,0.02501726116255162,0.03459580617116641,1.0888077239698128
mean_reversion,2H,GENERIC_PROBABILITY,step11_individuals,tree_depth2,platt,validation,838,280,0.3341288782816229,0.2168654808810797,0.042399277639368016,0.6248493631393504,0.5966141833077317,0.391851337976362,0.016873443328123985,-0.028044518366762628,0.972878062111817
mean_reversion,2H,GENERIC_PROBABILITY,step11_individuals,boosted_stumps,platt,validation,838,280,0.3341288782816229,0.21886029372858032,0.03359089459943021,0.6286854537894322,0.5877176139272914,0.37518967952474164,0.0003567529652791501,0.02781182455758279,1.0624987419867944
mean_reversion,2H,GENERIC_PROBABILITY,step12_interactions,logistic,platt,validation,838,280,0.3341288782816229,0.22489268365987236,0.006954009225616731,0.643107011537096,0.5139720942140297,0.347881524432159,0.020893083057743355,-0.072608551554375,0.8996414172683117
mean_reversion,2H,GENERIC_PROBABILITY,step12_interactions,tree_depth2,platt,validation,838,280,0.3341288782816229,0.22596245057165165,0.0022302995632242917,0.6452464000948803,0.48946492575524836,0.30844251368891734,0.005872653247418813,-0.06101780035392181,0.9166450773402753
mean_reversion,2H,GENERIC_PROBABILITY,step12_interactions,boosted_stumps,platt,validation,838,280,0.3341288782816229,0.22249152127081168,0.017556687111133118,0.6370748270783547,0.5291986687147977,0.3244163609016642,0.002179516213354382,,
mean_reversion,2H,GENERIC_PROBABILITY,all_step13,logistic,platt,validation,838,280,0.3341288782816229,0.21296796840358911,0.059609304558779885,0.6154163009490479,0.6299987199180748,0.4472070434996001,0.03579467782018666,-0.0007311501957716177,1.023875671134776
mean_reversion,2H,GENERIC_PROBABILITY,all_step13,tree_depth2,platt,validation,838,280,0.3341288782816229,0.2168654808810797,0.042399277639368016,0.6248493631393504,0.5966141833077317,0.391851337976362,0.016873443328123985,-0.028044518366762628,0.972878062111817
mean_reversion,2H,GENERIC_PROBABILITY,all_step13,boosted_stumps,platt,validation,838,280,0.3341288782816229,0.21886029372858032,0.03359089459943021,0.6286854537894322,0.5877176139272914,0.37518967952474164,0.0003567529652791501,0.02781182455758279,1.0624987419867944
mean_reversion,2H,GENERIC_PROBABILITY,compact_deredundant,logistic,platt,validation,838,280,0.3341288782816229,0.2130108858861348,0.05941979624182381,0.6156195161912551,0.6290514592933948,0.4562534475645525,0.03350997900646508,0.0038785103999726053,1.0319425324694067
mean_reversion,2H,GENERIC_PROBABILITY,compact_deredundant,tree_depth2,platt,validation,838,280,0.3341288782816229,0.21648406679426563,0.04408346639807592,0.6241065314697569,0.6059779825908859,0.4081228507548301,0.024830357727047718,-0.020514105038215467,0.9844426534816454
mean_reversion,2H,GENERIC_PROBABILITY,compact_deredundant,boosted_stumps,platt,validation,838,280,0.3341288782816229,0.21886029372858032,0.03359089459943021,0.6286854537894322,0.5877176139272914,0.37518967952474164,0.0003567529652791501,0.02781182455758279,1.0624987419867944
mean_reversion,4H,GENERIC_PROBABILITY,step11_individuals,logistic,platt,validation,834,348,0.4172661870503597,0.23329401427112118,0.07437729186805064,0.6587745541564668,0.6420935622723618,0.5460136577908503,0.04759725284220044,0.008208778421088886,1.168928172575611
mean_reversion,4H,GENERIC_PROBABILITY,step11_individuals,tree_depth2,platt,validation,834,348,0.4172661870503597,0.23825703856586983,0.054685882285243514,0.669052684368309,0.5959864717846838,0.47988480786986504,0.004786080556042855,-0.012023354610172784,1.031335995165164
mean_reversion,4H,GENERIC_PROBABILITY,step11_individuals,boosted_stumps,platt,validation,834,348,0.4172661870503597,0.24052886763997736,0.04567212088824302,0.673961567650246,0.5846459486306229,0.47344146039004703,0.04987768774121376,-0.0041446320503380025,1.0602625356845463
mean_reversion,4H,GENERIC_PROBABILITY,step12_interactions,logistic,platt,validation,834,348,0.4172661870503597,0.24472647813210444,0.029017584750464676,0.6828581119150685,0.519701054822383,0.4226953998404376,0.025704752031854242,-0.03378009566896284,0.913697519917691
mean_reversion,4H,GENERIC_PROBABILITY,step12_interactions,tree_depth2,platt,validation,834,348,0.4172661870503597,0.24650702997065008,0.02195302623655193,0.6864395869563023,0.4973629440423821,0.3945207796690256,0.05587385780666103,-0.0350257527677588,0.9072213992029642
mean_reversion,4H,GENERIC_PROBABILITY,step12_interactions,boosted_stumps,platt,validation,834,348,0.4172661870503597,0.24317289320375643,0.03518162412019865,0.679430735100904,0.5492762877820349,0.40558785199566283,0.004216279039917614,,
mean_reversion,4H,GENERIC_PROBABILITY,all_step13,logistic,platt,validation,834,348,0.4172661870503597,0.23363610405193105,0.07302000856900503,0.6594770464758033,0.6211390189678823,0.5368200310299472,0.018580269067694406,-0.001297895653143628,1.0997465653063185
mean_reversion,4H,GENERIC_PROBABILITY,all_step13,tree_depth2,platt,validation,834,348,0.4172661870503597,0.23825703856586983,0.054685882285243514,0.669052684368309,0.5959864717846838,0.47988480786986504,0.004786080556042855,-0.012023354610172784,1.031335995165164
mean_reversion,4H,GENERIC_PROBABILITY,all_step13,boosted_stumps,platt,validation,834,348,0.4172661870503597,0.24052886763997736,0.04567212088824302,0.673961567650246,0.5846459486306229,0.47344146039004703,0.04987768774121376,-0.0041446320503380025,1.0602625356845463
mean_reversion,4H,GENERIC_PROBABILITY,compact_deredundant,logistic,platt,validation,834,348,0.4172661870503597,0.2352848304977661,0.06647848352160679,0.6630113025937001,0.6114895227283478,0.5252113121248942,0.0063650444418971225,-0.004186187436641946,1.0807228779002758
mean_reversion,4H,GENERIC_PROBABILITY,compact_deredundant,tree_depth2,platt,validation,834,348,0.4172661870503597,0.23894869247054404,0.051941660311375926,0.6706057461345694,0.5889267300506126,0.4768754096890736,0.0047018394168842435,-0.013520227537237955,1.0225831613239582
mean_reversion,4H,GENERIC_PROBABILITY,compact_deredundant,boosted_stumps,platt,validation,834,348,0.4172661870503597,0.24052886763997736,0.04567212088824302,0.673961567650246,0.5846459486306229,0.47344146039004703,0.04987768774121376,-0.0041446320503380025,1.0602625356845463
mean_reversion,8H,GENERIC_PROBABILITY,step11_individuals,logistic,platt,validation,826,412,0.49878934624697335,0.2456603056589502,0.06692419429264473,0.6844260992777406,0.5897765114206651,0.5734774385198684,0.00568535297233478,-0.022858077288163747,1.0809524537724835
mean_reversion,8H,GENERIC_PROBABILITY,step11_individuals,tree_depth2,platt,validation,826,412,0.49878934624697335,0.25366741653403063,0.036511297870028936,0.7005163458578296,0.45774705689226586,0.47180344812771746,0.004021842353784999,0.013786592973372556,0.8869316101704827
mean_reversion,8H,GENERIC_PROBABILITY,step11_individuals,boosted_stumps,platt,validation,826,412,0.49878934624697335,0.2505699135870213,0.0482763449345478,0.694287321105455,0.45236503916326626,0.4619420442911734,0.001948147497856545,-0.007426555730611482,0.9846302855847847
mean_reversion,8H,GENERIC_PROBABILITY,step12_interactions,logistic,platt,validation,826,412,0.49878934624697335,0.25296259133581844,0.03918839027997534,0.6991148905621128,0.4720873786407767,0.47369044548939654,0.003077521083525714,0.010543963794835388,0.8899949771442166
mean_reversion,8H,GENERIC_PROBABILITY,step12_interactions,tree_depth2,platt,validation,826,412,0.49878934624697335,0.25196968267965164,0.04295969163800928,0.6971104193983986,0.4869553491862483,0.5239853690715258,0.000354814284399263,0.001093152675168194,0.9345620030801335
mean_reversion,8H,GENERIC_PROBABILITY,step12_interactions,boosted_stumps,platt,validation,826,412,0.49878934624697335,0.2500051616190585,0.05042140616500668,0.6931575038282709,0.516773368978941,0.5197375944116618,0.002574354592558392,,
mean_reversion,8H,GENERIC_PROBABILITY,all_step13,logistic,platt,validation,826,412,0.49878934624697335,0.24628400610219794,0.06455523284385722,0.6856293284980821,0.5649711551990995,0.5491258042755403,0.016681136061557696,-0.011651340408117633,1.0135762655359841
mean_reversion,8H,GENERIC_PROBABILITY,all_step13,tree_depth2,platt,validation,826,412,0.49878934624697335,0.25366741653403063,0.036511297870028936,0.7005163458578296,0.45774705689226586,0.47180344812771746,0.004021842353784999,0.013786592973372556,0.8869316101704827
mean_reversion,8H,GENERIC_PROBABILITY,all_step13,boosted_stumps,platt,validation,826,412,0.49878934624697335,0.2505699135870213,0.0482763449345478,0.694287321105455,0.45236503916326626,0.4619420442911734,0.001948147497856545,-0.007426555730611482,0.9846302855847847
mean_reversion,8H,GENERIC_PROBABILITY,compact_deredundant,logistic,platt,validation,826,412,0.49878934624697335,0.24734047855330135,0.06054250119444904,0.6877515262064298,0.5524717414755406,0.5457772318453931,0.0033056453634394455,-0.01003654588611717,1.0040597301234162
mean_reversion,8H,GENERIC_PROBABILITY,compact_deredundant,tree_depth2,platt,validation,826,412,0.49878934624697335,0.25366741653403063,0.036511297870028936,0.7005163458578296,0.45774705689226586,0.47180344812771746,0.004021842353784999,0.013786592973372556,0.8869316101704827
mean_reversion,8H,GENERIC_PROBABILITY,compact_deredundant,boosted_stumps,platt,validation,826,412,0.49878934624697335,0.2505518705755505,0.04834487654945541,0.6942511664467831,0.4603090849397308,0.4719757317040165,0.0019653297158045424,-0.00749239261822403,0.9849368358189448
mean_reversion,12H,GENERIC_PROBABILITY,step11_individuals,logistic,platt,validation,818,467,0.5709046454767727,0.2446456128303386,0.03322651668197263,0.682463105526994,0.5242470274590189,0.5749335800526221,0.04752245279194206,0.002694372402706512,0.9864068510644396
mean_reversion,12H,GENERIC_PROBABILITY,step11_individuals,tree_depth2,platt,validation,818,467,0.5709046454767727,0.24891876825103632,0.016340158888619505,0.6911638863114504,0.48545300365428845,0.5837212682817081,0.06307365185097484,0.07173918867717516,0.873982522431157
mean_reversion,12H,GENERIC_PROBABILITY,step11_individuals,boosted_stumps,platt,validation,818,467,0.5709046454767727,0.24531534757666612,0.03057990558555701,0.6837615121366529,0.4997956282752857,0.5896308580731218,0.00029979260627122084,0.001838327849405129,0.9849274155575678
mean_reversion,12H,GENERIC_PROBABILITY,step12_interactions,logistic,platt,validation,818,467,0.5709046454767727,0.24812667476449043,0.019470298727393365,0.6895166807063263,0.46622986023414287,0.5416579647030215,0.05522436092338779,0.042974305838989854,0.8926830820354127
mean_reversion,12H,GENERIC_PROBABILITY,step12_interactions,tree_depth2,platt,validation,818,467,0.5709046454767727,0.24597511311107997,0.02797269012602288,0.6850748045011252,0.4945856744571948,0.6011201431653235,0.0013103860439057646,0.013429255287800361,0.9568978609393672
mean_reversion,12H,GENERIC_PROBABILITY,step12_interactions,boosted_stumps,platt,validation,818,467,0.5709046454767727,0.24497376884518776,0.03192973261183485,0.6830607955062697,0.5014245014245015,0.5991439306317067,0.0011124726399072138,,
mean_reversion,12H,GENERIC_PROBABILITY,all_step13,logistic,platt,validation,818,467,0.5709046454767727,0.24614797734998237,0.027289577273716503,0.6855692508565278,0.5082816303373049,0.565895496674672,0.03861013521035867,0.028666735381403026,0.9294006774062515
mean_reversion,12H,GENERIC_PROBABILITY,all_step13,tree_depth2,platt,validation,818,467,0.5709046454767727,0.24891876825103632,0.016340158888619505,0.6911638863114504,0.48545300365428845,0.5837212682817081,0.06307365185097484,0.07173918867717516,0.873982522431157
mean_reversion,12H,GENERIC_PROBABILITY,all_step13,boosted_stumps,platt,validation,818,467,0.5709046454767727,0.24531534757666612,0.03057990558555701,0.6837615121366529,0.4997956282752857,0.5896308580731218,0.00029979260627122084,0.001838327849405129,0.9849274155575678
mean_reversion,12H,GENERIC_PROBABILITY,compact_deredundant,logistic,platt,validation,818,467,0.5709046454767727,0.24634481149142573,0.026511741831022118,0.6859572004477544,0.4939329050678087,0.5553389780714763,0.03943561274835353,0.02659398849118359,0.9318207062135241
mean_reversion,12H,GENERIC_PROBABILITY,compact_deredundant,tree_depth2,platt,validation,818,467,0.5709046454767727,0.24762910431670868,0.021436562947024673,0.6885716102661531,0.49825216420505497,0.5954076633958391,0.04273582422425283,0.06166034130370632,0.8891652246351829
mean_reversion,12H,GENERIC_PROBABILITY,compact_deredundant,boosted_stumps,platt,validation,818,467,0.5709046454767727,0.24512061942736701,0.0313494187152632,0.6833615203512248,0.4989720407279294,0.5951084395369982,0.0006597315556940986,-0.000822869293394651,0.9914036055338947
mean_reversion,24H,GENERIC_PROBABILITY,step11_individuals,logistic,platt,validation,794,540,0.6801007556675063,0.21838833379678185,0.002413014722691953,0.6287158573810289,0.4991907261592301,0.6683193388800162,0.0034571625367098447,0.025200043267368306,0.968910583794655
mean_reversion,24H,GENERIC_PROBABILITY,step11_individuals,tree_depth2,platt,validation,794,540,0.6801007556675063,0.21890613623669744,4.771907697631583e-05,0.6300297903846354,0.5337853601633129,0.7229242073895111,0.012142298267903466,0.09692641175411287,0.8987083120217406
mean_reversion,24H,GENERIC_PROBABILITY,step11_individuals,boosted_stumps,platt,validation,794,540,0.6801007556675063,0.21689605914525387,0.009229650689193791,0.6252434845306805,0.5340040828229805,0.7183040062925439,0.0005254489564713305,-0.003898314617836207,1.0034819703914317
mean_reversion,24H,GENERIC_PROBABILITY,step12_interactions,logistic,platt,validation,794,540,0.6801007556675063,0.21797798242169372,0.004287479278841211,0.6276522988919192,0.5345363079615049,0.691295272136843,0.006977619269779925,0.03430172476835197,0.9576170006746718
mean_reversion,24H,GENERIC_PROBABILITY,step12_interactions,tree_depth2,platt,validation,794,540,0.6801007556675063,0.21881825157204263,0.00044917182924042454,0.6294642072906576,0.5031350247885681,0.6931909097267692,0.022373508009512356,0.03605949922908737,0.9546505169116255
mean_reversion,24H,GENERIC_PROBABILITY,step12_interactions,boosted_stumps,platt,validation,794,540,0.6801007556675063,0.21756377311611286,0.006179566668512493,0.6267936146043925,0.5144211140274132,0.6830594064250858,0.0002351767838751906,,
mean_reversion,24H,GENERIC_PROBABILITY,all_step13,logistic,platt,validation,794,540,0.6801007556675063,0.21854535479165227,0.001695750672114138,0.6291038118963871,0.5070137066200058,0.6782087985608586,0.004045899231513923,0.03714488182913652,0.9552057507958577
mean_reversion,24H,GENERIC_PROBABILITY,all_step13,tree_depth2,platt,validation,794,540,0.6801007556675063,0.21890613623669744,4.771907697631583e-05,0.6300297903846354,0.5337853601633129,0.7229242073895111,0.012142298267903466,0.09692641175411287,0.8987083120217406
mean_reversion,24H,GENERIC_PROBABILITY,all_step13,boosted_stumps,platt,validation,794,540,0.6801007556675063,0.21689605914525387,0.009229650689193791,0.6252434845306805,0.5340040828229805,0.7183040062925439,0.0005254489564713305,-0.003898314617836207,1.0034819703914317
mean_reversion,24H,GENERIC_PROBABILITY,compact_deredundant,logistic,platt,validation,794,540,0.6801007556675063,0.21867299267281226,0.0011127072152595785,0.6294003485982304,0.50220180810732,0.6730944488765659,0.0037029538788024953,0.03798270502026547,0.9538761336851665
mean_reversion,24H,GENERIC_PROBABILITY,compact_deredundant,tree_depth2,platt,validation,794,540,0.6801007556675063,0.21849748605426825,0.0019144126701510222,0.6290809819623716,0.5362131816856226,0.7366270111889908,0.03187908990534388,0.08967298724928024,0.9051064358969608
mean_reversion,24H,GENERIC_PROBABILITY,compact_deredundant,boosted_stumps,platt,validation,794,540,0.6801007556675063,0.21707473848773753,0.008413452390041543,0.625667737101662,0.5284703995333917,0.718548269502847,0.00031564037912945597,-0.001560336552120892,1.0005709682735966
upside_breakout,1H,GENERIC_PROBABILITY,step11_individuals,logistic,platt,validation,840,525,0.625,0.2289004425189184,0.02389932571862441,0.649604427280629,0.5941647770219198,0.704193419973217,0.0200143439027939,-0.004730820086546036,1.0042016087504946
upside_breakout,1H,GENERIC_PROBABILITY,step11_individuals,tree_depth2,platt,validation,840,525,0.625,0.23302773531974455,0.006299301701588544,0.658546558243945,0.5471987906273621,0.6657356300227414,0.0067759919527478445,0.02707583723388252,0.9492872867445471
upside_breakout,1H,GENERIC_PROBABILITY,step11_individuals,boosted_stumps,platt,validation,840,525,0.625,0.2334526019922506,0.004487541789946814,0.6596045886180891,0.5453665910808768,0.6619444296318776,0.0010293261690333955,-0.009358127595844175,1.0150752070714746
upside_breakout,1H,GENERIC_PROBABILITY,step12_interactions,logistic,platt,validation,840,525,0.625,0.2331509536303144,0.005773861581388262,0.6589450839164318,0.5373363567649282,0.6547841500149549,0.006427809510346289,0.01294796282590524,0.9732767289999776
upside_breakout,1H,GENERIC_PROBABILITY,step12_interactions,tree_depth2,platt,validation,840,525,0.625,0.23345498378320456,0.004477385113399679,0.6596342476579904,0.5218261526832956,0.6391385376192374,0.005072136313614745,-0.005011032564980232,1.0070794312151035
upside_breakout,1H,GENERIC_PROBABILITY,step12_interactions,boosted_stumps,platt,validation,840,525,0.625,0.23437505707866596,0.0005539144804674878,0.6615633599465089,0.4925895691609977,0.6337044331687197,0.00023891141864584853,,
upside_breakout,1H,GENERIC_PROBABILITY,all_step13,logistic,platt,validation,840,525,0.625,0.2296435953207084,0.020730297546643572,0.6510497831188237,0.5884142101284958,0.6984244292747382,0.004428523714713457,0.008249262779536115,0.9818725383661586
upside_breakout,1H,GENERIC_PROBABILITY,all_step13,tree_depth2,platt,validation,840,525,0.625,0.23302773531974455,0.006299301701588544,0.658546558243945,0.5471987906273621,0.6657356300227414,0.0067759919527478445,0.02707583723388252,0.9492872867445471
upside_breakout,1H,GENERIC_PROBABILITY,all_step13,boosted_stumps,platt,validation,840,525,0.625,0.2334526019922506,0.004487541789946814,0.6596045886180891,0.5453665910808768,0.6619444296318776,0.0010293261690333955,-0.009358127595844175,1.0150752070714746
upside_breakout,1H,GENERIC_PROBABILITY,compact_deredundant,logistic,platt,validation,840,525,0.625,0.22866192135978544,0.024916452036502945,0.6488103564006428,0.6006772486772487,0.7093001250058626,0.029920707881329195,-0.008262388881479567,1.009941751653791
upside_breakout,1H,GENERIC_PROBABILITY,compact_deredundant,tree_depth2,platt,validation,840,525,0.625,0.23208687788598015,0.0103114021824523,0.6566534788629331,0.5501798941798942,0.6659549845080851,0.0008707160056490685,0.008650364388338555,0.980843757127944
upside_breakout,1H,GENERIC_PROBABILITY,compact_deredundant,boosted_stumps,platt,validation,840,525,0.625,0.2334526019922506,0.004487541789946814,0.6596045886180891,0.5453665910808768,0.6619444296318776,0.0010293261690333955,-0.009358127595844175,1.0150752070714746
upside_breakout,2H,GENERIC_PROBABILITY,step11_individuals,logistic,platt,validation,838,524,0.6252983293556086,0.22907374914364603,0.022431428282440602,0.6496604969850144,0.5944717265522439,0.7077922516350973,0.0031643170990286063,-0.005444494294882153,1.0063805572652702
upside_breakout,2H,GENERIC_PROBABILITY,step11_individuals,tree_depth2,platt,validation,838,524,0.6252983293556086,0.23008465776256443,0.018117391870903443,0.6523825129753121,0.5770712792337239,0.6794546276078636,0.0025531773121765145,0.008517084933341057,0.9815157769460907
upside_breakout,2H,GENERIC_PROBABILITY,step11_individuals,boosted_stumps,platt,validation,838,524,0.6252983293556086,0.23231095184593817,0.008616717370036886,0.6571921107225569,0.5655661982787962,0.6725022196279863,0.02056364324354787,-0.017381296144188412,1.033112362212131
upside_breakout,2H,GENERIC_PROBABILITY,step12_interactions,logistic,platt,validation,838,524,0.6252983293556086,0.23253391055938316,0.007665244615654543,0.6577551013150046,0.5586984003500753,0.6693732032754629,0.022432558041086764,0.034556574110439935,0.9377595091318818
upside_breakout,2H,GENERIC_PROBABILITY,step12_interactions,tree_depth2,platt,validation,838,524,0.6252983293556086,0.23334585634958704,0.004200278903044863,0.6594097373607404,0.5337129868235523,0.6326930865112759,0.004103076445347947,0.004878109938204566,0.9904730446939328
upside_breakout,2H,GENERIC_PROBABILITY,step12_interactions,boosted_stumps,platt,validation,838,524,0.6252983293556086,0.23430034834164137,0.0001269995470445373,0.6614106959863353,0.5078037633101571,0.6261278077583884,0.0001402888018562365,,
upside_breakout,2H,GENERIC_PROBABILITY,all_step13,logistic,platt,validation,838,524,0.6252983293556086,0.22951702822483355,0.02053974187189067,0.6506111192322149,0.5853673360237274,0.7027352958913126,0.004479762927857595,0.020361060025250163,0.9628503859413463
upside_breakout,2H,GENERIC_PROBABILITY,all_step13,tree_depth2,platt,validation,838,524,0.6252983293556086,0.23008465776256443,0.018117391870903443,0.6523825129753121,0.5770712792337239,0.6794546276078636,0.0025531773121765145,0.008517084933341057,0.9815157769460907
upside_breakout,2H,GENERIC_PROBABILITY,all_step13,boosted_stumps,platt,validation,838,524,0.6252983293556086,0.23231095184593817,0.008616717370036886,0.6571921107225569,0.5655661982787962,0.6725022196279863,0.02056364324354787,-0.017381296144188412,1.033112362212131
upside_breakout,2H,GENERIC_PROBABILITY,compact_deredundant,logistic,platt,validation,838,524,0.6252983293556086,0.22911379767130818,0.022260521829246205,0.6496524817212344,0.5920649584285506,0.7088545953624082,0.0033019603878459438,0.014720726911311635,0.9718051960227496
upside_breakout,2H,GENERIC_PROBABILITY,compact_deredundant,tree_depth2,platt,validation,838,524,0.6252983293556086,0.22980634341446146,0.019305093913501548,0.6517485643808716,0.5782321194145962,0.6852070605910058,0.0019258536858955196,0.0031690859991796885,0.9905656927960459
upside_breakout,2H,GENERIC_PROBABILITY,compact_deredundant,boosted_stumps,platt,validation,838,524,0.6252983293556086,0.23229161869232884,0.008699221294783066,0.6571498325498621,0.5755396995186464,0.6683751236669568,0.03343457363631831,-0.017466953884971076,1.0332536362747
upside_breakout,4H,GENERIC_PROBABILITY,step11_individuals,logistic,platt,validation,834,528,0.6330935251798561,0.22893004740937903,0.016844053471067988,0.6498982426066955,0.5638802238066944,0.688140645927299,0.032523080721366886,0.030928959800721984,0.9472837902959631
upside_breakout,4H,GENERIC_PROBABILITY,step11_individuals,tree_depth2,platt,validation,834,528,0.6330935251798561,0.2262801443865149,0.028224245560903416,0.6446167974936734,0.5792174192909487,0.6750137736743551,0.008297030704105732,0.007545016613376574,0.9860828950160452
upside_breakout,4H,GENERIC_PROBABILITY,step11_individuals,boosted_stumps,platt,validation,834,528,0.6330935251798561,0.22938707550672263,0.014881314648799493,0.651095549267752,0.5976183402653991,0.688504088297423,0.037515404399720675,-0.024512103444197648,1.0497026984051316
upside_breakout,4H,GENERIC_PROBABILITY,step12_interactions,logistic,platt,validation,834,528,0.6330935251798561,0.2276180814711963,0.02247838207215891,0.6475141326180238,0.5955944246385423,0.6996533627240649,0.01241703189686238,0.030685419523998284,0.948011110783988
upside_breakout,4H,GENERIC_PROBABILITY,step12_interactions,tree_depth2,platt,validation,834,528,0.6330935251798561,0.23014150540863954,0.011641363175839303,0.6527977203929433,0.5416852346999406,0.6300690190313539,0.0035077951284444723,-0.0025525466388273137,1.0087574391642642
upside_breakout,4H,GENERIC_PROBABILITY,step12_interactions,boosted_stumps,platt,validation,834,528,0.6330935251798561,0.2322866031903523,0.002429092161866153,0.6572897567112013,0.5069877698554169,0.6175141235713196,0.0006997393466768864,,
upside_breakout,4H,GENERIC_PROBABILITY,all_step13,logistic,platt,validation,834,528,0.6330935251798561,0.2281238863867662,0.02030616782525907,0.6480270291037438,0.5787903545256486,0.7013835090197121,0.03591013102465309,0.048216273512188046,0.9251601012650119
upside_breakout,4H,GENERIC_PROBABILITY,all_step13,tree_depth2,platt,validation,834,528,0.6330935251798561,0.2262801443865149,0.028224245560903416,0.6446167974936734,0.5792174192909487,0.6750137736743551,0.008297030704105732,0.007545016613376574,0.9860828950160452
upside_breakout,4H,GENERIC_PROBABILITY,all_step13,boosted_stumps,platt,validation,834,528,0.6330935251798561,0.22938707550672263,0.014881314648799493,0.651095549267752,0.5976183402653991,0.688504088297423,0.037515404399720675,-0.024512103444197648,1.0497026984051316
upside_breakout,4H,GENERIC_PROBABILITY,compact_deredundant,logistic,platt,validation,834,528,0.6330935251798561,0.22707972722412964,0.024790381677855966,0.6453430366074691,0.5889161220043573,0.7145250818193882,0.0296594787731198,0.03723647035321554,0.9405054526609509
upside_breakout,4H,GENERIC_PROBABILITY,compact_deredundant,tree_depth2,platt,validation,834,528,0.6330935251798561,0.2263307573804535,0.028006884552484124,0.6446951832926294,0.5786108635373342,0.6737637952524139,0.00810959480406367,0.008781937418365008,0.9843389195782432
upside_breakout,4H,GENERIC_PROBABILITY,compact_deredundant,boosted_stumps,platt,validation,834,528,0.6330935251798561,0.2289760381997475,0.016646542836059597,0.6502077815639551,0.5977111804317686,0.6964796821906405,0.015144359535067427,-0.029064565522022,1.0581844828230205
upside_breakout,8H,GENERIC_PROBABILITY,step11_individuals,logistic,platt,validation,826,523,0.6331719128329297,0.22547606560906405,0.029581502053515174,0.643221751326788,0.605866131546233,0.6978239565425226,0.025239734981141678,0.023246231959500797,0.96234161312834
upside_breakout,8H,GENERIC_PROBABILITY,step11_individuals,tree_depth2,platt,validation,826,523,0.6331719128329297,0.2275515950555601,0.020648703964849857,0.6473524582557918,0.6044273643425528,0.6431778773849688,0.025062010274219865,0.04131358210239921,0.9379230664536223
upside_breakout,8H,GENERIC_PROBABILITY,step11_individuals,boosted_stumps,platt,validation,826,523,0.6331719128329297,0.22750050957968862,0.020868568945322075,0.6471255321484719,0.6022439720071433,0.660613461969456,0.045808508654910554,-0.04102530743057757,1.0728482006673283
upside_breakout,8H,GENERIC_PROBABILITY,step12_interactions,logistic,platt,validation,826,523,0.6331719128329297,0.23175146418084466,0.0025730351477574187,0.6570796017862308,0.548618341757694,0.6519212052017228,0.03635801089977603,0.08341931119840341,0.8821216976920868
upside_breakout,8H,GENERIC_PROBABILITY,step12_interactions,tree_depth2,platt,validation,826,523,0.6331719128329297,0.22772695651600053,0.019893971951149836,0.647807529330777,0.590229003779919,0.6048416299799616,0.00437366898521697,0.011046335886094856,0.9808217865416858
upside_breakout,8H,GENERIC_PROBABILITY,step12_interactions,boosted_stumps,platt,validation,826,523,0.6331719128329297,0.2322652945473664,0.00036157872939035496,0.6572460426472891,0.5565694236727688,0.5756274637721911,0.00023003249308528595,,
upside_breakout,8H,GENERIC_PROBABILITY,all_step13,logistic,platt,validation,826,523,0.6331719128329297,0.22943071511951083,0.012561225300565249,0.6525172541007057,0.5796843546687365,0.672797449147534,0.020390454351230332,0.07066614071958088,0.9030257103322671
upside_breakout,8H,GENERIC_PROBABILITY,all_step13,tree_depth2,platt,validation,826,523,0.6331719128329297,0.2275515950555601,0.020648703964849857,0.6473524582557918,0.6044273643425528,0.6431778773849688,0.025062010274219865,0.04131358210239921,0.9379230664536223
upside_breakout,8H,GENERIC_PROBABILITY,all_step13,boosted_stumps,platt,validation,826,523,0.6331719128329297,0.22750050957968862,0.020868568945322075,0.6471255321484719,0.6022439720071433,0.660613461969456,0.045808508654910554,-0.04102530743057757,1.0728482006673283
upside_breakout,8H,GENERIC_PROBABILITY,compact_deredundant,logistic,platt,validation,826,523,0.6331719128329297,0.22592825617894205,0.0276353349850893,0.6441792367899825,0.6001930977036518,0.6957837815586893,0.012961282660902369,0.03833853361204776,0.9429740468498057
upside_breakout,8H,GENERIC_PROBABILITY,compact_deredundant,tree_depth2,platt,validation,826,523,0.6331719128329297,0.22792993631952208,0.01902037432332726,0.6489196077515242,0.5930876070398627,0.6571084042956489,0.022689662162691353,0.049086186366736374,0.9268561518664872
upside_breakout,8H,GENERIC_PROBABILITY,compact_deredundant,boosted_stumps,platt,validation,826,523,0.6331719128329297,0.2276515162616809,0.02021865660485711,0.6474313637541366,0.6041244659838833,0.649684555143926,0.02162961173721554,-0.040185065692562714,1.0722980617612612
upside_breakout,12H,GENERIC_PROBABILITY,step11_individuals,logistic,platt,validation,818,535,0.6540342298288508,0.2098061102702444,0.07349345743476687,0.6084167457898786,0.6730755259073347,0.7698608969075909,0.023122135107497097,-0.06260497083907773,1.0787298351399845
upside_breakout,12H,GENERIC_PROBABILITY,step11_individuals,tree_depth2,platt,validation,818,535,0.6540342298288508,0.20679519637124583,0.08678969281575521,0.6027268363161915,0.6730028730887355,0.7033424190308939,0.027693314792236492,-0.0723644736726713,1.0889050327349785
upside_breakout,12H,GENERIC_PROBABILITY,step11_individuals,boosted_stumps,platt,validation,818,535,0.6540342298288508,0.21934462963910828,0.03137123044026091,0.6298130702629865,0.6560285327433044,0.6880419199684259,0.020150523927256872,-0.07224836231795168,1.1124872731540223
upside_breakout,12H,GENERIC_PROBABILITY,step12_interactions,logistic,platt,validation,818,535,0.6540342298288508,0.22067408474034683,0.02550033922666528,0.6345185567518866,0.601202073907731,0.6910888402735653,0.03690993931366598,0.06719840253810384,0.9166678010060794
upside_breakout,12H,GENERIC_PROBABILITY,step12_interactions,tree_depth2,platt,validation,818,535,0.6540342298288508,0.21784925646354103,0.03797481805243774,0.6272211551828812,0.6087513622403488,0.6293851741016863,4.035574939354315e-05,-2.9309264223429933e-05,0.9998528682017921
upside_breakout,12H,GENERIC_PROBABILITY,step12_interactions,boosted_stumps,platt,validation,818,535,0.6540342298288508,0.226273539900252,0.0007730715900344798,0.6449136445701226,0.5432515438723953,0.5979153205512103,0.0002895845632207017,,
upside_breakout,12H,GENERIC_PROBABILITY,all_step13,logistic,platt,validation,818,535,0.6540342298288508,0.21581902701486333,0.04694033800171671,0.6237679400304795,0.6340873815263697,0.7320522091953903,0.03699802534464996,0.025927295005914168,0.9667792875686237
upside_breakout,12H,GENERIC_PROBABILITY,all_step13,tree_depth2,platt,validation,818,535,0.6540342298288508,0.20679519637124583,0.08678969281575521,0.6027268363161915,0.6730028730887355,0.7033424190308939,0.027693314792236492,-0.0723644736726713,1.0889050327349785
upside_breakout,12H,GENERIC_PROBABILITY,all_step13,boosted_stumps,platt,validation,818,535,0.6540342298288508,0.21934462963910828,0.03137123044026091,0.6298130702629865,0.6560285327433044,0.6880419199684259,0.020150523927256872,-0.07224836231795168,1.1124872731540223
upside_breakout,12H,GENERIC_PROBABILITY,compact_deredundant,logistic,platt,validation,818,535,0.6540342298288508,0.21046639072076653,0.07057765028049146,0.6105312916354152,0.6594234008123906,0.7569981580203697,0.03201322960235902,-0.030562294475171996,1.0358133006902341
upside_breakout,12H,GENERIC_PROBABILITY,compact_deredundant,tree_depth2,platt,validation,818,535,0.6540342298288508,0.21097553290106183,0.06832927171548242,0.6106678693058147,0.6740332221525048,0.7255782527874055,0.03041888623111064,-0.03516612447747755,1.0420183265747567
upside_breakout,12H,GENERIC_PROBABILITY,compact_deredundant,boosted_stumps,platt,validation,818,535,0.6540342298288508,0.22001427744581972,0.028414056917843156,0.6312862559313254,0.6468082295829067,0.6746374984445536,0.02690494669075088,-0.0640563100564338,1.1004130183479994
upside_breakout,24H,GENERIC_PROBABILITY,step11_individuals,logistic,platt,validation,794,513,0.646095717884131,0.20660552099801288,0.09847144615933445,0.5999125162857385,0.7022677294263734,0.8233830370278603,0.019945504223754015,-0.12677143528679702,1.158741306186473
upside_breakout,24H,GENERIC_PROBABILITY,step11_individuals,tree_depth2,platt,validation,794,513,0.646095717884131,0.20951922115899616,0.08575743987446938,0.6073006332800529,0.6705930504394636,0.7324399205574247,0.010274836202570678,-0.05378835523448318,1.0626834045826898
upside_breakout,24H,GENERIC_PROBABILITY,step11_individuals,boosted_stumps,platt,validation,794,513,0.646095717884131,0.22111300526893646,0.035167661964924046,0.6335762933247105,0.6416932009739652,0.6946539479768261,0.03876307562012468,-0.07925870876610185,1.120255682158192
upside_breakout,24H,GENERIC_PROBABILITY,step12_interactions,logistic,platt,validation,794,513,0.646095717884131,0.21693701821029165,0.05338968989356585,0.6255064438729546,0.6396883866447455,0.7247582324975029,0.02757315025639251,0.04599257586989186,0.9506122731889407
upside_breakout,24H,GENERIC_PROBABILITY,step12_interactions,tree_depth2,platt,validation,794,513,0.646095717884131,0.2177704781506765,0.04975286580914806,0.6271240736423372,0.5954437299258427,0.6326078349083006,0.003383088418844492,-0.016098854416621865,1.0194468324211259
upside_breakout,24H,GENERIC_PROBABILITY,step12_interactions,boosted_stumps,platt,validation,794,513,0.646095717884131,0.22865614085679134,0.0022529940262667747,0.649830315643714,0.5153066533474849,0.5927891044817365,0.00031565942239952793,,
upside_breakout,24H,GENERIC_PROBABILITY,all_step13,logistic,platt,validation,794,513,0.646095717884131,0.21139963743144538,0.07755219465870422,0.6120358410650285,0.6635935429717037,0.7692043958322643,0.02182639629224117,-0.016921024924684464,1.0182594118747808
upside_breakout,24H,GENERIC_PROBABILITY,all_step13,tree_depth2,platt,validation,794,513,0.646095717884131,0.20951922115899616,0.08575743987446938,0.6073006332800529,0.6705930504394636,0.7324399205574247,0.010274836202570678,-0.05378835523448318,1.0626834045826898
upside_breakout,24H,GENERIC_PROBABILITY,all_step13,boosted_stumps,platt,validation,794,513,0.646095717884131,0.22111300526893646,0.035167661964924046,0.6335762933247105,0.6416932009739652,0.6946539479768261,0.03876307562012468,-0.07925870876610185,1.120255682158192
upside_breakout,24H,GENERIC_PROBABILITY,compact_deredundant,logistic,platt,validation,794,513,0.646095717884131,0.21039505602589245,0.08193571169827096,0.6098517415730025,0.678688615568181,0.7892813715498218,0.05982241512688995,-0.02010570022584764,1.0217482179824608
upside_breakout,24H,GENERIC_PROBABILITY,compact_deredundant,tree_depth2,platt,validation,794,513,0.646095717884131,0.2087792828847475,0.08898617974111189,0.6061389927481338,0.670926029982033,0.7085977323641985,0.01087055416880913,-0.06796469526804164,1.0810862243816772
upside_breakout,24H,GENERIC_PROBABILITY,compact_deredundant,boosted_stumps,platt,validation,794,513,0.646095717884131,0.22181186558249827,0.03211816684602031,0.6350736460002231,0.6276941860384453,0.6772824095217959,0.047345232727906444,-0.07073244188168577,1.1069727896892034
downside_breakdown,1H,GENERIC_PROBABILITY,step11_individuals,logistic,platt,validation,840,573,0.6821428571428572,0.21031374348869644,0.037771268621716425,0.6102546030545922,0.6082057114470786,0.7578330859423467,0.011337612979650713,-0.023423984148901872,1.0390027687205698
downside_breakdown,1H,GENERIC_PROBABILITY,step11_individuals,tree_depth2,platt,validation,840,573,0.6821428571428572,0.21363731960800755,0.022565222740574264,0.6178393931512086,0.5540260538201593,0.7413344928823888,0.0006210519329741841,-0.009755531012686084,1.0190910929513828
downside_breakdown,1H,GENERIC_PROBABILITY,step11_individuals,boosted_stumps,platt,validation,840,573,0.6821428571428572,0.2157119729574095,0.013073255989708876,0.6227066073380294,0.5714715244687596,0.7406486861571268,0.000254015161853971,-0.008983672786535156,1.0193404142567577
downside_breakdown,1H,GENERIC_PROBABILITY,step12_interactions,logistic,platt,validation,840,573,0.6821428571428572,0.2156485259518476,0.013363539119374379,0.6227079502419307,0.5467968704041414,0.7160097117085097,0.01617459292512471,0.028061425271770347,0.969427446279943
downside_breakdown,1H,GENERIC_PROBABILITY,step12_interactions,tree_depth2,platt,validation,840,573,0.6821428571428572,0.21644241390088675,0.009731338097278552,0.62437999535885,0.5018269048506121,0.703704089939538,0.0010769039409143089,0.005100236575242841,0.9985085687500201
downside_breakdown,1H,GENERIC_PROBABILITY,step12_interactions,boosted_stumps,platt,validation,840,573,0.6821428571428572,0.21682504284537255,0.0079807317995928,0.6252461177179666,0.47352458641357986,0.7007118013053847,0.0010311418601989253,,
downside_breakdown,1H,GENERIC_PROBABILITY,all_step13,logistic,platt,validation,840,573,0.6821428571428572,0.21190009539473567,0.030513381634650893,0.6134781858772006,0.585995254622821,0.7529082170717569,0.006828788768802033,0.010976425144256986,0.9952082903104056
downside_breakdown,1H,GENERIC_PROBABILITY,all_step13,tree_depth2,platt,validation,840,573,0.6821428571428572,0.21363731960800755,0.022565222740574264,0.6178393931512086,0.5540260538201593,0.7413344928823888,0.0006210519329741841,-0.009755531012686084,1.0190910929513828
downside_breakdown,1H,GENERIC_PROBABILITY,all_step13,boosted_stumps,platt,validation,840,573,0.6821428571428572,0.2157119729574095,0.013073255989708876,0.6227066073380294,0.5714715244687596,0.7406486861571268,0.000254015161853971,-0.008983672786535156,1.0193404142567577
downside_breakdown,1H,GENERIC_PROBABILITY,compact_deredundant,logistic,platt,validation,840,573,0.6821428571428572,0.21120829668691588,0.03367850333308309,0.6119569438650052,0.5908909674425293,0.7583609767977568,0.004247378109120595,0.00037983888016485904,1.0097818132204226
downside_breakdown,1H,GENERIC_PROBABILITY,compact_deredundant,tree_depth2,platt,validation,840,573,0.6821428571428572,0.21363731960800755,0.022565222740574264,0.6178393931512086,0.5540260538201593,0.7413344928823888,0.0006210519329741841,-0.009755531012686084,1.0190910929513828
downside_breakdown,1H,GENERIC_PROBABILITY,compact_deredundant,boosted_stumps,platt,validation,840,573,0.6821428571428572,0.2157119729574095,0.013073255989708876,0.6227066073380294,0.5714715244687596,0.7406486861571268,0.000254015161853971,-0.008983672786535156,1.0193404142567577
downside_breakdown,2H,GENERIC_PROBABILITY,step11_individuals,logistic,platt,validation,838,537,0.6408114558472554,0.22165316929750187,0.038004362387985324,0.6347561052121484,0.6222275840308841,0.7182489151211552,0.039226955960412195,-0.054673479872358405,1.0959726387650757
downside_breakdown,2H,GENERIC_PROBABILITY,step11_individuals,tree_depth2,platt,validation,838,537,0.6408114558472554,0.22280796866280025,0.032992424344170934,0.6371545788377735,0.6114070417045602,0.714329367954295,0.047614631525837406,-0.04958380496807569,1.0882691279740953
downside_breakdown,2H,GENERIC_PROBABILITY,step11_individuals,boosted_stumps,platt,validation,838,537,0.6408114558472554,0.2270641542296741,0.014520177991111383,0.6462543911987144,0.5945049710152998,0.6888550968533523,0.0017449143940964085,-0.02965562187246051,1.0566896358784805
downside_breakdown,2H,GENERIC_PROBABILITY,step12_interactions,logistic,platt,validation,838,537,0.6408114558472554,0.22801435839899598,0.010396202373593844,0.6484231152271257,0.5526890501555956,0.6613747490905623,0.003345450483195438,0.0005185347424005016,1.002952064226255
downside_breakdown,2H,GENERIC_PROBABILITY,step12_interactions,tree_depth2,platt,validation,838,537,0.6408114558472554,0.22717649118940553,0.01403262500214797,0.6466021698837893,0.5573167034775454,0.6665673694762748,0.027740836027234976,-0.024024100411087917,1.0447757900622663
downside_breakdown,2H,GENERIC_PROBABILITY,step12_interactions,boosted_stumps,platt,validation,838,537,0.6408114558472554,0.230172285858108,0.0010305938937861248,0.6529502127595767,0.49322865433038227,0.6495413556992643,0.0003898152531452981,,
downside_breakdown,2H,GENERIC_PROBABILITY,all_step13,logistic,platt,validation,838,537,0.6408114558472554,0.22314563757769895,0.03152690944032699,0.6374831601626186,0.5970724524706595,0.7268785151178033,0.010231536591225174,-0.03438482471671914,1.0640252803282357
downside_breakdown,2H,GENERIC_PROBABILITY,all_step13,tree_depth2,platt,validation,838,537,0.6408114558472554,0.22280796866280025,0.032992424344170934,0.6371545788377735,0.6114070417045602,0.714329367954295,0.047614631525837406,-0.04958380496807569,1.0882691279740953
downside_breakdown,2H,GENERIC_PROBABILITY,all_step13,boosted_stumps,platt,validation,838,537,0.6408114558472554,0.2270641542296741,0.014520177991111383,0.6462543911987144,0.5945049710152998,0.6888550968533523,0.0017449143940964085,-0.02965562187246051,1.0566896358784805
downside_breakdown,2H,GENERIC_PROBABILITY,compact_deredundant,logistic,platt,validation,838,537,0.6408114558472554,0.22182861161521972,0.03724292619994418,0.6343134228864611,0.6079177416061916,0.7489716148810759,0.006603736556179019,-0.04767909462079282,1.088045828970141
downside_breakdown,2H,GENERIC_PROBABILITY,compact_deredundant,tree_depth2,platt,validation,838,537,0.6408114558472554,0.22280796866280025,0.032992424344170934,0.6371545788377735,0.6114070417045602,0.714329367954295,0.047614631525837406,-0.04958380496807569,1.0882691279740953
downside_breakdown,2H,GENERIC_PROBABILITY,compact_deredundant,boosted_stumps,platt,validation,838,537,0.6408114558472554,0.2270641542296741,0.014520177991111383,0.6462543911987144,0.5945049710152998,0.6888550968533523,0.0017449143940964085,-0.02965562187246051,1.0566896358784805
downside_breakdown,4H,GENERIC_PROBABILITY,step11_individuals,logistic,platt,validation,834,535,0.6414868105515588,0.22388442691177673,0.02653498963266765,0.6397019578298868,0.5996124152158284,0.7012440360503762,0.023504337393427638,-0.022152881570936367,1.0361414962028581
downside_breakdown,4H,GENERIC_PROBABILITY,step11_individuals,tree_depth2,platt,validation,834,535,0.6414868105515588,0.22229147487038098,0.033461255549783187,0.6359392335716042,0.601225268027381,0.713281594978897,0.013022637512206127,-0.032769795258268744,1.054865957842005
downside_breakdown,4H,GENERIC_PROBABILITY,step11_individuals,boosted_stumps,platt,validation,834,535,0.6414868105515588,0.22745148918793087,0.01102515554757677,0.6471071423648153,0.5965304910449161,0.6933468956403083,0.0018441231356590704,-0.02503722025385388,1.0439816914827178
downside_breakdown,4H,GENERIC_PROBABILITY,step12_interactions,logistic,platt,validation,834,535,0.6414868105515588,0.22840647243635437,0.0068728221733865835,0.6492296383077925,0.5550839246085081,0.6721622297892028,0.0057830190541003496,0.021343038390895786,0.9652026667156217
downside_breakdown,4H,GENERIC_PROBABILITY,step12_interactions,tree_depth2,platt,validation,834,535,0.6414868105515588,0.2270761573862482,0.012657124243461881,0.6464184133774104,0.5548151158065827,0.6729945593636405,0.017543404207408683,-0.02035118323819701,1.0343593943915947
downside_breakdown,4H,GENERIC_PROBABILITY,step12_interactions,boosted_stumps,platt,validation,834,535,0.6414868105515588,0.22998148501945018,2.4558264721696865e-05,0.6525579426989792,0.4997468196167912,0.6531028074483222,5.0788805702417505e-05,,
downside_breakdown,4H,GENERIC_PROBABILITY,all_step13,logistic,platt,validation,834,535,0.6414868105515588,0.2257345661614766,0.018490455902772207,0.6434275671380358,0.5799393617353796,0.7062844913943207,0.026165752190250323,0.016598760273829213,0.9738827862832491
downside_breakdown,4H,GENERIC_PROBABILITY,all_step13,tree_depth2,platt,validation,834,535,0.6414868105515588,0.22229147487038098,0.033461255549783187,0.6359392335716042,0.601225268027381,0.713281594978897,0.013022637512206127,-0.032769795258268744,1.054865957842005
downside_breakdown,4H,GENERIC_PROBABILITY,all_step13,boosted_stumps,platt,validation,834,535,0.6414868105515588,0.22745148918793087,0.01102515554757677,0.6471071423648153,0.5965304910449161,0.6933468956403083,0.0018441231356590704,-0.02503722025385388,1.0439816914827178
downside_breakdown,4H,GENERIC_PROBABILITY,compact_deredundant,logistic,platt,validation,834,535,0.6414868105515588,0.22477810091036693,0.022649233127390755,0.6409684830095325,0.5890726096333573,0.7203731926076345,0.026048870389722586,-0.0028064007399856428,1.0061394993927442
downside_breakdown,4H,GENERIC_PROBABILITY,compact_deredundant,tree_depth2,platt,validation,834,535,0.6414868105515588,0.22239177653538428,0.033025136956323475,0.6360421782838764,0.6128278060825806,0.7212778660269399,0.04173949369205508,-0.0491406743590333,1.0823132344868653
downside_breakdown,4H,GENERIC_PROBABILITY,compact_deredundant,boosted_stumps,platt,validation,834,535,0.6414868105515588,0.2269650041356588,0.013140426283402507,0.6460515150462278,0.5942674960147533,0.6949521320348818,0.0021983276373606087,-0.030291892060417377,1.0533935945683424
downside_breakdown,8H,GENERIC_PROBABILITY,step11_individuals,logistic,platt,validation,826,523,0.6331719128329297,0.23238507435956468,0.0023695744109851757,0.657939774903749,0.5184925758350214,0.6178270738412588,0.0029626502522900177,0.03152933059824126,0.9457945351992085
downside_breakdown,8H,GENERIC_PROBABILITY,step11_individuals,tree_depth2,platt,validation,826,523,0.6331719128329297,0.23507970391468652,-0.009198485359159347,0.6634179673556898,0.48967936946658336,0.6562304772366749,0.07156307390235381,0.07408764669022738,0.8846557534013971
downside_breakdown,8H,GENERIC_PROBABILITY,step11_individuals,boosted_stumps,platt,validation,826,523,0.6331719128329297,0.23098391104272867,0.008384776376718861,0.6545322737550903,0.5547078608434457,0.715050618714569,0.024591564776747073,-0.014706346800890583,1.0219910651800006
downside_breakdown,8H,GENERIC_PROBABILITY,step12_interactions,logistic,platt,validation,826,523,0.6331719128329297,0.2364302623907601,-0.014996440460111282,0.6660075488731951,0.504862149694893,0.6290940635384704,0.06718960167745584,0.09480485990599408,0.8534791405118352
downside_breakdown,8H,GENERIC_PROBABILITY,step12_interactions,tree_depth2,platt,validation,826,523,0.6331719128329297,0.2287338828808455,0.018044159875908683,0.6498776768954404,0.547230057613792,0.7052650896422878,0.007616611436504323,-0.015105256742242154,1.021954762271239
downside_breakdown,8H,GENERIC_PROBABILITY,step12_interactions,boosted_stumps,platt,validation,826,523,0.6331719128329297,0.23226540245191843,0.002883326580676804,0.6572462750609399,0.4934277366551187,0.6780588384227885,0.0004010230664585057,,
downside_breakdown,8H,GENERIC_PROBABILITY,all_step13,logistic,platt,validation,826,523,0.6331719128329297,0.2372711642744324,-0.018606436955792338,0.6677621370293911,0.49499271150824453,0.6318529685597716,0.04600774269862677,0.11109227338399759,0.8436646778890937
downside_breakdown,8H,GENERIC_PROBABILITY,all_step13,tree_depth2,platt,validation,826,523,0.6331719128329297,0.23507970391468652,-0.009198485359159347,0.6634179673556898,0.48967936946658336,0.6562304772366749,0.07156307390235381,0.07408764669022738,0.8846557534013971
downside_breakdown,8H,GENERIC_PROBABILITY,all_step13,boosted_stumps,platt,validation,826,523,0.6331719128329297,0.23098391104272867,0.008384776376718861,0.6545322737550903,0.5547078608434457,0.715050618714569,0.024591564776747073,-0.014706346800890583,1.0219910651800006
downside_breakdown,8H,GENERIC_PROBABILITY,compact_deredundant,logistic,platt,validation,826,523,0.6331719128329297,0.23683624750805096,-0.016739336842169994,0.6666720429639704,0.5011831967135528,0.6424075845591516,0.04531457555712491,0.10028014710982232,0.8490921775369735
downside_breakdown,8H,GENERIC_PROBABILITY,compact_deredundant,tree_depth2,platt,validation,826,523,0.6331719128329297,0.2345476901486026,-0.006914547282067973,0.6623600226775396,0.4940272229899854,0.6566961469875664,0.06995067940945485,0.06782230011084481,0.8929879158396067
downside_breakdown,8H,GENERIC_PROBABILITY,compact_deredundant,boosted_stumps,platt,validation,826,523,0.6331719128329297,0.23082675919666604,0.009059430131920787,0.6541828836207645,0.5730016596305902,0.7179153093549847,0.01927657909576514,-0.01635421047744379,1.0249849418079586
downside_breakdown,12H,GENERIC_PROBABILITY,step11_individuals,logistic,platt,validation,818,526,0.6430317848410758,0.229392519621975,0.0023492580883577308,0.6519391754195379,0.5103521016719621,0.6196724895016882,0.018474089787555367,0.03170199234142333,0.9493191879077675
downside_breakdown,12H,GENERIC_PROBABILITY,step11_individuals,tree_depth2,platt,validation,818,526,0.6430317848410758,0.2314829269311683,-0.006742129923557272,0.6562706216237507,0.49699854159070783,0.6537168081346267,0.023407628182501476,0.06912730643715072,0.8977032105222392
downside_breakdown,12H,GENERIC_PROBABILITY,step11_individuals,boosted_stumps,platt,validation,818,526,0.6430317848410758,0.22764547601494026,0.009947323420141263,0.6475949633586976,0.5841254752851711,0.7211111729013828,0.023592878972991765,-0.021748686203397132,1.0327345645267305
downside_breakdown,12H,GENERIC_PROBABILITY,step12_interactions,logistic,platt,validation,818,526,0.6430317848410758,0.2342813913806414,-0.018912928425753872,0.6616914194067021,0.49386035731027655,0.638897740831717,0.03074508994246867,0.10592056164018075,0.8481296894934309
downside_breakdown,12H,GENERIC_PROBABILITY,step12_interactions,tree_depth2,platt,validation,818,526,0.6430317848410758,0.2249473304303303,0.02168182526312934,0.6419924673575673,0.5605044533569457,0.7086102821270546,0.016905311106199687,-0.02996273215512501,1.0451123414868988
downside_breakdown,12H,GENERIC_PROBABILITY,step12_interactions,boosted_stumps,platt,validation,818,526,0.6430317848410758,0.2295419982926086,0.0016991605747015415,0.6516540381014829,0.49764310641179227,0.6823979988356731,0.00029961213655671504,,
downside_breakdown,12H,GENERIC_PROBABILITY,all_step13,logistic,platt,validation,818,526,0.6430317848410758,0.23621806921074445,-0.02733573173786774,0.6659246902956474,0.467791291213084,0.6086257804956486,0.03417387803208162,0.13312710140719047,0.8352478601578052
downside_breakdown,12H,GENERIC_PROBABILITY,all_step13,tree_depth2,platt,validation,818,526,0.6430317848410758,0.2314829269311683,-0.006742129923557272,0.6562706216237507,0.49699854159070783,0.6537168081346267,0.023407628182501476,0.06912730643715072,0.8977032105222392
downside_breakdown,12H,GENERIC_PROBABILITY,all_step13,boosted_stumps,platt,validation,818,526,0.6430317848410758,0.22764547601494026,0.009947323420141263,0.6475949633586976,0.5841254752851711,0.7211111729013828,0.023592878972991765,-0.021748686203397132,1.0327345645267305
downside_breakdown,12H,GENERIC_PROBABILITY,compact_deredundant,logistic,platt,validation,818,526,0.6430317848410758,0.23560409983032282,-0.024665518215220672,0.6645137147857201,0.4751093806969113,0.6178098009845857,0.0363430216848592,0.12091146132844616,0.8368792243426093
downside_breakdown,12H,GENERIC_PROBABILITY,compact_deredundant,tree_depth2,platt,validation,818,526,0.6430317848410758,0.2314829269311683,-0.006742129923557272,0.6562706216237507,0.49699854159070783,0.6537168081346267,0.023407628182501476,0.06912730643715072,0.8977032105222392
downside_breakdown,12H,GENERIC_PROBABILITY,compact_deredundant,boosted_stumps,platt,validation,818,526,0.6430317848410758,0.2276841625342463,0.009779071923748717,0.6476845570688753,0.5696976405021095,0.7235810146104551,0.02165701258232265,-0.020950773508247096,1.031421809891962
downside_breakdown,24H,GENERIC_PROBABILITY,step11_individuals,logistic,platt,validation,794,505,0.6360201511335013,0.22825145734926108,0.0189288068611434,0.6490098798815709,0.5421699955462674,0.6633976927856791,0.019920568810029984,0.002870142913585988,0.9926252314858524
downside_breakdown,24H,GENERIC_PROBABILITY,step11_individuals,tree_depth2,platt,validation,794,505,0.6360201511335013,0.22747024639898383,0.022286610434370524,0.6472400238637722,0.5838226729247319,0.6979432155912827,0.007873283087914747,0.022523265271897727,0.9657125107998271
downside_breakdown,24H,GENERIC_PROBABILITY,step11_individuals,boosted_stumps,platt,validation,794,505,0.6360201511335013,0.22918865968320673,0.014900520590139799,0.6507497208237113,0.5826030353900442,0.7047001972543571,0.023841020106615138,-0.02454212559206045,1.0372422406407615
downside_breakdown,24H,GENERIC_PROBABILITY,step12_interactions,logistic,platt,validation,794,505,0.6360201511335013,0.2301548881901216,0.010747473923396145,0.6530926759640683,0.5553050806810785,0.6639491012035604,0.023571765594442778,0.043403154522428246,0.9316071996003359
downside_breakdown,24H,GENERIC_PROBABILITY,step12_interactions,tree_depth2,platt,validation,794,505,0.6360201511335013,0.2270851333589788,0.023941904617543752,0.6464610279841203,0.5691185035458564,0.7057746406506782,0.00858317013151803,-0.019075169972591347,1.0271842665633235
downside_breakdown,24H,GENERIC_PROBABILITY,step12_interactions,boosted_stumps,platt,validation,794,505,0.6360201511335013,0.23149871488051477,0.004971433455455032,0.6556741630971147,0.5105759018808456,0.6958900992467391,0.0004431646367147879,,
downside_breakdown,24H,GENERIC_PROBABILITY,all_step13,logistic,platt,validation,794,505,0.6360201511335013,0.23181182819220877,0.003625608750286724,0.6565357490156295,0.5299941758881771,0.6573443819803282,0.023430964308110164,0.057736156662843506,0.9135451688743678
downside_breakdown,24H,GENERIC_PROBABILITY,all_step13,tree_depth2,platt,validation,794,505,0.6360201511335013,0.22747024639898383,0.022286610434370524,0.6472400238637722,0.5838226729247319,0.6979432155912827,0.007873283087914747,0.022523265271897727,0.9657125107998271
downside_breakdown,24H,GENERIC_PROBABILITY,all_step13,boosted_stumps,platt,validation,794,505,0.6360201511335013,0.22918865968320673,0.014900520590139799,0.6507497208237113,0.5826030353900442,0.7047001972543571,0.023841020106615138,-0.02454212559206045,1.0372422406407615
downside_breakdown,24H,GENERIC_PROBABILITY,compact_deredundant,logistic,platt,validation,794,505,0.6360201511335013,0.22926047884520898,0.014591827222859566,0.6511615642334194,0.5357086573709274,0.6648175627647012,0.009988096340641003,0.013861453620460389,0.9753577274272056
downside_breakdown,24H,GENERIC_PROBABILITY,compact_deredundant,tree_depth2,platt,validation,794,505,0.6360201511335013,0.22436119083774184,0.035649963660787654,0.6408202878712489,0.5870019527904348,0.7040256666392327,0.0059223390332825525,-0.017450278070372797,1.0226213646142994
downside_breakdown,24H,GENERIC_PROBABILITY,compact_deredundant,boosted_stumps,platt,validation,794,505,0.6360201511335013,0.22912167368341546,0.015188440043106377,0.6506052761810759,0.5870910274418445,0.7012768884450853,0.023803979693643333,-0.025229743838085097,1.0383950607873782
trend_continuation,1H,GENERIC_PROBABILITY,step11_individuals,logistic,platt,validation,840,253,0.3011904761904762,0.2092457974185559,0.013565121972811012,0.608968706191398,0.5524910612681889,0.34979014425549826,0.00016025539098979413,0.00919605483075001,1.015055576140039
trend_continuation,1H,GENERIC_PROBABILITY,step11_individuals,tree_depth2,platt,validation,840,253,0.3011904761904762,0.20908201044989022,0.014337253028494645,0.6083725063246911,0.5552113984822673,0.3409716094790231,0.015787021404872856,-0.015877419332933556,0.9834621215798289
trend_continuation,1H,GENERIC_PROBABILITY,step11_individuals,boosted_stumps,platt,validation,840,253,0.3011904761904762,0.2096167779787146,0.011816230630068203,0.6098459186234214,0.547818006746975,0.33696304091769747,5.0897179128372994e-05,0.007678886949822145,1.013902199571467
trend_continuation,1H,GENERIC_PROBABILITY,step12_interactions,logistic,platt,validation,840,253,0.3011904761904762,0.21043198368806695,0.007973155383670272,0.611663486936753,0.531859592892109,0.30963625053429056,0.0016773251485116551,-0.009149354098549285,0.9925476351225438
trend_continuation,1H,GENERIC_PROBABILITY,step12_interactions,tree_depth2,platt,validation,840,253,0.3011904761904762,0.21042357733372055,0.008012784954379182,0.6117456547143905,0.5179885665034913,0.3151014608370032,0.0009674650560324016,-0.004797667061561035,0.9984766353339098
trend_continuation,1H,GENERIC_PROBABILITY,step12_interactions,boosted_stumps,platt,validation,840,253,0.3011904761904762,0.21047550701027073,0.0077679760034433665,0.6118713594118498,0.5079354391257214,0.30751336308397087,0.0008566023816862778,,
trend_continuation,1H,GENERIC_PROBABILITY,all_step13,logistic,platt,validation,840,253,0.3011904761904762,0.2097608756401596,0.011136919691234093,0.6102206110194399,0.542417733366552,0.33637779812611646,0.000957940222069667,-0.003673099255412175,0.9991142585459041
trend_continuation,1H,GENERIC_PROBABILITY,all_step13,tree_depth2,platt,validation,840,253,0.3011904761904762,0.20908201044989022,0.014337253028494645,0.6083725063246911,0.5552113984822673,0.3409716094790231,0.015787021404872856,-0.015877419332933556,0.9834621215798289
trend_continuation,1H,GENERIC_PROBABILITY,all_step13,boosted_stumps,platt,validation,840,253,0.3011904761904762,0.2096167779787146,0.011816230630068203,0.6098459186234214,0.547818006746975,0.33696304091769747,5.0897179128372994e-05,0.007678886949822145,1.013902199571467
trend_continuation,1H,GENERIC_PROBABILITY,compact_deredundant,logistic,platt,validation,840,253,0.3011904761904762,0.2091668688632373,0.013937210114121745,0.6087829219243872,0.5532519476671761,0.3465999908522252,7.38141101838119e-05,0.007698037982891732,1.0130476763615897
trend_continuation,1H,GENERIC_PROBABILITY,compact_deredundant,tree_depth2,platt,validation,840,253,0.3011904761904762,0.20908201044989022,0.014337253028494645,0.6083725063246911,0.5552113984822673,0.3409716094790231,0.015787021404872856,-0.015877419332933556,0.9834621215798289
trend_continuation,1H,GENERIC_PROBABILITY,compact_deredundant,boosted_stumps,platt,validation,840,253,0.3011904761904762,0.2096167779787146,0.011816230630068203,0.6098459186234214,0.547818006746975,0.33696304091769747,5.0897179128372994e-05,0.007678886949822145,1.013902199571467
trend_continuation,2H,GENERIC_PROBABILITY,step11_individuals,logistic,platt,validation,838,283,0.33770883054892603,0.22424426988086457,0.00320301831545855,0.6408035670902137,0.4789036386209531,0.33268637641442095,0.0016650204094573184,-0.012691602106610881,0.986607562814763
trend_continuation,2H,GENERIC_PROBABILITY,step11_individuals,tree_depth2,platt,validation,838,283,0.33770883054892603,0.22449826394292682,0.0020739793680466523,0.6413037794877557,0.5115971094769681,0.3303281327271815,0.0020968250314695736,-0.021434457851587124,0.9710916575950027
trend_continuation,2H,GENERIC_PROBABILITY,step11_individuals,boosted_stumps,platt,validation,838,283,0.33770883054892603,0.22367396726759467,0.00573809278517079,0.6395316971568182,0.49964664310954066,0.33515915115131806,0.0009599111513702852,-0.0031319344439274645,1.0014684627645132
trend_continuation,2H,GENERIC_PROBABILITY,step12_interactions,logistic,platt,validation,838,283,0.33770883054892603,0.22371523027274776,0.005554672985799036,0.6396372558367568,0.5246553974469169,0.35011487915261624,0.001299582148813594,-0.007306027914471538,0.9952803132582333
trend_continuation,2H,GENERIC_PROBABILITY,step12_interactions,tree_depth2,platt,validation,838,283,0.33770883054892603,0.22391911300867984,0.004648385855685722,0.6400752825411669,0.5049310794893834,0.30872802779442526,0.0011779436916973252,-0.0062213952523372945,0.9965936196410015
trend_continuation,2H,GENERIC_PROBABILITY,step12_interactions,boosted_stumps,platt,validation,838,283,0.33770883054892603,0.22366252537088144,0.0057889536081232595,0.6395061686092514,0.5318053035367523,0.3182771915529803,0.0009741933476767883,,
trend_continuation,2H,GENERIC_PROBABILITY,all_step13,logistic,platt,validation,838,283,0.33770883054892603,0.22452358904145553,0.0019614057812714636,0.6414079555489933,0.48456371565912204,0.3340864049622043,0.0039666730600006,-0.019807561888533238,0.9758245044469696
trend_continuation,2H,GENERIC_PROBABILITY,all_step13,tree_depth2,platt,validation,838,283,0.33770883054892603,0.22449826394292682,0.0020739793680466523,0.6413037794877557,0.5115971094769681,0.3303281327271815,0.0020968250314695736,-0.021434457851587124,0.9710916575950027
trend_continuation,2H,GENERIC_PROBABILITY,all_step13,boosted_stumps,platt,validation,838,283,0.33770883054892603,0.22367396726759467,0.00573809278517079,0.6395316971568182,0.49964664310954066,0.33515915115131806,0.0009599111513702852,-0.0031319344439274645,1.0014684627645132
trend_continuation,2H,GENERIC_PROBABILITY,compact_deredundant,logistic,platt,validation,838,283,0.33770883054892603,0.2245619631495748,0.0017908275311853128,0.6415035164177766,0.4701556680355267,0.3203432716765686,0.002039938168285793,-0.017156182068066572,0.9800087918794399
trend_continuation,2H,GENERIC_PROBABILITY,compact_deredundant,tree_depth2,platt,validation,838,283,0.33770883054892603,0.22449826394292682,0.0020739793680466523,0.6413037794877557,0.5115971094769681,0.3303281327271815,0.0020968250314695736,-0.021434457851587124,0.9710916575950027
trend_continuation,2H,GENERIC_PROBABILITY,compact_deredundant,boosted_stumps,platt,validation,838,283,0.33770883054892603,0.22369313176858643,0.005652903911652518,0.6395748028931856,0.4953936268423901,0.3343771240239391,0.0009759721077171601,-0.003397683725179133,1.0010264174073564
trend_continuation,4H,GENERIC_PROBABILITY,step11_individuals,logistic,platt,validation,834,304,0.3645083932853717,0.23202214892701084,0.0014981351179436109,0.6567177788842702,0.5117365938430983,0.36091777781724504,0.02921461313293169,-0.015981908720857044,0.9810160598455496
trend_continuation,4H,GENERIC_PROBABILITY,step11_individuals,tree_depth2,platt,validation,834,304,0.3645083932853717,0.23396447585467792,-0.0068606231663628225,0.6611101349795817,0.48284508440913604,0.3638558328648807,0.01791831809118258,-0.04788895086584861,0.9163186704927754
trend_continuation,4H,GENERIC_PROBABILITY,step11_individuals,boosted_stumps,platt,validation,834,304,0.3645083932853717,0.23174872621229797,0.002674803344681731,0.6562002648304615,0.4864821251241311,0.37393776914344434,0.0009334344716278586,-0.004584726240383015,0.9975380396609457
trend_continuation,4H,GENERIC_PROBABILITY,step12_interactions,logistic,platt,validation,834,304,0.3645083932853717,0.23260505484124291,-0.0010103867843969105,0.6580275250551085,0.5065168818272096,0.37170610127434883,0.011207040680603235,-0.03007928192879908,0.9515798743902575
trend_continuation,4H,GENERIC_PROBABILITY,step12_interactions,tree_depth2,platt,validation,834,304,0.3645083932853717,0.23133582721927856,0.004451704457115957,0.6552980828236988,0.5128041211519364,0.3763437764401097,0.000781301747132479,-0.0013439571285312742,1.004516348979208
trend_continuation,4H,GENERIC_PROBABILITY,step12_interactions,boosted_stumps,platt,validation,834,304,0.3645083932853717,0.23164267320140966,0.0031311999845630156,0.6559695322635746,0.48792204568023834,0.3817341202874256,0.0008054138818617829,,
trend_continuation,4H,GENERIC_PROBABILITY,all_step13,logistic,platt,validation,834,304,0.3645083932853717,0.23290214714034638,-0.0022889165112731646,0.6586842645967375,0.5107994041708044,0.37384012494422775,0.023276752632235366,-0.03690556985068716,0.9409364104145203
trend_continuation,4H,GENERIC_PROBABILITY,all_step13,tree_depth2,platt,validation,834,304,0.3645083932853717,0.23396447585467792,-0.0068606231663628225,0.6611101349795817,0.48284508440913604,0.3638558328648807,0.01791831809118258,-0.04788895086584861,0.9163186704927754
trend_continuation,4H,GENERIC_PROBABILITY,all_step13,boosted_stumps,platt,validation,834,304,0.3645083932853717,0.23174872621229797,0.002674803344681731,0.6562002648304615,0.4864821251241311,0.37393776914344434,0.0009334344716278586,-0.004584726240383015,0.9975380396609457
trend_continuation,4H,GENERIC_PROBABILITY,compact_deredundant,logistic,platt,validation,834,304,0.3645083932853717,0.23283849965552317,-0.0020150110561909518,0.6585785903085869,0.5031715491559087,0.37435360212539753,0.008942874121790088,-0.03402088606090166,0.9461243272856419
trend_continuation,4H,GENERIC_PROBABILITY,compact_deredundant,tree_depth2,platt,validation,834,304,0.3645083932853717,0.23396447585467792,-0.0068606231663628225,0.6611101349795817,0.48284508440913604,0.3638558328648807,0.01791831809118258,-0.04788895086584861,0.9163186704927754
trend_continuation,4H,GENERIC_PROBABILITY,compact_deredundant,boosted_stumps,platt,validation,834,304,0.3645083932853717,0.2316978366893847,0.0028938052105244028,0.6560901716307548,0.4918383813306852,0.3802113832929352,0.0008970850531846986,-0.004086862514849916,0.9984769433312959
trend_continuation,8H,GENERIC_PROBABILITY,step11_individuals,logistic,platt,validation,826,357,0.4322033898305085,0.2517248661074139,-0.025310720171404677,0.6971371497536126,0.42557918689864005,0.38246357456938956,0.05676812187479893,-0.05037270167871844,0.8230857627413979
trend_continuation,8H,GENERIC_PROBABILITY,step11_individuals,tree_depth2,platt,validation,826,357,0.4322033898305085,0.25145350187160465,-0.02420541554119926,0.6964756364083189,0.44606499316144366,0.4134578614069471,0.056536545702412934,-0.054847982632226296,0.8179128068144363
trend_continuation,8H,GENERIC_PROBABILITY,step11_individuals,boosted_stumps,platt,validation,826,357,0.4322033898305085,0.24615602343176887,-0.002628042124610319,0.685465173301928,0.45818327330932374,0.41726426676103534,0.00015181728325430743,-0.00439093304433112,0.9798051308401324
trend_continuation,8H,GENERIC_PROBABILITY,step12_interactions,logistic,platt,validation,826,357,0.4322033898305085,0.25036783182417943,-0.01978332901710078,0.6940490503502578,0.4496903238907503,0.4043397115717867,0.05720513859460713,-0.04310446950786987,0.8495574261207199
trend_continuation,8H,GENERIC_PROBABILITY,step12_interactions,tree_depth2,platt,validation,826,357,0.4322033898305085,0.24519604107706106,0.0012821007813245133,0.683500436517768,0.470026816696828,0.47815787666999743,0.0002820995137438082,0.0010408387409686687,0.9997667915609555
trend_continuation,8H,GENERIC_PROBABILITY,step12_interactions,boosted_stumps,platt,validation,826,357,0.4322033898305085,0.24540374158828196,0.00043610743933575336,0.6839262901621888,0.4469549013635305,0.4768403862012914,0.00034919730236876445,,
trend_continuation,8H,GENERIC_PROBABILITY,all_step13,logistic,platt,validation,826,357,0.4322033898305085,0.2521586301887996,-0.027077502172513146,0.6979568825782619,0.44114362162775556,0.39721315326402995,0.05431795023555418,-0.05659460534161717,0.804905080332123
trend_continuation,8H,GENERIC_PROBABILITY,all_step13,tree_depth2,platt,validation,826,357,0.4322033898305085,0.25145350187160465,-0.02420541554119926,0.6964756364083189,0.44606499316144366,0.4134578614069471,0.056536545702412934,-0.054847982632226296,0.8179128068144363
trend_continuation,8H,GENERIC_PROBABILITY,all_step13,boosted_stumps,platt,validation,826,357,0.4322033898305085,0.24615602343176887,-0.002628042124610319,0.685465173301928,0.45818327330932374,0.41726426676103534,0.00015181728325430743,-0.00439093304433112,0.9798051308401324
trend_continuation,8H,GENERIC_PROBABILITY,compact_deredundant,logistic,platt,validation,826,357,0.4322033898305085,0.25129634361608594,-0.02356528790248591,0.6962508438193687,0.4575800469441508,0.408236778636398,0.0590100145691216,-0.05120962633253619,0.8208749549616501
trend_continuation,8H,GENERIC_PROBABILITY,compact_deredundant,tree_depth2,platt,validation,826,357,0.4322033898305085,0.25178998078452736,-0.025575941392960155,0.6970356715468556,0.42043085891072846,0.40339521839981174,0.06618178351031194,-0.056414424632693624,0.8139317525679913
trend_continuation,8H,GENERIC_PROBABILITY,compact_deredundant,boosted_stumps,platt,validation,826,357,0.4322033898305085,0.24620371248696257,-0.0028222863416440536,0.6855636907175652,0.45582412069305334,0.4171230597921265,0.00017608228857035613,-0.0047549714069338245,0.9783610056562979
trend_continuation,12H,GENERIC_PROBABILITY,step11_individuals,logistic,platt,validation,818,386,0.4718826405867971,0.2525048043227142,-0.0030470052830544603,0.698210558384339,0.4466693053156784,0.4310442322912079,0.0066144632742930285,-0.010966137642721448,0.9059599726702118
trend_continuation,12H,GENERIC_PROBABILITY,step11_individuals,tree_depth2,platt,validation,818,386,0.4718826405867971,0.25302580983682976,-0.005116641233432917,0.6992314088622962,0.45568868739205526,0.4409067539895055,0.001986471933890621,-0.016558773378221568,0.8770445800581594
trend_continuation,12H,GENERIC_PROBABILITY,step11_individuals,boosted_stumps,platt,validation,818,386,0.4718826405867971,0.2498224563668898,0.007608321024235032,0.692796154384371,0.47606025714834005,0.4892581590900725,0.0012046332219828315,0.003170844033871005,0.9822682659120315
trend_continuation,12H,GENERIC_PROBABILITY,step12_interactions,logistic,platt,validation,818,386,0.4718826405867971,0.25334463104628996,-0.006383122717726009,0.6998822699256518,0.4486782767223182,0.43487897258617797,0.0018399702898963533,-0.016338575426878735,0.8731235851347787
trend_continuation,12H,GENERIC_PROBABILITY,step12_interactions,tree_depth2,platt,validation,818,386,0.4718826405867971,0.24920964635712814,0.0100426400335214,0.6915656397711994,0.49930435616964114,0.5104142097475435,0.0016233321375894172,0.006161598779742796,0.9993263667225977
trend_continuation,12H,GENERIC_PROBABILITY,step12_interactions,boosted_stumps,platt,validation,818,386,0.4718826405867971,0.24921204518351442,0.010033110964839276,0.691570454512869,0.4673167338322779,0.5169048454358391,0.0016220616158861278,,
trend_continuation,12H,GENERIC_PROBABILITY,all_step13,logistic,platt,validation,818,386,0.4718826405867971,0.25476533528923906,-0.012026710926296369,0.7027607992050335,0.4399407503358281,0.4241990118329683,0.006992732022232015,-0.024871873772154215,0.8343531541230592
trend_continuation,12H,GENERIC_PROBABILITY,all_step13,tree_depth2,platt,validation,818,386,0.4718826405867971,0.25302580983682976,-0.005116641233432917,0.6992314088622962,0.45568868739205526,0.4409067539895055,0.001986471933890621,-0.016558773378221568,0.8770445800581594
trend_continuation,12H,GENERIC_PROBABILITY,all_step13,boosted_stumps,platt,validation,818,386,0.4718826405867971,0.2498224563668898,0.007608321024235032,0.692796154384371,0.47606025714834005,0.4892581590900725,0.0012046332219828315,0.003170844033871005,0.9822682659120315
trend_continuation,12H,GENERIC_PROBABILITY,compact_deredundant,logistic,platt,validation,818,386,0.4718826405867971,0.25426253497497575,-0.01002939308979034,0.701751467267199,0.45305003838034924,0.43165819314700515,0.006558432386859345,-0.02258750257000407,0.8444364524780051
trend_continuation,12H,GENERIC_PROBABILITY,compact_deredundant,tree_depth2,platt,validation,818,386,0.4718826405867971,0.2522697455506349,-0.0021132606834930456,0.6978263495236408,0.47573642295144886,0.48485973637634344,0.05554754016954759,-0.013415973131960935,0.8914770534308807
trend_continuation,12H,GENERIC_PROBABILITY,compact_deredundant,boosted_stumps,platt,validation,818,386,0.4718826405867971,0.24924323438462936,0.00990921536269651,0.691632804338986,0.4994722701976588,0.4659356669853723,0.001576816960148164,0.005869880020616603,0.9979424820725562
trend_continuation,24H,GENERIC_PROBABILITY,step11_individuals,logistic,platt,validation,794,385,0.48488664987405544,0.2532243136685419,-0.010055570027242444,0.6996238676667725,0.44667703934207603,0.4480712509417,0.0007083703035352662,-0.006853287180825176,0.8969632379816953
trend_continuation,24H,GENERIC_PROBABILITY,step11_individuals,tree_depth2,platt,validation,794,385,0.48488664987405544,0.2548353093175655,-0.01648147402126332,0.7028937745929589,0.4288508557457213,0.4987777541316771,0.0038816293383730494,-0.020289576180692034,0.8304870235175269
trend_continuation,24H,GENERIC_PROBABILITY,step11_individuals,boosted_stumps,platt,validation,794,385,0.48488664987405544,0.25043462399661653,0.0010718827475492132,0.6940177095251545,0.455002699012479,0.48934284771618713,0.001032665311498926,0.0030157399179181086,0.9790363160110109
trend_continuation,24H,GENERIC_PROBABILITY,step12_interactions,logistic,platt,validation,794,385,0.48488664987405544,0.2523443070838429,-0.006545419127201413,0.6979165450590844,0.48327564855682215,0.4899986583044688,0.01635795731064416,-0.00900964707573437,0.8793009008366963
trend_continuation,24H,GENERIC_PROBABILITY,step12_interactions,tree_depth2,platt,validation,794,385,0.48488664987405544,0.25264859029759357,-0.007759137314298226,0.6984597647081867,0.43759565617756324,0.489033696086059,0.00018908413598406337,-0.004359207079604796,0.9127787648462227
trend_continuation,24H,GENERIC_PROBABILITY,step12_interactions,boosted_stumps,platt,validation,794,385,0.48488664987405544,0.249773009203783,0.0037109172740230623,0.6926931322625177,0.44185692058552695,0.5438531266421969,0.0011927094417485962,,
trend_continuation,24H,GENERIC_PROBABILITY,all_step13,logistic,platt,validation,794,385,0.48488664987405544,0.2532259349101455,-0.010062036800074559,0.6997181062170186,0.5034833137522624,0.47484844691644534,0.01075918996539927,-0.012799358765835092,0.8610987147548728
trend_continuation,24H,GENERIC_PROBABILITY,all_step13,tree_depth2,platt,validation,794,385,0.48488664987405544,0.2548353093175655,-0.01648147402126332,0.7028937745929589,0.4288508557457213,0.4987777541316771,0.0038816293383730494,-0.020289576180692034,0.8304870235175269
trend_continuation,24H,GENERIC_PROBABILITY,all_step13,boosted_stumps,platt,validation,794,385,0.48488664987405544,0.25043462399661653,0.0010718827475492132,0.6940177095251545,0.455002699012479,0.48934284771618713,0.001032665311498926,0.0030157399179181086,0.9790363160110109
trend_continuation,24H,GENERIC_PROBABILITY,compact_deredundant,logistic,platt,validation,794,385,0.48488664987405544,0.25187301590457306,-0.004665543242339476,0.6969964603999846,0.5265995618073858,0.4927746819367665,0.016941641069478347,-0.006485300349295176,0.9014637562844442
trend_continuation,24H,GENERIC_PROBABILITY,compact_deredundant,tree_depth2,platt,validation,794,385,0.48488664987405544,0.2543303362981257,-0.014467248753518014,0.7018818741972168,0.43687168577144125,0.5078839485402737,0.0033939073050990864,-0.018342172154960524,0.8399479169770415
trend_continuation,24H,GENERIC_PROBABILITY,compact_deredundant,boosted_stumps,platt,validation,794,385,0.48488664987405544,0.2503608138688961,0.0013662949607698982,0.6938705719891123,0.4639253167370527,0.5000515031595737,0.0010356508698250444,0.003107322624962044,0.980826771027076
