target,horizon,feature_set,model_family,raw_brier,selected_brier,calibration,raw_ece,selected_ece
range_continuation,1H,step11_individuals,logistic,0.03945101821978215,0.03945101821978215,none,0.0089790578815334,0.0089790578815334
range_continuation,1H,step11_individuals,tree_depth2,0.03975987827733749,0.03975987827733749,none,0.004544041334821222,0.004544041334821222
range_continuation,1H,step11_individuals,boosted_stumps,0.04093512323610914,0.04093512323610914,none,0.0001470741866813688,0.0001470741866813688
range_continuation,1H,step12_interactions,logistic,0.040241176187141105,0.04014573112873879,platt,0.012095151396619368,0.0010378867604277503
range_continuation,1H,step12_interactions,tree_depth2,0.04047531207098646,0.04045957162903521,platt,0.0031014195610752776,0.00042356035108136875
range_continuation,1H,step12_interactions,boosted_stumps,0.04102040931835645,0.04102040816328377,platt,3.3986631924776134e-05,1.3585759001816244e-07
range_continuation,1H,all_step13,logistic,0.03948362768529875,0.03948362768529875,none,0.008945096394090702,0.008945096394090702
range_continuation,1H,all_step13,tree_depth2,0.03975987827733749,0.03975987827733749,none,0.004544041334821222,0.004544041334821222
range_continuation,1H,all_step13,boosted_stumps,0.04093512323610914,0.04093512323610914,none,0.0001470741866813688,0.0001470741866813688
range_continuation,1H,compact_deredundant,logistic,0.039521693880355487,0.039521693880355487,none,0.008339371731376943,0.008339371731376943
range_continuation,1H,compact_deredundant,tree_depth2,0.03975987827733749,0.03975987827733749,none,0.004544041334821222,0.004544041334821222
range_continuation,1H,compact_deredundant,boosted_stumps,0.04093512323610914,0.04093512323610914,none,0.0001470741866813688,0.0001470741866813688
range_continuation,2H,step11_individuals,logistic,0.040318585996880804,0.040318585996880804,none,0.006283771023780607,0.006283771023780607
range_continuation,2H,step11_individuals,tree_depth2,0.04005953936399431,0.039978032480059794,platt,0.007063161306570488,0.00234687168014685
range_continuation,2H,step11_individuals,boosted_stumps,0.04199981037134441,0.04199280851483052,platt,0.0018565589399495777,0.0006871613893126294
range_continuation,2H,step12_interactions,logistic,0.04057589930192755,0.04057589930192755,none,0.0075279593366026215,0.0075279593366026215
range_continuation,2H,step12_interactions,tree_depth2,0.0411454617629851,0.04108214778667813,platt,0.006273609878394676,0.0006928033359009725
range_continuation,2H,step12_interactions,boosted_stumps,0.04220764474799023,0.04220327982055005,platt,0.002089252566579533,6.989046688353484e-06
range_continuation,2H,all_step13,logistic,0.04022931402199677,0.04022931402199677,none,0.004609571937812506,0.004609571937812506
range_continuation,2H,all_step13,tree_depth2,0.04005953936399431,0.039978032480059794,platt,0.007063161306570488,0.00234687168014685
range_continuation,2H,all_step13,boosted_stumps,0.04199981037134441,0.04199280851483052,platt,0.0018565589399495777,0.0006871613893126294
range_continuation,2H,compact_deredundant,logistic,0.04021537707906349,0.04021537707906349,none,0.0026856941788342757,0.0026856941788342757
range_continuation,2H,compact_deredundant,tree_depth2,0.040066011250791386,0.03991199630055464,platt,0.010307039539819107,0.002064042562878085
range_continuation,2H,compact_deredundant,boosted_stumps,0.04199981037134441,0.04199280851483052,platt,0.0018565589399495777,0.0006871613893126294
range_continuation,4H,step11_individuals,logistic,0.03306266062668905,0.03301968384683086,platt,0.017169842339944306,0.002129317827187397
range_continuation,4H,step11_individuals,tree_depth2,0.03259744343849317,0.03259744343849317,none,0.0031392455496607264,0.0031392455496607264
range_continuation,4H,step11_individuals,boosted_stumps,0.03461081297284173,0.03456686199401952,platt,0.007619314720155035,0.00032723983483978064
range_continuation,4H,step12_interactions,logistic,0.033594664649595166,0.03335049624975163,platt,0.017648311440070896,0.0010133969673415885
range_continuation,4H,step12_interactions,tree_depth2,0.033584107590700976,0.033584107590700976,none,0.0032580755204517364,0.0032580755204517364
range_continuation,4H,step12_interactions,boosted_stumps,0.03473133885691991,0.03467729774761486,platt,0.007351511477622363,6.00974257441364e-05
range_continuation,4H,all_step13,logistic,0.03296501409263726,0.03290214051455602,platt,0.01613787162685681,0.0023724160200346506
range_continuation,4H,all_step13,tree_depth2,0.03259744343849317,0.03259744343849317,none,0.0031392455496607264,0.0031392455496607264
range_continuation,4H,all_step13,boosted_stumps,0.03461081297284173,0.03456686199401952,platt,0.007619314720155035,0.00032723983483978064
range_continuation,4H,compact_deredundant,logistic,0.0331959566347364,0.03315162387423916,platt,0.016482260522055252,0.0029349793099443305
range_continuation,4H,compact_deredundant,tree_depth2,0.03259744343849317,0.03259744343849317,none,0.0031392455496607264,0.0031392455496607264
range_continuation,4H,compact_deredundant,boosted_stumps,0.03461081297284173,0.03456686199401952,platt,0.007619314720155035,0.00032723983483978064
range_continuation,8H,step11_individuals,logistic,0.04170445232121659,0.04170445232121659,none,0.0036810588756858342,0.0036810588756858342
range_continuation,8H,step11_individuals,tree_depth2,0.0427411713245696,0.0427411713245696,none,0.018367599274089944,0.018367599274089944
range_continuation,8H,step11_individuals,boosted_stumps,0.043617543003328194,0.043617543003328194,none,0.002814029098769655,0.002814029098769655
range_continuation,8H,step12_interactions,logistic,0.041102069799435,0.04102042413321078,platt,0.011583645286387043,0.0013101874677873063
range_continuation,8H,step12_interactions,tree_depth2,0.04095408098198021,0.040935151908341995,platt,0.002697543630081997,0.0009728756267229216
range_continuation,8H,step12_interactions,boosted_stumps,0.04390986283408675,0.043888397500326526,platt,0.00463311591768327,2.072067726639759e-05
range_continuation,8H,all_step13,logistic,0.041299564571736065,0.041299564571736065,none,0.0025174274935214455,0.0025174274935214455
range_continuation,8H,all_step13,tree_depth2,0.0427411713245696,0.0427411713245696,none,0.018367599274089944,0.018367599274089944
range_continuation,8H,all_step13,boosted_stumps,0.043617543003328194,0.043617543003328194,none,0.002814029098769655,0.002814029098769655
range_continuation,8H,compact_deredundant,logistic,0.04124794520368164,0.04124794520368164,none,0.0036492908593552123,0.0036492908593552123
range_continuation,8H,compact_deredundant,tree_depth2,0.041972297539264264,0.041972297539264264,none,0.013682830107335805,0.013682830107335805
range_continuation,8H,compact_deredundant,boosted_stumps,0.04357937980961419,0.04357937980961419,none,0.0029699399930638026,0.0029699399930638026
range_continuation,12H,step11_individuals,logistic,0.056628799490942135,0.05597689447490104,platt,0.020065057342732187,0.003397623714337078
range_continuation,12H,step11_individuals,tree_depth2,0.05905352500961779,0.056402787698487826,platt,0.042545496237658256,0.002843939930449812
range_continuation,12H,step11_individuals,boosted_stumps,0.05953940144368675,0.05918090240179465,platt,0.017393787061715515,0.0009040000860997682
range_continuation,12H,step12_interactions,logistic,0.05717128864394217,0.05712472252299453,platt,0.007489890757489633,0.0016176665745090855
range_continuation,12H,step12_interactions,tree_depth2,0.05768734615547162,0.05715030275566979,platt,0.023068828907626404,0.0007577687257976778
range_continuation,12H,step12_interactions,boosted_stumps,0.05978360841075796,0.05952857778816595,platt,0.015969682151589247,1.1199588398388971e-05
range_continuation,12H,all_step13,logistic,0.05659760780025073,0.055946202173103,platt,0.019867284421749943,0.0035698440884273323
range_continuation,12H,all_step13,tree_depth2,0.05905352500961779,0.056402787698487826,platt,0.042545496237658256,0.002843939930449812
range_continuation,12H,all_step13,boosted_stumps,0.05953940144368675,0.05918090240179465,platt,0.017393787061715515,0.0009040000860997682
range_continuation,12H,compact_deredundant,logistic,0.05673211509410329,0.056139548138198145,platt,0.018856850346849325,0.0032893300341256546
range_continuation,12H,compact_deredundant,tree_depth2,0.05905352500961779,0.056402787698487826,platt,0.042545496237658256,0.002843939930449812
range_continuation,12H,compact_deredundant,boosted_stumps,0.059557727683155544,0.0592015577364571,platt,0.0174374569336872,0.0008339861863578962
range_continuation,24H,step11_individuals,logistic,0.03788683991165343,0.03786747733434855,platt,0.004027806996595586,0.007053758339141868
range_continuation,24H,step11_individuals,tree_depth2,0.041725957068196005,0.041490922350226916,platt,0.024999161886871964,0.00777390317113444
range_continuation,24H,step11_individuals,boosted_stumps,0.042932919695004054,0.042839325766881986,platt,0.007401699021457951,0.001447472201203212
range_continuation,24H,step12_interactions,logistic,0.03988275310203647,0.03988275310203647,none,0.006644983242704101,0.006644983242704101
range_continuation,24H,step12_interactions,tree_depth2,0.03936573036404209,0.0388801103167613,platt,0.013856349686273452,0.0031226881070598317
range_continuation,24H,step12_interactions,boosted_stumps,0.043332935010574954,0.0432843304680904,platt,0.006971714351985625,1.6078592507275113e-05
range_continuation,24H,all_step13,logistic,0.03794820113476893,0.03794820113476893,none,0.0028655689925671224,0.0028655689925671224
range_continuation,24H,all_step13,tree_depth2,0.041725957068196005,0.041490922350226916,platt,0.024999161886871964,0.00777390317113444
range_continuation,24H,all_step13,boosted_stumps,0.042932919695004054,0.042839325766881986,platt,0.007401699021457951,0.001447472201203212
range_continuation,24H,compact_deredundant,logistic,0.03813095070234409,0.03813095070234409,none,0.003628445828580764,0.003628445828580764
range_continuation,24H,compact_deredundant,tree_depth2,0.04172152914155426,0.041313644311716476,platt,0.02479685422056085,0.005500040474150869
range_continuation,24H,compact_deredundant,boosted_stumps,0.04296371769598113,0.042884312907142404,platt,0.006874923637184248,0.0012886010480185825
path_inside_70,1H,step11_individuals,logistic,0.03945101821978215,0.03945101821978215,none,0.0089790578815334,0.0089790578815334
path_inside_70,1H,step11_individuals,tree_depth2,0.03975987827733749,0.03975987827733749,none,0.004544041334821222,0.004544041334821222
path_inside_70,1H,step11_individuals,boosted_stumps,0.04093512323610914,0.04093512323610914,none,0.0001470741866813688,0.0001470741866813688
path_inside_70,1H,step12_interactions,logistic,0.040241176187141105,0.04014573112873879,platt,0.012095151396619368,0.0010378867604277503
path_inside_70,1H,step12_interactions,tree_depth2,0.04047531207098646,0.04045957162903521,platt,0.0031014195610752776,0.00042356035108136875
path_inside_70,1H,step12_interactions,boosted_stumps,0.04102040931835645,0.04102040816328377,platt,3.3986631924776134e-05,1.3585759001816244e-07
path_inside_70,1H,all_step13,logistic,0.03948362768529875,0.03948362768529875,none,0.008945096394090702,0.008945096394090702
path_inside_70,1H,all_step13,tree_depth2,0.03975987827733749,0.03975987827733749,none,0.004544041334821222,0.004544041334821222
path_inside_70,1H,all_step13,boosted_stumps,0.04093512323610914,0.04093512323610914,none,0.0001470741866813688,0.0001470741866813688
path_inside_70,1H,compact_deredundant,logistic,0.039521693880355487,0.039521693880355487,none,0.008339371731376943,0.008339371731376943
path_inside_70,1H,compact_deredundant,tree_depth2,0.03975987827733749,0.03975987827733749,none,0.004544041334821222,0.004544041334821222
path_inside_70,1H,compact_deredundant,boosted_stumps,0.04093512323610914,0.04093512323610914,none,0.0001470741866813688,0.0001470741866813688
path_inside_70,2H,step11_individuals,logistic,0.040318585996880804,0.040318585996880804,none,0.006283771023780607,0.006283771023780607
path_inside_70,2H,step11_individuals,tree_depth2,0.04005953936399431,0.039978032480059794,platt,0.007063161306570488,0.00234687168014685
path_inside_70,2H,step11_individuals,boosted_stumps,0.04199981037134441,0.04199280851483052,platt,0.0018565589399495777,0.0006871613893126294
path_inside_70,2H,step12_interactions,logistic,0.04057589930192755,0.04057589930192755,none,0.0075279593366026215,0.0075279593366026215
path_inside_70,2H,step12_interactions,tree_depth2,0.0411454617629851,0.04108214778667813,platt,0.006273609878394676,0.0006928033359009725
path_inside_70,2H,step12_interactions,boosted_stumps,0.04220764474799023,0.04220327982055005,platt,0.002089252566579533,6.989046688353484e-06
path_inside_70,2H,all_step13,logistic,0.04022931402199677,0.04022931402199677,none,0.004609571937812506,0.004609571937812506
path_inside_70,2H,all_step13,tree_depth2,0.04005953936399431,0.039978032480059794,platt,0.007063161306570488,0.00234687168014685
path_inside_70,2H,all_step13,boosted_stumps,0.04199981037134441,0.04199280851483052,platt,0.0018565589399495777,0.0006871613893126294
path_inside_70,2H,compact_deredundant,logistic,0.04021537707906349,0.04021537707906349,none,0.0026856941788342757,0.0026856941788342757
path_inside_70,2H,compact_deredundant,tree_depth2,0.040066011250791386,0.03991199630055464,platt,0.010307039539819107,0.002064042562878085
path_inside_70,2H,compact_deredundant,boosted_stumps,0.04199981037134441,0.04199280851483052,platt,0.0018565589399495777,0.0006871613893126294
path_inside_70,4H,step11_individuals,logistic,0.03306266062668905,0.03301968384683086,platt,0.017169842339944306,0.002129317827187397
path_inside_70,4H,step11_individuals,tree_depth2,0.03259744343849317,0.03259744343849317,none,0.0031392455496607264,0.0031392455496607264
path_inside_70,4H,step11_individuals,boosted_stumps,0.03461081297284173,0.03456686199401952,platt,0.007619314720155035,0.00032723983483978064
path_inside_70,4H,step12_interactions,logistic,0.033594664649595166,0.03335049624975163,platt,0.017648311440070896,0.0010133969673415885
path_inside_70,4H,step12_interactions,tree_depth2,0.033584107590700976,0.033584107590700976,none,0.0032580755204517364,0.0032580755204517364
path_inside_70,4H,step12_interactions,boosted_stumps,0.03473133885691991,0.03467729774761486,platt,0.007351511477622363,6.00974257441364e-05
path_inside_70,4H,all_step13,logistic,0.03296501409263726,0.03290214051455602,platt,0.01613787162685681,0.0023724160200346506
path_inside_70,4H,all_step13,tree_depth2,0.03259744343849317,0.03259744343849317,none,0.0031392455496607264,0.0031392455496607264
path_inside_70,4H,all_step13,boosted_stumps,0.03461081297284173,0.03456686199401952,platt,0.007619314720155035,0.00032723983483978064
path_inside_70,4H,compact_deredundant,logistic,0.0331959566347364,0.03315162387423916,platt,0.016482260522055252,0.0029349793099443305
path_inside_70,4H,compact_deredundant,tree_depth2,0.03259744343849317,0.03259744343849317,none,0.0031392455496607264,0.0031392455496607264
path_inside_70,4H,compact_deredundant,boosted_stumps,0.03461081297284173,0.03456686199401952,platt,0.007619314720155035,0.00032723983483978064
path_inside_70,8H,step11_individuals,logistic,0.04170445232121659,0.04170445232121659,none,0.0036810588756858342,0.0036810588756858342
path_inside_70,8H,step11_individuals,tree_depth2,0.0427411713245696,0.0427411713245696,none,0.018367599274089944,0.018367599274089944
path_inside_70,8H,step11_individuals,boosted_stumps,0.043617543003328194,0.043617543003328194,none,0.002814029098769655,0.002814029098769655
path_inside_70,8H,step12_interactions,logistic,0.041102069799435,0.04102042413321078,platt,0.011583645286387043,0.0013101874677873063
path_inside_70,8H,step12_interactions,tree_depth2,0.04095408098198021,0.040935151908341995,platt,0.002697543630081997,0.0009728756267229216
path_inside_70,8H,step12_interactions,boosted_stumps,0.04390986283408675,0.043888397500326526,platt,0.00463311591768327,2.072067726639759e-05
path_inside_70,8H,all_step13,logistic,0.041299564571736065,0.041299564571736065,none,0.0025174274935214455,0.0025174274935214455
path_inside_70,8H,all_step13,tree_depth2,0.0427411713245696,0.0427411713245696,none,0.018367599274089944,0.018367599274089944
path_inside_70,8H,all_step13,boosted_stumps,0.043617543003328194,0.043617543003328194,none,0.002814029098769655,0.002814029098769655
path_inside_70,8H,compact_deredundant,logistic,0.04124794520368164,0.04124794520368164,none,0.0036492908593552123,0.0036492908593552123
path_inside_70,8H,compact_deredundant,tree_depth2,0.041972297539264264,0.041972297539264264,none,0.013682830107335805,0.013682830107335805
path_inside_70,8H,compact_deredundant,boosted_stumps,0.04357937980961419,0.04357937980961419,none,0.0029699399930638026,0.0029699399930638026
path_inside_70,12H,step11_individuals,logistic,0.056628799490942135,0.05597689447490104,platt,0.020065057342732187,0.003397623714337078
path_inside_70,12H,step11_individuals,tree_depth2,0.05905352500961779,0.056402787698487826,platt,0.042545496237658256,0.002843939930449812
path_inside_70,12H,step11_individuals,boosted_stumps,0.05953940144368675,0.05918090240179465,platt,0.017393787061715515,0.0009040000860997682
path_inside_70,12H,step12_interactions,logistic,0.05717128864394217,0.05712472252299453,platt,0.007489890757489633,0.0016176665745090855
path_inside_70,12H,step12_interactions,tree_depth2,0.05768734615547162,0.05715030275566979,platt,0.023068828907626404,0.0007577687257976778
path_inside_70,12H,step12_interactions,boosted_stumps,0.05978360841075796,0.05952857778816595,platt,0.015969682151589247,1.1199588398388971e-05
path_inside_70,12H,all_step13,logistic,0.05659760780025073,0.055946202173103,platt,0.019867284421749943,0.0035698440884273323
path_inside_70,12H,all_step13,tree_depth2,0.05905352500961779,0.056402787698487826,platt,0.042545496237658256,0.002843939930449812
path_inside_70,12H,all_step13,boosted_stumps,0.05953940144368675,0.05918090240179465,platt,0.017393787061715515,0.0009040000860997682
path_inside_70,12H,compact_deredundant,logistic,0.05673211509410329,0.056139548138198145,platt,0.018856850346849325,0.0032893300341256546
path_inside_70,12H,compact_deredundant,tree_depth2,0.05905352500961779,0.056402787698487826,platt,0.042545496237658256,0.002843939930449812
path_inside_70,12H,compact_deredundant,boosted_stumps,0.059557727683155544,0.0592015577364571,platt,0.0174374569336872,0.0008339861863578962
path_inside_70,24H,step11_individuals,logistic,0.03788683991165343,0.03786747733434855,platt,0.004027806996595586,0.007053758339141868
path_inside_70,24H,step11_individuals,tree_depth2,0.041725957068196005,0.041490922350226916,platt,0.024999161886871964,0.00777390317113444
path_inside_70,24H,step11_individuals,boosted_stumps,0.042932919695004054,0.042839325766881986,platt,0.007401699021457951,0.001447472201203212
path_inside_70,24H,step12_interactions,logistic,0.03988275310203647,0.03988275310203647,none,0.006644983242704101,0.006644983242704101
path_inside_70,24H,step12_interactions,tree_depth2,0.03936573036404209,0.0388801103167613,platt,0.013856349686273452,0.0031226881070598317
path_inside_70,24H,step12_interactions,boosted_stumps,0.043332935010574954,0.0432843304680904,platt,0.006971714351985625,1.6078592507275113e-05
path_inside_70,24H,all_step13,logistic,0.03794820113476893,0.03794820113476893,none,0.0028655689925671224,0.0028655689925671224
path_inside_70,24H,all_step13,tree_depth2,0.041725957068196005,0.041490922350226916,platt,0.024999161886871964,0.00777390317113444
path_inside_70,24H,all_step13,boosted_stumps,0.042932919695004054,0.042839325766881986,platt,0.007401699021457951,0.001447472201203212
path_inside_70,24H,compact_deredundant,logistic,0.03813095070234409,0.03813095070234409,none,0.003628445828580764,0.003628445828580764
path_inside_70,24H,compact_deredundant,tree_depth2,0.04172152914155426,0.041313644311716476,platt,0.02479685422056085,0.005500040474150869
path_inside_70,24H,compact_deredundant,boosted_stumps,0.04296371769598113,0.042884312907142404,platt,0.006874923637184248,0.0012886010480185825
range_breached,1H,step11_individuals,logistic,0.03945101821978215,0.03945101821978215,none,0.00897905788153324,0.00897905788153324
range_breached,1H,step11_individuals,tree_depth2,0.03975987827733749,0.03975987827733749,none,0.004544041334821228,0.004544041334821228
range_breached,1H,step11_individuals,boosted_stumps,0.04093512323610914,0.04093512323610914,none,0.00014707418668125083,0.00014707418668125083
range_breached,1H,step12_interactions,logistic,0.040241176187141105,0.04014573112873879,platt,0.01209515139661943,0.0010378867604277087
range_breached,1H,step12_interactions,tree_depth2,0.04047531207098646,0.04045957162903521,platt,0.003101419561075347,0.0004235603510813757
range_breached,1H,step12_interactions,boosted_stumps,0.04102040931835646,0.04102040816328378,platt,3.398663192466511e-05,1.358575900667347e-07
range_breached,1H,all_step13,logistic,0.03948362768529875,0.03948362768529875,none,0.008945096394090737,0.008945096394090737
range_breached,1H,all_step13,tree_depth2,0.03975987827733749,0.03975987827733749,none,0.004544041334821228,0.004544041334821228
range_breached,1H,all_step13,boosted_stumps,0.04093512323610914,0.04093512323610914,none,0.00014707418668125083,0.00014707418668125083
range_breached,1H,compact_deredundant,logistic,0.03952169388035547,0.03952169388035547,none,0.00833937173137693,0.00833937173137693
range_breached,1H,compact_deredundant,tree_depth2,0.03975987827733749,0.03975987827733749,none,0.004544041334821228,0.004544041334821228
range_breached,1H,compact_deredundant,boosted_stumps,0.04093512323610914,0.04093512323610914,none,0.00014707418668125083,0.00014707418668125083
range_breached,2H,step11_individuals,logistic,0.040318585996880804,0.040318585996880804,none,0.006283771023780547,0.006283771023780547
range_breached,2H,step11_individuals,tree_depth2,0.04005953936399431,0.039978032480059794,platt,0.007063161306570543,0.0023468716801466694
range_breached,2H,step11_individuals,boosted_stumps,0.04199981037134441,0.04199280851483053,platt,0.0018565589399494042,0.0006871613893123518
range_breached,2H,step12_interactions,logistic,0.04057589930192755,0.04057589930192755,none,0.007527959336602552,0.007527959336602552
range_breached,2H,step12_interactions,tree_depth2,0.0411454617629851,0.04108214778667813,platt,0.006273609878394981,0.0006928033359009378
range_breached,2H,step12_interactions,boosted_stumps,0.04220764474799023,0.04220327982055005,platt,0.002089252566579214,6.989046688499201e-06
range_breached,2H,all_step13,logistic,0.04022931402199678,0.04022931402199678,none,0.004609571937812643,0.004609571937812643
range_breached,2H,all_step13,tree_depth2,0.04005953936399431,0.039978032480059794,platt,0.007063161306570543,0.0023468716801466694
range_breached,2H,all_step13,boosted_stumps,0.04199981037134441,0.04199280851483053,platt,0.0018565589399494042,0.0006871613893123518
range_breached,2H,compact_deredundant,logistic,0.040215377079063495,0.040215377079063495,none,0.0026856941788343655,0.0026856941788343655
range_breached,2H,compact_deredundant,tree_depth2,0.040066011250791386,0.03991199630055464,platt,0.010307039539819129,0.0020640425628779564
range_breached,2H,compact_deredundant,boosted_stumps,0.04199981037134441,0.04199280851483053,platt,0.0018565589399494042,0.0006871613893123518
range_breached,4H,step11_individuals,logistic,0.03306266062668905,0.03301968384683086,platt,0.017169842339944306,0.0021293178271874383
range_breached,4H,step11_individuals,tree_depth2,0.03259744343849317,0.03259744343849317,none,0.0031392455496608127,0.0031392455496608127
range_breached,4H,step11_individuals,boosted_stumps,0.03461081297284173,0.03456686199401952,platt,0.007619314720154979,0.00032723983483973207
range_breached,4H,step12_interactions,logistic,0.033594664649595166,0.03335049624975163,platt,0.017648311440071063,0.0010133969673414844
range_breached,4H,step12_interactions,tree_depth2,0.033584107590700976,0.033584107590700976,none,0.003258075520451875,0.003258075520451875
range_breached,4H,step12_interactions,boosted_stumps,0.03473133885691991,0.03467729774761486,platt,0.007351511477622252,6.009742574408783e-05
range_breached,4H,all_step13,logistic,0.03296501409263725,0.03290214051455602,platt,0.016137871626856735,0.002372416020034726
range_breached,4H,all_step13,tree_depth2,0.03259744343849317,0.03259744343849317,none,0.0031392455496608127,0.0031392455496608127
range_breached,4H,all_step13,boosted_stumps,0.03461081297284173,0.03456686199401952,platt,0.007619314720154979,0.00032723983483973207
range_breached,4H,compact_deredundant,logistic,0.0331959566347364,0.03315162387423916,platt,0.016482260522055314,0.0029349793099443236
range_breached,4H,compact_deredundant,tree_depth2,0.03259744343849317,0.03259744343849317,none,0.0031392455496608127,0.0031392455496608127
range_breached,4H,compact_deredundant,boosted_stumps,0.03461081297284173,0.03456686199401952,platt,0.007619314720154979,0.00032723983483973207
range_breached,8H,step11_individuals,logistic,0.04170445232121659,0.04170445232121659,none,0.003681058875685911,0.003681058875685911
range_breached,8H,step11_individuals,tree_depth2,0.042741171324569616,0.042741171324569616,none,0.01836759927408988,0.01836759927408988
range_breached,8H,step11_individuals,boosted_stumps,0.043617543003328214,0.043617543003328214,none,0.0028140290987698213,0.0028140290987698213
range_breached,8H,step12_interactions,logistic,0.041102069799435,0.04102042413321078,platt,0.011583645286387001,0.001310187467787216
range_breached,8H,step12_interactions,tree_depth2,0.040954080981980195,0.040935151908341995,platt,0.0026975436300819,0.000972875626722769
range_breached,8H,step12_interactions,boosted_stumps,0.04390986283408677,0.043888397500326526,platt,0.004633115917683006,2.0720677266439225e-05
range_breached,8H,all_step13,logistic,0.04129956457173607,0.04129956457173607,none,0.002517427493521419,0.002517427493521419
range_breached,8H,all_step13,tree_depth2,0.042741171324569616,0.042741171324569616,none,0.01836759927408988,0.01836759927408988
range_breached,8H,all_step13,boosted_stumps,0.043617543003328214,0.043617543003328214,none,0.0028140290987698213,0.0028140290987698213
range_breached,8H,compact_deredundant,logistic,0.04124794520368165,0.04124794520368165,none,0.003649290859355119,0.003649290859355119
range_breached,8H,compact_deredundant,tree_depth2,0.04197229753926426,0.04197229753926426,none,0.013682830107335748,0.013682830107335748
range_breached,8H,compact_deredundant,boosted_stumps,0.04357937980961419,0.04357937980961419,none,0.0029699399930636083,0.0029699399930636083
range_breached,12H,step11_individuals,logistic,0.05662879949094214,0.05597689447490104,platt,0.020065057342732156,0.0033976237143371795
range_breached,12H,step11_individuals,tree_depth2,0.05881660042029156,0.056275990174780126,platt,0.04167491330777339,0.002632067344983939
range_breached,12H,step11_individuals,boosted_stumps,0.059539397442030385,0.05918089852251898,platt,0.017393768466512527,0.0009040097869458252
range_breached,12H,step12_interactions,logistic,0.05717128864394217,0.05712472252299454,platt,0.007489890757489626,0.0016176665745090408
range_breached,12H,step12_interactions,tree_depth2,0.05768734615547162,0.05715030275566979,platt,0.023068828907626293,0.0007577687257979138
range_breached,12H,step12_interactions,boosted_stumps,0.05978360841075796,0.05952857778816595,platt,0.01596968215158956,1.1199588398125293e-05
range_breached,12H,all_step13,logistic,0.05659760780025073,0.055946202173103,platt,0.019867284421749874,0.00356984408842742
range_breached,12H,all_step13,tree_depth2,0.05881660042029156,0.056275990174780126,platt,0.04167491330777339,0.002632067344983939
range_breached,12H,all_step13,boosted_stumps,0.059539397442030385,0.05918089852251898,platt,0.017393768466512527,0.0009040097869458252
range_breached,12H,compact_deredundant,logistic,0.05673211509410329,0.056139548138198145,platt,0.018856850346849304,0.0032893300341257036
range_breached,12H,compact_deredundant,tree_depth2,0.05905352500961779,0.056402787698487826,platt,0.042545496237658395,0.002843939930450116
range_breached,12H,compact_deredundant,boosted_stumps,0.05955772768315556,0.0592015577364571,platt,0.017437456933687034,0.0008339861863577713
range_breached,24H,step11_individuals,logistic,0.03788683991165343,0.03786747733434855,platt,0.004027806996595669,0.0070537583391419145
range_breached,24H,step11_individuals,tree_depth2,0.041725957068196005,0.0414909223502269,platt,0.024999161886872106,0.007773903171134258
range_breached,24H,step11_individuals,boosted_stumps,0.04293291969500406,0.04283932576688198,platt,0.007401699021458041,0.001447472201203226
range_breached,24H,step12_interactions,logistic,0.03988275310203647,0.03988275310203647,none,0.006644983242704223,0.006644983242704223
range_breached,24H,step12_interactions,tree_depth2,0.03936573036404209,0.0388801103167613,platt,0.01385634968627325,0.0031226881070596235
range_breached,24H,step12_interactions,boosted_stumps,0.04333293501057494,0.0432843304680904,platt,0.006971714351985847,1.6078592507406952e-05
range_breached,24H,all_step13,logistic,0.03794820113476893,0.03794820113476893,none,0.0028655689925672105,0.0028655689925672105
range_breached,24H,all_step13,tree_depth2,0.041725957068196005,0.0414909223502269,platt,0.024999161886872106,0.007773903171134258
range_breached,24H,all_step13,boosted_stumps,0.04293291969500406,0.04283932576688198,platt,0.007401699021458041,0.001447472201203226
range_breached,24H,compact_deredundant,logistic,0.03813095070234409,0.03813095070234409,none,0.0036284458285806747,0.0036284458285806747
range_breached,24H,compact_deredundant,tree_depth2,0.04172152914155426,0.04131364431171649,platt,0.024796854220560827,0.005500040474150756
range_breached,24H,compact_deredundant,boosted_stumps,0.04296371769598113,0.0428843129071424,platt,0.006874923637184227,0.001288601048018756
realized_over_range_width_ge_1,1H,step11_individuals,logistic,0.10531579203223057,0.10516531670782031,platt,0.01131306432730038,0.004127384495217282
realized_over_range_width_ge_1,1H,step11_individuals,tree_depth2,0.10666374636841153,0.10639163650455892,platt,0.01563716897183398,0.012452298666661046
realized_over_range_width_ge_1,1H,step11_individuals,boosted_stumps,0.1116544580847202,0.11165171106117337,platt,0.0014942431421403057,0.0020136333854386956
realized_over_range_width_ge_1,1H,step12_interactions,logistic,0.10789001467693983,0.10783536368046809,platt,0.006491239726113593,0.003689158879861814
realized_over_range_width_ge_1,1H,step12_interactions,tree_depth2,0.1097900023250298,0.10974463121319918,platt,0.005655897764055053,0.007606390101784513
realized_over_range_width_ge_1,1H,step12_interactions,boosted_stumps,0.11292728591693578,0.11292375284196032,platt,0.0018796495600617025,2.737368920646688e-06
realized_over_range_width_ge_1,1H,all_step13,logistic,0.10517103688692316,0.10499223717470878,platt,0.012752470764382372,0.008455158648195066
realized_over_range_width_ge_1,1H,all_step13,tree_depth2,0.10666374636841153,0.10639163650455892,platt,0.01563716897183398,0.012452298666661046
realized_over_range_width_ge_1,1H,all_step13,boosted_stumps,0.1116544580847202,0.11165171106117337,platt,0.0014942431421403057,0.0020136333854386956
realized_over_range_width_ge_1,1H,compact_deredundant,logistic,0.10534617726446865,0.10508494958199469,platt,0.013512035512105842,0.005098474012154084
realized_over_range_width_ge_1,1H,compact_deredundant,tree_depth2,0.10666374636841153,0.10639163650455892,platt,0.01563716897183398,0.012452298666661046
realized_over_range_width_ge_1,1H,compact_deredundant,boosted_stumps,0.11166660053572793,0.11166396291814017,platt,0.0015728926900498985,0.0019834126253910345
realized_over_range_width_ge_1,2H,step11_individuals,logistic,0.11704548557918261,0.11595842739978345,platt,0.02895605083588148,0.016096003688853958
realized_over_range_width_ge_1,2H,step11_individuals,tree_depth2,0.11950748126948763,0.11929517983670136,platt,0.015811352476962345,0.010084921555367343
realized_over_range_width_ge_1,2H,step11_individuals,boosted_stumps,0.12406335685007067,0.123948960836272,platt,0.007931755649474126,0.003089011670094899
realized_over_range_width_ge_1,2H,step12_interactions,logistic,0.11953457727747763,0.11904245430445888,platt,0.020980953236980054,0.008955841442814057
realized_over_range_width_ge_1,2H,step12_interactions,tree_depth2,0.1217494558560142,0.12141193721753347,platt,0.016379126895837325,0.011846179208983381
realized_over_range_width_ge_1,2H,step12_interactions,boosted_stumps,0.12615127733671033,0.12607583697382418,platt,0.008685646096147304,9.231541153620348e-06
realized_over_range_width_ge_1,2H,all_step13,logistic,0.11786537199900476,0.11664859889999885,platt,0.033341512672271756,0.005628181737497397
realized_over_range_width_ge_1,2H,all_step13,tree_depth2,0.11950748126948763,0.11929517983670136,platt,0.015811352476962345,0.010084921555367343
realized_over_range_width_ge_1,2H,all_step13,boosted_stumps,0.12406335685007067,0.123948960836272,platt,0.007931755649474126,0.003089011670094899
realized_over_range_width_ge_1,2H,compact_deredundant,logistic,0.11795264627775537,0.11662152881509834,platt,0.03354855683488116,0.014704000124425496
realized_over_range_width_ge_1,2H,compact_deredundant,tree_depth2,0.11876362490235128,0.11847419435950068,platt,0.015325063533747317,0.008873885969821473
realized_over_range_width_ge_1,2H,compact_deredundant,boosted_stumps,0.12414140110316293,0.1240369073761591,platt,0.007628414970404562,0.0029198469757936163
realized_over_range_width_ge_1,4H,step11_individuals,logistic,0.12322576368061314,0.12158958687525064,platt,0.04106381852132051,0.0177790274117225
realized_over_range_width_ge_1,4H,step11_individuals,tree_depth2,0.12295156291827943,0.12155903315057658,platt,0.04344231931527957,0.008320318701355996
realized_over_range_width_ge_1,4H,step11_individuals,boosted_stumps,0.1273039756089526,0.12703514856465647,platt,0.013986396221287611,0.00305857511712182
realized_over_range_width_ge_1,4H,step12_interactions,logistic,0.12359617709815354,0.12327097930798335,platt,0.028456334692496418,0.014389017189458552
realized_over_range_width_ge_1,4H,step12_interactions,tree_depth2,0.12455537425068842,0.12414669863769462,platt,0.019956963432962826,0.0026213184691325827
realized_over_range_width_ge_1,4H,step12_interactions,boosted_stumps,0.1291893108386047,0.1290895342380455,platt,0.00998882928633249,1.0485814391558712e-05
realized_over_range_width_ge_1,4H,all_step13,logistic,0.12332528672075932,0.12152019094270362,platt,0.04565615537485074,0.008604739145686213
realized_over_range_width_ge_1,4H,all_step13,tree_depth2,0.12295156291827943,0.12155903315057658,platt,0.04344231931527957,0.008320318701355996
realized_over_range_width_ge_1,4H,all_step13,boosted_stumps,0.1273039756089526,0.12703514856465647,platt,0.013986396221287611,0.00305857511712182
realized_over_range_width_ge_1,4H,compact_deredundant,logistic,0.12282005116150782,0.12129559442473416,platt,0.042163378882028354,0.005972017064614645
realized_over_range_width_ge_1,4H,compact_deredundant,tree_depth2,0.12318892765084966,0.1217539088446294,platt,0.04465190762100212,0.008706231823291936
realized_over_range_width_ge_1,4H,compact_deredundant,boosted_stumps,0.12719263930696173,0.1269088157715545,platt,0.014247824912482665,0.0032669362051245265
realized_over_range_width_ge_1,8H,step11_individuals,logistic,0.12617158357908637,0.1214713945136902,platt,0.06541785174975884,0.0388358747656834
realized_over_range_width_ge_1,8H,step11_individuals,tree_depth2,0.12625112669621866,0.1197286258595693,platt,0.076798749936314,0.034305168739547885
realized_over_range_width_ge_1,8H,step11_individuals,boosted_stumps,0.13183154872657205,0.13058922535845177,platt,0.03260477438283804,0.040580792717668096
realized_over_range_width_ge_1,8H,step12_interactions,logistic,0.12258392320224731,0.12131145934003075,platt,0.042728936444575816,0.017458750093818545
realized_over_range_width_ge_1,8H,step12_interactions,tree_depth2,0.12196847817197466,0.12031094185163753,platt,0.03809850797691639,0.012391707227766984
realized_over_range_width_ge_1,8H,step12_interactions,boosted_stumps,0.134049422699338,0.13344306430116895,platt,0.02462434978046013,1.428080677212673e-05
realized_over_range_width_ge_1,8H,all_step13,logistic,0.12578768747830207,0.12109595736262956,platt,0.067304996237884,0.02602831207703219
realized_over_range_width_ge_1,8H,all_step13,tree_depth2,0.12625112669621866,0.1197286258595693,platt,0.076798749936314,0.034305168739547885
realized_over_range_width_ge_1,8H,all_step13,boosted_stumps,0.13183154872657205,0.13058922535845177,platt,0.03260477438283804,0.040580792717668096
realized_over_range_width_ge_1,8H,compact_deredundant,logistic,0.12529262403983615,0.121067562313069,platt,0.06790371620955321,0.0346274054712416
realized_over_range_width_ge_1,8H,compact_deredundant,tree_depth2,0.12599446719172744,0.11840052077817993,platt,0.078045155139008,0.0288900140956748
realized_over_range_width_ge_1,8H,compact_deredundant,boosted_stumps,0.13160330231043083,0.1304057648097137,platt,0.03167467649372935,0.04607985971002003
realized_over_range_width_ge_1,12H,step11_individuals,logistic,0.12528584871370974,0.11896613705338897,platt,0.0762837889126059,0.03445305093060139
realized_over_range_width_ge_1,12H,step11_individuals,tree_depth2,0.13568848691801189,0.12597340187321132,platt,0.09913219913777424,0.012610911408709916
realized_over_range_width_ge_1,12H,step11_individuals,boosted_stumps,0.13585113346387825,0.13341040077665717,platt,0.04602418411441822,0.0530693723374792
realized_over_range_width_ge_1,12H,step12_interactions,logistic,0.1279641307964501,0.12570913015053137,platt,0.05533009808952564,0.022134053916012537
realized_over_range_width_ge_1,12H,step12_interactions,tree_depth2,0.12678843221291056,0.12371178305696592,platt,0.05273981940671764,0.014633961214639914
realized_over_range_width_ge_1,12H,step12_interactions,boosted_stumps,0.13850120136919314,0.1369790951898166,platt,0.03901418092909503,1.1584110026108263e-05
realized_over_range_width_ge_1,12H,all_step13,logistic,0.12576773245616985,0.11933937302038673,platt,0.07846201732738078,0.043705626346474416
realized_over_range_width_ge_1,12H,all_step13,tree_depth2,0.13568848691801189,0.12597340187321132,platt,0.09913219913777424,0.012610911408709916
realized_over_range_width_ge_1,12H,all_step13,boosted_stumps,0.13585113346387825,0.13341040077665717,platt,0.04602418411441822,0.0530693723374792
realized_over_range_width_ge_1,12H,compact_deredundant,logistic,0.12541423545142263,0.11931457363726719,platt,0.0764380639990297,0.047605629778291775
realized_over_range_width_ge_1,12H,compact_deredundant,tree_depth2,0.134130546414463,0.12273478792731357,platt,0.09887411545664851,0.010213014005895691
realized_over_range_width_ge_1,12H,compact_deredundant,boosted_stumps,0.13585113346387825,0.13341040077665717,platt,0.04602418411441822,0.0530693723374792
realized_over_range_width_ge_1,24H,step11_individuals,logistic,0.08064132770565856,0.07682922513715025,platt,0.04257089703224863,0.021117043648876215
realized_over_range_width_ge_1,24H,step11_individuals,tree_depth2,0.0819174089464449,0.07933053920873533,platt,0.04517295365818923,0.014770280443513188
realized_over_range_width_ge_1,24H,step11_individuals,boosted_stumps,0.09819585071880561,0.09752784283845292,platt,0.01956466347287189,0.0065449077995684
realized_over_range_width_ge_1,24H,step12_interactions,logistic,0.0848614508751944,0.08385927181327742,platt,0.021369757316984286,0.020495143051781475
realized_over_range_width_ge_1,24H,step12_interactions,tree_depth2,0.08610800145607239,0.08469888166920618,platt,0.028580755145819862,0.016373179946431428
realized_over_range_width_ge_1,24H,step12_interactions,boosted_stumps,0.10168296315081314,0.10147421792501897,platt,0.014448020899883618,9.062520125335816e-06
realized_over_range_width_ge_1,24H,all_step13,logistic,0.08072247970570388,0.07683017521455623,platt,0.04268090706652543,0.02546514303082938
realized_over_range_width_ge_1,24H,all_step13,tree_depth2,0.0819174089464449,0.07933053920873533,platt,0.04517295365818923,0.014770280443513188
realized_over_range_width_ge_1,24H,all_step13,boosted_stumps,0.09819585071880561,0.09752784283845292,platt,0.01956466347287189,0.0065449077995684
realized_over_range_width_ge_1,24H,compact_deredundant,logistic,0.07989759134122643,0.07590377517392681,platt,0.0416567480097675,0.025786800849961745
realized_over_range_width_ge_1,24H,compact_deredundant,tree_depth2,0.08178038967294517,0.07877872993289457,platt,0.04881678335421308,0.017193668050234142
realized_over_range_width_ge_1,24H,compact_deredundant,boosted_stumps,0.0980849665149009,0.09741670078144152,platt,0.01943827839486334,0.006658304090260692
oscillatory_path,1H,step11_individuals,logistic,0.24775868054999667,0.24746229329580077,platt,0.01694804048490443,0.0041117591004875415
oscillatory_path,1H,step11_individuals,tree_depth2,0.24928394414391639,0.24884604044044012,platt,0.010937278646616588,0.0038848092754126882
oscillatory_path,1H,step11_individuals,boosted_stumps,0.24839684943299295,0.24799420290957372,platt,0.02008521354657694,0.0007345025246674464
oscillatory_path,1H,step12_interactions,logistic,0.24901132546175306,0.24837935787310955,platt,0.024541988623430988,0.00041826687786339356
oscillatory_path,1H,step12_interactions,tree_depth2,0.24847223944368627,0.24802806291699284,platt,0.021089236453861626,0.0007573529183637628
oscillatory_path,1H,step12_interactions,boosted_stumps,0.24846732687997597,0.24806033777702774,platt,0.02018711529020789,0.0007283685824622799
oscillatory_path,1H,all_step13,logistic,0.24863563728049262,0.24812494443587113,platt,0.02089140039125699,0.006389957567956988
oscillatory_path,1H,all_step13,tree_depth2,0.24928394414391639,0.24884604044044012,platt,0.010937278646616588,0.0038848092754126882
oscillatory_path,1H,all_step13,boosted_stumps,0.24839684943299295,0.24799420290957372,platt,0.02008521354657694,0.0007345025246674464
oscillatory_path,1H,compact_deredundant,logistic,0.2480347248609861,0.24759034909579022,platt,0.020606534563202366,0.0018416714941184124
oscillatory_path,1H,compact_deredundant,tree_depth2,0.2471365938897262,0.2468451549894731,platt,0.017070395270158013,0.001479124207898975
oscillatory_path,1H,compact_deredundant,boosted_stumps,0.24842078914748497,0.24801584838893198,platt,0.020136249811531948,0.0007202329296241983
oscillatory_path,2H,step11_individuals,logistic,0.25083507155766455,0.24914841947628075,platt,0.04081979118970932,0.0010058706756165825
oscillatory_path,2H,step11_individuals,tree_depth2,0.25089422338958267,0.24962763982143982,platt,0.03339773459105203,0.00024818837478790545
oscillatory_path,2H,step11_individuals,boosted_stumps,0.2506099970772946,0.24904739853500646,platt,0.03953839759950345,0.0013313202056002837
oscillatory_path,2H,step12_interactions,logistic,0.24921759784513495,0.247870135190287,platt,0.03687301248187759,0.00148284884466926
oscillatory_path,2H,step12_interactions,tree_depth2,0.25074849157292955,0.24902808550141411,platt,0.04150416182351607,0.0014058908022682726
oscillatory_path,2H,step12_interactions,boosted_stumps,0.2507344795073515,0.2490393158029278,platt,0.04119596923892849,0.0013943375169614969
oscillatory_path,2H,all_step13,logistic,0.25013571782314975,0.24869642063171254,platt,0.03746046672029916,0.0008147260834392841
oscillatory_path,2H,all_step13,tree_depth2,0.25089422338958267,0.24962763982143982,platt,0.03339773459105203,0.00024818837478790545
oscillatory_path,2H,all_step13,boosted_stumps,0.2506099970772946,0.24904739853500646,platt,0.03953839759950345,0.0013313202056002837
oscillatory_path,2H,compact_deredundant,logistic,0.2502228333845063,0.24864462561530948,platt,0.039777124247057025,0.001233495893592007
oscillatory_path,2H,compact_deredundant,tree_depth2,0.2509463376971048,0.24951074531012282,platt,0.03586013562147214,0.0003206610815696398
oscillatory_path,2H,compact_deredundant,boosted_stumps,0.2506099970772946,0.24904739853500646,platt,0.03953839759950345,0.0013313202056002837
oscillatory_path,4H,step11_individuals,logistic,0.24521794089573934,0.2451032360955524,platt,0.013551394992968075,0.006809463515320991
oscillatory_path,4H,step11_individuals,tree_depth2,0.24636496791789828,0.24608260852234234,platt,0.02165715257965641,0.012388491184571894
oscillatory_path,4H,step11_individuals,boosted_stumps,0.24543107802292627,0.24527083029524543,platt,0.01266057908527457,0.0004788106828647054
oscillatory_path,4H,step12_interactions,logistic,0.24764617189837546,0.2472773500271207,platt,0.06017553149919824,0.051043967039977725
oscillatory_path,4H,step12_interactions,tree_depth2,0.24554015736676985,0.24535051775413558,platt,0.013786423194365738,0.000586268121700928
oscillatory_path,4H,step12_interactions,boosted_stumps,0.24548030485052585,0.24532914466425199,platt,0.012303988287907075,0.00047743220987811474
oscillatory_path,4H,all_step13,logistic,0.24829796244478872,0.24771385717349942,platt,0.06724344580862548,0.05753049607172108
oscillatory_path,4H,all_step13,tree_depth2,0.24636496791789828,0.24608260852234234,platt,0.02165715257965641,0.012388491184571894
oscillatory_path,4H,all_step13,boosted_stumps,0.24543107802292627,0.24527083029524543,platt,0.01266057908527457,0.0004788106828647054
oscillatory_path,4H,compact_deredundant,logistic,0.24696611316358177,0.24672051703805584,platt,0.05426016397776966,0.05012357554801951
oscillatory_path,4H,compact_deredundant,tree_depth2,0.24777031954082665,0.247220945584605,platt,0.019112518902718645,0.03974675601495632
oscillatory_path,4H,compact_deredundant,boosted_stumps,0.24555057561161842,0.24538188828235788,platt,0.013007037689933387,0.0005354237238254789
oscillatory_path,8H,step11_individuals,logistic,0.24540528557975985,0.2446703331178687,platt,0.03378083702025667,0.006280358716682094
oscillatory_path,8H,step11_individuals,tree_depth2,0.2477523470133876,0.24736870212960405,platt,0.018162173839492868,2.6452681344824036e-06
oscillatory_path,8H,step11_individuals,boosted_stumps,0.247023847367374,0.24696119718945156,platt,0.007921812040821152,0.00029438268946363477
oscillatory_path,8H,step12_interactions,logistic,0.2509657117486025,0.2496001299444605,platt,0.025828103601381838,0.03288857035933855
oscillatory_path,8H,step12_interactions,tree_depth2,0.24665021510399385,0.24661194615908016,platt,0.006087091377169673,0.0003668516948423517
oscillatory_path,8H,step12_interactions,boosted_stumps,0.24705252963408492,0.2470320219347119,platt,0.004531745388123565,0.00017034344619931696
oscillatory_path,8H,all_step13,logistic,0.24980068939294914,0.24820612222817612,platt,0.03345235136340596,0.028233190829799436
oscillatory_path,8H,all_step13,tree_depth2,0.2477523470133876,0.24736870212960405,platt,0.018162173839492868,2.6452681344824036e-06
oscillatory_path,8H,all_step13,boosted_stumps,0.247023847367374,0.24696119718945156,platt,0.007921812040821152,0.00029438268946363477
oscillatory_path,8H,compact_deredundant,logistic,0.24970707778709256,0.2482337270399522,platt,0.03214415183660829,0.029380369003284616
oscillatory_path,8H,compact_deredundant,tree_depth2,0.24642627758674182,0.24616950221773112,platt,0.02037928528522083,0.006109310748505868
oscillatory_path,8H,compact_deredundant,boosted_stumps,0.2469753668412038,0.246912349567173,platt,0.007957126852224328,0.00033143231479249025
oscillatory_path,12H,step11_individuals,logistic,0.24460775261113724,0.2445225340523323,platt,0.025830275364037036,0.019716766041812064
oscillatory_path,12H,step11_individuals,tree_depth2,0.24214158321609372,0.24199617607399854,platt,0.012137765578130412,0.009562541374424109
oscillatory_path,12H,step11_individuals,boosted_stumps,0.24391212067774326,0.24379531472884228,platt,0.010753235141782613,0.0005842809090194079
oscillatory_path,12H,step12_interactions,logistic,0.24359925949986352,0.24334361092509169,platt,0.010419382963882878,0.00501417577164963
oscillatory_path,12H,step12_interactions,tree_depth2,0.24372236878505277,0.24363788171771497,platt,0.009141100619762421,0.0005174122555158811
oscillatory_path,12H,step12_interactions,boosted_stumps,0.24362189183374086,0.24349017223109914,platt,0.011484596577017114,0.00041994749085932925
oscillatory_path,12H,all_step13,logistic,0.2445000949019677,0.2441009477051552,platt,0.018385786839006178,0.013394829941892993
oscillatory_path,12H,all_step13,tree_depth2,0.24214158321609372,0.24199617607399854,platt,0.012137765578130412,0.009562541374424109
oscillatory_path,12H,all_step13,boosted_stumps,0.24391212067774326,0.24379531472884228,platt,0.010753235141782613,0.0005842809090194079
oscillatory_path,12H,compact_deredundant,logistic,0.24751664727135586,0.246596812409575,platt,0.034656591823976096,0.02073898912348184
oscillatory_path,12H,compact_deredundant,tree_depth2,0.2442368555153951,0.24390374447982988,platt,0.015413349969173236,0.011146387276649884
oscillatory_path,12H,compact_deredundant,boosted_stumps,0.24400335928069,0.24387265002407993,platt,0.011322571577613794,0.0006593553754141723
oscillatory_path,24H,step11_individuals,logistic,0.24276988743677758,0.21968461591188754,platt,0.1505334954711745,0.008861690741416413
oscillatory_path,24H,step11_individuals,tree_depth2,0.26177103327742673,0.2237607913177201,platt,0.16609628758499725,0.010268619538136181
oscillatory_path,24H,step11_individuals,boosted_stumps,0.237332801061042,0.21997290016280113,platt,0.13097631756194128,0.007627951156238322
oscillatory_path,24H,step12_interactions,logistic,0.2493275237362301,0.2230872891377828,platt,0.14733568175312822,0.029589782849195008
oscillatory_path,24H,step12_interactions,tree_depth2,0.2323023612734458,0.217712811999784,platt,0.12088320912770295,0.005976737234280438
oscillatory_path,24H,step12_interactions,boosted_stumps,0.23171604243454968,0.2180463716541038,platt,0.11704809496099577,0.005530438820960604
oscillatory_path,24H,all_step13,logistic,0.25512727582551736,0.22289713222569196,platt,0.16607370144569128,0.0328388303514873
oscillatory_path,24H,all_step13,tree_depth2,0.26177103327742673,0.2237607913177201,platt,0.16609628758499725,0.010268619538136181
oscillatory_path,24H,all_step13,boosted_stumps,0.237332801061042,0.21997290016280113,platt,0.13097631756194128,0.007627951156238322
oscillatory_path,24H,compact_deredundant,logistic,0.25379996050992387,0.22322669031602593,platt,0.16019096165867622,0.02897939553166396
oscillatory_path,24H,compact_deredundant,tree_depth2,0.2503338770141378,0.22118830352196978,platt,0.15772849589200905,0.010117204927586498
oscillatory_path,24H,compact_deredundant,boosted_stumps,0.2363850357953228,0.21915468863049625,platt,0.1308017404976683,0.00733873366308202
trend_efficiency_high,1H,step11_individuals,logistic,0.12944880875067574,0.12944429716921566,platt,0.009112779589098521,0.008780589282165803
trend_efficiency_high,1H,step11_individuals,tree_depth2,0.12989172648553352,0.12982146845298037,platt,0.006667928230138014,0.004579171678898181
trend_efficiency_high,1H,step11_individuals,boosted_stumps,0.12919542238105958,0.12906952807115743,platt,0.011294716922673476,0.00010388392381771583
trend_efficiency_high,1H,step12_interactions,logistic,0.13018642595770083,0.13012420340663047,platt,0.0058653149444065555,0.002332430757586448
trend_efficiency_high,1H,step12_interactions,tree_depth2,0.129235774166381,0.1291410174176198,platt,0.009606074432022493,0.00027117951132260565
trend_efficiency_high,1H,step12_interactions,boosted_stumps,0.129299636107357,0.1291609985447983,platt,0.011774479815716943,2.8502140424546685e-05
trend_efficiency_high,1H,all_step13,logistic,0.12999874507921685,0.12998702199123421,platt,0.006710402619605385,0.0038903889697542065
trend_efficiency_high,1H,all_step13,tree_depth2,0.12989172648553352,0.12982146845298037,platt,0.006667928230138014,0.004579171678898181
trend_efficiency_high,1H,all_step13,boosted_stumps,0.12919542238105958,0.12906952807115743,platt,0.011294716922673476,0.00010388392381771583
trend_efficiency_high,1H,compact_deredundant,logistic,0.12960083243870338,0.12958978658565443,platt,0.00179723635512154,0.0014565103324443518
trend_efficiency_high,1H,compact_deredundant,tree_depth2,0.12973129301097316,0.12955517797999924,platt,0.011764287938648643,0.002029625317648387
trend_efficiency_high,1H,compact_deredundant,boosted_stumps,0.12920161732371407,0.1290674714647735,platt,0.011656052319643478,0.0001034093746857534
trend_efficiency_high,2H,step11_individuals,logistic,0.12162576017475359,0.12041220200551578,platt,0.034145792871046216,0.0012385845390559189
trend_efficiency_high,2H,step11_individuals,tree_depth2,0.12149495346558581,0.12049862404675933,platt,0.030550583829481854,0.001594423714249785
trend_efficiency_high,2H,step11_individuals,boosted_stumps,0.12168847932035867,0.1200823795885679,platt,0.040105675074944475,0.00016197754846569712
trend_efficiency_high,2H,step12_interactions,logistic,0.12210446755463247,0.12047572340961173,platt,0.03949884909868266,0.0016549100796686613
trend_efficiency_high,2H,step12_interactions,tree_depth2,0.12168770225308602,0.12004082326670862,platt,0.040575160667321204,0.00022805614851284517
trend_efficiency_high,2H,step12_interactions,boosted_stumps,0.1218996732432918,0.12012497120342165,platt,0.042127893321210697,0.0002394907370195376
trend_efficiency_high,2H,all_step13,logistic,0.12202708888935725,0.12072621318956321,platt,0.034432498285383084,0.00374043432117065
trend_efficiency_high,2H,all_step13,tree_depth2,0.12149495346558581,0.12049862404675933,platt,0.030550583829481854,0.001594423714249785
trend_efficiency_high,2H,all_step13,boosted_stumps,0.12168847932035867,0.1200823795885679,platt,0.040105675074944475,0.00016197754846569712
trend_efficiency_high,2H,compact_deredundant,logistic,0.12246412654610463,0.12102075015213296,platt,0.036260158282163286,0.0027652632562782248
trend_efficiency_high,2H,compact_deredundant,tree_depth2,0.12252278281390898,0.12110958328120025,platt,0.03607291966337514,0.00394757055205628
trend_efficiency_high,2H,compact_deredundant,boosted_stumps,0.12187983915072298,0.12017404357343463,platt,0.04125157026882953,0.0003188308294613529
trend_efficiency_high,4H,step11_individuals,logistic,0.13357977769562565,0.1329122148349244,platt,0.02605029038226471,0.00025669926276811374
trend_efficiency_high,4H,step11_individuals,tree_depth2,0.1356378242002252,0.13502141424074984,platt,0.022772986983336678,0.004805201348841798
trend_efficiency_high,4H,step11_individuals,boosted_stumps,0.13385825692651174,0.1333512149604882,platt,0.02239106508281674,0.00033089722215365325
trend_efficiency_high,4H,step12_interactions,logistic,0.13380205058678848,0.1329862396102019,platt,0.027732898781812364,0.006204567792951251
trend_efficiency_high,4H,step12_interactions,tree_depth2,0.13354654719053605,0.13300980328045622,platt,0.02330792033256973,0.0001849101966476252
trend_efficiency_high,4H,step12_interactions,boosted_stumps,0.13371450544175656,0.1332229241881485,platt,0.02217176973842233,7.822867454265747e-05
trend_efficiency_high,4H,all_step13,logistic,0.13346175172431318,0.13268925846548302,platt,0.026713540920577945,0.0022424207164730764
trend_efficiency_high,4H,all_step13,tree_depth2,0.1356378242002252,0.13502141424074984,platt,0.022772986983336678,0.004805201348841798
trend_efficiency_high,4H,all_step13,boosted_stumps,0.13385825692651174,0.1333512149604882,platt,0.02239106508281674,0.00033089722215365325
trend_efficiency_high,4H,compact_deredundant,logistic,0.13452151237293508,0.13377580461206162,platt,0.02587426079712584,0.013599950889693565
trend_efficiency_high,4H,compact_deredundant,tree_depth2,0.13496668955587893,0.13460813155607876,platt,0.027265629852613972,0.03201558883696288
trend_efficiency_high,4H,compact_deredundant,boosted_stumps,0.13385825692651174,0.1333512149604882,platt,0.02239106508281674,0.00033089722215365325
trend_efficiency_high,8H,step11_individuals,logistic,0.13390114911326764,0.13165501304735988,platt,0.04769709677389335,0.005386384820669263
trend_efficiency_high,8H,step11_individuals,tree_depth2,0.1358378780606379,0.13449341681802734,platt,0.04801758114038037,0.02943834561475319
trend_efficiency_high,8H,step11_individuals,boosted_stumps,0.13357383321474547,0.13261051736423485,platt,0.030988374374603195,0.00024055863983754588
trend_efficiency_high,8H,step12_interactions,logistic,0.13609111873134627,0.13313423795877283,platt,0.050520675414833426,0.01593020284741495
trend_efficiency_high,8H,step12_interactions,tree_depth2,0.13299483934196873,0.13191610973425183,platt,0.03322500672102063,0.0005263934307028206
trend_efficiency_high,8H,step12_interactions,boosted_stumps,0.1335399682310442,0.1326149719226408,platt,0.030414055168738435,0.0001358064934763037
trend_efficiency_high,8H,all_step13,logistic,0.13668541489187755,0.13314866607264694,platt,0.05600169039577642,0.02360979193539652
trend_efficiency_high,8H,all_step13,tree_depth2,0.1358378780606379,0.13449341681802734,platt,0.04801758114038037,0.02943834561475319
trend_efficiency_high,8H,all_step13,boosted_stumps,0.13357383321474547,0.13261051736423485,platt,0.030988374374603195,0.00024055863983754588
trend_efficiency_high,8H,compact_deredundant,logistic,0.1366137840911863,0.13335722327126212,platt,0.05316187685646546,0.020323859210495596
trend_efficiency_high,8H,compact_deredundant,tree_depth2,0.13590908173616292,0.13462721276991013,platt,0.04835252485047713,0.030455942223512132
trend_efficiency_high,8H,compact_deredundant,boosted_stumps,0.13357659538049232,0.13261925987487513,platt,0.030881151946905994,0.00026045424871104506
trend_efficiency_high,12H,step11_individuals,logistic,0.1660985366624106,0.16607491169882727,platt,0.005882220287506804,0.0034889314455387446
trend_efficiency_high,12H,step11_individuals,tree_depth2,0.16464962049301815,0.16462067868750035,platt,0.008428439624207655,0.00844276107667373
trend_efficiency_high,12H,step11_individuals,boosted_stumps,0.16613198892128903,0.16595741759037555,platt,0.013175904416720452,0.005898282280513602
trend_efficiency_high,12H,step12_interactions,logistic,0.1678315544310576,0.16754664633492689,platt,0.014591021899305312,0.01081282827767614
trend_efficiency_high,12H,step12_interactions,tree_depth2,0.16587773410070478,0.16568637760443775,platt,0.014810936220555055,0.0049542655749192374
trend_efficiency_high,12H,step12_interactions,boosted_stumps,0.1663077414180929,0.1660559187485687,platt,0.015868948655256787,2.9358116078792573e-05
trend_efficiency_high,12H,all_step13,logistic,0.16832617828284588,0.16791795152713757,platt,0.026900475139160912,0.018910202008993293
trend_efficiency_high,12H,all_step13,tree_depth2,0.16464962049301815,0.16462067868750035,platt,0.008428439624207655,0.00844276107667373
trend_efficiency_high,12H,all_step13,boosted_stumps,0.16613198892128903,0.16595741759037555,platt,0.013175904416720452,0.005898282280513602
trend_efficiency_high,12H,compact_deredundant,logistic,0.16842416338412897,0.16799878395204554,platt,0.03395932810175669,0.018474352107845322
trend_efficiency_high,12H,compact_deredundant,tree_depth2,0.16439055068609174,0.16433670512509813,platt,0.013985049693779207,0.011526457118764802
trend_efficiency_high,12H,compact_deredundant,boosted_stumps,0.1661560864405273,0.16593823430239305,platt,0.014717663360471728,0.0001891633298100991
trend_efficiency_high,24H,step11_individuals,logistic,0.18878512995851018,0.18605976041325334,platt,0.05073076759852637,0.02492378800853015
trend_efficiency_high,24H,step11_individuals,tree_depth2,0.19792562397067,0.19337012833219447,platt,0.06982357064136677,0.01320413812233101
trend_efficiency_high,24H,step11_individuals,boosted_stumps,0.19035236596226865,0.18824525540152803,platt,0.04592737326135726,0.0006327730544696819
trend_efficiency_high,24H,step12_interactions,logistic,0.19043017705894014,0.18750981635087138,platt,0.05412982673693022,0.016637818910278216
trend_efficiency_high,24H,step12_interactions,tree_depth2,0.19021368914931314,0.18816845928162063,platt,0.045198310990699736,0.0005548465543367409
trend_efficiency_high,24H,step12_interactions,boosted_stumps,0.18973681259675543,0.18781446885743894,platt,0.043844585603659086,6.282865708601149e-05
trend_efficiency_high,24H,all_step13,logistic,0.18904590643665037,0.18580576467559362,platt,0.05589363405688604,0.0034942672605784374
trend_efficiency_high,24H,all_step13,tree_depth2,0.19792562397067,0.19337012833219447,platt,0.06982357064136677,0.01320413812233101
trend_efficiency_high,24H,all_step13,boosted_stumps,0.19035236596226865,0.18824525540152803,platt,0.04592737326135726,0.0006327730544696819
trend_efficiency_high,24H,compact_deredundant,logistic,0.19013859889129409,0.18701867809941647,platt,0.05452659541924565,0.01433246486176314
trend_efficiency_high,24H,compact_deredundant,tree_depth2,0.19792562397067,0.19337012833219447,platt,0.06982357064136677,0.01320413812233101
trend_efficiency_high,24H,compact_deredundant,boosted_stumps,0.19034941773344508,0.18825719952505152,platt,0.04576449772350309,0.0006511596797773578
one_sided_runaway,1H,step11_individuals,logistic,0.1209566402712566,0.12089796519002166,platt,0.007158376922337201,0.0007092579508029828
one_sided_runaway,1H,step11_individuals,tree_depth2,0.12125664565820998,0.12110751781340644,platt,0.009781617293275119,0.0034273559416384547
one_sided_runaway,1H,step11_individuals,boosted_stumps,0.12091217655398771,0.12069331495833749,platt,0.01484271932332834,3.811445160067928e-05
one_sided_runaway,1H,step12_interactions,logistic,0.12206206330783352,0.1219122745970284,platt,0.010163243778892023,0.002604774984786923
one_sided_runaway,1H,step12_interactions,tree_depth2,0.12096100087197499,0.12077026883989765,platt,0.013724635664164458,0.00017231695796385282
one_sided_runaway,1H,step12_interactions,boosted_stumps,0.12096631250673615,0.12074263179404511,platt,0.014956006193119598,3.7530755045922515e-05
one_sided_runaway,1H,all_step13,logistic,0.1219003201569359,0.1218347249444516,platt,0.005742223298715694,0.002625113191876682
one_sided_runaway,1H,all_step13,tree_depth2,0.12125664565820998,0.12110751781340644,platt,0.009781617293275119,0.0034273559416384547
one_sided_runaway,1H,all_step13,boosted_stumps,0.12091217655398771,0.12069331495833749,platt,0.01484271932332834,3.811445160067928e-05
one_sided_runaway,1H,compact_deredundant,logistic,0.12145819294264973,0.1213770241285794,platt,0.007719173791182769,0.0016552641074256645
one_sided_runaway,1H,compact_deredundant,tree_depth2,0.12136052742843804,0.12109401103372411,platt,0.015033711083574874,0.0016798717656042184
one_sided_runaway,1H,compact_deredundant,boosted_stumps,0.12091176643884242,0.1206885803871059,platt,0.014992160511211217,4.420812708968991e-05
one_sided_runaway,2H,step11_individuals,logistic,0.1201348670639023,0.11874333611054727,platt,0.03653242771591497,0.0013586828263605867
one_sided_runaway,2H,step11_individuals,tree_depth2,0.11987083065112952,0.1187212348383132,platt,0.032937218674350593,0.001524658202154252
one_sided_runaway,2H,step11_individuals,boosted_stumps,0.12015526193532242,0.11835255539489752,platt,0.04249230991981323,0.00018159277472934443
one_sided_runaway,2H,step12_interactions,logistic,0.12057482649648725,0.11874523465645875,platt,0.04188548394355141,0.0016831718544428169
one_sided_runaway,2H,step12_interactions,tree_depth2,0.12014202732402733,0.11829703633556113,platt,0.04296179551218994,0.0002254292364259891
one_sided_runaway,2H,step12_interactions,boosted_stumps,0.12038056122298646,0.11839908972632447,platt,0.04451452816607945,0.00026780811543414274
one_sided_runaway,2H,all_step13,logistic,0.12051546379150854,0.1190309329324925,platt,0.03681913313025181,0.004814779558261421
one_sided_runaway,2H,all_step13,tree_depth2,0.11987083065112952,0.1187212348383132,platt,0.032937218674350593,0.001524658202154252
one_sided_runaway,2H,all_step13,boosted_stumps,0.12015526193532242,0.11835255539489752,platt,0.04249230991981323,0.00018159277472934443
one_sided_runaway,2H,compact_deredundant,logistic,0.12095947694987948,0.11932357588388386,platt,0.03864679312703202,0.002848465882496063
one_sided_runaway,2H,compact_deredundant,tree_depth2,0.12091917834276791,0.11932540805753168,platt,0.038459554508243864,0.0038711041834190397
one_sided_runaway,2H,compact_deredundant,boosted_stumps,0.12037038073188272,0.11846061242230234,platt,0.043638205113698286,0.00036714253063366287
one_sided_runaway,4H,step11_individuals,logistic,0.13357977769562565,0.1329122148349244,platt,0.02605029038226471,0.00025669926276811374
one_sided_runaway,4H,step11_individuals,tree_depth2,0.1356378242002252,0.13502141424074984,platt,0.022772986983336678,0.004805201348841798
one_sided_runaway,4H,step11_individuals,boosted_stumps,0.13385825692651174,0.1333512149604882,platt,0.02239106508281674,0.00033089722215365325
one_sided_runaway,4H,step12_interactions,logistic,0.13380205058678848,0.1329862396102019,platt,0.027732898781812364,0.006204567792951251
one_sided_runaway,4H,step12_interactions,tree_depth2,0.13354654719053605,0.13300980328045622,platt,0.02330792033256973,0.0001849101966476252
one_sided_runaway,4H,step12_interactions,boosted_stumps,0.13371450544175656,0.1332229241881485,platt,0.02217176973842233,7.822867454265747e-05
one_sided_runaway,4H,all_step13,logistic,0.13346175172431318,0.13268925846548302,platt,0.026713540920577945,0.0022424207164730764
one_sided_runaway,4H,all_step13,tree_depth2,0.1356378242002252,0.13502141424074984,platt,0.022772986983336678,0.004805201348841798
one_sided_runaway,4H,all_step13,boosted_stumps,0.13385825692651174,0.1333512149604882,platt,0.02239106508281674,0.00033089722215365325
one_sided_runaway,4H,compact_deredundant,logistic,0.13452151237293508,0.13377580461206162,platt,0.02587426079712584,0.013599950889693565
one_sided_runaway,4H,compact_deredundant,tree_depth2,0.13496668955587893,0.13460813155607876,platt,0.027265629852613972,0.03201558883696288
one_sided_runaway,4H,compact_deredundant,boosted_stumps,0.13385825692651174,0.1333512149604882,platt,0.02239106508281674,0.00033089722215365325
one_sided_runaway,8H,step11_individuals,logistic,0.13390114911326764,0.13165501304735988,platt,0.04769709677389335,0.005386384820669263
one_sided_runaway,8H,step11_individuals,tree_depth2,0.1358378780606379,0.13449341681802734,platt,0.04801758114038037,0.02943834561475319
one_sided_runaway,8H,step11_individuals,boosted_stumps,0.13357383321474547,0.13261051736423485,platt,0.030988374374603195,0.00024055863983754588
one_sided_runaway,8H,step12_interactions,logistic,0.13609111873134627,0.13313423795877283,platt,0.050520675414833426,0.01593020284741495
one_sided_runaway,8H,step12_interactions,tree_depth2,0.13299483934196873,0.13191610973425183,platt,0.03322500672102063,0.0005263934307028206
one_sided_runaway,8H,step12_interactions,boosted_stumps,0.1335399682310442,0.1326149719226408,platt,0.030414055168738435,0.0001358064934763037
one_sided_runaway,8H,all_step13,logistic,0.13668541489187755,0.13314866607264694,platt,0.05600169039577642,0.02360979193539652
one_sided_runaway,8H,all_step13,tree_depth2,0.1358378780606379,0.13449341681802734,platt,0.04801758114038037,0.02943834561475319
one_sided_runaway,8H,all_step13,boosted_stumps,0.13357383321474547,0.13261051736423485,platt,0.030988374374603195,0.00024055863983754588
one_sided_runaway,8H,compact_deredundant,logistic,0.1366137840911863,0.13335722327126212,platt,0.05316187685646546,0.020323859210495596
one_sided_runaway,8H,compact_deredundant,tree_depth2,0.13590908173616292,0.13462721276991013,platt,0.04835252485047713,0.030455942223512132
one_sided_runaway,8H,compact_deredundant,boosted_stumps,0.13357659538049232,0.13261925987487513,platt,0.030881151946905994,0.00026045424871104506
one_sided_runaway,12H,step11_individuals,logistic,0.1660985366624106,0.16607491169882727,platt,0.005882220287506804,0.0034889314455387446
one_sided_runaway,12H,step11_individuals,tree_depth2,0.16464962049301815,0.16462067868750035,platt,0.008428439624207655,0.00844276107667373
one_sided_runaway,12H,step11_individuals,boosted_stumps,0.16613198892128903,0.16595741759037555,platt,0.013175904416720452,0.005898282280513602
one_sided_runaway,12H,step12_interactions,logistic,0.1678315544310576,0.16754664633492689,platt,0.014591021899305312,0.01081282827767614
one_sided_runaway,12H,step12_interactions,tree_depth2,0.16587773410070478,0.16568637760443775,platt,0.014810936220555055,0.0049542655749192374
one_sided_runaway,12H,step12_interactions,boosted_stumps,0.1663077414180929,0.1660559187485687,platt,0.015868948655256787,2.9358116078792573e-05
one_sided_runaway,12H,all_step13,logistic,0.16832617828284588,0.16791795152713757,platt,0.026900475139160912,0.018910202008993293
one_sided_runaway,12H,all_step13,tree_depth2,0.16464962049301815,0.16462067868750035,platt,0.008428439624207655,0.00844276107667373
one_sided_runaway,12H,all_step13,boosted_stumps,0.16613198892128903,0.16595741759037555,platt,0.013175904416720452,0.005898282280513602
one_sided_runaway,12H,compact_deredundant,logistic,0.16842416338412897,0.16799878395204554,platt,0.03395932810175669,0.018474352107845322
one_sided_runaway,12H,compact_deredundant,tree_depth2,0.16439055068609174,0.16433670512509813,platt,0.013985049693779207,0.011526457118764802
one_sided_runaway,12H,compact_deredundant,boosted_stumps,0.1661560864405273,0.16593823430239305,platt,0.014717663360471728,0.0001891633298100991
one_sided_runaway,24H,step11_individuals,logistic,0.18878512995851018,0.18605976041325334,platt,0.05073076759852637,0.02492378800853015
one_sided_runaway,24H,step11_individuals,tree_depth2,0.19792562397067,0.19337012833219447,platt,0.06982357064136677,0.01320413812233101
one_sided_runaway,24H,step11_individuals,boosted_stumps,0.19035236596226865,0.18824525540152803,platt,0.04592737326135726,0.0006327730544696819
one_sided_runaway,24H,step12_interactions,logistic,0.19043017705894014,0.18750981635087138,platt,0.05412982673693022,0.016637818910278216
one_sided_runaway,24H,step12_interactions,tree_depth2,0.19021368914931314,0.18816845928162063,platt,0.045198310990699736,0.0005548465543367409
one_sided_runaway,24H,step12_interactions,boosted_stumps,0.18973681259675543,0.18781446885743894,platt,0.043844585603659086,6.282865708601149e-05
one_sided_runaway,24H,all_step13,logistic,0.18904590643665037,0.18580576467559362,platt,0.05589363405688604,0.0034942672605784374
one_sided_runaway,24H,all_step13,tree_depth2,0.19792562397067,0.19337012833219447,platt,0.06982357064136677,0.01320413812233101
one_sided_runaway,24H,all_step13,boosted_stumps,0.19035236596226865,0.18824525540152803,platt,0.04592737326135726,0.0006327730544696819
one_sided_runaway,24H,compact_deredundant,logistic,0.19013859889129409,0.18701867809941647,platt,0.05452659541924565,0.01433246486176314
one_sided_runaway,24H,compact_deredundant,tree_depth2,0.19792562397067,0.19337012833219447,platt,0.06982357064136677,0.01320413812233101
one_sided_runaway,24H,compact_deredundant,boosted_stumps,0.19034941773344508,0.18825719952505152,platt,0.04576449772350309,0.0006511596797773578
upper_breach_only,1H,step11_individuals,logistic,0.19869695978837124,0.19646526811676557,platt,0.04940657178952199,0.005732903605620966
upper_breach_only,1H,step11_individuals,tree_depth2,0.20058065846917258,0.1985572307606427,platt,0.04472436700887572,0.0023587696375181877
upper_breach_only,1H,step11_individuals,boosted_stumps,0.200960258894782,0.1990984882435325,platt,0.04312190535347887,0.0005492810383002089
upper_breach_only,1H,step12_interactions,logistic,0.20245344589847422,0.1996472332746526,platt,0.052647952972913456,0.010002802263257879
upper_breach_only,1H,step12_interactions,tree_depth2,0.20118434623575754,0.1994220321110641,platt,0.041995743038497846,0.0007775349248486663
upper_breach_only,1H,step12_interactions,boosted_stumps,0.20119019244447436,0.1993755312097126,platt,0.042605075337034004,0.0007288413494190293
upper_breach_only,1H,all_step13,logistic,0.2013172372160061,0.19777775210307844,platt,0.05994689272794207,0.009497873547200815
upper_breach_only,1H,all_step13,tree_depth2,0.20058065846917258,0.1985572307606427,platt,0.04472436700887572,0.0023587696375181877
upper_breach_only,1H,all_step13,boosted_stumps,0.200960258894782,0.1990984882435325,platt,0.04312190535347887,0.0005492810383002089
upper_breach_only,1H,compact_deredundant,logistic,0.20019609196889704,0.19667443545114846,platt,0.059840579113906604,0.002059482115771687
upper_breach_only,1H,compact_deredundant,tree_depth2,0.19995337859307877,0.19787759708396988,platt,0.04557974727641234,0.0035141452130820656
upper_breach_only,1H,compact_deredundant,boosted_stumps,0.20101465852121045,0.19914515402469063,platt,0.043226157239703356,0.000628210079049285
upper_breach_only,2H,step11_individuals,logistic,0.2150059793048139,0.21455566177241672,platt,0.025428605791305806,0.0010417291743305599
upper_breach_only,2H,step11_individuals,tree_depth2,0.21604470256180783,0.21562171180925702,platt,0.02089631428188199,0.0005581893999160314
upper_breach_only,2H,step11_individuals,boosted_stumps,0.21687966892089605,0.21663314656205251,platt,0.01570870611356895,0.00029337150150715585
upper_breach_only,2H,step12_interactions,logistic,0.21877458215740728,0.21790667819868717,platt,0.028107269544361324,0.003021933859926995
upper_breach_only,2H,step12_interactions,tree_depth2,0.2170022233473019,0.2167558908351536,platt,0.01571633857497534,0.00036307464435053616
upper_breach_only,2H,step12_interactions,boosted_stumps,0.21690611900642873,0.21666550217622463,platt,0.015514073568966169,0.00026391002112224893
upper_breach_only,2H,all_step13,logistic,0.21694891310515876,0.2160226367255861,platt,0.030854639392151037,0.009486379271962511
upper_breach_only,2H,all_step13,tree_depth2,0.21604470256180783,0.21562171180925702,platt,0.02089631428188199,0.0005581893999160314
upper_breach_only,2H,all_step13,boosted_stumps,0.21687966892089605,0.21663314656205251,platt,0.01570870611356895,0.00029337150150715585
upper_breach_only,2H,compact_deredundant,logistic,0.21614413584786718,0.215174621270959,platt,0.031905652011515274,0.00213453181559257
upper_breach_only,2H,compact_deredundant,tree_depth2,0.21855741391835248,0.2180240073396247,platt,0.020557885518144525,0.0031472070906536365
upper_breach_only,2H,compact_deredundant,boosted_stumps,0.21687966892089605,0.21663314656205251,platt,0.01570870611356895,0.00029337150150715585
upper_breach_only,4H,step11_individuals,logistic,0.21767375444561574,0.21766963119576246,platt,0.0060628669984697965,0.01023022342674338
upper_breach_only,4H,step11_individuals,tree_depth2,0.21986644650640025,0.2197012070859535,platt,0.005295333988828366,0.0032806984544901385
upper_breach_only,4H,step11_individuals,boosted_stumps,0.21889184151134652,0.2188657771906058,platt,0.004625880716892905,0.0004384494960763541
upper_breach_only,4H,step12_interactions,logistic,0.22081083386231345,0.22038951513867866,platt,0.01008272237635647,0.011064690189868316
upper_breach_only,4H,step12_interactions,tree_depth2,0.2182807071335617,0.21824664121877987,platt,0.005832741888743165,0.00032566689472124377
upper_breach_only,4H,step12_interactions,boosted_stumps,0.21853339096436514,0.21850865036489903,platt,0.004974398859290963,6.359673909422936e-05
upper_breach_only,4H,all_step13,logistic,0.22026190585456923,0.21957987984129224,platt,0.016090568865297347,0.0204196783460393
upper_breach_only,4H,all_step13,tree_depth2,0.21986644650640025,0.2197012070859535,platt,0.005295333988828366,0.0032806984544901385
upper_breach_only,4H,all_step13,boosted_stumps,0.21889184151134652,0.2188657771906058,platt,0.004625880716892905,0.0004384494960763541
upper_breach_only,4H,compact_deredundant,logistic,0.2186062326048311,0.2182705918100721,platt,0.026585596966353153,0.02958218952583971
upper_breach_only,4H,compact_deredundant,tree_depth2,0.21971547942126238,0.21957217434622942,platt,0.005083743740480928,0.0031900595979783564
upper_breach_only,4H,compact_deredundant,boosted_stumps,0.21889184151134652,0.2188657771906058,platt,0.004625880716892905,0.0004384494960763541
upper_breach_only,8H,step11_individuals,logistic,0.22275258706176207,0.2215787774575613,platt,0.02933052706249548,0.010402461104119477
upper_breach_only,8H,step11_individuals,tree_depth2,0.22668966650480019,0.22380443774426506,platt,0.029501409338918427,0.013069341775780174
upper_breach_only,8H,step11_individuals,boosted_stumps,0.220408934210009,0.2194218636357582,platt,0.030147045004988493,0.0018738035648854234
upper_breach_only,8H,step12_interactions,logistic,0.23153847619299897,0.22540204419769425,platt,0.04960730069288339,0.01773329397167606
upper_breach_only,8H,step12_interactions,tree_depth2,0.21882788551085441,0.2178904161869039,platt,0.030620556839824065,0.00023494429100479053
upper_breach_only,8H,step12_interactions,boosted_stumps,0.2188291218655427,0.21789574252849642,platt,0.03055211217566267,0.00022851990724048754
upper_breach_only,8H,all_step13,logistic,0.23498663913144552,0.22582924802585203,platt,0.06584727422877441,0.021413967850991582
upper_breach_only,8H,all_step13,tree_depth2,0.22668966650480019,0.22380443774426506,platt,0.029501409338918427,0.013069341775780174
upper_breach_only,8H,all_step13,boosted_stumps,0.220408934210009,0.2194218636357582,platt,0.030147045004988493,0.0018738035648854234
upper_breach_only,8H,compact_deredundant,logistic,0.2322270036764633,0.22553603983738443,platt,0.08534368717365247,0.05479461476961731
upper_breach_only,8H,compact_deredundant,tree_depth2,0.22668966650480019,0.22380443774426506,platt,0.029501409338918427,0.013069341775780174
upper_breach_only,8H,compact_deredundant,boosted_stumps,0.220408934210009,0.2194218636357582,platt,0.030147045004988493,0.0018738035648854234
upper_breach_only,12H,step11_individuals,logistic,0.21212941983579472,0.21156244476597033,platt,0.015925575570044728,0.014932419516002602
upper_breach_only,12H,step11_individuals,tree_depth2,0.21487531695735912,0.212929487348506,platt,0.06570954422250268,0.012624074087162929
upper_breach_only,12H,step11_individuals,boosted_stumps,0.20882517274790058,0.20876896472247522,platt,0.0036150769639596847,0.0019036361876423324
upper_breach_only,12H,step12_interactions,logistic,0.2219709390857673,0.2155165686795299,platt,0.04152856910073284,0.024445609134857996
upper_breach_only,12H,step12_interactions,tree_depth2,0.20729596991319443,0.2072806671178149,platt,0.003916980950071702,7.647899210627696e-05
upper_breach_only,12H,step12_interactions,boosted_stumps,0.2073302626894865,0.20731583499537948,platt,0.003798533007334959,3.404263122375184e-05
upper_breach_only,12H,all_step13,logistic,0.2270475260862257,0.2164953010672484,platt,0.051497987052060254,0.024272628732251632
upper_breach_only,12H,all_step13,tree_depth2,0.21487531695735912,0.212929487348506,platt,0.06570954422250268,0.012624074087162929
upper_breach_only,12H,all_step13,boosted_stumps,0.20882517274790058,0.20876896472247522,platt,0.0036150769639596847,0.0019036361876423324
upper_breach_only,12H,compact_deredundant,logistic,0.22424620786901234,0.21637536080314254,platt,0.08056244493225828,0.053618021341727995
upper_breach_only,12H,compact_deredundant,tree_depth2,0.21487531695735912,0.212929487348506,platt,0.06570954422250268,0.012624074087162929
upper_breach_only,12H,compact_deredundant,boosted_stumps,0.20882517274790058,0.20876896472247522,platt,0.0036150769639596847,0.0019036361876423324
upper_breach_only,24H,step11_individuals,logistic,0.2195400445752158,0.21837236897433893,platt,0.03382836719338822,0.00040294498535436984
upper_breach_only,24H,step11_individuals,tree_depth2,0.23808789723882737,0.22664990561068357,platt,0.1253560841461125,0.025815365345919897
upper_breach_only,24H,step11_individuals,boosted_stumps,0.22093697317416613,0.21959105685886782,platt,0.035339274667114895,0.002011537029816657
upper_breach_only,24H,step12_interactions,logistic,0.22447196120947913,0.22193764548027078,platt,0.0611074885588245,0.024073499475785024
upper_breach_only,24H,step12_interactions,tree_depth2,0.2190949366739665,0.21812584381733663,platt,0.031042744159810565,1.087455283566019e-05
upper_breach_only,24H,step12_interactions,boosted_stumps,0.21888954026777005,0.21801583750738127,platt,0.02955933637987651,0.0002271713667876818
upper_breach_only,24H,all_step13,logistic,0.225549572888019,0.22258596887056964,platt,0.05682142196949777,0.02063658526329468
upper_breach_only,24H,all_step13,tree_depth2,0.23808789723882737,0.22664990561068357,platt,0.1253560841461125,0.025815365345919897
upper_breach_only,24H,all_step13,boosted_stumps,0.22093697317416613,0.21959105685886782,platt,0.035339274667114895,0.002011537029816657
upper_breach_only,24H,compact_deredundant,logistic,0.22020916569421764,0.21924063971915064,platt,0.02870817853191937,0.0023327529384519763
upper_breach_only,24H,compact_deredundant,tree_depth2,0.2303662612003718,0.22459667249751736,platt,0.03766206259123628,0.01645296120298445
upper_breach_only,24H,compact_deredundant,boosted_stumps,0.22074498771698692,0.21942715177071945,platt,0.03518235005499232,0.0017528943714356648
lower_breach_only,1H,step11_individuals,logistic,0.22220067744467065,0.22126235792575102,platt,0.03355952327887516,0.006317868325557746
lower_breach_only,1H,step11_individuals,tree_depth2,0.22482005686613935,0.223699922624481,platt,0.03026920889230842,0.0026303404539433917
lower_breach_only,1H,step11_individuals,boosted_stumps,0.22402279113659293,0.223663086853702,platt,0.01897601337393634,0.0002979397566691966
lower_breach_only,1H,step12_interactions,logistic,0.2248781070967488,0.2238476744265373,platt,0.03095196603625596,0.0012883197144010095
lower_breach_only,1H,step12_interactions,tree_depth2,0.2240572534071759,0.22376354536185605,platt,0.017142343017071737,0.0002239192126402556
lower_breach_only,1H,step12_interactions,boosted_stumps,0.2240599255384609,0.22378689176963465,platt,0.016525055700313374,0.00020903844691472218
lower_breach_only,1H,all_step13,logistic,0.22284909075687112,0.22128741160442872,platt,0.043029218422566226,0.0016198834331745085
lower_breach_only,1H,all_step13,tree_depth2,0.22482005686613935,0.223699922624481,platt,0.03026920889230842,0.0026303404539433917
lower_breach_only,1H,all_step13,boosted_stumps,0.22402279113659293,0.223663086853702,platt,0.01897601337393634,0.0002979397566691966
lower_breach_only,1H,compact_deredundant,logistic,0.22228105336470316,0.22093295020913847,platt,0.039244353752525066,0.008476916411498569
lower_breach_only,1H,compact_deredundant,tree_depth2,0.2255356180077184,0.22434130425114637,platt,0.03041740797444087,0.0032965762431950707
lower_breach_only,1H,compact_deredundant,boosted_stumps,0.22391530856026684,0.22357945048145725,platt,0.01837032709654618,0.000398982706020512
lower_breach_only,2H,step11_individuals,logistic,0.2187047393512175,0.2186757049543254,platt,0.006065269927173128,0.006611340696047211
lower_breach_only,2H,step11_individuals,tree_depth2,0.2200484288905953,0.219687862134934,platt,0.019114545844856157,0.0012325900944442363
lower_breach_only,2H,step11_individuals,boosted_stumps,0.22085486037142474,0.22083826262479758,platt,0.0037636345381452663,0.00024872945682202774
lower_breach_only,2H,step12_interactions,logistic,0.2209623469539205,0.22067033975655165,platt,0.01563008449334026,0.0030425643829199538
lower_breach_only,2H,step12_interactions,tree_depth2,0.22155450217456638,0.22149632187944351,platt,0.007602382768539695,0.0004941673747752562
lower_breach_only,2H,step12_interactions,boosted_stumps,0.22137716279387212,0.22128636233920407,platt,0.009530439065045304,0.00016974717831041986
lower_breach_only,2H,all_step13,logistic,0.21874364712360364,0.21829749396290152,platt,0.019707268807426792,0.00809436232788712
lower_breach_only,2H,all_step13,tree_depth2,0.2200484288905953,0.219687862134934,platt,0.019114545844856157,0.0012325900944442363
lower_breach_only,2H,all_step13,boosted_stumps,0.22085486037142474,0.22083826262479758,platt,0.0037636345381452663,0.00024872945682202774
lower_breach_only,2H,compact_deredundant,logistic,0.2184356463307152,0.2180733454296598,platt,0.023897450272920402,0.0018764900865365709
lower_breach_only,2H,compact_deredundant,tree_depth2,0.21903468935429643,0.2187267010640335,platt,0.018587970855273972,0.0025974012636841457
lower_breach_only,2H,compact_deredundant,boosted_stumps,0.22082619979937484,0.2208071705380864,platt,0.004008774388295611,0.00027537301549046544
lower_breach_only,4H,step11_individuals,logistic,0.2201684160702087,0.2200927739642574,platt,0.018322401836224134,0.017934370310129674
lower_breach_only,4H,step11_individuals,tree_depth2,0.21707208655852875,0.21706318766788124,platt,0.013384013394559479,0.013417910829998207
lower_breach_only,4H,step11_individuals,boosted_stumps,0.22092624027807845,0.2207156567005405,platt,0.014109432242338127,0.00029743183289993036
lower_breach_only,4H,step12_interactions,logistic,0.21934220130855026,0.2191839638536589,platt,0.009723764027943577,0.028913425689186777
lower_breach_only,4H,step12_interactions,tree_depth2,0.22151637969080099,0.2212616171614659,platt,0.01597315887122408,0.0003404621504796146
lower_breach_only,4H,step12_interactions,boosted_stumps,0.22174224092661285,0.2214172441540319,platt,0.018031361873934837,0.00036501842117214744
lower_breach_only,4H,all_step13,logistic,0.2196053029651944,0.21895354427186944,platt,0.01712502664898833,0.009441707883694308
lower_breach_only,4H,all_step13,tree_depth2,0.21707208655852875,0.21706318766788124,platt,0.013384013394559479,0.013417910829998207
lower_breach_only,4H,all_step13,boosted_stumps,0.22092624027807845,0.2207156567005405,platt,0.014109432242338127,0.00029743183289993036
lower_breach_only,4H,compact_deredundant,logistic,0.2185548032424631,0.21819673929674804,platt,0.013193827307054134,0.012002704318129089
lower_breach_only,4H,compact_deredundant,tree_depth2,0.22146310554621323,0.22091725911099777,platt,0.001544708848378863,0.0075582110550935664
lower_breach_only,4H,compact_deredundant,boosted_stumps,0.22064102592349275,0.22043548306686447,platt,0.013619498399791763,0.0005559410432079415
lower_breach_only,8H,step11_individuals,logistic,0.21799869716133602,0.21764779149587166,platt,0.020557972814784158,0.010366789125809732
lower_breach_only,8H,step11_individuals,tree_depth2,0.21907700573733221,0.21766208256715652,platt,0.029672432027401455,0.005787777786414521
lower_breach_only,8H,step11_individuals,boosted_stumps,0.2173214364047436,0.21729777684925972,platt,0.004134957235098047,0.0008011627370939634
lower_breach_only,8H,step12_interactions,logistic,0.22431131545724015,0.22196585671785124,platt,0.035988669839290596,0.013502261343487365
lower_breach_only,8H,step12_interactions,tree_depth2,0.21822480902544944,0.21821480318880296,platt,0.0006260989630051395,0.0007228451745533993
lower_breach_only,8H,step12_interactions,boosted_stumps,0.21834193242128527,0.2183280696766722,platt,0.00372367745249097,5.503777903620444e-05
lower_breach_only,8H,all_step13,logistic,0.22316250218205913,0.2207876742740187,platt,0.03216399297209237,0.02621760827491037
lower_breach_only,8H,all_step13,tree_depth2,0.21907700573733221,0.21766208256715652,platt,0.029672432027401455,0.005787777786414521
lower_breach_only,8H,all_step13,boosted_stumps,0.2173214364047436,0.21729777684925972,platt,0.004134957235098047,0.0008011627370939634
lower_breach_only,8H,compact_deredundant,logistic,0.21825525138742227,0.21715020072229002,platt,0.03783263381118806,0.015964051521034764
lower_breach_only,8H,compact_deredundant,tree_depth2,0.21991863701091782,0.21849264236902272,platt,0.03514171392396838,0.008112655974867137
lower_breach_only,8H,compact_deredundant,boosted_stumps,0.21664461643983673,0.21659308991227103,platt,0.005242841722382929,0.0014392334660771056
lower_breach_only,12H,step11_individuals,logistic,0.19887845378767485,0.19886818066023335,platt,0.005763460790806857,0.0060201340344608
lower_breach_only,12H,step11_individuals,tree_depth2,0.19670895104649908,0.19659197271877252,platt,0.01618786817175732,0.007776695907235735
lower_breach_only,12H,step11_individuals,boosted_stumps,0.20029572554864022,0.19983987375070109,platt,0.01883135536371955,0.0023012018876566454
lower_breach_only,12H,step12_interactions,logistic,0.20630094413603395,0.20486940077560759,platt,0.05040771387221642,0.04007384768689612
lower_breach_only,12H,step12_interactions,tree_depth2,0.2013222510641825,0.20085434854378587,platt,0.021789985316602364,0.0036487731058335725
lower_breach_only,12H,step12_interactions,boosted_stumps,0.20352492909535452,0.2026487304150429,platt,0.029603911980440212,0.0004392314127357744
lower_breach_only,12H,all_step13,logistic,0.20509254010263883,0.20388476431625163,platt,0.05310817146485402,0.04574470049678193
lower_breach_only,12H,all_step13,tree_depth2,0.19670895104649908,0.19659197271877252,platt,0.01618786817175732,0.007776695907235735
lower_breach_only,12H,all_step13,boosted_stumps,0.20029572554864022,0.19983987375070109,platt,0.01883135536371955,0.0023012018876566454
lower_breach_only,12H,compact_deredundant,logistic,0.19957566074595612,0.1993729863305728,platt,0.02228962451654632,0.02633359263224603
lower_breach_only,12H,compact_deredundant,tree_depth2,0.20011664052592365,0.1999794215074685,platt,0.028263512120759643,0.02983316919840358
lower_breach_only,12H,compact_deredundant,boosted_stumps,0.20053305606408375,0.20002529486751924,platt,0.02049141734433768,0.0020754794332016324
lower_breach_only,24H,step11_individuals,logistic,0.21280719858556055,0.2090458061874914,platt,0.08716445466864726,0.024803417361280666
lower_breach_only,24H,step11_individuals,tree_depth2,0.2123351424701908,0.20707448938174514,platt,0.07588961050967187,0.017128333002841216
lower_breach_only,24H,step11_individuals,boosted_stumps,0.21119440534752895,0.21027769945595687,platt,0.02884442499958273,0.003557811385319909
lower_breach_only,24H,step12_interactions,logistic,0.21826215611565744,0.2124432210948854,platt,0.07601551885365865,0.03497169531019795
lower_breach_only,24H,step12_interactions,tree_depth2,0.21362526282408398,0.21282554365326986,platt,0.032859554043557275,0.01038725951587897
lower_breach_only,24H,step12_interactions,boosted_stumps,0.2141223980847322,0.21383298739880174,platt,0.01701269212144385,0.0001449389134162149
lower_breach_only,24H,all_step13,logistic,0.21856961565864133,0.21113009190334064,platt,0.09491621356025993,0.01620692970913422
lower_breach_only,24H,all_step13,tree_depth2,0.2123351424701908,0.20707448938174514,platt,0.07588961050967187,0.017128333002841216
lower_breach_only,24H,all_step13,boosted_stumps,0.21119440534752895,0.21027769945595687,platt,0.02884442499958273,0.003557811385319909
lower_breach_only,24H,compact_deredundant,logistic,0.21724356289083951,0.210757108484181,platt,0.09642155470232001,0.027164648686015057
lower_breach_only,24H,compact_deredundant,tree_depth2,0.2112290700900763,0.20709134957477787,platt,0.07622766199779775,0.01803129893419421
lower_breach_only,24H,compact_deredundant,boosted_stumps,0.21145864210616985,0.2105775114719931,platt,0.02857425652442902,0.0032128764444988023
both_side_breach,1H,step11_individuals,logistic,0.2170858398019001,0.21693601021347647,platt,0.019006257420724475,0.011424054467292504
both_side_breach,1H,step11_individuals,tree_depth2,0.22270821199637092,0.2225320846025036,platt,0.011637900360652945,0.002054532071217512
both_side_breach,1H,step11_individuals,boosted_stumps,0.22456385009254434,0.2239763167834903,platt,0.023960214380014444,0.0018905651653705058
both_side_breach,1H,step12_interactions,logistic,0.22513813302361624,0.22462148725825504,platt,0.02388018929391255,0.01700922745986169
both_side_breach,1H,step12_interactions,tree_depth2,0.2255343900978004,0.2250602887355894,platt,0.02175198046035054,0.00015922567240678198
both_side_breach,1H,step12_interactions,boosted_stumps,0.22635725071057033,0.22567894461263802,platt,0.02604603300479602,0.0002995619377314518
both_side_breach,1H,all_step13,logistic,0.21924206865525586,0.21871430277702125,platt,0.025835100292822263,0.011844573872707593
both_side_breach,1H,all_step13,tree_depth2,0.22270821199637092,0.2225320846025036,platt,0.011637900360652945,0.002054532071217512
both_side_breach,1H,all_step13,boosted_stumps,0.22456385009254434,0.2239763167834903,platt,0.023960214380014444,0.0018905651653705058
both_side_breach,1H,compact_deredundant,logistic,0.2189294212964393,0.2183822484161927,platt,0.026401765131840626,0.015237394768886938
both_side_breach,1H,compact_deredundant,tree_depth2,0.22009328167001674,0.2199625731625293,platt,0.013477490162590436,0.003915769974710251
both_side_breach,1H,compact_deredundant,boosted_stumps,0.22456385009254434,0.2239763167834903,platt,0.023960214380014444,0.0018905651653705058
both_side_breach,2H,step11_individuals,logistic,0.20016464403636067,0.19978016666452045,platt,0.01738828741419966,0.023057782715986852
both_side_breach,2H,step11_individuals,tree_depth2,0.20589834943966093,0.2058457806605749,platt,0.0319695419934084,0.03275650507838837
both_side_breach,2H,step11_individuals,boosted_stumps,0.21080157418470383,0.21047242928026427,platt,0.01610405699620926,0.002872844715776368
both_side_breach,2H,step12_interactions,logistic,0.20922031239926023,0.20920665502593658,platt,0.021290704180873688,0.018550256503633285
both_side_breach,2H,step12_interactions,tree_depth2,0.20985045705589245,0.20949185163553713,platt,0.0314040456957239,0.002777520002711198
both_side_breach,2H,step12_interactions,boosted_stumps,0.21361527223812712,0.21308835610745566,platt,0.022955260067432037,0.00016683552389051837
both_side_breach,2H,all_step13,logistic,0.20062669408338923,0.2003042123986017,platt,0.009928741443914882,0.01724524856064308
both_side_breach,2H,all_step13,tree_depth2,0.20589834943966093,0.2058457806605749,platt,0.0319695419934084,0.03275650507838837
both_side_breach,2H,all_step13,boosted_stumps,0.21080157418470383,0.21047242928026427,platt,0.01610405699620926,0.002872844715776368
both_side_breach,2H,compact_deredundant,logistic,0.20052560843085504,0.20022706048086425,platt,0.012395289734349205,0.02617221785141396
both_side_breach,2H,compact_deredundant,tree_depth2,0.20589834943966093,0.2058457806605749,platt,0.0319695419934084,0.03275650507838837
both_side_breach,2H,compact_deredundant,boosted_stumps,0.21080157418470383,0.21047242928026427,platt,0.01610405699620926,0.002872844715776368
both_side_breach,4H,step11_individuals,logistic,0.20273307961442563,0.20268776289684917,platt,0.014753304172852175,0.029500849202818914
both_side_breach,4H,step11_individuals,tree_depth2,0.20578485968895385,0.2057406518218217,platt,0.012428241244352446,0.015495000862164045
both_side_breach,4H,step11_individuals,boosted_stumps,0.2106136165371327,0.21035155650751744,platt,0.010504437763050545,0.003811169574571338
both_side_breach,4H,step12_interactions,logistic,0.2058454999240302,0.20572211013497843,platt,0.01714985814976382,0.019933872511818815
both_side_breach,4H,step12_interactions,tree_depth2,0.2097282750906119,0.20945424812768826,platt,0.028579735937936637,0.01984253542102661
both_side_breach,4H,step12_interactions,boosted_stumps,0.21452579394018256,0.21410931478895112,platt,0.020408474492266293,0.0001633397380659818
both_side_breach,4H,all_step13,logistic,0.20323464373791494,0.20319284119653339,platt,0.01489134860326765,0.03584517096376672
both_side_breach,4H,all_step13,tree_depth2,0.20578485968895385,0.2057406518218217,platt,0.012428241244352446,0.015495000862164045
both_side_breach,4H,all_step13,boosted_stumps,0.2106136165371327,0.21035155650751744,platt,0.010504437763050545,0.003811169574571338
both_side_breach,4H,compact_deredundant,logistic,0.20358282275092004,0.20358282275092004,none,0.024122239712904746,0.024122239712904746
both_side_breach,4H,compact_deredundant,tree_depth2,0.20474540047596107,0.20471640184687936,platt,0.029308109337405068,0.030275006796915076
both_side_breach,4H,compact_deredundant,boosted_stumps,0.2106770680796654,0.21028625655716737,platt,0.015190596299592019,0.004074646069954779
both_side_breach,8H,step11_individuals,logistic,0.21196583161606905,0.20728478268970346,platt,0.0712268333917349,0.042694895350137686
both_side_breach,8H,step11_individuals,tree_depth2,0.2174007410456946,0.21148858680140178,platt,0.07550713250448648,0.01351470511633706
both_side_breach,8H,step11_individuals,boosted_stumps,0.2122362074343444,0.2105592401964767,platt,0.0389109367392631,0.0018911581086498153
both_side_breach,8H,step12_interactions,logistic,0.20958455181090752,0.20839192833820253,platt,0.0346304631159758,0.016934534314205732
both_side_breach,8H,step12_interactions,tree_depth2,0.20955795732173152,0.2084069971742172,platt,0.033944199432911215,0.0006300919861291873
both_side_breach,8H,step12_interactions,boosted_stumps,0.21482378262039284,0.21433130452409116,platt,0.02219531880548825,0.0003925309868625382
both_side_breach,8H,all_step13,logistic,0.21384702330381977,0.21023192849784084,platt,0.057312061776142245,0.04167166354595253
both_side_breach,8H,all_step13,tree_depth2,0.2174007410456946,0.21148858680140178,platt,0.07550713250448648,0.01351470511633706
both_side_breach,8H,all_step13,boosted_stumps,0.2122362074343444,0.2105592401964767,platt,0.0389109367392631,0.0018911581086498153
both_side_breach,8H,compact_deredundant,logistic,0.212744444007738,0.20957007811557635,platt,0.054381403797484074,0.027151817620066007
both_side_breach,8H,compact_deredundant,tree_depth2,0.21293582711735126,0.20831286840152619,platt,0.07084214113243803,0.030304845337681005
both_side_breach,8H,compact_deredundant,boosted_stumps,0.2114316738772265,0.2099010977554761,platt,0.03577430554484062,0.0026909765428619337
both_side_breach,12H,step11_individuals,logistic,0.21947261425447193,0.21658539254852982,platt,0.05921190936816774,0.05691187825983109
both_side_breach,12H,step11_individuals,tree_depth2,0.2184766666256681,0.21525661607515986,platt,0.0548859327822213,0.012406736679298883
both_side_breach,12H,step11_individuals,boosted_stumps,0.22460339763800374,0.22396723662885074,platt,0.008351398838006507,0.004520272060765884
both_side_breach,12H,step12_interactions,logistic,0.2197207311524632,0.21971827995641205,platt,0.05175819334520235,0.04232347696817239
both_side_breach,12H,step12_interactions,tree_depth2,0.21764662202739107,0.21742559832965888,platt,0.01177764431056841,0.014422728945893443
both_side_breach,12H,step12_interactions,boosted_stumps,0.23067433193154036,0.23057762383881036,platt,0.009835696821515971,0.00018121598956710727
both_side_breach,12H,all_step13,logistic,0.2256546535224736,0.22311561811362185,platt,0.06406057304500462,0.069536112675106
both_side_breach,12H,all_step13,tree_depth2,0.2184766666256681,0.21525661607515986,platt,0.0548859327822213,0.012406736679298883
both_side_breach,12H,all_step13,boosted_stumps,0.22460339763800374,0.22396723662885074,platt,0.008351398838006507,0.004520272060765884
both_side_breach,12H,compact_deredundant,logistic,0.2226478525992323,0.22110339013593278,platt,0.04594252414463936,0.06031313980916352
both_side_breach,12H,compact_deredundant,tree_depth2,0.21984050577707134,0.2164278078465678,platt,0.05522805129551382,0.019437143550546807
both_side_breach,12H,compact_deredundant,boosted_stumps,0.22417133874539671,0.22347982783017376,platt,0.007893324004666635,0.0047974679557483135
both_side_breach,24H,step11_individuals,logistic,0.22941757384991665,0.20498465299456703,platt,0.15226191191746438,0.03567333615145598
both_side_breach,24H,step11_individuals,tree_depth2,0.2351646025616278,0.20934102535245247,platt,0.14736533695771592,0.04948342318155116
both_side_breach,24H,step11_individuals,boosted_stumps,0.21772878225166475,0.21081762395743608,platt,0.08066886182899227,0.00011495611074280321
both_side_breach,24H,step12_interactions,logistic,0.22131034881282294,0.20823093367349002,platt,0.1067890557399014,0.031150458550685538
both_side_breach,24H,step12_interactions,tree_depth2,0.213353400242711,0.20830956014752236,platt,0.07055066237847278,0.0030836431694707825
both_side_breach,24H,step12_interactions,boosted_stumps,0.22177733726140741,0.21891290322031115,platt,0.05354374285330604,0.0015806193863915907
both_side_breach,24H,all_step13,logistic,0.22952284259128436,0.20512061199980341,platt,0.1511451417396937,0.044436510984456466
both_side_breach,24H,all_step13,tree_depth2,0.2351646025616278,0.20934102535245247,platt,0.14736533695771592,0.04948342318155116
both_side_breach,24H,all_step13,boosted_stumps,0.21772878225166475,0.21081762395743608,platt,0.08066886182899227,0.00011495611074280321
both_side_breach,24H,compact_deredundant,logistic,0.2247301211203128,0.20367059179957592,platt,0.14157271363878465,0.046633809054292014
both_side_breach,24H,compact_deredundant,tree_depth2,0.23631391785198816,0.21065269620533641,platt,0.14629511318735414,0.05835683933329737
both_side_breach,24H,compact_deredundant,boosted_stumps,0.21765278759010495,0.21092630115797578,platt,0.07962065531214775,4.85572611607088e-05
fast_1atr_touch,1H,step11_individuals,logistic,0.025833656468881343,0.025833656468881343,none,0.01127788131339258,0.01127788131339258
fast_1atr_touch,1H,step11_individuals,tree_depth2,0.02584638643261294,0.025671328423920857,platt,0.008931797233498462,0.0009408920398871201
fast_1atr_touch,1H,step11_individuals,boosted_stumps,0.026669043380563272,0.026607832593907903,platt,0.007522590874403656,0.00015519612708947417
fast_1atr_touch,1H,step12_interactions,logistic,0.02608942553195648,0.02608942553195648,none,0.011632607345908097,0.011632607345908097
fast_1atr_touch,1H,step12_interactions,tree_depth2,0.026420292710798238,0.026289638965295823,platt,0.008709778624610642,0.0010570373187839266
fast_1atr_touch,1H,step12_interactions,boosted_stumps,0.026688320155090928,0.026631237780258894,platt,0.00755541709149965,4.4188171378967134e-05
fast_1atr_touch,1H,all_step13,logistic,0.025731049649320607,0.025731049649320607,none,0.010916237967782405,0.010916237967782405
fast_1atr_touch,1H,all_step13,tree_depth2,0.02584638643261294,0.025671328423920857,platt,0.008931797233498462,0.0009408920398871201
fast_1atr_touch,1H,all_step13,boosted_stumps,0.026669043380563272,0.026607832593907903,platt,0.007522590874403656,0.00015519612708947417
fast_1atr_touch,1H,compact_deredundant,logistic,0.025770492565632932,0.025770492565632932,none,0.010740055259023107,0.010740055259023107
fast_1atr_touch,1H,compact_deredundant,tree_depth2,0.02584638643261294,0.025671328423920857,platt,0.008931797233498462,0.0009408920398871201
fast_1atr_touch,1H,compact_deredundant,boosted_stumps,0.026669043380563272,0.026607832593907903,platt,0.007522590874403656,0.00015519612708947417
up_excursion_ge_1_0_atr,1H,step11_individuals,logistic,0.22827764462259678,0.22770934209295124,platt,0.022509686756573836,0.01861394869019584
up_excursion_ge_1_0_atr,1H,step11_individuals,tree_depth2,0.23367999579386642,0.23269524190952143,platt,0.03870144112294045,0.01639965423484425
up_excursion_ge_1_0_atr,1H,step11_individuals,boosted_stumps,0.23297070052136148,0.2326664836606882,platt,0.017478631046770943,0.0009272743069954625
up_excursion_ge_1_0_atr,1H,step12_interactions,logistic,0.23087842261541366,0.2298936787335588,platt,0.03151630788009969,0.011341085333296355
up_excursion_ge_1_0_atr,1H,step12_interactions,tree_depth2,0.23234064143755756,0.23195533801222526,platt,0.019492636762241555,0.02068141011550048
up_excursion_ge_1_0_atr,1H,step12_interactions,boosted_stumps,0.23374333956795917,0.23346948461158318,platt,0.0165514897473662,0.00031121773914211115
up_excursion_ge_1_0_atr,1H,all_step13,logistic,0.22726306418943545,0.22634570665205872,platt,0.02869703793682015,0.024200978913248142
up_excursion_ge_1_0_atr,1H,all_step13,tree_depth2,0.23367999579386642,0.23269524190952143,platt,0.03870144112294045,0.01639965423484425
up_excursion_ge_1_0_atr,1H,all_step13,boosted_stumps,0.23297070052136148,0.2326664836606882,platt,0.017478631046770943,0.0009272743069954625
up_excursion_ge_1_0_atr,1H,compact_deredundant,logistic,0.22850678391697044,0.2274133184618303,platt,0.031939676750329424,0.009251975941418297
up_excursion_ge_1_0_atr,1H,compact_deredundant,tree_depth2,0.23462542997516084,0.23412085004753241,platt,0.04267264499609845,0.029809366727695387
up_excursion_ge_1_0_atr,1H,compact_deredundant,boosted_stumps,0.23310021363692462,0.23279773226872144,platt,0.01745012666306678,0.0008167106084476794
up_excursion_ge_1_0_atr,2H,step11_individuals,logistic,0.18533074639798275,0.18527348975996472,platt,0.01998996396558684,0.015034043697788407
up_excursion_ge_1_0_atr,2H,step11_individuals,tree_depth2,0.18593092288625868,0.18530625948552404,platt,0.024639163541311515,0.001206475447245392
up_excursion_ge_1_0_atr,2H,step11_individuals,boosted_stumps,0.18758887850379216,0.18758071798016696,platt,0.0009881264270125145,0.0009641675563195617
up_excursion_ge_1_0_atr,2H,step12_interactions,logistic,0.18655024431858333,0.18639227830699134,platt,0.012867270862458076,0.006608589772838071
up_excursion_ge_1_0_atr,2H,step12_interactions,tree_depth2,0.1871910845783581,0.18718181184771956,platt,0.0009886516237095355,0.0009829872890979585
up_excursion_ge_1_0_atr,2H,step12_interactions,boosted_stumps,0.1883965289465915,0.18839178421265282,platt,0.002178277834602338,1.2664362182501776e-05
up_excursion_ge_1_0_atr,2H,all_step13,logistic,0.1855421374548475,0.18536074155739052,platt,0.013541330624611155,0.003310649522005394
up_excursion_ge_1_0_atr,2H,all_step13,tree_depth2,0.18593092288625868,0.18530625948552404,platt,0.024639163541311515,0.001206475447245392
up_excursion_ge_1_0_atr,2H,all_step13,boosted_stumps,0.18758887850379216,0.18758071798016696,platt,0.0009881264270125145,0.0009641675563195617
up_excursion_ge_1_0_atr,2H,compact_deredundant,logistic,0.18531260866308535,0.18512536675762603,platt,0.013369791684420531,0.005743649845864498
up_excursion_ge_1_0_atr,2H,compact_deredundant,tree_depth2,0.1872808317764184,0.1871777335435257,platt,0.023123839830283675,0.026135533950850897
up_excursion_ge_1_0_atr,2H,compact_deredundant,boosted_stumps,0.1873779350303718,0.18736706816349863,platt,8.043582515837588e-05,0.0011685495657088874
up_excursion_ge_1_0_atr,4H,step11_individuals,logistic,0.13574904108188726,0.13574754797943198,platt,0.006834317234994152,0.007700305904590652
up_excursion_ge_1_0_atr,4H,step11_individuals,tree_depth2,0.13602791988742663,0.13601811348102508,platt,0.004978409519084738,0.0025422461607251022
up_excursion_ge_1_0_atr,4H,step11_individuals,boosted_stumps,0.13687645160643055,0.13683620979658123,platt,0.006555244384924275,0.0006385824430061859
up_excursion_ge_1_0_atr,4H,step12_interactions,logistic,0.13631689420891718,0.13631475173491864,platt,0.00583127836491361,0.005934511231791775
up_excursion_ge_1_0_atr,4H,step12_interactions,tree_depth2,0.1365426328407012,0.13648939415695852,platt,0.014211543500281688,0.008411806522152596
up_excursion_ge_1_0_atr,4H,step12_interactions,boosted_stumps,0.1373887576101574,0.1372844177381869,platt,0.010214721704353558,2.5836541382995293e-05
up_excursion_ge_1_0_atr,4H,all_step13,logistic,0.13628352759809725,0.13628352759809725,none,0.008740519148028527,0.008740519148028527
up_excursion_ge_1_0_atr,4H,all_step13,tree_depth2,0.13602791988742663,0.13601811348102508,platt,0.004978409519084738,0.0025422461607251022
up_excursion_ge_1_0_atr,4H,all_step13,boosted_stumps,0.13687645160643055,0.13683620979658123,platt,0.006555244384924275,0.0006385824430061859
up_excursion_ge_1_0_atr,4H,compact_deredundant,logistic,0.1357389718667761,0.1357354402803933,platt,0.0044203061889192125,0.0033936350686969248
up_excursion_ge_1_0_atr,4H,compact_deredundant,tree_depth2,0.13561072743380745,0.13557253883228151,platt,0.008505517961029028,0.019942880463420343
up_excursion_ge_1_0_atr,4H,compact_deredundant,boosted_stumps,0.1365796400385245,0.1365344456641166,platt,0.0069742685716457364,0.001064075047887858
up_excursion_ge_1_0_atr,8H,step11_individuals,logistic,0.09618446955933203,0.09610157649010567,platt,0.010835947619085682,0.0018072246980553196
up_excursion_ge_1_0_atr,8H,step11_individuals,tree_depth2,0.09676127823938772,0.09675614542677795,platt,0.004982978076479783,0.0028757228880863274
up_excursion_ge_1_0_atr,8H,step11_individuals,boosted_stumps,0.09802069965786954,0.09783942689305261,platt,0.013782315270726375,0.000311510078088828
up_excursion_ge_1_0_atr,8H,step12_interactions,logistic,0.09776398962766789,0.0975491596189028,platt,0.014468979109134377,0.001604493202697066
up_excursion_ge_1_0_atr,8H,step12_interactions,tree_depth2,0.09758320454629028,0.09742804877345221,platt,0.012730787668819188,0.00033210378689818576
up_excursion_ge_1_0_atr,8H,step12_interactions,boosted_stumps,0.09828267867911215,0.09803217617208661,platt,0.015827318681912672,3.885399943670542e-05
up_excursion_ge_1_0_atr,8H,all_step13,logistic,0.09671852770993142,0.09656673858044021,platt,0.014015234362507784,0.0023501085011919283
up_excursion_ge_1_0_atr,8H,all_step13,tree_depth2,0.09676127823938772,0.09675614542677795,platt,0.004982978076479783,0.0028757228880863274
up_excursion_ge_1_0_atr,8H,all_step13,boosted_stumps,0.09802069965786954,0.09783942689305261,platt,0.013782315270726375,0.000311510078088828
up_excursion_ge_1_0_atr,8H,compact_deredundant,logistic,0.09643316930463526,0.0963600346523609,platt,0.010350147492644159,0.005931187904187356
up_excursion_ge_1_0_atr,8H,compact_deredundant,tree_depth2,0.09768677540243524,0.09759226427295371,platt,0.008413446260557443,0.0014878507780762273
up_excursion_ge_1_0_atr,8H,compact_deredundant,boosted_stumps,0.09804490085445691,0.09779186564713463,platt,0.016257215742132902,0.0003445706804483528
up_excursion_ge_1_0_atr,12H,step11_individuals,logistic,0.07804493755526025,0.07782549404527755,platt,0.0172885860089154,0.0028225661618933515
up_excursion_ge_1_0_atr,12H,step11_individuals,tree_depth2,0.07883369119095548,0.07874093314509167,platt,0.009257620045595353,0.00035588112093787316
up_excursion_ge_1_0_atr,12H,step11_individuals,boosted_stumps,0.07952549062745398,0.07914176454122311,platt,0.019863494973856755,0.00016986439913291296
up_excursion_ge_1_0_atr,12H,step12_interactions,logistic,0.08017969404347823,0.07961400812997615,platt,0.020525357397606303,0.0030932085941214327
up_excursion_ge_1_0_atr,12H,step12_interactions,tree_depth2,0.07915138419684813,0.07880194397822177,platt,0.018970575712351834,0.00023059458004159872
up_excursion_ge_1_0_atr,12H,step12_interactions,boosted_stumps,0.07974746444987775,0.0792633414922919,platt,0.022002933985330264,7.839883248039747e-05
up_excursion_ge_1_0_atr,12H,all_step13,logistic,0.07944550192449307,0.07902302741150674,platt,0.017851581901784395,0.002532672722281257
up_excursion_ge_1_0_atr,12H,all_step13,tree_depth2,0.07883369119095548,0.07874093314509167,platt,0.009257620045595353,0.00035588112093787316
up_excursion_ge_1_0_atr,12H,all_step13,boosted_stumps,0.07952549062745398,0.07914176454122311,platt,0.019863494973856755,0.00016986439913291296
up_excursion_ge_1_0_atr,12H,compact_deredundant,logistic,0.07857644348202505,0.07832779872256597,platt,0.017223661261280658,0.0009457272895831981
up_excursion_ge_1_0_atr,12H,compact_deredundant,tree_depth2,0.07838569088450152,0.07832452827997208,platt,0.0087361704704223,0.0006433303788763167
up_excursion_ge_1_0_atr,12H,compact_deredundant,boosted_stumps,0.07941255832544696,0.07902819725292837,platt,0.020195255800625755,0.0004237998912256513
up_excursion_ge_1_0_atr,24H,step11_individuals,logistic,0.05865180687559118,0.05856755737114378,platt,0.010081646790273645,0.0004779696091837815
up_excursion_ge_1_0_atr,24H,step11_individuals,tree_depth2,0.05934808168109976,0.05934808168109976,none,0.0055287436863921124,0.0055287436863921124
up_excursion_ge_1_0_atr,24H,step11_individuals,boosted_stumps,0.05914490504547614,0.0590206659821614,platt,0.011070174194158455,8.547492584698446e-05
up_excursion_ge_1_0_atr,24H,step12_interactions,logistic,0.05921018554329523,0.059003434617256864,platt,0.011959976331723077,0.0017549893713363351
up_excursion_ge_1_0_atr,24H,step12_interactions,tree_depth2,0.05927484886105112,0.059154510966728004,platt,0.009215411513865956,0.0012601666875085016
up_excursion_ge_1_0_atr,24H,step12_interactions,boosted_stumps,0.05916435409487158,0.05900678478780315,platt,0.01255274819628649,4.669272901614008e-05
up_excursion_ge_1_0_atr,24H,all_step13,logistic,0.05878507464013102,0.05870049744698969,platt,0.007703784059741628,0.0010545063956327674
up_excursion_ge_1_0_atr,24H,all_step13,tree_depth2,0.05934808168109976,0.05934808168109976,none,0.0055287436863921124,0.0055287436863921124
up_excursion_ge_1_0_atr,24H,all_step13,boosted_stumps,0.05914490504547614,0.0590206659821614,platt,0.011070174194158455,8.547492584698446e-05
up_excursion_ge_1_0_atr,24H,compact_deredundant,logistic,0.05873959964458878,0.058652382717394355,platt,0.008865829281320625,0.00024705492018328723
up_excursion_ge_1_0_atr,24H,compact_deredundant,tree_depth2,0.05919280451980755,0.05913035491070426,platt,0.0059038917203459995,0.0016717872985281268
up_excursion_ge_1_0_atr,24H,compact_deredundant,boosted_stumps,0.059074139578268306,0.05894722852587052,platt,0.011494824710907015,0.00010142545643698764
down_excursion_ge_1_0_atr,1H,step11_individuals,logistic,0.21788028623987435,0.21750763514188537,platt,0.02292046864606991,0.03076320922581431
down_excursion_ge_1_0_atr,1H,step11_individuals,tree_depth2,0.22399983379489535,0.2239596282788971,platt,0.00408824278952058,0.00794111478904785
down_excursion_ge_1_0_atr,1H,step11_individuals,boosted_stumps,0.2244778037374202,0.22443249539071128,platt,0.005093403861487711,0.0012003753620319912
down_excursion_ge_1_0_atr,1H,step12_interactions,logistic,0.22744116583038923,0.22725972682666362,platt,0.01253160556009773,0.006447632256198364
down_excursion_ge_1_0_atr,1H,step12_interactions,tree_depth2,0.22593586658211007,0.22585396430708995,platt,0.008358262455713472,0.0004785022524836924
down_excursion_ge_1_0_atr,1H,step12_interactions,boosted_stumps,0.22570416549013153,0.22567886175462282,platt,0.005030965597976111,8.29417829083523e-05
down_excursion_ge_1_0_atr,1H,all_step13,logistic,0.220485352411048,0.22046184051299328,platt,0.011606071988881847,0.010519330542441079
down_excursion_ge_1_0_atr,1H,all_step13,tree_depth2,0.22399983379489535,0.2239596282788971,platt,0.00408824278952058,0.00794111478904785
down_excursion_ge_1_0_atr,1H,all_step13,boosted_stumps,0.2244778037374202,0.22443249539071128,platt,0.005093403861487711,0.0012003753620319912
down_excursion_ge_1_0_atr,1H,compact_deredundant,logistic,0.22085989710973336,0.22079935319218308,platt,0.021025274852058056,0.01631631096653943
down_excursion_ge_1_0_atr,1H,compact_deredundant,tree_depth2,0.22399983379489535,0.2239596282788971,platt,0.00408824278952058,0.00794111478904785
down_excursion_ge_1_0_atr,1H,compact_deredundant,boosted_stumps,0.2244778037374202,0.22443249539071128,platt,0.005093403861487711,0.0012003753620319912
down_excursion_ge_1_0_atr,2H,step11_individuals,logistic,0.18532948515306008,0.18495162213644148,platt,0.017946466808197514,0.003472791643434999
down_excursion_ge_1_0_atr,2H,step11_individuals,tree_depth2,0.18745207963106636,0.18727046864217545,platt,0.01399993347715461,0.00981560262558766
down_excursion_ge_1_0_atr,2H,step11_individuals,boosted_stumps,0.1894305884598378,0.18927293548380916,platt,0.012208449568671953,0.0011407729787863419
down_excursion_ge_1_0_atr,2H,step12_interactions,logistic,0.1904442746936653,0.19033261278774113,platt,0.009659846241682615,0.0015699194467310162
down_excursion_ge_1_0_atr,2H,step12_interactions,tree_depth2,0.1897074622625415,0.18947260590927506,platt,0.0153257512416074,0.0005207109171545543
down_excursion_ge_1_0_atr,2H,step12_interactions,boosted_stumps,0.19031269787151134,0.1901561308068389,platt,0.012512785543811522,5.232010074840421e-05
down_excursion_ge_1_0_atr,2H,all_step13,logistic,0.18672268421757926,0.18659047432078543,platt,0.014238304317217296,0.003060085861393295
down_excursion_ge_1_0_atr,2H,all_step13,tree_depth2,0.18745207963106636,0.18727046864217545,platt,0.01399993347715461,0.00981560262558766
down_excursion_ge_1_0_atr,2H,all_step13,boosted_stumps,0.1894305884598378,0.18927293548380916,platt,0.012208449568671953,0.0011407729787863419
down_excursion_ge_1_0_atr,2H,compact_deredundant,logistic,0.18684622343692017,0.18675059026844243,platt,0.012773001685790904,0.005437564188391936
down_excursion_ge_1_0_atr,2H,compact_deredundant,tree_depth2,0.18903048691708077,0.1886506368862256,platt,0.019627317562957353,0.003771650262553528
down_excursion_ge_1_0_atr,2H,compact_deredundant,boosted_stumps,0.1894305884598378,0.18927293548380916,platt,0.012208449568671953,0.0011407729787863419
down_excursion_ge_1_0_atr,4H,step11_individuals,logistic,0.1380537258984059,0.13803368100085878,platt,0.02072646547783296,0.020707334696664532
down_excursion_ge_1_0_atr,4H,step11_individuals,tree_depth2,0.13819858527532444,0.1381961334154626,platt,0.0010102991147505726,0.0010337180659697577
down_excursion_ge_1_0_atr,4H,step11_individuals,boosted_stumps,0.13988590128357262,0.1398832693694855,platt,0.0009367730232047178,0.0009026775732442482
down_excursion_ge_1_0_atr,4H,step12_interactions,logistic,0.14080149275762624,0.1407466652450897,platt,0.006447388786317676,0.01214223296449158
down_excursion_ge_1_0_atr,4H,step12_interactions,tree_depth2,0.13989500655903972,0.1398894869729503,platt,0.004066327857867461,0.005186118717778293
down_excursion_ge_1_0_atr,4H,step12_interactions,boosted_stumps,0.14048228042612357,0.1404818591185522,platt,0.0006490832770985611,1.2366413495445983e-06
down_excursion_ge_1_0_atr,4H,all_step13,logistic,0.1390607475141946,0.13904229980386779,platt,0.006501398011882243,0.001976580325817562
down_excursion_ge_1_0_atr,4H,all_step13,tree_depth2,0.13819858527532444,0.1381961334154626,platt,0.0010102991147505726,0.0010337180659697577
down_excursion_ge_1_0_atr,4H,all_step13,boosted_stumps,0.13988590128357262,0.1398832693694855,platt,0.0009367730232047178,0.0009026775732442482
down_excursion_ge_1_0_atr,4H,compact_deredundant,logistic,0.13965883092298523,0.13960878290310882,platt,0.006926314029578601,0.004302448137176043
down_excursion_ge_1_0_atr,4H,compact_deredundant,tree_depth2,0.13819858527532444,0.1381961334154626,platt,0.0010102991147505726,0.0010337180659697577
down_excursion_ge_1_0_atr,4H,compact_deredundant,boosted_stumps,0.13988590128357262,0.1398832693694855,platt,0.0009367730232047178,0.0009026775732442482
down_excursion_ge_1_0_atr,8H,step11_individuals,logistic,0.10162642145514349,0.10161330027632601,platt,0.0038510431444445177,0.00039815757459841995
down_excursion_ge_1_0_atr,8H,step11_individuals,tree_depth2,0.10140023330946349,0.10139249154361392,platt,0.0033326198030785652,0.0058593164526322995
down_excursion_ge_1_0_atr,8H,step11_individuals,boosted_stumps,0.10241445859442445,0.10239058306755754,platt,0.0043465742952519815,0.00059432216625388
down_excursion_ge_1_0_atr,8H,step12_interactions,logistic,0.1038065465891386,0.10371928439764456,platt,0.005942906529086467,0.0034604892654434005
down_excursion_ge_1_0_atr,8H,step12_interactions,tree_depth2,0.10218208798083965,0.10212580698949919,platt,0.0069968217620123285,0.0005651898257067467
down_excursion_ge_1_0_atr,8H,step12_interactions,boosted_stumps,0.10273600683735173,0.10271503030379751,platt,0.004580017068866571,4.774606652491187e-06
down_excursion_ge_1_0_atr,8H,all_step13,logistic,0.10361939423670381,0.10351249598840706,platt,0.009666593231122896,0.009751929577507248
down_excursion_ge_1_0_atr,8H,all_step13,tree_depth2,0.10140023330946349,0.10139249154361392,platt,0.0033326198030785652,0.0058593164526322995
down_excursion_ge_1_0_atr,8H,all_step13,boosted_stumps,0.10241445859442445,0.10239058306755754,platt,0.0043465742952519815,0.00059432216625388
down_excursion_ge_1_0_atr,8H,compact_deredundant,logistic,0.103645657308477,0.10352699515481543,platt,0.007411826234753406,0.0035030400771408317
down_excursion_ge_1_0_atr,8H,compact_deredundant,tree_depth2,0.10140023330946349,0.10139249154361392,platt,0.0033326198030785652,0.0058593164526322995
down_excursion_ge_1_0_atr,8H,compact_deredundant,boosted_stumps,0.10241445859442445,0.10239058306755754,platt,0.0043465742952519815,0.00059432216625388
down_excursion_ge_1_0_atr,12H,step11_individuals,logistic,0.08344083070669069,0.08343779494666098,platt,0.0015990583639937533,0.0015683079857132065
down_excursion_ge_1_0_atr,12H,step11_individuals,tree_depth2,0.08594913172682911,0.08594913172682911,none,0.009172375897347873,0.009172375897347873
down_excursion_ge_1_0_atr,12H,step11_individuals,boosted_stumps,0.08423115972462995,0.08420896241413117,platt,0.004540095942147548,0.00014738271867265063
down_excursion_ge_1_0_atr,12H,step12_interactions,logistic,0.08574063039018956,0.08562821080006436,platt,0.007027640729354134,0.004017714109856074
down_excursion_ge_1_0_atr,12H,step12_interactions,tree_depth2,0.0841597934548702,0.08412379034322971,platt,0.005959687770923261,3.2172276453357185e-05
down_excursion_ge_1_0_atr,12H,step12_interactions,boosted_stumps,0.08429424195599024,0.08427735369461668,platt,0.004109535452322954,4.501151198654796e-06
down_excursion_ge_1_0_atr,12H,all_step13,logistic,0.08516139695366581,0.08507576239765735,platt,0.006308337296514776,0.003080872756097049
down_excursion_ge_1_0_atr,12H,all_step13,tree_depth2,0.08594913172682911,0.08594913172682911,none,0.009172375897347873,0.009172375897347873
down_excursion_ge_1_0_atr,12H,all_step13,boosted_stumps,0.08423115972462995,0.08420896241413117,platt,0.004540095942147548,0.00014738271867265063
down_excursion_ge_1_0_atr,12H,compact_deredundant,logistic,0.08506987941622846,0.08498086265451182,platt,0.006802716839498409,0.0027485455024357287
down_excursion_ge_1_0_atr,12H,compact_deredundant,tree_depth2,0.08594913172682911,0.08594913172682911,none,0.009172375897347873,0.009172375897347873
down_excursion_ge_1_0_atr,12H,compact_deredundant,boosted_stumps,0.08423115972462995,0.08420896241413117,platt,0.004540095942147548,0.00014738271867265063
down_excursion_ge_1_0_atr,24H,step11_individuals,logistic,0.06050114580279894,0.06050114580279894,none,0.0010227242022097238,0.0010227242022097238
down_excursion_ge_1_0_atr,24H,step11_individuals,tree_depth2,0.06202424696220406,0.06202424696220406,none,0.010871301165862879,0.010871301165862879
down_excursion_ge_1_0_atr,24H,step11_individuals,boosted_stumps,0.06122111804722342,0.06116866163177696,platt,0.007101931917037452,9.322697127567281e-05
down_excursion_ge_1_0_atr,24H,step12_interactions,logistic,0.06160543868032565,0.06155258344190365,platt,0.005411745339975904,0.0016466541348902908
down_excursion_ge_1_0_atr,24H,step12_interactions,tree_depth2,0.061042196625660856,0.06097009162521686,platt,0.007953159725523129,0.0003235400817679368
down_excursion_ge_1_0_atr,24H,step12_interactions,boosted_stumps,0.061244665768052195,0.061202088788027374,platt,0.006525109565684417,8.649818801553799e-06
down_excursion_ge_1_0_atr,24H,all_step13,logistic,0.06111019294803453,0.061078928794380906,platt,0.005018612774616349,0.000332266855586294
down_excursion_ge_1_0_atr,24H,all_step13,tree_depth2,0.06202424696220406,0.06202424696220406,none,0.010871301165862879,0.010871301165862879
down_excursion_ge_1_0_atr,24H,all_step13,boosted_stumps,0.06122111804722342,0.06116866163177696,platt,0.007101931917037452,9.322697127567281e-05
down_excursion_ge_1_0_atr,24H,compact_deredundant,logistic,0.060919921841755986,0.060900881039371,platt,0.004770711800814897,0.00023914657612245094
down_excursion_ge_1_0_atr,24H,compact_deredundant,tree_depth2,0.06202424696220406,0.06202424696220406,none,0.010871301165862879,0.010871301165862879
down_excursion_ge_1_0_atr,24H,compact_deredundant,boosted_stumps,0.06122111804722342,0.06116866163177696,platt,0.007101931917037452,9.322697127567281e-05
mean_reversion,1H,step11_individuals,logistic,0.17790998972281105,0.1753342450570262,platt,0.052537745452038105,0.022175701339196496
mean_reversion,1H,step11_individuals,tree_depth2,0.18109842427884076,0.17909034739173194,platt,0.044686817143635114,0.005462846616026735
mean_reversion,1H,step11_individuals,boosted_stumps,0.1834805393685372,0.18152989794524046,platt,0.0435832668896097,0.0023559257976994152
mean_reversion,1H,step12_interactions,logistic,0.18662641412463085,0.1846258384863578,platt,0.04594471546196751,0.022721797103793667
mean_reversion,1H,step12_interactions,tree_depth2,0.18881828668444112,0.1865950422258913,platt,0.04575486339080062,0.044642835508442544
mean_reversion,1H,step12_interactions,boosted_stumps,0.18627201431002213,0.1844886625459552,platt,0.04223311053207948,0.000532786212181946
mean_reversion,1H,all_step13,logistic,0.17853205885734794,0.17649678258657997,platt,0.04534398474603908,0.008943200179775646
mean_reversion,1H,all_step13,tree_depth2,0.18109842427884076,0.17909034739173194,platt,0.044686817143635114,0.005462846616026735
mean_reversion,1H,all_step13,boosted_stumps,0.1834805393685372,0.18152989794524046,platt,0.0435832668896097,0.0023559257976994152
mean_reversion,1H,compact_deredundant,logistic,0.17871246086863407,0.17657749699206807,platt,0.04667930633817163,0.011629908706741687
mean_reversion,1H,compact_deredundant,tree_depth2,0.18174943672042318,0.17969856854681282,platt,0.04506038478703432,0.005353271052181467
mean_reversion,1H,compact_deredundant,boosted_stumps,0.1834805393685372,0.18152989794524046,platt,0.0435832668896097,0.0023559257976994152
mean_reversion,2H,step11_individuals,logistic,0.21774290532626908,0.21066905715004527,platt,0.08307290949294019,0.02501726116255162
mean_reversion,2H,step11_individuals,tree_depth2,0.22127227621255094,0.2168654808810797,platt,0.07177481116743323,0.016873443328123985
mean_reversion,2H,step11_individuals,boosted_stumps,0.2231853798429212,0.21886029372858032,platt,0.06444912975459692,0.0003567529652791501
mean_reversion,2H,step12_interactions,logistic,0.2301050918182636,0.22489268365987236,platt,0.07970520570349278,0.020893083057743355
mean_reversion,2H,step12_interactions,tree_depth2,0.23106897961246498,0.22596245057165165,platt,0.10242133532019321,0.005872653247418813
mean_reversion,2H,step12_interactions,boosted_stumps,0.2264675410294942,0.22249152127081168,platt,0.06309334394059934,0.002179516213354382
mean_reversion,2H,all_step13,logistic,0.2188666825167426,0.21296796840358911,platt,0.07532299294601535,0.03579467782018666
mean_reversion,2H,all_step13,tree_depth2,0.22127227621255094,0.2168654808810797,platt,0.07177481116743323,0.016873443328123985
mean_reversion,2H,all_step13,boosted_stumps,0.2231853798429212,0.21886029372858032,platt,0.06444912975459692,0.0003567529652791501
mean_reversion,2H,compact_deredundant,logistic,0.21910025287256063,0.2130108858861348,platt,0.0762664528939288,0.03350997900646508
mean_reversion,2H,compact_deredundant,tree_depth2,0.2207019359755174,0.21648406679426563,platt,0.07022391923396185,0.024830357727047718
mean_reversion,2H,compact_deredundant,boosted_stumps,0.2231853798429212,0.21886029372858032,platt,0.06444912975459692,0.0003567529652791501
mean_reversion,4H,step11_individuals,logistic,0.24741351218384755,0.23329401427112118,platt,0.116860903478276,0.04759725284220044
mean_reversion,4H,step11_individuals,tree_depth2,0.2480351277928753,0.23825703856586983,platt,0.09917464799376213,0.004786080556042855
mean_reversion,4H,step11_individuals,boosted_stumps,0.24953977010870523,0.24052886763997736,platt,0.09496348464065413,0.04987768774121376
mean_reversion,4H,step12_interactions,logistic,0.2537799545372899,0.24472647813210444,platt,0.10565540222982514,0.025704752031854242
mean_reversion,4H,step12_interactions,tree_depth2,0.25732908232569585,0.24650702997065008,platt,0.09924584572597023,0.05587385780666103
mean_reversion,4H,step12_interactions,boosted_stumps,0.25204007229030145,0.24317289320375643,platt,0.09426004506410751,0.004216279039917614
mean_reversion,4H,all_step13,logistic,0.24468455083111545,0.23363610405193105,platt,0.10398557252661021,0.018580269067694406
mean_reversion,4H,all_step13,tree_depth2,0.2480351277928753,0.23825703856586983,platt,0.09917464799376213,0.004786080556042855
mean_reversion,4H,all_step13,boosted_stumps,0.24953977010870523,0.24052886763997736,platt,0.09496348464065413,0.04987768774121376
mean_reversion,4H,compact_deredundant,logistic,0.24617243544511785,0.2352848304977661,platt,0.10583216613979893,0.0063650444418971225
mean_reversion,4H,compact_deredundant,tree_depth2,0.2487621214865759,0.23894869247054404,platt,0.09910700880510503,0.0047018394168842435
mean_reversion,4H,compact_deredundant,boosted_stumps,0.24953977010870523,0.24052886763997736,platt,0.09496348464065413,0.04987768774121376
mean_reversion,8H,step11_individuals,logistic,0.26536627549857333,0.2456603056589502,platt,0.14194346632134458,0.00568535297233478
mean_reversion,8H,step11_individuals,tree_depth2,0.2734737261934705,0.25366741653403063,platt,0.14055221359477033,0.004021842353784999
mean_reversion,8H,step11_individuals,boosted_stumps,0.26486910588681783,0.2505699135870213,platt,0.11911202760342522,0.001948147497856545
mean_reversion,8H,step12_interactions,logistic,0.269107627438129,0.25296259133581844,platt,0.11694129751365205,0.003077521083525714
mean_reversion,8H,step12_interactions,tree_depth2,0.26747341717521567,0.25196968267965164,platt,0.1281824794084458,0.000354814284399263
mean_reversion,8H,step12_interactions,boosted_stumps,0.2632801152449962,0.2500051616190585,platt,0.1152457414723248,0.002574354592558392
mean_reversion,8H,all_step13,logistic,0.2635263009007317,0.24628400610219794,platt,0.13219963900546364,0.016681136061557696
mean_reversion,8H,all_step13,tree_depth2,0.2734737261934705,0.25366741653403063,platt,0.14055221359477033,0.004021842353784999
mean_reversion,8H,all_step13,boosted_stumps,0.26486910588681783,0.2505699135870213,platt,0.11911202760342522,0.001948147497856545
mean_reversion,8H,compact_deredundant,logistic,0.26371916929364986,0.24734047855330135,platt,0.1280063250226727,0.0033056453634394455
mean_reversion,8H,compact_deredundant,tree_depth2,0.2734737261934705,0.25366741653403063,platt,0.14055221359477033,0.004021842353784999
mean_reversion,8H,compact_deredundant,boosted_stumps,0.26476589902777453,0.2505518705755505,platt,0.11877072678421795,0.0019653297158045424
mean_reversion,12H,step11_individuals,logistic,0.2593696949833194,0.2446456128303386,platt,0.12125925741088718,0.04752245279194206
mean_reversion,12H,step11_individuals,tree_depth2,0.27149718754804847,0.24891876825103632,platt,0.13582171869072018,0.06307365185097484
mean_reversion,12H,step11_individuals,boosted_stumps,0.25503345372445185,0.24531534757666612,platt,0.09812005157441539,0.00029979260627122084
mean_reversion,12H,step12_interactions,logistic,0.25906642961585524,0.24812667476449043,platt,0.09432255543116315,0.05522436092338779
mean_reversion,12H,step12_interactions,tree_depth2,0.2556527620993581,0.24597511311107997,platt,0.096071042482745,0.0013103860439057646
mean_reversion,12H,step12_interactions,boosted_stumps,0.2530537060146699,0.24497376884518776,platt,0.08989535452322739,0.0011124726399072138
mean_reversion,12H,all_step13,logistic,0.259786403458284,0.24614797734998237,platt,0.11238043696375428,0.03861013521035867
mean_reversion,12H,all_step13,tree_depth2,0.27149718754804847,0.24891876825103632,platt,0.13582171869072018,0.06307365185097484
mean_reversion,12H,all_step13,boosted_stumps,0.25503345372445185,0.24531534757666612,platt,0.09812005157441539,0.00029979260627122084
mean_reversion,12H,compact_deredundant,logistic,0.25904473974970316,0.24634481149142573,platt,0.10884566135129331,0.03943561274835353
mean_reversion,12H,compact_deredundant,tree_depth2,0.2696624312275855,0.24762910431670868,platt,0.13938620102254082,0.04273582422425283
mean_reversion,12H,compact_deredundant,boosted_stumps,0.2546402240491089,0.24512061942736701,platt,0.0973333755014637,0.0006597315556940986
mean_reversion,24H,step11_individuals,logistic,0.22331664665278408,0.21838833379678185,platt,0.07097015426782842,0.0034571625367098447
mean_reversion,24H,step11_individuals,tree_depth2,0.22642431764352033,0.21890613623669744,platt,0.07662591397729254,0.012142298267903466
mean_reversion,24H,step11_individuals,boosted_stumps,0.21893808317697186,0.21689605914525387,platt,0.04522327636749068,0.0005254489564713305
mean_reversion,24H,step12_interactions,logistic,0.2209053926425864,0.21797798242169372,platt,0.05472473339236285,0.006977619269779925
mean_reversion,24H,step12_interactions,tree_depth2,0.2210295934115253,0.21881825157204263,platt,0.043330273024985044,0.022373508009512356
mean_reversion,24H,step12_interactions,boosted_stumps,0.2189165827339603,0.21756377311611286,platt,0.03678131218386693,0.0002351767838751906
mean_reversion,24H,all_step13,logistic,0.2235119699407788,0.21854535479165227,platt,0.07173500826161978,0.004045899231513923
mean_reversion,24H,all_step13,tree_depth2,0.22642431764352033,0.21890613623669744,platt,0.07662591397729254,0.012142298267903466
mean_reversion,24H,all_step13,boosted_stumps,0.21893808317697186,0.21689605914525387,platt,0.04522327636749068,0.0005254489564713305
mean_reversion,24H,compact_deredundant,logistic,0.22308227535275812,0.21867299267281226,platt,0.06419253661031282,0.0037029538788024953
mean_reversion,24H,compact_deredundant,tree_depth2,0.22611106574754275,0.21849748605426825,platt,0.07966720738592761,0.03187908990534388
mean_reversion,24H,compact_deredundant,boosted_stumps,0.21906213758402435,0.21707473848773753,platt,0.044600190533515494,0.00031564037912945597
upside_breakout,1H,step11_individuals,logistic,0.22996986735406927,0.2289004425189184,platt,0.03581302129106962,0.0200143439027939
upside_breakout,1H,step11_individuals,tree_depth2,0.2340472579273713,0.23302773531974455,platt,0.04070395858601844,0.0067759919527478445
upside_breakout,1H,step11_individuals,boosted_stumps,0.2337506100574667,0.2334526019922506,platt,0.01724298799815538,0.0010293261690333955
upside_breakout,1H,step12_interactions,logistic,0.2340887560516799,0.2331509536303144,platt,0.031474038963042884,0.006427809510346289
upside_breakout,1H,step12_interactions,tree_depth2,0.23368128663430526,0.23345498378320456,platt,0.015138541355799779,0.005072136313614745
upside_breakout,1H,step12_interactions,boosted_stumps,0.23450495276774536,0.23437505707866596,platt,0.011399682791435106,0.00023891141864584853
upside_breakout,1H,all_step13,logistic,0.23132970453741367,0.2296435953207084,platt,0.04294705958771381,0.004428523714713457
upside_breakout,1H,all_step13,tree_depth2,0.2340472579273713,0.23302773531974455,platt,0.04070395858601844,0.0067759919527478445
upside_breakout,1H,all_step13,boosted_stumps,0.2337506100574667,0.2334526019922506,platt,0.01724298799815538,0.0010293261690333955
upside_breakout,1H,compact_deredundant,logistic,0.2301439373790511,0.22866192135978544,platt,0.03941985373036235,0.029920707881329195
upside_breakout,1H,compact_deredundant,tree_depth2,0.23320232913794636,0.23208687788598015,platt,0.03270418150816821,0.0008707160056490685
upside_breakout,1H,compact_deredundant,boosted_stumps,0.2337506100574667,0.2334526019922506,platt,0.01724298799815538,0.0010293261690333955
upside_breakout,2H,step11_individuals,logistic,0.2296230110198143,0.22907374914364603,platt,0.023363459198097597,0.0031643170990286063
upside_breakout,2H,step11_individuals,tree_depth2,0.23144107752611243,0.23008465776256443,platt,0.03595610612317038,0.0025531773121765145
upside_breakout,2H,step11_individuals,boosted_stumps,0.23237284616888293,0.23231095184593817,platt,0.018860169236683655,0.02056364324354787
upside_breakout,2H,step12_interactions,logistic,0.23373406533970378,0.23253391055938316,platt,0.027439163885372944,0.022432558041086764
upside_breakout,2H,step12_interactions,tree_depth2,0.23335168037180753,0.23334585634958704,platt,0.005057090773146944,0.004103076445347947
upside_breakout,2H,step12_interactions,boosted_stumps,0.2343301081592365,0.23430034834164137,platt,0.005457059514338614,0.0001402888018562365
upside_breakout,2H,all_step13,logistic,0.23138547142645807,0.22951702822483355,platt,0.038611668419871806,0.004479762927857595
upside_breakout,2H,all_step13,tree_depth2,0.23144107752611243,0.23008465776256443,platt,0.03595610612317038,0.0025531773121765145
upside_breakout,2H,all_step13,boosted_stumps,0.23237284616888293,0.23231095184593817,platt,0.018860169236683655,0.02056364324354787
upside_breakout,2H,compact_deredundant,logistic,0.23077552593767045,0.22911379767130818,platt,0.036737884822232274,0.0033019603878459438
upside_breakout,2H,compact_deredundant,tree_depth2,0.23110135237296148,0.22980634341446146,platt,0.03546741422636414,0.0019258536858955196
upside_breakout,2H,compact_deredundant,boosted_stumps,0.23235450816348907,0.23229161869232884,platt,0.01327683212402975,0.03343457363631831
upside_breakout,4H,step11_individuals,logistic,0.22930773367128973,0.22893004740937903,platt,0.02603881501486068,0.032523080721366886
upside_breakout,4H,step11_individuals,tree_depth2,0.22637289058511106,0.2262801443865149,platt,0.021989245678375124,0.008297030704105732
upside_breakout,4H,step11_individuals,boosted_stumps,0.22971454359354024,0.22938707550672263,platt,0.05134878679511708,0.037515404399720675
upside_breakout,4H,step12_interactions,logistic,0.2280143224996451,0.2276180814711963,platt,0.020792168454307706,0.01241703189686238
upside_breakout,4H,step12_interactions,tree_depth2,0.23046041911089432,0.23014150540863954,platt,0.017536527165330874,0.0035077951284444723
upside_breakout,4H,step12_interactions,boosted_stumps,0.2328522226993845,0.2322866031903523,platt,0.023793048232320313,0.0006997393466768864
upside_breakout,4H,all_step13,logistic,0.22987987318608405,0.2281238863867662,platt,0.04887135250208397,0.03591013102465309
upside_breakout,4H,all_step13,tree_depth2,0.22637289058511106,0.2262801443865149,platt,0.021989245678375124,0.008297030704105732
upside_breakout,4H,all_step13,boosted_stumps,0.22971454359354024,0.22938707550672263,platt,0.05134878679511708,0.037515404399720675
upside_breakout,4H,compact_deredundant,logistic,0.2283695570106673,0.22707972722412964,platt,0.05582970437020324,0.0296594787731198
upside_breakout,4H,compact_deredundant,tree_depth2,0.2263852897849185,0.2263307573804535,platt,0.02643846588218758,0.00810959480406367
upside_breakout,4H,compact_deredundant,boosted_stumps,0.22932863954890984,0.2289760381997475,platt,0.058941308194007086,0.015144359535067427
upside_breakout,8H,step11_individuals,logistic,0.22725158254658268,0.22547606560906405,platt,0.04450553912307218,0.025239734981141678
upside_breakout,8H,step11_individuals,tree_depth2,0.23037328637018656,0.2275515950555601,platt,0.05055749300990606,0.025062010274219865
upside_breakout,8H,step11_individuals,boosted_stumps,0.2277881636714401,0.22750050957968862,platt,0.04483744555788374,0.045808508654910554
upside_breakout,8H,step12_interactions,logistic,0.23549978586276307,0.23175146418084466,platt,0.056688426181725385,0.03635801089977603
upside_breakout,8H,step12_interactions,tree_depth2,0.2277722307256311,0.22772695651600053,platt,0.00852090563687,0.00437366898521697
upside_breakout,8H,step12_interactions,boosted_stumps,0.23234930711460763,0.2322652945473664,platt,0.00916872304026628,0.00023003249308528595
upside_breakout,8H,all_step13,logistic,0.23321880545163126,0.22943071511951083,platt,0.048470450625076884,0.020390454351230332
upside_breakout,8H,all_step13,tree_depth2,0.23037328637018656,0.2275515950555601,platt,0.05055749300990606,0.025062010274219865
upside_breakout,8H,all_step13,boosted_stumps,0.2277881636714401,0.22750050957968862,platt,0.04483744555788374,0.045808508654910554
upside_breakout,8H,compact_deredundant,logistic,0.22865343322912962,0.22592825617894205,platt,0.045655414803792316,0.012961282660902369
upside_breakout,8H,compact_deredundant,tree_depth2,0.23043449009350797,0.22792993631952208,platt,0.05180876986487731,0.022689662162691353
upside_breakout,8H,compact_deredundant,boosted_stumps,0.22790489861805033,0.2276515162616809,platt,0.022011353230940986,0.02162961173721554
upside_breakout,12H,step11_individuals,logistic,0.21262748487098365,0.2098061102702444,platt,0.05030386717560544,0.023122135107497097
upside_breakout,12H,step11_individuals,tree_depth2,0.20984943649061644,0.20679519637124583,platt,0.05316753180351094,0.027693314792236492
upside_breakout,12H,step11_individuals,boosted_stumps,0.21992379049630598,0.21934462963910828,platt,0.022346392905552168,0.020150523927256872
upside_breakout,12H,step12_interactions,logistic,0.22242968013127698,0.22067408474034683,platt,0.02545379336500209,0.03690993931366598
upside_breakout,12H,step12_interactions,tree_depth2,0.2178517854960707,0.21784925646354103,platt,0.0015642605523688933,4.035574939354315e-05
upside_breakout,12H,step12_interactions,boosted_stumps,0.22644860088019556,0.226273539900252,platt,0.013234229828850697,0.0002895845632207017
upside_breakout,12H,all_step13,logistic,0.21849068676738015,0.21581902701486333,platt,0.05603099558715337,0.03699802534464996
upside_breakout,12H,all_step13,tree_depth2,0.20984943649061644,0.20679519637124583,platt,0.05316753180351094,0.027693314792236492
upside_breakout,12H,all_step13,boosted_stumps,0.21992379049630598,0.21934462963910828,platt,0.022346392905552168,0.020150523927256872
upside_breakout,12H,compact_deredundant,logistic,0.21318682330826363,0.21046639072076653,platt,0.05601511253337804,0.03201322960235902
upside_breakout,12H,compact_deredundant,tree_depth2,0.21339069746800512,0.21097553290106183,platt,0.05551417563614168,0.03041888623111064
upside_breakout,12H,compact_deredundant,boosted_stumps,0.22048060538066874,0.22001427744581972,platt,0.03059196071659316,0.02690494669075088
upside_breakout,24H,step11_individuals,logistic,0.21683158467487443,0.20660552099801288,platt,0.10794708846615103,0.019945504223754015
upside_breakout,24H,step11_individuals,tree_depth2,0.219033007743935,0.20951922115899616,platt,0.09583330850378759,0.010274836202570678
upside_breakout,24H,step11_individuals,boosted_stumps,0.22304161838124106,0.22111300526893646,platt,0.03842016976214624,0.03876307562012468
upside_breakout,24H,step12_interactions,logistic,0.22283775773883194,0.21693701821029165,platt,0.07423558732412686,0.02757315025639251
upside_breakout,24H,step12_interactions,tree_depth2,0.21919008507981802,0.2177704781506765,platt,0.03824847237483349,0.003383088418844492
upside_breakout,24H,step12_interactions,boosted_stumps,0.2291724650515373,0.22865614085679134,platt,0.02272496062960072,0.00031565942239952793
upside_breakout,24H,all_step13,logistic,0.22265729738835624,0.21139963743144538,platt,0.10935442499476854,0.02182639629224117
upside_breakout,24H,all_step13,tree_depth2,0.219033007743935,0.20951922115899616,platt,0.09583330850378759,0.010274836202570678
upside_breakout,24H,all_step13,boosted_stumps,0.22304161838124106,0.22111300526893646,platt,0.03842016976214624,0.03876307562012468
upside_breakout,24H,compact_deredundant,logistic,0.22030936912939988,0.21039505602589245,platt,0.10376479599399308,0.05982241512688995
upside_breakout,24H,compact_deredundant,tree_depth2,0.21722029200062604,0.2087792828847475,platt,0.08974792345539263,0.01087055416880913
upside_breakout,24H,compact_deredundant,boosted_stumps,0.22362858329610621,0.22181186558249827,platt,0.038335732476633355,0.047345232727906444
downside_breakdown,1H,step11_individuals,logistic,0.21205585762064466,0.21031374348869644,platt,0.04018511138537992,0.011337612979650713
downside_breakdown,1H,step11_individuals,tree_depth2,0.21504341283990752,0.21363731960800755,platt,0.0371966524053449,0.0006210519329741841
downside_breakdown,1H,step11_individuals,boosted_stumps,0.21754012495087577,0.2157119729574095,platt,0.04235454320765164,0.000254015161853971
downside_breakdown,1H,step12_interactions,logistic,0.21804983234383538,0.2156485259518476,platt,0.048636013102035774,0.01617459292512471
downside_breakdown,1H,step12_interactions,tree_depth2,0.21788471442977872,0.21644241390088675,platt,0.03804716374738883,0.0010769039409143089
downside_breakdown,1H,step12_interactions,boosted_stumps,0.21856938649861957,0.21682504284537255,platt,0.041778067293531396,0.0010311418601989253
downside_breakdown,1H,all_step13,logistic,0.21469183158511673,0.21190009539473567,platt,0.05502769968322109,0.006828788768802033
downside_breakdown,1H,all_step13,tree_depth2,0.21504341283990752,0.21363731960800755,platt,0.0371966524053449,0.0006210519329741841
downside_breakdown,1H,all_step13,boosted_stumps,0.21754012495087577,0.2157119729574095,platt,0.04235454320765164,0.000254015161853971
downside_breakdown,1H,compact_deredundant,logistic,0.21393370986907814,0.21120829668691588,platt,0.05202361151100694,0.004247378109120595
downside_breakdown,1H,compact_deredundant,tree_depth2,0.21504341283990752,0.21363731960800755,platt,0.0371966524053449,0.0006210519329741841
downside_breakdown,1H,compact_deredundant,boosted_stumps,0.21754012495087577,0.2157119729574095,platt,0.04235454320765164,0.000254015161853971
downside_breakdown,2H,step11_individuals,logistic,0.2222395005323139,0.22165316929750187,platt,0.0498952066975825,0.039226955960412195
downside_breakdown,2H,step11_individuals,tree_depth2,0.22333971985001674,0.22280796866280025,platt,0.056861134438199526,0.047614631525837406
downside_breakdown,2H,step11_individuals,boosted_stumps,0.2275007172673438,0.2270641542296741,platt,0.0752839798991141,0.0017449143940964085
downside_breakdown,2H,step12_interactions,logistic,0.22838418068304725,0.22801435839899598,platt,0.018914091381944304,0.003345450483195438
downside_breakdown,2H,step12_interactions,tree_depth2,0.2274265639358016,0.22717649118940553,platt,0.038069744759153715,0.027740836027234976
downside_breakdown,2H,step12_interactions,boosted_stumps,0.23040974473409978,0.230172285858108,platt,0.015414630450430233,0.0003898152531452981
downside_breakdown,2H,all_step13,logistic,0.22367215804957813,0.22314563757769895,platt,0.019296795727200347,0.010231536591225174
downside_breakdown,2H,all_step13,tree_depth2,0.22333971985001674,0.22280796866280025,platt,0.056861134438199526,0.047614631525837406
downside_breakdown,2H,all_step13,boosted_stumps,0.2275007172673438,0.2270641542296741,platt,0.0752839798991141,0.0017449143940964085
downside_breakdown,2H,compact_deredundant,logistic,0.22254986344591202,0.22182861161521972,platt,0.02421631624679212,0.006603736556179019
downside_breakdown,2H,compact_deredundant,tree_depth2,0.22333971985001674,0.22280796866280025,platt,0.056861134438199526,0.047614631525837406
downside_breakdown,2H,compact_deredundant,boosted_stumps,0.2275007172673438,0.2270641542296741,platt,0.0752839798991141,0.0017449143940964085
downside_breakdown,4H,step11_individuals,logistic,0.2239843090689585,0.22388442691177673,platt,0.02258636753566182,0.023504337393427638
downside_breakdown,4H,step11_individuals,tree_depth2,0.2224814002379947,0.22229147487038098,platt,0.01800065978850812,0.013022637512206127
downside_breakdown,4H,step11_individuals,boosted_stumps,0.22755252604399714,0.22745148918793087,platt,0.0025716576794501123,0.0018441231356590704
downside_breakdown,4H,step12_interactions,logistic,0.22853818287518637,0.22840647243635437,platt,0.0075629705645898935,0.0057830190541003496
downside_breakdown,4H,step12_interactions,tree_depth2,0.22714160914643708,0.2270761573862482,platt,0.017640566404168383,0.017543404207408683
downside_breakdown,4H,step12_interactions,boosted_stumps,0.22998713310434754,0.22998148501945018,platt,0.0023771126183315117,5.0788805702417505e-05
downside_breakdown,4H,all_step13,logistic,0.22584237945814578,0.2257345661614766,platt,0.021857971792654023,0.026165752190250323
downside_breakdown,4H,all_step13,tree_depth2,0.2224814002379947,0.22229147487038098,platt,0.01800065978850812,0.013022637512206127
downside_breakdown,4H,all_step13,boosted_stumps,0.22755252604399714,0.22745148918793087,platt,0.0025716576794501123,0.0018441231356590704
downside_breakdown,4H,compact_deredundant,logistic,0.22483632463782188,0.22477810091036693,platt,0.015701840384554563,0.026048870389722586
downside_breakdown,4H,compact_deredundant,tree_depth2,0.22274482505148116,0.22239177653538428,platt,0.04517886856863089,0.04173949369205508
downside_breakdown,4H,compact_deredundant,boosted_stumps,0.22711411705826637,0.2269650041356588,platt,0.003461304330827697,0.0021983276373606087
downside_breakdown,8H,step11_individuals,logistic,0.23457571716962083,0.23238507435956468,platt,0.04570506998441151,0.0029626502522900177
downside_breakdown,8H,step11_individuals,tree_depth2,0.2390268607221547,0.23507970391468652,platt,0.05099183974262532,0.07156307390235381
downside_breakdown,8H,step11_individuals,boosted_stumps,0.23206589542763278,0.23098391104272867,platt,0.03308371193969595,0.024591564776747073
downside_breakdown,8H,step12_interactions,logistic,0.2406645454814343,0.2364302623907601,platt,0.03243314755804793,0.06718960167745584
downside_breakdown,8H,step12_interactions,tree_depth2,0.22982000249416346,0.2287338828808455,platt,0.033318100469905965,0.007616611436504323
downside_breakdown,8H,step12_interactions,boosted_stumps,0.23293703599943977,0.23226540245191843,platt,0.025918996257979443,0.0004010230664585057
downside_breakdown,8H,all_step13,logistic,0.2446190127991602,0.2372711642744324,platt,0.08457417160509269,0.04600774269862677
downside_breakdown,8H,all_step13,tree_depth2,0.2390268607221547,0.23507970391468652,platt,0.05099183974262532,0.07156307390235381
downside_breakdown,8H,all_step13,boosted_stumps,0.23206589542763278,0.23098391104272867,platt,0.03308371193969595,0.024591564776747073
downside_breakdown,8H,compact_deredundant,logistic,0.24210147602310061,0.23683624750805096,platt,0.09458871931419291,0.04531457555712491
downside_breakdown,8H,compact_deredundant,tree_depth2,0.23800096892596595,0.2345476901486026,platt,0.0453678935061768,0.06995067940945485
downside_breakdown,8H,compact_deredundant,boosted_stumps,0.2318131256808184,0.23082675919666604,platt,0.031498217371885295,0.01927657909576514
downside_breakdown,12H,step11_individuals,logistic,0.23133544210776796,0.229392519621975,platt,0.04284205782959337,0.018474089787555367
downside_breakdown,12H,step11_individuals,tree_depth2,0.23444499064049618,0.2314829269311683,platt,0.040201936051577104,0.023407628182501476
downside_breakdown,12H,step11_individuals,boosted_stumps,0.22840855127513565,0.22764547601494026,platt,0.027433090063457066,0.023592878972991765
downside_breakdown,12H,step12_interactions,logistic,0.2389000481823607,0.2342813913806414,platt,0.04317174584144726,0.03074508994246867
downside_breakdown,12H,step12_interactions,tree_depth2,0.22571183141725487,0.2249473304303303,platt,0.026985809857698082,0.016905311106199687
downside_breakdown,12H,step12_interactions,boosted_stumps,0.22993269085574572,0.2295419982926086,platt,0.01976821515892402,0.00029961213655671504
downside_breakdown,12H,all_step13,logistic,0.24618743026495213,0.23621806921074445,platt,0.08757483873995664,0.03417387803208162
downside_breakdown,12H,all_step13,tree_depth2,0.23444499064049618,0.2314829269311683,platt,0.040201936051577104,0.023407628182501476
downside_breakdown,12H,all_step13,boosted_stumps,0.22840855127513565,0.22764547601494026,platt,0.027433090063457066,0.023592878972991765
downside_breakdown,12H,compact_deredundant,logistic,0.2426640158422183,0.23560409983032282,platt,0.09345928755961008,0.0363430216848592
downside_breakdown,12H,compact_deredundant,tree_depth2,0.23444499064049618,0.2314829269311683,platt,0.040201936051577104,0.023407628182501476
downside_breakdown,12H,compact_deredundant,boosted_stumps,0.2284466640617737,0.2276841625342463,platt,0.02747993794580139,0.02165701258232265
downside_breakdown,24H,step11_individuals,logistic,0.2324854017365115,0.22825145734926108,platt,0.06989970201647952,0.019920568810029984
downside_breakdown,24H,step11_individuals,tree_depth2,0.23297318672248543,0.22747024639898383,platt,0.07790660714016939,0.007873283087914747
downside_breakdown,24H,step11_individuals,boosted_stumps,0.230994607578809,0.22918865968320673,platt,0.04262487055185826,0.023841020106615138
downside_breakdown,24H,step12_interactions,logistic,0.23263520343608604,0.2301548881901216,platt,0.048634939025281015,0.023571765594442778
downside_breakdown,24H,step12_interactions,tree_depth2,0.22883698473599984,0.2270851333589788,platt,0.042380202158426486,0.00858317013151803
downside_breakdown,24H,step12_interactions,boosted_stumps,0.23265534544846772,0.23149871488051477,platt,0.034012159044204626,0.0004431646367147879
downside_breakdown,24H,all_step13,logistic,0.23635269652047897,0.23181182819220877,platt,0.0660225736439512,0.023430964308110164
downside_breakdown,24H,all_step13,tree_depth2,0.23297318672248543,0.22747024639898383,platt,0.07790660714016939,0.007873283087914747
downside_breakdown,24H,all_step13,boosted_stumps,0.230994607578809,0.22918865968320673,platt,0.04262487055185826,0.023841020106615138
downside_breakdown,24H,compact_deredundant,logistic,0.23218570825488216,0.22926047884520898,platt,0.05399580079389458,0.009988096340641003
downside_breakdown,24H,compact_deredundant,tree_depth2,0.22884496886180652,0.22436119083774184,platt,0.06803811972784249,0.0059223390332825525
downside_breakdown,24H,compact_deredundant,boosted_stumps,0.23091622664894976,0.22912167368341546,platt,0.04246125092488717,0.023803979693643333
trend_continuation,1H,step11_individuals,logistic,0.21032703179226597,0.2092457974185559,platt,0.03343717040169286,0.00016025539098979413
trend_continuation,1H,step11_individuals,tree_depth2,0.20978008375224355,0.20908201044989022,platt,0.026758750138553077,0.015787021404872856
trend_continuation,1H,step11_individuals,boosted_stumps,0.21096889816762626,0.2096167779787146,platt,0.036506516434593406,5.0897179128372994e-05
trend_continuation,1H,step12_interactions,logistic,0.21164796328150837,0.21043198368806695,platt,0.035103068828463056,0.0016773251485116551
trend_continuation,1H,step12_interactions,tree_depth2,0.21187541686111466,0.21042357733372055,platt,0.03816055598279794,0.0009674650560324016
trend_continuation,1H,step12_interactions,boosted_stumps,0.2121232755243154,0.21047550701027073,platt,0.04060175219969031,0.0008566023816862778
trend_continuation,1H,all_step13,logistic,0.21086379026899535,0.2097608756401596,platt,0.03480705455989405,0.000957940222069667
trend_continuation,1H,all_step13,tree_depth2,0.20978008375224355,0.20908201044989022,platt,0.026758750138553077,0.015787021404872856
trend_continuation,1H,all_step13,boosted_stumps,0.21096889816762626,0.2096167779787146,platt,0.036506516434593406,5.0897179128372994e-05
trend_continuation,1H,compact_deredundant,logistic,0.21019553878002042,0.2091668688632373,platt,0.031789759770293004,7.38141101838119e-05
trend_continuation,1H,compact_deredundant,tree_depth2,0.20978008375224355,0.20908201044989022,platt,0.026758750138553077,0.015787021404872856
trend_continuation,1H,compact_deredundant,boosted_stumps,0.21096889816762626,0.2096167779787146,platt,0.036506516434593406,5.0897179128372994e-05
trend_continuation,2H,step11_individuals,logistic,0.22559480990481418,0.22424426988086457,platt,0.036793534149599016,0.0016650204094573184
trend_continuation,2H,step11_individuals,tree_depth2,0.22524925104056573,0.22449826394292682,platt,0.027034637774494583,0.0020968250314695736
trend_continuation,2H,step11_individuals,boosted_stumps,0.22491315186994507,0.22367396726759467,platt,0.035220065768674036,0.0009599111513702852
trend_continuation,2H,step12_interactions,logistic,0.2250779379966938,0.22371523027274776,platt,0.03696372960015659,0.001299582148813594
trend_continuation,2H,step12_interactions,tree_depth2,0.22517259333380893,0.22391911300867984,platt,0.03547166652854766,0.0011779436916973252
trend_continuation,2H,step12_interactions,boosted_stumps,0.22496483637209846,0.22366252537088144,platt,0.03610069326059773,0.0009741933476767883
trend_continuation,2H,all_step13,logistic,0.22605513831091253,0.22452358904145553,platt,0.03903890565128482,0.0039666730600006
trend_continuation,2H,all_step13,tree_depth2,0.22524925104056573,0.22449826394292682,platt,0.027034637774494583,0.0020968250314695736
trend_continuation,2H,all_step13,boosted_stumps,0.22491315186994507,0.22367396726759467,platt,0.035220065768674036,0.0009599111513702852
trend_continuation,2H,compact_deredundant,logistic,0.22609585194208565,0.2245619631495748,platt,0.03914001768219527,0.002039938168285793
trend_continuation,2H,compact_deredundant,tree_depth2,0.22524925104056573,0.22449826394292682,platt,0.027034637774494583,0.0020968250314695736
trend_continuation,2H,compact_deredundant,boosted_stumps,0.22492717069684132,0.22369313176858643,platt,0.03515147323981732,0.0009759721077171601
trend_continuation,4H,step11_individuals,logistic,0.2340191955655869,0.23202214892701084,platt,0.04478417889338817,0.02921461313293169
trend_continuation,4H,step11_individuals,tree_depth2,0.23501005119810195,0.23396447585467792,platt,0.04071875965349458,0.01791831809118258
trend_continuation,4H,step11_individuals,boosted_stumps,0.23245889506846226,0.23174872621229797,platt,0.026691785474706353,0.0009334344716278586
trend_continuation,4H,step12_interactions,logistic,0.2341183520339667,0.23260505484124291,platt,0.03760656302588561,0.011207040680603235
trend_continuation,4H,step12_interactions,tree_depth2,0.2321756939963228,0.23133582721927856,platt,0.028960166284880573,0.000781301747132479
trend_continuation,4H,step12_interactions,boosted_stumps,0.23237027099034754,0.23164267320140966,platt,0.026986042326711035,0.0008054138818617829
trend_continuation,4H,all_step13,logistic,0.23545078916899806,0.23290214714034638,platt,0.04875867224925473,0.023276752632235366
trend_continuation,4H,all_step13,tree_depth2,0.23501005119810195,0.23396447585467792,platt,0.04071875965349458,0.01791831809118258
trend_continuation,4H,all_step13,boosted_stumps,0.23245889506846226,0.23174872621229797,platt,0.026691785474706353,0.0009334344716278586
trend_continuation,4H,compact_deredundant,logistic,0.2351989060345189,0.23283849965552317,platt,0.04714656978575154,0.008942874121790088
trend_continuation,4H,compact_deredundant,tree_depth2,0.23501005119810195,0.23396447585467792,platt,0.04071875965349458,0.01791831809118258
trend_continuation,4H,compact_deredundant,boosted_stumps,0.2324043667384616,0.2316978366893847,platt,0.02661748427130506,0.0008970850531846986
trend_continuation,8H,step11_individuals,logistic,0.25437562981926254,0.2517248661074139,platt,0.06320967747683598,0.05676812187479893
trend_continuation,8H,step11_individuals,tree_depth2,0.2550902784324095,0.25145350187160465,platt,0.06100704229132337,0.056536545702412934
trend_continuation,8H,step11_individuals,boosted_stumps,0.24627739742459256,0.24615602343176887,platt,0.009967578335776384,0.00015181728325430743
trend_continuation,8H,step12_interactions,logistic,0.25224969077111936,0.25036783182417943,platt,0.06098267560167808,0.05720513859460713
trend_continuation,8H,step12_interactions,tree_depth2,0.24526282435183988,0.24519604107706106,platt,0.008177241797527207,0.0002820995137438082
trend_continuation,8H,step12_interactions,boosted_stumps,0.24551081067925654,0.24540374158828196,platt,0.010353310085691902,0.00034919730236876445
trend_continuation,8H,all_step13,logistic,0.2568673902925331,0.2521586301887996,platt,0.0745125624333385,0.05431795023555418
trend_continuation,8H,all_step13,tree_depth2,0.2550902784324095,0.25145350187160465,platt,0.06100704229132337,0.056536545702412934
trend_continuation,8H,all_step13,boosted_stumps,0.24627739742459256,0.24615602343176887,platt,0.009967578335776384,0.00015181728325430743
trend_continuation,8H,compact_deredundant,logistic,0.2546904797707761,0.25129634361608594,platt,0.07446728822733781,0.0590100145691216
trend_continuation,8H,compact_deredundant,tree_depth2,0.2558114196827564,0.25178998078452736,platt,0.07418576876704733,0.06618178351031194
trend_continuation,8H,compact_deredundant,boosted_stumps,0.2463382490584372,0.24620371248696257,platt,0.010453841551981813,0.00017608228857035613
trend_continuation,12H,step11_individuals,logistic,0.2559722498886058,0.2525048043227142,platt,0.05272252732896168,0.0066144632742930285
trend_continuation,12H,step11_individuals,tree_depth2,0.25639433964219616,0.25302580983682976,platt,0.04510912867437076,0.001986471933890621
trend_continuation,12H,step11_individuals,boosted_stumps,0.25239212811362627,0.2498224563668898,platt,0.05031453802409669,0.0012046332219828315
trend_continuation,12H,step12_interactions,logistic,0.2558701820705818,0.25334463104628996,platt,0.05073698276013833,0.0018399702898963533
trend_continuation,12H,step12_interactions,tree_depth2,0.2517344875913463,0.24920964635712814,platt,0.05027491077863383,0.0016233321375894172
trend_continuation,12H,step12_interactions,boosted_stumps,0.25173775804400983,0.24921204518351442,platt,0.05028264058679727,0.0016220616158861278
trend_continuation,12H,all_step13,logistic,0.2590696578782855,0.25476533528923906,platt,0.048560853961698694,0.006992732022232015
trend_continuation,12H,all_step13,tree_depth2,0.25639433964219616,0.25302580983682976,platt,0.04510912867437076,0.001986471933890621
trend_continuation,12H,all_step13,boosted_stumps,0.25239212811362627,0.2498224563668898,platt,0.05031453802409669,0.0012046332219828315
trend_continuation,12H,compact_deredundant,logistic,0.25804393887447963,0.25426253497497575,platt,0.04856277609982644,0.006558432386859345
trend_continuation,12H,compact_deredundant,tree_depth2,0.25480798831045703,0.2522697455506349,platt,0.04113285664626534,0.05554754016954759
trend_continuation,12H,compact_deredundant,boosted_stumps,0.25170255407276504,0.24924323438462936,platt,0.04959281383507608,0.001576816960148164
trend_continuation,24H,step11_individuals,logistic,0.25677906446549875,0.2532243136685419,platt,0.051833261487377574,0.0007083703035352662
trend_continuation,24H,step11_individuals,tree_depth2,0.2616191455770227,0.2548353093175655,platt,0.06170058227772443,0.0038816293383730494
trend_continuation,24H,step11_individuals,boosted_stumps,0.25174412774333854,0.25043462399661653,platt,0.03569339102736874,0.001032665311498926
trend_continuation,24H,step12_interactions,logistic,0.2546668720070502,0.2523443070838429,platt,0.04852982008688751,0.01635795731064416
trend_continuation,24H,step12_interactions,tree_depth2,0.25440501707603236,0.25264859029759357,platt,0.03504204590286958,0.00018908413598406337
trend_continuation,24H,step12_interactions,boosted_stumps,0.25070334859072374,0.249773009203783,platt,0.030524775883748467,0.0011927094417485962
trend_continuation,24H,all_step13,logistic,0.2572536270819208,0.2532259349101455,platt,0.05563183109473425,0.01075918996539927
trend_continuation,24H,all_step13,tree_depth2,0.2616191455770227,0.2548353093175655,platt,0.06170058227772443,0.0038816293383730494
trend_continuation,24H,all_step13,boosted_stumps,0.25174412774333854,0.25043462399661653,platt,0.03569339102736874,0.001032665311498926
trend_continuation,24H,compact_deredundant,logistic,0.25476639921412597,0.25187301590457306,platt,0.05414379568717374,0.016941641069478347
trend_continuation,24H,compact_deredundant,tree_depth2,0.2605054489270289,0.2543303362981257,platt,0.06095766333336136,0.0033939073050990864
trend_continuation,24H,compact_deredundant,boosted_stumps,0.25159149092709604,0.2503608138688961,platt,0.034671623386505535,0.0010356508698250444
